t_s,x_ref_cm,x_meas_cm,x_meas_raw_cm,x_true_cm,v_true_cmps,v_obs_cmps,v_cmd_cmps,err_cm,p_term,i_term,d_term
0.000000000000000000e+00,4.935733958800419430e+00,5.417965210698699741e-01,1.253761320159398063e-02,1.253761320159398063e-02,6.268806600796990036e-01,1.888954124673934754e+00,6.268806600796989592e+00,4.393937437730549789e+00,6.268382127676532356e+00,4.244731204568360475e-04,0.000000000000000000e+00
2.000000000000000042e-02,5.115156477608458374e+00,-6.982844077903802016e-02,3.489980560180443170e-02,3.489980560180443170e-02,1.118109620010522276e+00,2.776541518626263194e+00,5.539170259387931949e+00,5.184984918387496755e+00,5.808167144804007975e+00,8.177820767191546544e-04,-2.698146674927952571e-01
4.000000000000000083e-02,5.325207620694272670e+00,2.167406182196139341e-01,6.896317179600365554e-02,6.896317179600365554e-02,1.703168309709961026e+00,2.726031143040896776e+00,6.968696517004911328e+00,5.108467002474658791e+00,6.851695798071105514e+00,1.281755178005859492e-03,1.157189637557995421e-01
5.999999999999999778e-02,5.123816177429810992e+00,9.102956516905648110e-01,1.119641645850245060e-01,1.119641645850245060e-01,2.150049639451042882e+00,3.697367008860802162e+00,6.171981607120780033e+00,4.213520525739245848e+00,6.231985960196950280e+00,1.703763676097936382e-03,-6.170811675226894888e-02
8.000000000000000167e-02,5.322145143363816722e+00,7.304824298142267303e-01,1.610981499926678606e-01,1.610981499926678606e-01,2.456699270382167732e+00,4.311946677811209661e+00,5.216545948762290053e+00,4.591662713549590435e+00,5.603048854425029646e+00,2.083182732381835996e-03,-3.885860883951217093e-01
1.000000000000000056e-01,5.372293653908134736e+00,1.261697132470982252e+00,2.167489755709763877e-01,2.167489755709763877e-01,2.782541278915426020e+00,4.411580703304831985e+00,5.715119355714748828e+00,4.110596521437152262e+00,5.895100254599263678e+00,2.482378497653912365e-03,-1.824632773821688314e-01
1.199999999999999956e-01,5.516684299570680849e+00,9.292942616212345186e-01,2.768635441784941809e-01,2.768635441784941809e-01,3.005728430375889104e+00,1.986713007550647170e+00,5.014412793520058642e+00,4.587390037949446331e+00,5.403833702216616963e+00,2.848307394024486225e-03,-3.922692160905824066e-01
1.400000000000000133e-01,5.509446166243748166e+00,1.530147305807083358e+00,3.423886225207565248e-01,3.423886225207565248e-01,3.276253917113118419e+00,5.384827063547834136e+00,5.710983297748181364e+00,3.979298860436665031e+00,5.816792918870592466e+00,3.242200457822022250e-03,-1.090518215802333546e-01
1.600000000000000033e-01,5.482892636126063479e+00,1.190133960171877003e+00,4.106572082586938954e-01,4.106572082586938954e-01,3.413429286896868309e+00,4.712079031948642971e+00,4.648007614950618205e+00,4.292758675954186032e+00,5.019986569505104690e+00,3.582136556229454510e-03,-3.755610911107160055e-01
1.799999999999999933e-01,5.248618930155974915e+00,1.297437466953581531e+00,4.822282173438220965e-01,4.822282173438220965e-01,3.578550454256409719e+00,5.023633582196321612e+00,5.064640960492283739e+00,3.951181463202393385e+00,5.154275911879804717e+00,3.931166263648086696e-03,-9.356611765116845669e-02
2.000000000000000111e-01,5.693479996741944049e+00,1.335777891778876070e+00,5.575788251404760754e-01,5.575788251404760754e-01,3.767530389832701054e+00,5.319254841809073042e+00,5.468349810019322632e+00,4.357702104963068201e+00,5.582974012831219746e+00,4.309225921209886012e-03,-1.189334287331067774e-01
2.200000000000000011e-01,5.391082800862550428e+00,1.541423806244253125e+00,6.354994687274716503e-01,6.354994687274716503e-01,3.896032179349779412e+00,5.288804600922591526e+00,5.052548285003486406e+00,3.849658994618297303e+00,5.150237234536266584e+00,4.657982143391081742e-03,-1.023469316761714265e-01
2.399999999999999911e-01,5.677519935790121153e+00,1.721452247885821407e+00,7.157956504624810590e-01,7.157956504624810590e-01,4.014809086750472211e+00,6.217914390061682894e+00,5.083801253356705629e+00,3.956067687904299746e+00,5.252842084523251742e+00,5.013686410532026613e-03,-1.740545175770777386e-01
2.600000000000000089e-01,5.440058245427112915e+00,1.872934514146466389e+00,7.970951555783141185e-01,7.970951555783141185e-01,4.064975255791655862e+00,6.469845968992558483e+00,4.516470777162306049e+00,3.567123731280646304e+00,4.722629616877440206e+00,5.333486526320577528e-03,-2.114923262414554195e-01
2.800000000000000266e-01,5.610164978380452361e+00,2.004009164461884041e+00,8.793216197444770899e-01,8.793216197444770899e-01,4.111323208308149013e+00,5.535554616544903439e+00,4.528454780956586490e+00,3.606155813918568320e+00,4.746282689577162373e+00,5.654888346244699854e-03,-2.234827969668199965e-01
2.999999999999999889e-01,4.947635942191126013e+00,1.708282509325152576e+00,9.603706393224865634e-01,9.603706393224865634e-01,4.052450978900475675e+00,5.783775644711483643e+00,3.522600914231415192e+00,3.239353432865973659e+00,3.738406007716137402e+00,5.908040249129414834e-03,-2.217131337338519859e-01
3.200000000000000067e-01,5.585487146457041696e+00,2.001779630982944091e+00,1.043159485041994738e+00,1.043159485041994738e+00,4.139442285975410307e+00,5.873752108125864346e+00,4.922364049649818440e+00,3.583707515474097605e+00,4.924049889157499749e+00,6.241479847922757479e-03,-7.927319355604117712e-03
3.400000000000000244e-01,5.158386423644651941e+00,2.219342842746149458e+00,1.125396831958707988e+00,1.125396831958707988e+00,4.111867345835665155e+00,5.913909171452496949e+00,3.863692884577957898e+00,2.939043580898502483e+00,4.008890626680368996e+00,6.512948032091664570e-03,-1.517106901345030567e-01
3.599999999999999867e-01,5.296952359153816126e+00,2.175656080932088177e+00,1.206812039675221992e+00,1.206812039675221992e+00,4.070760385825699323e+00,5.618298586522198157e+00,3.700797745736010835e+00,3.121296278221727949e+00,3.908564085837736624e+00,6.777622450502724175e-03,-2.145439625522284066e-01
3.800000000000000044e-01,5.160251768746056733e+00,2.345652770850420232e+00,1.287423818729685143e+00,1.287423818729685143e+00,4.030588952723153540e+00,4.781062632614367480e+00,3.669046054800237489e+00,2.814598997895636501e+00,3.790436523523740053e+00,7.034297679654725848e-03,-1.284247664031573644e-01
4.000000000000000222e-01,4.924929876379665394e+00,2.191779383794706604e+00,1.366191184581644569e+00,1.366191184581644569e+00,3.938368292597971276e+00,5.503025928035061298e+00,3.108382351471332239e+00,2.733150492584958791e+00,3.275681924022141533e+00,7.256115510730240699e-03,-1.745556880615395101e-01
4.199999999999999845e-01,5.101634555029831652e+00,2.269357791210097286e+00,1.444396738639677436e+00,1.444396738639677436e+00,3.910277702901647334e+00,6.181188365657593664e+00,3.657462395634733188e+00,2.832276763819734366e+00,3.695516067468608945e+00,7.506363055456461743e-03,-4.556003488933227374e-02
4.400000000000000022e-01,5.076632726995025102e+00,2.488296546130433384e+00,1.521786659063569802e+00,1.521786659063569802e+00,3.869496021194621882e+00,5.230394463689617801e+00,3.502460885831395032e+00,2.588336180864591718e+00,3.565239168446858287e+00,7.747788699933965198e-03,-7.052607131539714858e-02
4.600000000000000200e-01,4.875156458066774334e+00,2.844143358729746218e+00,1.597199318238953891e+00,1.597199318238953891e+00,3.770632958769200460e+00,6.137182828432176329e+00,2.880865396940408107e+00,2.031013099337028116e+00,3.031312088159153095e+00,7.953058652360490977e-03,-1.583997498711053886e-01
4.799999999999999822e-01,4.779143945350035949e+00,2.579091308135748939e+00,1.669425668849052080e+00,1.669425668849052080e+00,3.611317530504915219e+00,5.083666707837995347e+00,2.177478676126346269e+00,2.200052637214287010e+00,2.457450745007768056e+00,8.119468702809835847e-03,-2.880915375842315607e-01
5.000000000000000000e-01,4.701851731806364398e+00,2.549385775755816930e+00,1.739698463616236035e+00,1.739698463616236035e+00,3.513639738359201292e+00,5.142143929057644058e+00,2.634539609047775954e+00,2.152465956050547469e+00,2.695905738061681767e+00,8.302026099245508189e-03,-6.966815511315144205e-02
5.200000000000000178e-01,4.849366685081357708e+00,2.257883440065890035e+00,1.808734981358395499e+00,1.808734981358395499e+00,3.451825887107969670e+00,4.413292452609476335e+00,2.895501225846884630e+00,2.591483245015467674e+00,2.920975754843436967e+00,8.499824457447504797e-03,-3.397435345399987122e-02
5.400000000000000355e-01,4.492819314940975417e+00,2.581539779280582536e+00,1.876804740737918697e+00,1.876804740737918697e+00,3.403487968976155464e+00,4.127323741138763324e+00,2.968446705789828943e+00,1.911279535660392881e+00,2.838368561091358266e+00,8.692028942686762932e-03,1.213861157557836745e-01
5.600000000000000533e-01,4.864206200161326876e+00,2.902229288040068855e+00,1.943730852413236621e+00,1.943730852413236621e+00,3.346305583765895708e+00,4.737651852821857190e+00,2.831664116873559678e+00,1.961976912121258021e+00,2.898986354518545472e+00,8.888338254882506562e-03,-7.621057589986826586e-02
5.799999999999999600e-01,4.709588178482306375e+00,2.697786965887521760e+00,2.008147030488000695e+00,2.008147030488000695e+00,3.220808903738203277e+00,4.408912555609425077e+00,2.091338783488970066e+00,2.011801212594784616e+00,2.295345790861641699e+00,9.043771119460539479e-03,-2.130507784921319703e-01
5.999999999999999778e-01,4.785681728623725206e+00,2.848374215357902361e+00,2.071348643575751325e+00,2.071348643575751325e+00,3.160080654387534160e+00,4.674526608450390697e+00,2.613526410231510777e+00,1.937307513265822845e+00,2.651626348674978484e+00,9.223330069055853120e-03,-4.732326851252394162e-02
6.199999999999999956e-01,4.437969824514281569e+00,2.835793149900787125e+00,2.132070150796177010e+00,2.132070150796177010e+00,3.036075361021283392e+00,4.472101058819684560e+00,1.920027720725028253e+00,1.602176674613494445e+00,2.018786423628601501e+00,9.360035291443300973e-03,-1.081187381950163007e-01
6.400000000000000133e-01,4.410542558466926444e+00,2.224216230457395582e+00,2.190599526227521743e+00,2.190599526227521743e+00,2.926468771567225957e+00,2.490217675996422297e+00,1.940009466480709044e+00,2.186326328009530862e+00,1.999931748878996940e+00,9.495463740579988821e-03,-6.941774613886803058e-02
6.600000000000000311e-01,4.549304963229639398e+00,2.707689502836391426e+00,2.249713026106887614e+00,2.249713026106887614e+00,2.955674993968298470e+00,3.763239436566871987e+00,3.218530995577949305e+00,1.841615460393247972e+00,2.952862690620749575e+00,9.695421371598402296e-03,2.559728835856013851e-01
6.800000000000000488e-01,4.955362432330474576e+00,2.516665664440338901e+00,2.308520865339449557e+00,2.308520865339449557e+00,2.940391961628088691e+00,4.133897198084377500e+00,2.802844670566201568e+00,2.438696767890135675e+00,2.854544620457485582e+00,9.888721243534893263e-03,-6.158867113481891753e-02
7.000000000000000666e-01,4.861376434729036689e+00,3.026391305978339830e+00,2.367527702341481799e+00,2.367527702341481799e+00,2.950341850101608543e+00,3.710139502705681380e+00,3.039890846363287213e+00,1.834985128750696859e+00,2.977782678266646332e+00,1.009036636977972065e-02,5.201780172686090720e-02
7.199999999999999734e-01,4.745481664248501374e+00,2.310231359148348318e+00,2.424585959753043696e+00,2.424585959753043696e+00,2.852912870578105053e+00,1.765324858884582682e+00,1.976052054866574093e+00,2.435250305100153057e+00,2.183244755003105109e+00,1.023820814059095419e-02,-2.174309082771218316e-01
7.399999999999999911e-01,4.298467801268205157e+00,2.542295795841464034e+00,2.481418222414837782e+00,2.481418222414837782e+00,2.841613133089712750e+00,4.058882688936675365e+00,2.739915495694182024e+00,1.756172005426741123e+00,2.525060281492218284e+00,1.040919647461326265e-02,2.044460177273504098e-01
7.600000000000000089e-01,4.849668975115165814e+00,2.644202004029171604e+00,2.538504290192815649e+00,2.538504290192815649e+00,2.854303388898902227e+00,3.876824961444298001e+00,2.968515691181605742e+00,2.205466971085994210e+00,2.930363937677601172e+00,1.060763056803080105e-02,2.754412293597369166e-02
7.800000000000000266e-01,4.923220734727892456e+00,3.191258911711122970e+00,2.595629129210083708e+00,2.595629129210083708e+00,2.856241950863406931e+00,3.838301828755512624e+00,2.873689008543949708e+00,1.731961823016769486e+00,2.894353787987375526e+00,1.080362617887089052e-02,-3.146840562229678145e-02
8.000000000000000444e-01,4.757258801881746102e+00,2.645210328947375622e+00,2.650452076203074991e+00,2.650452076203074991e+00,2.741147349649556197e+00,3.280295076801069687e+00,1.705295938724897375e+00,2.112048472934370480e+00,1.988819860516691351e+00,1.093830216942556430e-02,-2.944622239612195158e-01
8.200000000000000622e-01,5.229139106359999012e+00,3.610989758456821797e+00,2.706509845906370781e+00,2.706509845906370781e+00,2.802888485164781507e+00,3.525365300706023053e+00,3.358558704801807515e+00,1.618149347903177215e+00,3.281589547314031741e+00,1.116052004428304961e-02,6.580863744349252364e-02
8.399999999999999689e-01,4.260672732368541382e+00,3.180180306463272988e+00,2.757764681959262276e+00,2.757764681959262276e+00,2.562741802644569855e+00,3.048549816583169925e+00,4.014216599626639903e-01,1.080492425905268394e+00,8.250973768678838693e-01,1.121639278003945701e-02,-4.348921096852593760e-01
8.599999999999999867e-01,5.089933638835050900e+00,3.379950716937366373e+00,2.808587806394848396e+00,2.808587806394848396e+00,2.541156221779301561e+00,3.142543354378827480e+00,2.346885993991887354e+00,1.709982921897684527e+00,2.425386732112158050e+00,1.138063156662342916e-02,-8.988136968689425244e-02
8.800000000000000044e-01,5.428442328193936461e+00,3.382519820748084882e+00,2.859230095436763985e+00,2.859230095436763985e+00,2.532114452095782564e+00,2.381583464089041424e+00,2.450738524944111152e+00,2.045922507445851579e+00,2.601584346295843897e+00,1.155680184519149341e-02,-1.624026231969244449e-01
9.000000000000000222e-01,5.211373648653681023e+00,3.921104493571990979e+00,2.909246949964046092e+00,2.909246949964046092e+00,2.500842726364095547e+00,3.433974631967712021e+00,2.219397194778913729e+00,1.290269155081690045e+00,2.322644361440107108e+00,1.171408327439137434e-02,-1.149612499355849304e-01
9.200000000000000400e-01,5.297023540936063313e+00,3.677433361480666907e+00,2.957083242159487035e+00,2.957083242159487035e+00,2.391814609772048073e+00,2.952690222618372662e+00,1.410561560443621909e+00,1.619590179455396406e+00,1.747417190152371846e+00,1.183241231246468482e-02,-3.486880420212146725e-01
9.400000000000000577e-01,5.353318429658416200e+00,3.856500388383763411e+00,3.004171139474145491e+00,3.004171139474145491e+00,2.354394865732913011e+00,3.004333445322747043e+00,2.017617169380698350e+00,1.496818041274652789e+00,2.128374036585741536e+00,1.197653842832797043e-02,-1.227334056333709011e-01
9.599999999999999645e-01,5.777605537590924101e+00,4.006401711406956778e+00,3.051103960116584357e+00,3.051103960116584357e+00,2.346641032121937087e+00,2.652622000638076294e+00,2.276856529623152436e+00,1.771203826183967323e+00,2.439803539493094142e+00,1.214175347115978645e-02,-1.750887633411016830e-01
9.799999999999999822e-01,5.145675833946348199e+00,4.146724607361066184e+00,3.095867308441711874e+00,3.095867308441711874e+00,2.238167416256383824e+00,3.011184659723476376e+00,1.261904873466403787e+00,9.989512265852820150e-01,1.446878135625027095e+00,1.223973104569817463e-02,-1.972129932043214795e-01
1.000000000000000000e+00,5.611410834774803291e+00,3.959228008978631586e+00,3.139483496545223851e+00,3.139483496545223851e+00,2.180809405175598403e+00,2.542269302509322149e+00,1.664587305448530286e+00,1.652182825796171706e+00,1.860151508815446109e+00,1.236569406125575567e-02,-2.079298974281715284e-01
1.020000000000000018e+00,5.380889983160470180e+00,4.563730391897152572e+00,3.182269707922377844e+00,3.182269707922377844e+00,2.139310568857708983e+00,2.643666093131324057e+00,1.765821041996702867e+00,8.171595912633176084e-01,1.805510707210935095e+00,1.248795699103539408e-02,-5.217762220526761530e-02
1.040000000000000036e+00,5.556965118438794704e+00,4.528827311482115370e+00,3.222650128073113240e+00,3.222650128073113240e+00,2.019021007536767165e+00,2.439289075290384190e+00,9.364149556482928016e-01,1.028137806956679334e+00,1.261408102707885615e+00,1.257337517751797550e-02,-3.375665222371106999e-01
1.060000000000000053e+00,5.258247036942659491e+00,4.250990311319847059e+00,3.260432674858954272e+00,3.260432674858954272e+00,1.889127339292041352e+00,2.928727498581880972e+00,7.200843250895097025e-01,1.007256725622812432e+00,9.263630513348910522e-01,1.263610527390758229e-02,-2.189148315192889771e-01
1.080000000000000071e+00,5.494582797908055483e+00,4.842697570561798059e+00,3.297591422878635381e+00,3.297591422878635381e+00,1.857937400984045917e+00,2.089021421192526429e+00,1.577227956212086113e+00,6.518852273462574232e-01,1.579362457967024680e+00,1.274305422775416814e-02,-1.487755598269269175e-02
1.100000000000000089e+00,5.916614176416937099e+00,4.864880335060686178e+00,3.333177546088751164e+00,3.333177546088751164e+00,1.779306160505792045e+00,2.196323220930745723e+00,1.071624996201507862e+00,1.051733841356250920e+00,1.363874089436026615e+00,1.283541105585771051e-02,-3.050845042903764237e-01
1.120000000000000107e+00,5.340470923325707275e+00,5.106557583881411233e+00,3.365989597356294105e+00,3.365989597356294105e+00,1.640602563377144385e+00,3.222225269917826207e+00,3.922701892193156126e-01,2.339133394442960423e-01,6.040000470965768420e-01,1.287631184644850296e-02,-2.246061697237097809e-01
1.140000000000000124e+00,5.314608039224228975e+00,5.533153369107795427e+00,3.395519520884585862e+00,3.395519520884585862e+00,1.476496176414596739e+00,2.371951056932867452e+00,-4.613062483314056550e-04,-2.185453298835664526e-01,2.642240782853785275e-01,1.289420418560798497e-02,-2.775795887193179268e-01
1.159999999999999920e+00,5.557265824029921752e+00,5.316646767385675432e+00,3.421369985277629588e+00,3.421369985277629588e+00,1.292523219652181865e+00,2.504324326793040179e+00,-3.632333912095534467e-01,2.406190566442463208e-01,3.062281775110043194e-02,1.289420418560798497e-02,-4.067504131462618688e-01
1.179999999999999938e+00,5.331725601547066873e+00,5.250586411640344231e+00,3.444345681875420340e+00,3.444345681875420340e+00,1.148784829889544445e+00,2.335188804662394535e+00,-1.448606779741924422e-01,8.113918990672264187e-02,1.915011938496713126e-02,1.289420418560798497e-02,-1.769050015447675706e-01
1.199999999999999956e+00,5.064318424764529425e+00,5.320736096727281428e+00,3.464394573609204553e+00,3.464394573609204553e+00,1.002444586689218875e+00,1.705933599466743056e+00,-3.146176021137104817e-01,-2.564176719627520029e-01,-2.365603433322848170e-01,1.287818513873666484e-02,-9.093544392016236766e-02
1.219999999999999973e+00,5.271400425777603260e+00,5.596081804936255288e+00,3.482141841227841095e+00,3.482141841227841095e+00,8.873633809318206556e-01,1.759538358924793933e+00,-1.483674708847629864e-01,-3.246813791586520281e-01,-6.265630210609127171e-02,1.287818513873666484e-02,-9.858935391740837606e-02
1.239999999999999991e+00,4.951596446389930684e+00,5.666593040867103248e+00,3.496090765371841602e+00,3.496090765371841602e+00,6.974462072000200408e-01,1.890381843809604723e+00,-1.011808356386185492e+00,-7.149965944771725646e-01,-8.184964053538322792e-01,1.282275939790168164e-02,-2.061347104302548305e-01
1.260000000000000009e+00,4.804830082374970779e+00,5.300902270543836003e+00,3.506122598696849391e+00,3.506122598696849391e+00,5.015916662503903112e-01,1.571984517457614805e+00,-1.261099202296277477e+00,-4.960721881688652246e-01,-1.094438957285008174e+00,1.274864778347135907e-02,-1.794088927947406764e-01
1.280000000000000027e+00,4.992741466471738221e+00,5.408961329471565271e+00,3.514507020096251377e+00,3.514507020096251377e+00,4.192210699700938403e-01,1.830084084422028301e+00,-3.221142965525743973e-01,-4.162198629998270505e-01,-3.913642211715641639e-01,1.272214595432115923e-02,5.652777866466862644e-02
1.300000000000000044e+00,4.384779776450735689e+00,6.186422633224628598e+00,3.519448358411159994e+00,3.519448358411159994e+00,2.470669157454411236e-01,1.751669965019285513e+00,-1.302320472276433438e+00,-1.801642856773892909e+00,-1.300710572336453597e+00,1.263406634076136813e-02,-1.424396628074113547e-02
1.320000000000000062e+00,4.915096363701561444e+00,5.813137475603896043e+00,3.519897150623221282e+00,3.519897150623221282e+00,2.243961060307131383e-02,1.445296011906556100e+00,-1.999206135678257112e+00,-8.980411119023345989e-01,-1.614584362294295250e+00,1.252473228158238437e-02,-3.971465056655443249e-01
1.340000000000000080e+00,4.781734407997006997e+00,5.652045889073797014e+00,3.517521958794648906e+00,3.517521958794648906e+00,-1.187595914286095344e-01,1.281729799851988760e+00,-1.389552409713737280e+00,-8.703114810767900167e-01,-1.309881895860749212e+00,1.243603161776819267e-02,-9.210654547075630694e-02
1.360000000000000098e+00,4.634626148006460333e+00,5.887900892789119212e+00,3.512856235130187965e+00,3.512856235130187965e+00,-2.332861832230507249e-01,1.292942021912733663e+00,-1.264025509373021272e+00,-1.253274744782658878e+00,-1.292123071155517611e+00,1.234853352003640117e-02,1.574902826245989929e-02
1.380000000000000115e+00,4.391717874266571009e+00,5.056279993799029704e+00,3.504668355744553487e+00,3.504668355744553487e+00,-4.093939692817157860e-01,1.014135809726513404e+00,-1.994364043809701226e+00,-6.645621195324586949e-01,-1.900152433523636164e+00,1.221986178044346186e-02,-1.064314720665085201e-01
1.400000000000000133e+00,4.379035608547287239e+00,5.832248884267451139e+00,3.496282677150970741e+00,3.496282677150970741e+00,-4.192839296791334713e-01,8.376876299727968878e-01,-5.082935732558925279e-01,-1.453213275720163900e+00,-8.601003692697128944e-01,1.216161876331181210e-02,3.396451772505085787e-01
1.419999999999999929e+00,4.566559620574590639e+00,5.284621987497698292e+00,3.485247459459183794e+00,3.485247459459183794e+00,-5.517608845893418046e-01,8.256984904167765649e-01,-1.744053478781216526e+00,-7.180623669231076533e-01,-1.607425364889932817e+00,1.205276948663422561e-02,-1.486808833779177386e-01
1.439999999999999947e+00,4.759820285143383067e+00,5.936227357173381236e+00,3.474344065638129919e+00,3.474344065638129919e+00,-5.451696910527030759e-01,1.309419739213242728e+00,-4.858489492229541296e-01,-1.176407072029998169e+00,-6.664981619899803533e-01,1.200763654023175378e-02,1.686415762267944873e-01
1.459999999999999964e+00,4.487886278709416032e+00,4.909666205456563404e+00,3.460463090276818310e+00,3.460463090276818310e+00,-6.940487680655813563e-01,9.961139659862701112e-01,-2.033960461181485879e+00,-4.217799267471473712e-01,-1.839393169649235826e+00,1.188307920748385253e-02,-2.064503707397339349e-01
1.479999999999999982e+00,4.631147784451194127e+00,5.485785353402721221e+00,3.448019918303605102e+00,3.448019918303605102e+00,-6.221585986606612551e-01,1.558595839798550653e+00,2.485292598361987793e-02,-8.546375689515270935e-01,-3.537183946768189813e-01,1.185912662327739085e-02,3.667121940371614874e-01
1.500000000000000000e+00,4.623574294707426979e+00,5.101255046556525841e+00,3.434594199791869418e+00,3.434594199791869418e+00,-6.712859255867918984e-01,8.908652684656130916e-01,-1.113431867921967688e+00,-4.776807518490988613e-01,-1.095008044543023695e+00,1.178497647222959480e-02,-3.020879985117352895e-02
1.520000000000000018e+00,4.974182968166944718e+00,5.071042748725942850e+00,3.422552538014571599e+00,3.422552538014571599e+00,-6.020830888648822654e-01,1.452106501309837761e+00,2.074244163230390403e-02,-9.685978055899813199e-02,-1.613815395547680276e-01,1.177404827348809031e-02,1.703499329135838292e-01
1.540000000000000036e+00,4.857069630266210858e+00,4.996130844458241071e+00,3.411463643342004914e+00,3.411463643342004914e+00,-5.544447336283360173e-01,1.471070068859555491e+00,-1.256995364994200615e-01,-1.390612141920302136e-01,-2.717458604438596215e-01,1.175564658530055262e-02,1.342906773591390213e-01
1.560000000000000053e+00,4.617434565536738589e+00,4.679559166009835458e+00,3.400807814950598473e+00,3.400807814950598473e+00,-5.327914195703306044e-01,1.578691447680486526e+00,-3.379115930482820551e-01,-6.212460047309686928e-02,-4.809442742303081664e-01,1.172307870531330391e-02,1.313096024767128056e-01
1.580000000000000071e+00,4.529782424841787503e+00,4.787644708519517955e+00,3.391359695706778865e+00,3.391359695706778865e+00,-4.724059621909818540e-01,1.465197126974450148e+00,7.106315422315687136e-02,-2.578622836777304528e-01,-1.902164612834209012e-01,1.171019790557285140e-02,2.495694176010049281e-01
1.600000000000000089e+00,4.913440387191815972e+00,4.930582068899595605e+00,3.383441095428138645e+00,3.383441095428138645e+00,-3.959300139320197642e-01,1.176352470136158512e+00,2.923535203986387110e-01,-1.714168170777963240e-02,1.597605119138184870e-01,1.172101633393866915e-02,1.208719921508815687e-01
1.620000000000000107e+00,4.653825456185543885e+00,4.561042372046406612e+00,3.375661642989671751e+00,3.375661642989671751e+00,-3.889726219233439752e-01,9.950837187926527827e-01,-3.263560938452619853e-01,9.278308413913727293e-02,-3.514808981468456883e-01,1.169721526524526017e-02,1.342758903633843592e-02
1.640000000000000124e+00,4.533280743947208258e+00,4.846277287635221143e+00,3.368999875852926706e+00,3.368999875852926706e+00,-3.330883568372507431e-01,8.430904421073807109e-01,1.698700289375882910e-01,-3.129965436880128848e-01,-3.525726768598191202e-02,1.169721526524526017e-02,1.934300813583249568e-01
1.660000000000000142e+00,5.176923671286851381e+00,4.850051957320892448e+00,3.363854286684015094e+00,3.363854286684015094e+00,-2.572794584455849187e-01,1.112006540206038174e+00,4.250006270794075558e-01,3.268717139659589321e-01,4.199209072375704177e-01,1.172565085423929974e-02,-6.645931012402156446e-03
1.679999999999999938e+00,5.180643069557723912e+00,4.420961370557775716e+00,3.360073402146031452e+00,3.360073402146031452e+00,-1.890442268991742447e-01,1.695021483535854356e+00,4.250728570185217658e-01,7.596816989999481962e-01,4.198507125407759388e-01,1.175408168989166766e-02,-6.531937212145819821e-03
1.699999999999999956e+00,4.815874230442238613e+00,4.669716365391546553e+00,3.358115490326663455e+00,3.358115490326663455e+00,-9.789559096839287045e-02,1.571074910965157390e+00,7.224421324086396368e-01,1.461578650506920596e-01,5.015393320532678390e-01,1.178804419584173098e-02,2.091147561595300686e-01
1.719999999999999973e+00,5.126210782784158759e+00,4.391942888505552922e+00,3.357581520798610164e+00,3.357581520798610164e+00,-2.669847640267278277e-02,1.504862072253699390e+00,6.140755546888081451e-01,7.342678942786058371e-01,5.797479100886174797e-01,1.182730271573749492e-02,2.250034188445318439e-02
1.739999999999999991e+00,5.013677701183072877e+00,4.593091215510046510e+00,3.359012079052998700e+00,3.359012079052998700e+00,7.152791271943652329e-02,1.372447634202695665e+00,9.555654148184202779e-01,4.205864856730263668e-01,7.896032121004503690e-01,1.188077190962776204e-02,1.540814308083420792e-01
1.760000000000000009e+00,5.421850000013533233e+00,4.610346657778042534e+00,3.362443903154352931e+00,3.362443903154352931e+00,1.715912050677053657e-01,1.888747581749518734e+00,1.072160836202124878e+00,8.115033422354906989e-01,1.052523656319428236e+00,1.195204516509506230e-02,7.685134717601654897e-03
1.780000000000000027e+00,5.318579915853509199e+00,4.456885985150005780e+00,3.367349055995639606e+00,3.367349055995639606e+00,2.452576420643339805e-01,1.710202654327718230e+00,9.082555750339913470e-01,8.616939307035034190e-01,8.994562377558427135e-01,1.201295322528955246e-02,-3.213615947140860060e-03
1.800000000000000044e+00,5.513434784707131442e+00,4.615396522538986801e+00,3.374619882904128509e+00,3.374619882904128509e+00,3.635413454244370568e-01,1.963056111270201409e+00,1.428094675665364743e+00,8.980382621681446409e-01,1.341816975437549520e+00,1.210381642205146484e-02,7.417388380576370177e-02
1.820000000000000062e+00,4.990615361870552213e+00,4.221033027470958210e+00,3.382086922086243508e+00,3.382086922086243508e+00,3.733519591057577469e-01,1.607333321335764786e+00,4.616474822376440690e-01,7.695823343995940036e-01,4.765279259510880605e-01,1.213608524223397898e-02,-2.701652895567796531e-02
1.840000000000000080e+00,5.857480090407193529e+00,5.405533226762722521e+00,3.393343349429934097e+00,3.393343349429934097e+00,5.628213671845387900e-01,2.225134391186300853e+00,2.268046039893568899e+00,4.519468636444710086e-01,2.078287769929018758e+00,1.227681968964649574e-02,1.774814502749036682e-01
1.860000000000000098e+00,5.497974528677920247e+00,4.913666070833865973e+00,3.402802216317293738e+00,3.402802216317293738e+00,4.729433443679895155e-01,1.763126749237432511e+00,-3.359588609809537330e-01,5.843084578440542742e-01,1.174004534323011134e-01,1.228476964161120261e-02,-4.656440840548660143e-01
1.880000000000000115e+00,5.823232924262128130e+00,5.639754241960971193e+00,3.413488220278035890e+00,3.413488220278035890e+00,5.343001980370969406e-01,1.089107926985360741e+00,1.086511881059063489e+00,1.834786823011569368e-01,1.155149903853893045e+00,1.236299239100603284e-02,-8.100101518583563420e-02
1.900000000000000133e+00,5.342963380865743517e+00,5.089358915826603713e+00,3.421539864752572768e+00,3.421539864752572768e+00,4.025822237268501524e-01,7.662977964266932673e-01,-7.828795450653707189e-01,2.536044650391398037e-01,-3.769243935909391552e-01,1.233746837695184374e-02,-4.182926198513833294e-01
1.919999999999999929e+00,5.372579339626373240e+00,5.624875566699078178e+00,3.429493032383811979e+00,3.429493032383811979e+00,3.976583815619704199e-01,1.012311423170458191e+00,3.533438020780526045e-01,-2.522962270727049372e-01,3.596899382257073285e-01,1.236182533339862458e-02,-1.870796148105335899e-02
1.939999999999999947e+00,5.724910948832717672e+00,5.417908958119832974e+00,3.436370148248956813e+00,3.436370148248956813e+00,3.438557932572488540e-01,1.996233566182703534e+00,-1.403675014852453495e-01,3.070019907128846981e-01,1.270449353097221623e-01,1.237042837626211797e-02,-2.797828651712296333e-01
1.959999999999999964e+00,5.962893941437910073e+00,5.619990506811473274e+00,3.443783091710290289e+00,3.443783091710290289e+00,3.706471730666628384e-01,1.065806236775886040e+00,6.117695913513887529e-01,3.429034346264367983e-01,6.921309288139578797e-01,1.241729708482747219e-02,-9.277863454739665450e-02
1.979999999999999982e+00,5.582746747142433463e+00,5.827663880302071497e+00,3.450053812959237298e+00,3.450053812959237298e+00,3.135360624473497726e-01,1.242249868268056279e+00,-2.004639331264675972e-01,-2.449171331596380341e-01,-4.729957477968056018e-02,1.241729708482747219e-02,-1.655816554316145162e-01
2.000000000000000000e+00,5.292718269827384248e+00,6.182090206788888764e+00,3.453924785818607734e+00,3.453924785818607734e+00,1.935486429685173704e-01,1.466960686361240773e+00,-8.863381323409742496e-01,-8.893719369615045167e-01,-6.793809253028527673e-01,1.237129176232664926e-02,-2.193284988004480796e-01
2.020000000000000018e+00,5.380557924245787937e+00,5.832748033366079277e+00,3.454737305594852259e+00,3.454737305594852259e+00,4.062598881221973768e-02,9.374226477568746718e-01,-1.335677898594458846e+00,-4.521901091202913392e-01,-1.017945998829738130e+00,1.230235998602794215e-02,-3.300342597507486264e-01
2.040000000000000036e+00,5.342799491994409955e+00,6.378078981979593998e+00,3.454134521388289247e+00,3.454134521388289247e+00,-3.013921032815372603e-02,8.701059799654990989e-01,-6.670260025915150104e-01,-1.035279489985184043e+00,-6.222346475420200695e-01,1.226022441146997800e-02,-5.705157946096495181e-02
2.060000000000000053e+00,5.035467399736696770e+00,6.997721011688017967e+00,3.449583049867051887e+00,3.449583049867051887e+00,-2.275735760618671777e-01,4.515548982189960814e-01,-2.004482867665288381e+00,-1.962253611951321197e+00,-1.705116709448479595e+00,1.214475981539708815e-02,-3.115109180322058191e-01
2.080000000000000071e+00,5.095578165481962962e+00,7.194364051064550125e+00,3.439625966272801261e+00,3.439625966272801261e+00,-4.978541797125209944e-01,6.994806401396947981e-01,-2.930379612568405623e+00,-2.098785885582587163e+00,-2.415721414681689883e+00,1.198117553062336658e-02,-5.266393734173392405e-01
2.100000000000000089e+00,5.045944177599818836e+00,6.008707955359495756e+00,3.424298045792215195e+00,3.424298045792215195e+00,-7.663960240293042903e-01,2.250335087695206626e-01,-3.183272622880354064e+00,-9.627637777596769197e-01,-2.728493239300208817e+00,1.179641142150539973e-02,-4.665757950016504729e-01
2.120000000000000107e+00,5.094345767665234170e+00,6.661339954600083324e+00,3.408731580313810738e+00,3.408731580313810738e+00,-7.783232739202124995e-01,-5.288682830497247744e-01,-8.856685229383867153e-01,-1.566994186934849154e+00,-1.161239978371712223e+00,1.171777627336369372e-02,2.638536791599617182e-01
2.140000000000000124e+00,4.741945758524991561e+00,6.602501088776683957e+00,3.389588979221541454e+00,3.389588979221541454e+00,-9.571300546134617893e-01,-2.598498447617644258e-01,-2.566391080852704842e+00,-1.860555330251692396e+00,-2.437630629015366424e+00,1.155270837250123653e-02,-1.403131602098393604e-01
2.160000000000000142e+00,4.451353545496862019e+00,6.865054246519736836e+00,3.366781623984002270e+00,3.366781623984002270e+00,-1.140367761876958541e+00,-3.545785788403357230e-01,-2.789507127248429086e+00,-2.413700701022874817e+00,-2.731957379965373800e+00,1.136770968377917232e-02,-6.891745696683466982e-02
2.180000000000000160e+00,4.682407621655911178e+00,6.437099249436228021e+00,3.340375454462345406e+00,3.340375454462345406e+00,-1.320308476082846960e+00,-1.490092594968548845e+00,-2.939774903935842509e+00,-1.754691627780316843e+00,-2.771961213577058825e+00,1.118000207404088245e-02,-1.789936924328245915e-01
2.200000000000000178e+00,4.579217747195178490e+00,6.392407191023623980e+00,3.312088575333380636e+00,3.312088575333380636e+00,-1.414343956448229633e+00,-1.199075529567006582e+00,-2.260663279736674358e+00,-1.813189443828445491e+00,-2.359509507846132781e+00,1.102022426484815243e-02,8.782600384461014542e-02
2.220000000000000195e+00,4.399385389385636280e+00,6.490611194217859037e+00,3.281757276085493391e+00,3.281757276085493391e+00,-1.516564962394369998e+00,-6.690916942198101847e-01,-2.436554015909633275e+00,-2.091225804832222757e+00,-2.531137688080244530e+00,1.084882438990728525e-02,8.373484778070391932e-02
2.240000000000000213e+00,4.300294487855988557e+00,6.617859096852200196e+00,3.248936440842253415e+00,3.248936440842253415e+00,-1.641041762161998152e+00,-1.163541853209856036e+00,-2.761332960070651765e+00,-2.317564608996211639e+00,-2.781702217079575767e+00,1.066045715316016503e-02,9.708799855763686204e-03
2.260000000000000231e+00,4.494065294356171414e+00,6.183268056772390331e+00,3.213911061895544208e+00,3.213911061895544208e+00,-1.751268947335466120e+00,-1.784946358709279091e+00,-2.743313613896678049e+00,-1.689202762416218917e+00,-2.697218129169956402e+00,1.047781088614550653e-02,-5.657329561286732200e-02
2.280000000000000249e+00,4.467291595809474991e+00,6.671624680349190761e+00,3.178403951168542463e+00,3.178403951168542463e+00,-1.775355536350085695e+00,-9.671173389095909512e-01,-1.992134837481661647e+00,-2.204333084539715770e+00,-2.179290105422902357e+00,1.033023691050269539e-02,1.768250310307381556e-01
2.300000000000000266e+00,4.449434136189428735e+00,6.798676079329227129e+00,3.140584617635483244e+00,3.140584617635483244e+00,-1.890966676652969358e+00,-9.062160110315602424e-01,-2.931466939378922998e+00,-2.349241943139798394e+00,-2.822181991082898023e+00,1.013912852370495513e-02,-1.194240768197299407e-01
2.319999999999999840e+00,4.703702606215378168e+00,6.612904915599144395e+00,3.100952165854698794e+00,3.100952165854698794e+00,-1.981622589039216509e+00,-1.461889613626965012e+00,-2.797525800515440420e+00,-1.909202309383766227e+00,-2.660616310854588384e+00,9.958960805017163381e-03,-1.468684504658690770e-01
2.339999999999999858e+00,4.388378229943220354e+00,6.226738483907388932e+00,3.059631609021869814e+00,3.059631609021869814e+00,-2.066027841641445040e+00,-1.269578292544533138e+00,-2.825675115061500264e+00,-1.838360253964168578e+00,-2.825148890783023781e+00,9.767651510050753827e-03,-1.029387578852716811e-02
2.359999999999999876e+00,4.625961485996371358e+00,6.503099221485610926e+00,3.018766604606867521e+00,3.018766604606867521e+00,-2.043250220750124413e+00,-6.343744303259994943e-01,-1.838251632728236551e+00,-1.877137735489239567e+00,-2.032986787346992230e+00,9.629984688230406112e-03,1.851051699305251985e-01
2.379999999999999893e+00,4.565566166169034545e+00,6.687307034133921135e+00,2.977069585329827017e+00,2.977069585329827017e+00,-2.084850963852028727e+00,-5.391271898036542609e-01,-2.459257651769165776e+00,-2.121740867964886590e+00,-2.460666980252052216e+00,9.463356845473180207e-03,-8.054028362586895806e-03
2.399999999999999911e+00,4.676064958507537561e+00,6.366937316465287822e+00,2.934257547267347999e+00,2.934257547267347999e+00,-2.140601903123946492e+00,-9.473984523544998204e-02,-2.642360356571207269e+00,-1.690872357957750260e+00,-2.554277436045507166e+00,9.290390026969311266e-03,-9.737331055266930380e-02
2.419999999999999929e+00,4.897014908476457151e+00,6.284794142139642048e+00,2.892194203652249218e+00,2.892194203652249218e+00,-2.103167180754934140e+00,-1.618359635540692398e+00,-1.766254679433821861e+00,-1.387779233663184897e+00,-1.866801458145814996e+00,9.163976699882270954e-03,9.138280201211086695e-02
2.439999999999999947e+00,4.543543298391895746e+00,6.643014488916769267e+00,2.850142196238241166e+00,2.850142196238241166e+00,-2.102600370700407506e+00,-1.078179141623049064e+00,-2.097499080209668687e+00,-2.099471190524873521e+00,-2.211388571559637750e+00,9.014229127319963938e-03,1.048752622226492015e-01
2.459999999999999964e+00,5.136773308152608131e+00,6.389302842222196688e+00,2.808277344252986030e+00,2.808277344252986030e+00,-2.093242599262753245e+00,-1.006997884036182178e+00,-2.009022656323865341e+00,-1.252529534069588557e+00,-1.912926299570484767e+00,8.884692385774245471e-03,-1.049810491391549028e-01
2.479999999999999982e+00,4.695979488106494237e+00,5.193541476474488938e+00,2.766421137611270176e+00,2.766421137611270176e+00,-2.092810332085791369e+00,-1.335704067125032424e+00,-2.088919927493133155e+00,-4.975619883679947009e-01,-2.150520659726942174e+00,8.739066577320295931e-03,5.286166565648872662e-02
2.500000000000000000e+00,5.363487105556072443e+00,5.622219516996542765e+00,2.730464705547599902e+00,2.730464705547599902e+00,-1.797821603183519024e+00,-2.020816787373338475e-01,8.570769569369329766e-01,-2.587324114404703224e-01,2.158309489336110443e-01,8.753681901421311862e-03,6.324923261019006482e-01
2.520000000000000018e+00,4.746179680374781995e+00,5.587847625504619664e+00,2.696354658118410796e+00,2.696354658118410796e+00,-1.705502371459448829e+00,-8.961191335481094589e-02,-8.746292859428166366e-01,-8.416679451298376691e-01,-1.112570592509636302e+00,8.678342475471841067e-03,2.292629640913476652e-01
2.540000000000000036e+00,5.102185071294266017e+00,5.220719092938870709e+00,2.664794508249091809e+00,2.664794508249091809e+00,-1.578007493465945821e+00,-3.639926834301802083e-01,-4.305535915244182998e-01,-1.185340216446046924e-01,-6.167914438471491234e-01,8.636575495809751396e-03,1.776012768269210618e-01
2.560000000000000053e+00,4.900607987947283029e+00,5.348302411314371341e+00,2.636208811057900725e+00,2.636208811057900725e+00,-1.429284859559545984e+00,-2.342764443368284266e-01,-9.078115440194811647e-02,-4.476944233670883122e-01,-4.065411033393163676e-01,8.609045940780475289e-03,3.071509029965877602e-01
2.580000000000000071e+00,5.130708547940222353e+00,2.029758199691208631e+00,2.610249114117688674e+00,2.610249114117688674e+00,-1.297984847010594134e+00,4.210124745791354872e-01,-1.162847340700268184e-01,3.100950348249013722e+00,-2.763442064851692193e-01,8.590332868530298899e-03,1.514691395466121193e-01
2.600000000000000089e+00,3.168428064575573799e+00,5.036051628706419869e+00,2.593312311675400217e+00,2.593312311675400217e+00,-8.468401221144330471e-01,1.029232539578164962e+00,3.213462401951017622e+00,-1.867623564130846070e+00,1.446110728403143808e+00,8.688258476910354008e-03,1.758663415070963465e+00
2.620000000000000107e+00,5.407843940545710382e+00,4.927112470455712767e+00,2.578498842940443847e+00,2.578498842940443847e+00,-7.406734367478170489e-01,1.055372583121890528e+00,2.148267315517267129e-01,4.807314700899976145e-01,4.721762360358989774e-01,8.720232615728533768e-03,-2.660697370999007827e-01
2.640000000000000124e+00,5.417830329223613184e+00,5.282123165045364388e+00,2.566166675078634718e+00,2.566166675078634718e+00,-6.166083930904615595e-01,8.421669459735617869e-01,4.999769998257377335e-01,1.357071641782487958e-01,6.232116806352335781e-01,8.762434351582573319e-03,-1.319971151610783988e-01
2.660000000000000142e+00,5.217195622753101780e+00,4.814986382976551127e+00,2.554381935133713366e+00,2.554381935133713366e+00,-5.892369972460783645e-01,8.892873079945529113e-02,-3.428944346466294979e-01,4.022092397765506533e-01,-8.245797871117351019e-02,8.756850582945438499e-03,-2.691933065184013985e-01
2.680000000000000160e+00,5.357564290474010171e+00,4.997587992375839505e+00,2.545259821698708347e+00,2.545259821698708347e+00,-4.561056717502554037e-01,1.528177206905985130e+00,7.420762577121513548e-01,3.599762980981706662e-01,6.890739425217730085e-01,8.803512282990219248e-03,4.419880290738803508e-02
2.700000000000000178e+00,5.605282774750079078e+00,4.977515545892768678e+00,2.538491183023611431e+00,2.538491183023611431e+00,-3.384319337548413742e-01,1.570223251619547122e+00,7.206317082038846689e-01,6.277672288573103998e-01,7.717723736152842795e-01,8.855774034274403045e-03,-5.999643944567398246e-02
2.720000000000000195e+00,5.524118096723128701e+00,4.262277671446374150e+00,2.533741581400313692e+00,2.533741581400313692e+00,-2.374800811648771770e-01,1.374024332639399937e+00,6.710865921448004867e-01,1.261840425276754551e+00,6.941852395545572429e-01,8.902781853645813995e-03,-3.200142926340251992e-02
2.740000000000000213e+00,5.623678000180788672e+00,4.879762795195877523e+00,2.533610511420874900e+00,2.533610511420874900e+00,-6.553498971934884620e-03,1.513269733373863613e+00,2.071785740764545913e+00,7.439152049849111492e-01,1.728978417492706532e+00,9.019862281916974159e-03,3.337874609899227352e-01
2.760000000000000231e+00,5.529961364497455456e+00,4.794560541469297554e+00,2.535014491626255140e+00,2.535014491626255140e+00,7.019901026901602392e-02,2.020670195663083035e+00,7.609715934375742563e-01,7.354008230281579017e-01,8.257521830130040152e-01,9.075779358876909925e-03,-7.385636893430674865e-02
2.780000000000000249e+00,5.382011406724326541e+00,4.790704574847691077e+00,2.537769914137315563e+00,2.537769914137315563e+00,1.377711255530142120e-01,1.837685946860026176e+00,7.459201631089977802e-01,5.913068318766354636e-01,7.460625988738868175e-01,9.126300133288842154e-03,-9.268735898177893340e-03
2.800000000000000266e+00,4.920992477290371703e+00,5.211617783314474117e+00,2.540589864991757540e+00,2.540589864991757540e+00,1.409975427221066835e-01,2.168266285105088897e+00,1.700352972439387877e-01,-2.906253060241024144e-01,1.654656361022043831e-01,9.137504892898912212e-03,-4.567843751164499776e-03
2.819999999999999840e+00,5.403934602546021537e+00,5.498465423151063014e+00,2.543208989032997636e+00,2.543208989032997636e+00,1.309562020620105016e-01,2.323927763226307786e+00,4.058413612114497582e-02,-9.453082060504147677e-02,2.442423604240652191e-01,9.154044139352824488e-03,-2.128122684422730782e-01
2.839999999999999858e+00,5.031508604058766210e+00,5.603298465129289418e+00,2.543814720696228715e+00,2.543814720696228715e+00,3.028658316155762031e-02,1.278800307456747998e+00,-8.757399869425185335e-01,-5.717898610705232088e-01,-5.930351602472169192e-01,9.113885852910886404e-03,-2.918187125482124555e-01
2.859999999999999876e+00,5.226459624591331732e+00,5.596309628769952305e+00,2.542907911586217651e+00,2.542907911586217651e+00,-4.534045550054685569e-02,1.225727700272839282e+00,-7.259838034594870981e-01,-3.698500041786205728e-01,-4.785853274832062576e-01,9.081477712624621765e-03,-2.564799536889054710e-01
2.879999999999999893e+00,4.981368528937613505e+00,5.680434116920082488e+00,2.540195779125039355e+00,2.540195779125039355e+00,-1.356066230589236810e-01,1.277695716680883553e+00,-9.480021310843151916e-01,-6.990655879824689833e-01,-7.809751967870702805e-01,9.028592778039041394e-03,-1.760555270752839352e-01
2.899999999999999911e+00,4.963687928243366798e+00,5.497463646373768498e+00,2.535621992767848720e+00,2.535621992767848720e+00,-2.286893178595392762e-01,1.997415085429402604e+00,-1.066433571065079633e+00,-5.337757181304016996e-01,-9.102676596194289038e-01,8.966952605812844590e-03,-1.651328640514636015e-01
2.919999999999999929e+00,5.374535838546855793e+00,5.376008014987870176e+00,2.531162313755117577e+00,2.531162313755117577e+00,-2.229839506365653146e-01,1.828957107572916740e+00,-1.716356456297995769e-01,-1.472176441014383386e-03,-1.561183159401791365e-01,8.956380814339730961e-03,-2.447371050396016101e-02
2.939999999999999947e+00,5.058031445288179384e+00,5.516398823138956686e+00,2.526445506840435673e+00,2.526445506840435673e+00,-2.358403457340944309e-01,1.380473331479358912e+00,-3.515479016118565059e-01,-4.583673778507773022e-01,-4.038302435186073014e-01,8.929034829345558130e-03,4.335330707740524259e-02
2.959999999999999964e+00,4.850647763888376041e+00,5.815505073957020876e+00,2.520447981872191878e+00,2.520447981872191878e+00,-2.998762484121894611e-01,1.324353465905654836e+00,-8.761993725150448720e-01,-9.648573100686448356e-01,-8.455038452482374067e-01,8.871780238250007514e-03,-3.956730750505740857e-02
2.979999999999999982e+00,4.721413542721366596e+00,6.025521548848142395e+00,2.511935468231845103e+00,2.511935468231845103e+00,-4.256256820173358602e-01,9.304420010187018919e-01,-1.557370584463653174e+00,-1.304108006126775798e+00,-1.389496244669280900e+00,8.777688366563741670e-03,-1.766520281609361698e-01
3.000000000000000000e+00,4.733217038654901287e+00,6.464987282659122592e+00,2.500552596351582668e+00,2.500552596351582668e+00,-5.691435940131185367e-01,5.281103315433096634e-01,-1.860804801975163070e+00,-1.731770244004221304e+00,-1.641226727945416242e+00,8.666550178687122685e-03,-2.282446242084338328e-01
3.020000000000000018e+00,4.596122098754339191e+00,5.991323000314158875e+00,2.484820855403006679e+00,2.484820855403006679e+00,-7.865870474288041425e-01,9.812641401558114262e-01,-2.743578128169975372e+00,-1.395200901559819684e+00,-2.373458783559074803e+00,8.505827772871310880e-03,-3.786251723837718020e-01
3.040000000000000036e+00,4.370792304113884086e+00,6.360551566801236234e+00,2.466504567889083788e+00,2.466504567889083788e+00,-9.158143756961436566e-01,5.760213946163799115e-01,-2.078860330102199061e+00,-1.989759262687352148e+00,-2.058073984174348947e+00,8.366462132998088094e-03,-2.915280806084835641e-02
3.060000000000000053e+00,4.569284030874868563e+00,6.562988009360038788e+00,2.445077948828043635e+00,2.445077948828043635e+00,-1.071330953052002988e+00,7.402436155260880835e-01,-2.470980149254736968e+00,-1.993703978485170225e+00,-2.274909770626487138e+00,8.212413124908420417e-03,-2.042827917531583881e-01
3.080000000000000071e+00,4.751185990166452378e+00,6.083640441434309487e+00,2.420720505135415479e+00,2.420720505135415479e+00,-1.217872184631411780e+00,-2.128664622826926534e-01,-2.536743268846091581e+00,-1.332454451267857110e+00,-2.300988564375854750e+00,8.056598151257771817e-03,-2.438113026214945578e-01
3.100000000000000089e+00,4.823377324702947000e+00,6.540435125675928774e+00,2.395749728280582858e+00,2.395749728280582858e+00,-1.248538842741635069e+00,-4.403055134571634555e-01,-1.524538765733644441e+00,-1.717057800972981774e+00,-1.600534158248830385e+00,7.948215523218874271e-03,6.804717699196696779e-02
3.120000000000000107e+00,4.337641699533971718e+00,6.752410086195089534e+00,2.367336749901693960e+00,2.367336749901693960e+00,-1.420648918944438011e+00,-3.883019852113256953e-01,-2.969639604769664487e+00,-2.414768386661117816e+00,-2.797547651200285479e+00,7.758775288570666367e-03,-1.798507288579494767e-01
3.140000000000000124e+00,4.547602852253727512e+00,6.686628934468219043e+00,2.335717079229137738e+00,2.335717079229137738e+00,-1.580983533627812632e+00,-8.198786816309318048e-01,-3.023995065778185332e+00,-2.139026082214491531e+00,-2.800105187105530025e+00,7.569161866451709457e-03,-2.314590405391067085e-01
3.160000000000000142e+00,4.426918581833602317e+00,7.135651123836883158e+00,2.301275936352062512e+00,2.301275936352062512e+00,-1.722057143853754413e+00,-4.448567033600231979e-01,-2.991719635887231110e+00,-2.708732542003280841e+00,-2.869832147845963188e+00,7.374826776125132169e-03,-1.292623148173931980e-01
3.180000000000000160e+00,4.309281457953660244e+00,7.005797358851474144e+00,2.262485998987965541e+00,2.262485998987965541e+00,-1.939496868204839464e+00,-9.214416515722401169e-01,-3.896454387364603811e+00,-2.696515900897813900e+00,-3.589489475671693075e+00,7.131758984859175310e-03,-3.140966706777699180e-01
3.200000000000000178e+00,4.504134269479059149e+00,7.044974401680102361e+00,2.220924263356167216e+00,2.220924263356167216e+00,-2.078086781589905563e+00,-3.336811181679709692e-01,-3.325396002055498901e+00,-2.540840132201043211e+00,-3.177112123502967123e+00,6.916615959173147248e-03,-1.552004945117052559e-01
3.220000000000000195e+00,4.755034625166734585e+00,7.144144749471255551e+00,2.177459392590507914e+00,2.177459392590507914e+00,-2.173243538282958465e+00,-8.433189605269675315e-01,-3.029654348520434581e+00,-2.389110124304520966e+00,-2.908223516171977163e+00,6.719681138392997501e-03,-1.281505134868505258e-01
3.240000000000000213e+00,4.857862593860602374e+00,6.533657509651112250e+00,2.132268713962627960e+00,2.132268713962627960e+00,-2.259533931393993278e+00,-1.584445415777026245e+00,-3.036147469393308818e+00,-1.675794915790509876e+00,-2.903578337625529748e+00,6.523060873010481410e-03,-1.390921926407896470e-01
3.260000000000000231e+00,4.912077764640082833e+00,7.057603035301811545e+00,2.087904374076401837e+00,2.087904374076401837e+00,-2.218216994311312806e+00,-1.126511126612041780e+00,-1.846364560567189228e+00,-2.145525270661728712e+00,-2.059406276164007288e+00,6.383605014939532779e-03,2.066581105818786068e-01
3.280000000000000249e+00,4.758297361328540198e+00,6.850552239103262053e+00,2.041916075107626405e+00,2.041916075107626405e+00,-2.299414948438762707e+00,-1.782975937459995608e+00,-3.030196535585810036e+00,-2.092254877774721855e+00,-2.920118205946054868e+00,6.185864726977831352e-03,-1.162641943667332423e-01
3.300000000000000266e+00,5.167789065856531749e+00,6.974152130185623299e+00,1.996307922590770501e+00,1.996307922590770501e+00,-2.280407625842796993e+00,-1.098155400771803958e+00,-2.109341722479104675e+00,-1.806363064329091550e+00,-2.137109230023347628e+00,6.041147094078612272e-03,2.172636045016437811e-02
3.320000000000000284e+00,5.324932077795581087e+00,7.058006999829107286e+00,1.950990676433980830e+00,1.950990676433980830e+00,-2.265862307839485279e+00,-1.609696769056563337e+00,-2.134954445809681634e+00,-1.733074922033526200e+00,-2.094509466535353859e+00,5.899314169573068381e-03,-4.634429344390084138e-02
3.339999999999999858e+00,4.841966344922830068e+00,6.758262154415247913e+00,1.904439427637768301e+00,1.904439427637768301e+00,-2.327562439810627382e+00,-1.432235780090593824e+00,-2.882863627550906749e+00,-1.916295809492417845e+00,-2.814371631730971934e+00,5.708734673251128489e-03,-7.420073049318560987e-02
3.359999999999999876e+00,5.113007901565696400e+00,6.245462204528953620e+00,1.858570157247895871e+00,1.858570157247895871e+00,-2.293463519493619707e+00,-1.273698571651543432e+00,-1.986573236640552187e+00,-1.132454302963257220e+00,-2.089472901118930359e+00,5.567242807506067245e-03,9.733242167087204078e-02
3.379999999999999893e+00,5.415272084353109250e+00,6.653024600689033896e+00,1.815837136825104281e+00,1.815837136825104281e+00,-2.136651021139574169e+00,-1.987825808039928699e+00,-7.253385359531663301e-01,-1.237752516335924646e+00,-1.054341452623322350e+00,5.495846457170944742e-03,3.235070702129849152e-01
3.399999999999999911e+00,5.352129454457541513e+00,6.021886482263333562e+00,1.774130890463835986e+00,1.774130890463835986e+00,-2.085312318063419657e+00,-1.715198457283539257e+00,-1.623263990378030819e+00,-6.697570278057920490e-01,-1.652136835713995389e+00,5.383969474595036615e-03,2.348887586136949590e-02
3.419999999999999929e+00,5.173453333372592056e+00,6.099583942945757009e+00,1.735112368541117389e+00,1.735112368541117389e+00,-1.950926096135927157e+00,-1.830908045521591587e+00,-7.414500987884937722e-01,-9.261306095731649535e-01,-1.077510099091241624e+00,5.311004223790432612e-03,3.307489960789573580e-01
3.439999999999999947e+00,5.428172451186677350e+00,5.916444923328648464e+00,1.698686482070944415e+00,1.698686482070944415e+00,-1.821294323508645396e+00,-1.561213865939872658e+00,-6.546083698631087744e-01,-4.882724721419711145e-01,-8.526925945340312341e-01,5.253262835499151497e-03,1.928309618354232813e-01
3.459999999999999964e+00,5.583590375385373505e+00,5.612427906260818666e+00,1.665520552780809904e+00,1.665520552780809904e+00,-1.658296464506727519e+00,-8.511442732214182794e-01,-1.913157334894668715e-01,-2.883753087544516092e-02,-4.227252758879592176e-01,5.224637344376030154e-03,2.261849050541163419e-01
3.479999999999999982e+00,5.543447684236151751e+00,5.713763291564702307e+00,1.636125903881912036e+00,1.636125903881912036e+00,-1.469732444944893190e+00,-1.293130634104664445e+00,2.273437311116155712e-01,-1.703156073285505556e-01,-8.760488197132698662e-02,5.218705045281908997e-03,3.097299080376606506e-01
3.500000000000000000e+00,5.364984073409239329e+00,5.729725157122832258e+00,1.609127889906344144e+00,1.609127889906344144e+00,-1.349900698778392805e+00,-8.311893773477284642e-01,-2.714149832798889994e-01,-3.647410837135929285e-01,-4.429496070574379663e-01,5.188710032520539236e-03,1.663459137450284120e-01
3.520000000000000018e+00,2.774216607556895475e+00,5.449861985892301419e+00,1.577549540946177276e+00,1.577549540946177276e+00,-1.578917448008344548e+00,-1.253329815854434148e+00,-3.640068191077910686e+00,-2.675645378335405944e+00,-3.753495857948739634e+00,4.934536297257868277e-03,1.084931305735711837e-01
3.540000000000000036e+00,5.574552930853656108e+00,5.794956972068736611e+00,1.549886266503014642e+00,1.549886266503014642e+00,-1.383163722158135212e+00,-3.174192640225129702e-01,3.786198104937491538e-01,-2.204040412150805039e-01,1.583575001009204508e-01,4.945259718524545010e-03,2.153170506743041779e-01
3.560000000000000053e+00,5.276412867865231782e+00,4.914684811772202622e+00,1.523639748074054667e+00,1.523639748074054667e+00,-1.312325921447995647e+00,-6.995198452655140287e-01,-6.747857150567397877e-01,3.617280560930291600e-01,-6.585510123384511472e-01,4.900664925563043631e-03,-2.113536764385176570e-02
3.580000000000000071e+00,5.600468226898762225e+00,5.150488862669969414e+00,1.502616852203964681e+00,1.502616852203964681e+00,-1.051144793504498853e+00,-7.070563349437550826e-01,1.299485357986972289e+00,4.499793642287928108e-01,8.709449372107307408e-01,4.959642299263928092e-03,4.235807784769776707e-01
3.600000000000000089e+00,6.017133184293941284e+00,4.711547226970350444e+00,1.486265743100404046e+00,1.486265743100404046e+00,-8.175554551780325196e-01,5.304405802383185264e-01,1.284748589760164483e+00,1.305585957323590840e+00,1.100638288462444381e+00,5.034173710923589388e-03,1.790761275867965296e-01
3.620000000000000107e+00,5.374809065378908457e+00,5.451764530729258595e+00,1.473932504852993652e+00,1.473932504852993652e+00,-6.166619123705229244e-01,6.756226952348811654e-01,1.191379972897063322e+00,-7.695546535035013846e-02,8.423425347788686679e-01,5.091214229026725692e-03,3.439462238891678458e-01
3.640000000000000124e+00,5.558896183258765333e+00,4.605842186407091532e+00,1.462859173961752468e+00,1.462859173961752468e+00,-5.536665445620607695e-01,5.542232810313975078e-01,1.329176571409906860e-02,9.530539968516738014e-01,1.360571987124735704e-01,5.100427551144263300e-03,-1.278658605495187617e-01
3.660000000000000142e+00,4.963738467877008453e+00,5.057537749047559039e+00,1.454476021578007261e+00,1.454476021578007261e+00,-4.191576191872625756e-01,9.301398211799725146e-01,7.914227091859211694e-01,-9.379928117055058578e-02,4.545282774667944725e-01,5.131206631350675867e-03,3.317632250877760036e-01
3.680000000000000160e+00,5.374558337402851826e+00,5.017098702506535446e+00,1.447761313402595951e+00,1.447761313402595951e+00,-3.357354087705701762e-01,8.123872151706658107e-01,4.150644849796615299e-01,3.574596348963163805e-01,4.026161472112218531e-01,5.158470401949230913e-03,7.289867366490454526e-03
3.700000000000000178e+00,5.385393861122616421e+00,5.219268432860029172e+00,1.442714409139849607e+00,1.442714409139849607e+00,-2.523452131373145613e-01,1.118367727690784408e+00,4.981665475619861394e-01,1.661254282625872492e-01,4.677348514424228276e-01,5.190143785590213901e-03,2.524155233397306491e-02
3.720000000000000195e+00,5.103448754865347325e+00,5.053832895209467324e+00,1.437722350809693461e+00,1.437722350809693461e+00,-2.496029165078053058e-01,2.023808692064730685e+00,-2.249222468422219789e-01,4.961585965588000136e-02,-1.470909910532459397e-01,5.180183293282671249e-03,-8.301143908225872003e-02
3.740000000000000213e+00,5.084031548545846491e+00,4.566471876015476106e+00,1.433365121039398726e+00,1.433365121039398726e+00,-2.178614885147364955e-01,6.751645799769530054e-01,6.781136342288290875e-02,5.175596725303703849e-01,3.835228973720154061e-02,5.180183293282671249e-03,2.427889039239869429e-02
3.760000000000000231e+00,5.321640790245329988e+00,4.999604552668760249e+00,1.431891635565583742e+00,1.431891635565583742e+00,-7.367427369075207899e-02,1.488880989472151306e+00,1.224010659725107697e+00,3.220362375765697394e-01,9.590645210719144220e-01,5.245127819906438352e-03,2.597010108332866718e-01
3.780000000000000249e+00,4.591464633719123611e+00,4.995775811580795533e+00,1.429471424569811910e+00,1.429471424569811910e+00,-1.210105497885965442e-01,1.732843856445828390e+00,-5.470370346691966201e-01,-4.043111778616719221e-01,-5.183376970660384941e-01,5.210027786876769360e-03,-3.390936539003480688e-02
3.800000000000000266e+00,4.934657139582339980e+00,5.019733459486945826e+00,1.427104743104480766e+00,1.427104743104480766e+00,-1.183340732665540546e-01,1.441758180782871879e+00,-9.424578456817159222e-02,-8.507631990460584603e-02,-7.762071343803855772e-02,5.204771581084901948e-03,-2.182984271121793385e-02
3.820000000000000284e+00,4.963514341076625591e+00,5.660281841019036086e+00,1.424787909501284089e+00,1.424787909501284089e+00,-1.158416801598306928e-01,1.244794512073404968e+00,-9.341014219932047835e-02,-6.967674999424104954e-01,-7.139828038110669628e-02,5.199936736901614003e-03,-2.721179855511539694e-02
3.839999999999999858e+00,4.552758244274105692e+00,5.130863853975959898e+00,1.419223775996107051e+00,1.419223775996107051e+00,-2.782066752588517877e-01,1.212540258528054693e+00,-1.739491631150041684e+00,-5.781056097018542062e-01,-1.406554967866061601e+00,5.104689707581549704e-03,-3.380413529915616833e-01
3.859999999999999876e+00,4.764846757760451190e+00,2.324255958090317264e+00,1.413350561262441740e+00,1.413350561262441740e+00,-2.936607366832696409e-01,1.121378248800457111e+00,-4.327472895030303190e-01,2.440590799670133926e+00,-4.648417121936960772e-01,5.073212237307015739e-03,2.702121045335875715e-02
3.879999999999999893e+00,4.795999246963376983e+00,5.753991916394620709e+00,1.417186678679137612e+00,1.417186678679137612e+00,1.918058708347910035e-01,1.589632723304994721e+00,4.561005338497336581e+00,-9.579926694312437263e-01,3.139113976868785905e+00,5.285782160150099065e-03,1.416605579468400933e+00
3.899999999999999911e+00,4.693257325591731366e+00,6.003304984689528112e+00,1.416522538408279797e+00,1.416522538408279797e+00,-3.320701354288713159e-02,1.505513920975076081e+00,-2.058322972941990514e+00,-1.310047659097796746e+00,-1.347132930319669519e+00,5.194558985341050233e-03,-7.163846016076620415e-01
3.919999999999999929e+00,4.677829149308267986e+00,5.876259091486748076e+00,1.411317010420493956e+00,1.411317010420493956e+00,-2.602763993892913130e-01,1.067978334897272674e+00,-2.303900872006929390e+00,-1.198429942178480090e+00,-1.683354310934200404e+00,5.080568063498261920e-03,-6.256271291362273113e-01
3.939999999999999947e+00,4.495270307497778894e+00,5.831430382220712971e+00,1.402384907055050034e+00,1.402384907055050034e+00,-4.466051682721912108e-01,1.197551218474383283e+00,-2.123564088218290458e+00,-1.336160074722934077e+00,-1.753855755665990834e+00,4.961803028075210432e-03,-3.746701355803747080e-01
3.959999999999999964e+00,4.455902761304829873e+00,5.884200360390042128e+00,1.390381972088946094e+00,1.390381972088946094e+00,-6.001467483051992069e-01,9.916518184890280585e-01,-1.982020968602271838e+00,-1.428297599085212255e+00,-1.746920078563171552e+00,4.843507652676444508e-03,-2.399443976917768340e-01
3.979999999999999982e+00,4.435051450621559255e+00,6.411363563498501783e+00,1.375519449095308211e+00,1.375519449095308211e+00,-7.431261496818899470e-01,8.117746063109730903e-01,-2.029940762072106608e+00,-1.976312112876942528e+00,-1.840419115405973249e+00,4.718880846436354984e-03,-1.942405275125697051e-01
4.000000000000000000e+00,4.288893246096704637e+00,5.904534722845979466e+00,1.355964185202818362e+00,1.355964185202818362e+00,-9.777631946244964567e-01,1.100483206196033237e+00,-3.089496599107954822e+00,-1.615641476749274830e+00,-2.695537303100282500e+00,4.536348399139800147e-03,-3.984956444068117332e-01
4.020000000000000462e+00,4.755200013215423738e+00,6.264952080988318350e+00,1.335400920171464501e+00,1.335400920171464501e+00,-1.028163251567697500e+00,9.271812293124637172e-01,-1.481763764056506449e+00,-1.509752067772894613e+00,-1.459655081230805784e+00,4.437505614111571933e-03,-2.654618843981210174e-02
4.040000000000000036e+00,4.378310847638730685e+00,6.328170323742202896e+00,1.311714323066948573e+00,1.311714323066948573e+00,-1.184329855225796369e+00,3.872928248218396874e-01,-2.589829288148686182e+00,-1.949859476103472211e+00,-2.396034366353976264e+00,4.275254468043507630e-03,-1.980701762627532503e-01
4.060000000000000497e+00,4.546715909096124442e+00,6.791375834645973164e+00,1.285539471941909317e+00,1.285539471941909317e+00,-1.308742556251966560e+00,1.064339212680107671e+00,-2.428456865487497840e+00,-2.244659925549848722e+00,-2.262447106600519842e+00,4.122049388383944822e-03,-1.701318082753617844e-01
4.080000000000000071e+00,4.655297639346886562e+00,6.884857092389874644e+00,1.255864806786195720e+00,1.255864806786195720e+00,-1.483733257785678106e+00,1.544278271579688777e-01,-3.058649571589082683e+00,-2.229559453042988082e+00,-2.712819308029839949e+00,3.938346663588223120e-03,-3.497686102228307892e-01
4.099999999999999645e+00,4.990609997907808904e+00,6.473054431662643715e+00,1.223770988021871009e+00,1.223770988021871009e+00,-1.604690938216230878e+00,-3.523448407505869184e-02,-2.693310062091204937e+00,-1.482444433754834812e+00,-2.405693809992223375e+00,3.775441413462765367e-03,-2.913916935124444829e-01
4.120000000000000107e+00,4.681667557057300755e+00,6.289558104785358594e+00,1.190345878315932637e+00,1.190345878315932637e+00,-1.671255485296916810e+00,5.870470526534854461e-01,-2.270336409023089086e+00,-1.607890547728057840e+00,-2.275061330748785693e+00,3.621382142246705980e-03,1.103539583449886230e-03
4.139999999999999680e+00,4.588649419742385049e+00,7.270657158674247000e+00,1.156134229025556293e+00,1.156134229025556293e+00,-1.710582464518819235e+00,5.196598048821590154e-01,-2.064525277515940616e+00,-2.682007738931861951e+00,-2.160154030004576509e+00,3.475103995333010242e-03,9.215364849330290320e-02
4.160000000000000142e+00,4.628060496981441396e+00,7.143052567401696251e+00,1.117789885275100037e+00,1.117789885275100037e+00,-1.917217187522816335e+00,-2.612687505062027959e-02,-3.776929694558790462e+00,-2.514992070420254855e+00,-3.356097760349863179e+00,3.247840682427428904e-03,-4.240797748913543996e-01
4.179999999999999716e+00,5.100195826075109018e+00,7.063851112388418230e+00,1.077630646574784690e+00,1.077630646574784690e+00,-2.007961935015765587e+00,3.821916399516516183e-01,-2.824664662452310182e+00,-1.963655286313309212e+00,-2.594428061484765902e+00,3.072155002673342475e-03,-2.333087559702178015e-01
4.200000000000000178e+00,5.274136896031662580e+00,7.066391096461517307e+00,1.036699546504949776e+00,1.036699546504949776e+00,-2.046555003491744351e+00,-2.272054943885347678e-01,-2.393892619775552788e+00,-1.792254200429854727e+00,-2.272937054773079613e+00,2.918239580066661360e-03,-1.238738045825400064e-01
4.219999999999999751e+00,5.177430939300672108e+00,6.948125078354816964e+00,9.948931560703705435e-01,9.948931560703705435e-01,-2.090319521728960517e+00,-1.910665491346459355e-01,-2.484200185863903787e+00,-1.770694139054144856e+00,-2.398979399594273421e+00,2.755789006550828698e-03,-8.797657527618134299e-02
4.240000000000000213e+00,5.026077037619728571e+00,6.924931567729201376e+00,9.523852093901798987e-01,9.523852093901798987e-01,-2.125397334009535122e+00,-8.377632663260055068e-01,-2.441097644534704791e+00,-1.898854530109472805e+00,-2.441001011733562098e+00,2.590492875047610988e-03,-2.687125676190171841e-03
4.259999999999999787e+00,5.250823296412357344e+00,6.993052101160883716e+00,9.099000541686274035e-01,9.099000541686274035e-01,-2.124257761077627205e+00,-6.296575702291695720e-03,-2.114001604690454617e+00,-1.742228804748526372e+00,-2.126117504572392125e+00,2.446519563714362380e-03,9.669380318223440643e-03
4.280000000000000249e+00,5.843895351226666257e+00,6.830994630121500322e+00,8.686949407897112119e-01,8.686949407897112119e-01,-2.060255668945810470e+00,-1.271000262230760569e+00,-1.484236839759457638e+00,-9.870992788948340646e-01,-1.459429072416456252e+00,2.347692083220019599e-03,-2.715545942622139830e-02
4.299999999999999822e+00,5.352233539669400741e+00,7.117844923938289270e+00,8.279821182141556823e-01,8.279821182141556823e-01,-2.035641128777776032e+00,-1.244365665927277487e+00,-1.814110267265467424e+00,-1.765611384268888528e+00,-1.878026584874166405e+00,2.220518629441138852e-03,6.169579897925794865e-02
4.320000000000000284e+00,5.297271080990493708e+00,6.477956618494710384e+00,7.865211194595556066e-01,7.865211194595556066e-01,-2.073049937730001790e+00,-3.734598757660487767e-01,-2.409729218300033171e+00,-1.180685537504216676e+00,-2.312128780543700302e+00,2.063949278947628269e-03,-9.966438703528032739e-02
4.339999999999999858e+00,5.518214602628146892e+00,6.209327425772199760e+00,7.472702372934181270e-01,7.472702372934181270e-01,-1.962544108306876200e+00,-2.406882315289339269e-01,-9.679916434987464458e-01,-6.911128231440528680e-01,-1.218872360150535572e+00,1.981411465583103951e-03,2.488993051862059824e-01
4.360000000000000320e+00,5.876834672032407170e+00,6.348853708805638263e+00,7.117198310867851596e-01,7.117198310867851596e-01,-1.777520310331650588e+00,-7.427109994721208253e-01,-1.123061285546206323e-01,-4.720190367732310932e-01,-4.222657972495366119e-01,1.952817088761481809e-03,3.080068516061544859e-01
4.379999999999999893e+00,5.364485806203523666e+00,6.774860030648751419e+00,6.775201487654516352e-01,6.775201487654516352e-01,-1.709984116066674664e+00,-7.465599291421494144e-01,-1.102158367681892237e+00,-1.410374224445227753e+00,-1.250147236304685494e+00,1.868161449137700032e-03,1.461207071736557728e-01
4.400000000000000355e+00,5.217955487651593671e+00,6.457706102689408922e+00,6.425696323658429687e-01,6.425696323658429687e-01,-1.747525819980433326e+00,-9.690307190655234049e-01,-2.085401155204261947e+00,-1.239750615037815251e+00,-1.977268769606390419e+00,1.734267658439944551e-03,-1.098666532563112863e-01
4.419999999999999929e+00,5.313464667493360771e+00,6.577867656839728738e+00,6.083731380842758441e-01,6.083731380842758441e-01,-1.709824714078353347e+00,-1.007056719639561448e+00,-1.370514760959633538e+00,-1.264402989346367967e+00,-1.453186622698981134e+00,1.635862895013084342e-03,8.103599884433465572e-02
4.440000000000000391e+00,5.362689417029256056e+00,6.300675130990103234e+00,5.745065727073279671e-01,5.745065727073279671e-01,-1.693328268847391627e+00,-1.066007528866619314e+00,-1.544860261768736143e+00,-9.379857139608471783e-01,-1.543276364559300395e+00,1.531357566389383645e-03,-3.115254775825013200e-03
4.459999999999999964e+00,5.186462264738983308e+00,6.228140229550766627e+00,5.414711566573768842e-01,5.414711566573768842e-01,-1.651770802497551927e+00,-1.901886366331231315e-01,-1.277753605348994403e+00,-1.041677964811783319e+00,-1.415050340138922280e+00,1.435535259891787280e-03,1.358611995300360031e-01
4.480000000000000426e+00,5.441376374048335407e+00,6.526304893811900598e+00,5.100060882077570579e-01,5.100060882077570579e-01,-1.573253422480992203e+00,-2.105571111614644164e-01,-8.665970023319542470e-01,-1.084928519763565191e+00,-9.991900964880876534e-01,1.367873568318578098e-03,1.312252205878148281e-01
4.500000000000000000e+00,5.272373413692172051e+00,6.039521811731774825e+00,4.783918040177360109e-01,4.783918040177360109e-01,-1.580714209501053125e+00,-7.410959032776567312e-01,-1.647861292681601197e+00,-7.671483980396027746e-01,-1.592492979752055282e+00,1.260035461028281368e-03,-5.662834839057434566e-02
4.520000000000000462e+00,5.079507077206505627e+00,5.868742119594341666e+00,4.479084220314155651e-01,4.479084220314155651e-01,-1.524169099316021070e+00,9.355771725154293783e-01,-1.015263107650732355e+00,-7.892350423878360388e-01,-1.219218712847091934e+00,1.177474193859108205e-03,2.027781310025005834e-01
4.540000000000000036e+00,5.352484245895428927e+00,5.718623846008529021e+00,4.196183353533377569e-01,4.196183353533377569e-01,-1.414504333903889632e+00,-9.225106790548214253e-01,-4.275214451947060290e-01,-3.661396001131000943e-01,-6.556474995976191433e-01,1.133076016721001758e-03,2.269929783861921180e-01
4.560000000000000497e+00,4.997680748669305117e+00,5.702297097132701609e+00,3.927955119958789765e-01,3.927955119958789765e-01,-1.341141167872940132e+00,-9.222186021274684231e-01,-6.808726735943954056e-01,-7.046163484633964913e-01,-9.155977336208144246e-01,1.071074910349828491e-03,2.336539851160691905e-01
4.580000000000000071e+00,5.005638851267787182e+00,5.059311959995009822e+00,3.672308583753143840e-01,3.672308583753143840e-01,-1.278232681028228734e+00,-2.715243098749367423e+00,-7.120562994258254896e-01,-5.367310872722264037e-02,-8.847559722484413802e-01,1.011162301205445913e-03,1.716885105214104867e-01
4.600000000000000533e+00,4.659287167876035696e+00,5.587399501153672787e+00,3.440893377764813743e-01,3.440893377764813743e-01,-1.157076029941651374e+00,-6.521888302972629337e-01,-6.666617016245612870e-02,-9.281123332776370916e-01,-5.080314859910971537e-01,9.767601690832141380e-04,4.403885556595578121e-01
4.620000000000000107e+00,4.273170380368611632e+00,5.712678134594136203e+00,3.200161235305963303e-01,3.200161235305963303e-01,-1.203660712294251756e+00,-1.853908420344826391e-01,-1.622922853467655635e+00,-1.439507754225524572e+00,-1.669070983397027641e+00,8.637364646956988438e-04,4.528439346467633131e-02
4.639999999999999680e+00,4.951013086254753226e+00,5.614880169015437517e+00,2.963558185850027060e-01,2.963558185850027060e-01,-1.183015247279682214e+00,-1.124058245235273645e+00,-9.972060621485552279e-01,-6.638670827606842906e-01,-9.673146113910163768e-01,7.982332705385119208e-04,-3.068968402807735474e-02
4.660000000000000142e+00,4.878999788582915720e+00,5.334178707570059075e+00,2.732483190788625449e-01,2.732483190788625449e-01,-1.155374975307008389e+00,-3.317097420402163044e-01,-9.066125275529436367e-01,-4.551789189871433550e-01,-9.345680831493027307e-01,7.349475578213150815e-04,2.722060803853780520e-02
4.679999999999999716e+00,4.588248380307269336e+00,5.685092572786071941e+00,2.508759355940418101e-01,2.508759355940418101e-01,-1.118619174241036740e+00,-1.162861462209652808e-01,-7.878169646472913401e-01,-1.096844192478802604e+00,-9.473315156237429591e-01,6.707975496767151638e-04,1.588437534267749252e-01
4.700000000000000178e+00,4.805363754480576510e+00,4.658906745947169803e+00,2.283803405859921309e-01,2.283803405859921309e-01,-1.124779750402483902e+00,-6.961171152420485564e-01,-1.180224935855508583e+00,1.464570085334067073e-01,-1.117255599247979125e+00,5.951408713024426006e-04,-6.356447747883195443e-02
4.719999999999999751e+00,4.543319737701530414e+00,4.989168341132077522e+00,2.087749752936418624e-01,2.087749752936418624e-01,-9.802682646175133740e-01,-7.105271215416327779e-01,3.203351074472221005e-01,-4.458486034305471080e-01,-1.467955004719620205e-01,5.852003885933175931e-04,4.665454075305908166e-01
4.740000000000000213e+00,4.564723120805096457e+00,4.752235952695105681e+00,1.903773760888340383e-01,1.903773760888340383e-01,-9.198799602403912035e-01,-3.962587131578935162e-01,-3.763852208462912241e-01,-1.875128318900092239e-01,-5.390454298152659307e-01,5.486980996451971742e-04,1.621115108693295115e-01
4.759999999999999787e+00,4.671333012571025733e+00,4.839291940915336099e+00,1.740780675915857001e-01,1.740780675915857001e-01,-8.149654248624165209e-01,3.148945067293894007e-01,1.292653935393556219e-01,-1.679589283443103653e-01,-1.027467339575815347e-01,5.417404467945262630e-04,2.314703870501426397e-01
4.780000000000000249e+00,4.382341386511978243e+00,4.839219410243339681e+00,1.584863911988787510e-01,1.584863911988787510e-01,-7.795838196353472860e-01,-3.467099656080628867e-01,-4.611493725917235609e-01,-4.568780237313614379e-01,-5.803272040922644592e-01,5.024426991158374581e-04,1.186753888014250996e-01
4.799999999999999822e+00,4.290891053904253738e+00,5.228836325966646825e+00,1.432282567781334726e-01,1.432282567781334726e-01,-7.629067210372642016e-01,-1.432493864646317006e-01,-6.128128336545166643e-01,-9.379452720623930873e-01,-6.963770125506391073e-01,4.552864604706760793e-04,8.310889243565178219e-02
4.820000000000000284e+00,4.599816772718337887e+00,5.250008341277730750e+00,1.276273225171192793e-01,1.276273225171192793e-01,-7.800467130507089397e-01,-9.030597360669188056e-01,-9.343066411717118047e-01,-6.501915685593928629e-01,-7.988548326253523957e-01,4.011907788913215023e-04,-1.358529993252507173e-01
4.839999999999999858e+00,4.660733474547742006e+00,5.269074701110771031e+00,1.118791430206878545e-01,1.118791430206878545e-01,-7.874089748215709061e-01,8.934367613036914291e-02,-8.536693307593284930e-01,-6.083412265630290250e-01,-7.483790807470857009e-01,3.505131403525424644e-04,-1.056407631525952961e-01
4.860000000000000320e+00,4.492719141178302067e+00,5.218814421220891120e+00,9.556751868198816446e-02,9.556751868198816446e-02,-8.155812169349846430e-01,4.538408041844782526e-02,-1.069131395955708053e+00,-7.260952800425890530e-01,-9.859715611142355618e-01,2.837465621983501331e-04,-8.344358140367076626e-02
4.879999999999999893e+00,4.407141123961349827e+00,6.093732987111977195e+00,7.875907271224165396e-02,7.875907271224165396e-02,-8.404222984873254143e-01,3.803398361494642055e-02,-1.063992032458392689e+00,-1.686591863150627368e+00,-1.030825087519617433e+00,2.139426586340295914e-04,-3.338088759740934913e-02
4.900000000000000355e+00,4.282847191744414417e+00,5.457071355860780848e+00,5.811378569793275439e-02,5.811378569793275439e-02,-1.032264350715444756e+00,7.424417151598565745e-01,-2.758842820768519832e+00,-1.174224164116366431e+00,-2.299824960116804817e+00,5.820648023241919771e-05,-4.590760671319474295e-01
4.919999999999999929e+00,4.307854444471058031e+00,6.450895510871943017e+00,3.660534366851801724e-02,3.660534366851801724e-02,-1.075422101470736580e+00,-1.454514094202712937e-01,-1.463841858268362550e+00,-2.143041066400884986e+00,-1.459505477464948076e+00,-4.062617414709697114e-05,-4.295754629267456437e-03
4.940000000000000391e+00,4.670482239879161668e+00,5.836435781011076074e+00,1.172924573542009560e-02,1.172924573542009560e-02,-1.243804896654896019e+00,-4.428573296246451907e-01,-2.759250053312330753e+00,-1.165953541131914406e+00,-2.261124854160832420e+00,-1.937417154524761673e-04,-4.979314574360459433e-01
4.959999999999999964e+00,4.963910787834405092e+00,5.718131113450266589e+00,-1.296109559423554852e-02,-1.296109559423554852e-02,-1.234517066482782255e+00,2.033274794444014932e-02,-1.150926594933758373e+00,-7.542203256158614977e-01,-1.108106741334372147e+00,-2.687788648656698649e-04,-4.255107473452046651e-02
4.980000000000000426e+00,4.659078204148650926e+00,5.114450797619435996e+00,-3.781485695111962142e-02,-3.781485695111962142e-02,-1.242688067844203825e+00,-5.405919531639669096e-02,-1.316227080096998625e+00,-4.553725934707850698e-01,-1.344997194813051911e+00,-3.598574150656088299e-04,2.912997213111880035e-02
5.000000000000000000e+00,4.981866758913701787e+00,5.870003002949199633e+00,-5.987870059436156689e-02,-5.987870059436156689e-02,-1.103192182162097357e+00,5.039628638205126965e-01,1.522707889768600276e-01,-8.881362440354978460e-01,-1.683817291562824392e-01,-3.712596423943019552e-04,3.210237777755367561e-01
5.020000000000000462e+00,5.201047141731516277e+00,6.165977712511268471e+00,-8.173926204808784624e-02,-8.173926204808784624e-02,-1.093028072686313967e+00,2.293420803788711326e-01,-1.001551087404263463e+00,-9.649305707797521947e-01,-8.495739437464578936e-01,-4.287898464590227240e-04,-1.515483538113465145e-01
5.040000000000000036e+00,4.923016673704668555e+00,5.784940310090784799e+00,-1.050789182700615637e-01,-1.050789182700615637e-01,-1.166982811098685735e+00,-3.908199701906608370e-01,-1.832575456810031200e+00,-8.619236363861162431e-01,-1.578560519284381902e+00,-5.356844957963903010e-04,-2.534792530298528579e-01
5.060000000000000497e+00,5.097453739542332940e+00,6.595424284464589171e+00,-1.278073720771437105e-01,-1.278073720771437105e-01,-1.136422690354106591e+00,1.461058658661329446e-01,-8.613816036528936237e-01,-1.497970544922256231e+00,-8.731079445965338470e-01,-5.948083408635571620e-04,1.232114928450384062e-02
5.080000000000000071e+00,5.652800234520947598e+00,5.971825165675358704e+00,-1.514485897678707893e-01,-1.514485897678707893e-01,-1.182060884536354495e+00,7.611825077162388542e-01,-1.592804632176585411e+00,-3.190249311544111066e-01,-1.197132543428424789e+00,-6.758740091587103847e-04,-3.949962147390018163e-01
5.100000000000000533e+00,5.318073077968957563e+00,6.000902325453685293e+00,-1.743195701639973505e-01,-1.743195701639973505e-01,-1.143549019806328504e+00,1.039839259701311747e-01,-7.969422372360954743e-01,-6.828292474847277305e-01,-8.302651513871294187e-01,-7.320966887014608831e-04,3.405501083973544452e-02
5.120000000000000107e+00,5.764499467177648384e+00,5.944663236798602313e+00,-1.954867044711650070e-01,-1.954867044711650070e-01,-1.058356715358382827e+00,8.085308080706448131e-01,-2.916259753268719002e-01,-1.801637696209539286e-01,-3.002316300105668523e-01,-7.524273345132000829e-04,9.358082018208171288e-03
5.139999999999999680e+00,5.576937950673411137e+00,6.249366971081864008e+00,-2.154036002306661812e-01,-2.154036002306661812e-01,-9.958447879750581544e-01,6.329233778226741602e-01,-4.332374415251357691e-01,-6.724290204084528710e-01,-4.670111133789928148e-01,-7.840517091199665414e-04,3.455772356297703851e-02
5.160000000000000142e+00,5.511058341198974198e+00,6.672614721942363936e+00,-2.354609095329803226e-01,-2.354609095329803226e-01,-1.002865465115706289e+00,9.902740662084987822e-01,-1.066051559381540281e+00,-1.161556380743389738e+00,-9.376519599512700420e-01,-8.475462512898950538e-04,-1.275520531789804124e-01
5.179999999999999716e+00,5.690473410507575380e+00,6.438313135031169310e+00,-2.566091184912231982e-01,-2.566091184912231982e-01,-1.057410447912142670e+00,4.178175407623503368e-01,-1.548315293080070099e+00,-7.478397245235939295e-01,-1.247319465522181536e+00,-9.320104040732869180e-04,-3.000638171538152488e-01
5.200000000000000178e+00,5.767524678580064901e+00,6.242803193207402401e+00,-2.775350135929020023e-01,-2.775350135929020023e-01,-1.046294755083940986e+00,9.854552686021991192e-01,-9.462535196301264939e-01,-4.752785146273375005e-01,-8.519013396929026039e-01,-9.896982113280819969e-04,-9.336248172589575733e-02
5.219999999999999751e+00,5.445046513952764400e+00,6.767185918945325618e+00,-2.983327173326509874e-01,-2.983327173326509874e-01,-1.039885186987449472e+00,3.628718083683319939e-01,-9.821990741190254059e-01,-1.322139404992561218e+00,-1.013150982653390209e+00,-1.058305285743980830e-03,3.201021382010887928e-02
5.240000000000000213e+00,5.295954101721283891e+00,6.039969654702066926e+00,-3.212674200721050144e-01,-3.212674200721050144e-01,-1.146735136972701241e+00,4.262557631985663953e-01,-2.108384686839967603e+00,-7.440155529807830348e-01,-1.868464407874532940e+00,-1.184831222025248352e-03,-2.387354477434095457e-01
5.259999999999999787e+00,5.617626369357958893e+00,6.496366636183989129e+00,-3.425937690155312909e-01,-3.425937690155312909e-01,-1.066317447171313715e+00,1.129441878658114851e+00,-3.425582389588258669e-01,-8.787402668260302363e-01,-5.363759723870171747e-01,-1.221152744564841727e-03,1.950388861727561096e-01
5.280000000000000249e+00,5.491274554247784323e+00,6.725155676713926667e+00,-3.645245490869742366e-01,-3.645245490869742366e-01,-1.096539003572148285e+00,3.698910913575023107e-01,-1.368533011179659420e+00,-1.233881122466142344e+00,-1.276466944058980202e+00,-1.307590663611355288e-03,-9.075847645706797140e-02
5.299999999999999822e+00,5.582992687203839566e+00,6.563837862961412917e+00,-3.875210925293976483e-01,-3.875210925293976483e-01,-1.149827172121171026e+00,6.098776963621038716e-01,-1.629420689062376137e+00,-9.808451757575733509e-01,-1.450546996677810618e+00,-1.405816680709222766e-03,-1.774678757038564703e-01
5.320000000000000284e+00,5.305819499799786065e+00,6.724398878184548067e+00,-4.115041587660170364e-01,-4.115041587660170364e-01,-1.199153311830969404e+00,8.313879631511933432e-01,-1.643088569219154804e+00,-1.418579378384762002e+00,-1.597683321215266128e+00,-1.514006259941122695e-03,-4.389124174394767874e-02
5.339999999999999858e+00,5.652725891192268648e+00,6.908427269400694293e+00,-4.360355466158122861e-01,-4.360355466158122861e-01,-1.226569392489762711e+00,-5.355339675454562354e-02,-1.473314118418902030e+00,-1.255701378208425645e+00,-1.361024693480194836e+00,-1.606170136822458825e-03,-1.106832548018846785e-01
5.360000000000000320e+00,5.695972022038538363e+00,6.334362723687190666e+00,-4.615351017258779720e-01,-4.615351017258779720e-01,-1.274977755503285737e+00,9.434337900932874277e-01,-1.710653022624993636e+00,-6.383907016486523034e-01,-1.539818164149937996e+00,-1.710441288095604275e-03,-1.691244171869600854e-01
5.379999999999999893e+00,4.953069686226514001e+00,6.547947113148075537e+00,-4.876618500015969526e-01,-4.876618500015969526e-01,-1.306337413785949586e+00,1.310039455942014763e-01,-1.588574338329923785e+00,-1.594877426921561536e+00,-1.754242157575059302e+00,-1.829232489317222455e-03,1.674970517344527288e-01
5.400000000000000355e+00,5.358796324053653137e+00,6.390056686821160348e+00,-5.141784636324330249e-01,-5.141784636324330249e-01,-1.325830681541804612e+00,2.072424543979957123e-01,-1.501270091344499624e+00,-1.031260362767507210e+00,-1.510221502149916573e+00,-1.931499457179342710e-03,1.088291026259624594e-02
5.419999999999999929e+00,4.861244733658693917e+00,6.794891849135069606e+00,-5.417582292767992858e-01,-5.417582292767992858e-01,-1.378988282218310379e+00,-7.500163122736008825e-02,-1.857406688306862508e+00,-1.933647115476375689e+00,-1.941591180516332393e+00,-2.062977285151315014e-03,8.624746949462112899e-02
5.440000000000000391e+00,4.673765502301084673e+00,6.452090342982245375e+00,-5.722546394303613670e-01,-5.722546394303613670e-01,-1.524820507678102510e+00,-1.909590166370225273e-01,-2.837310536816231910e+00,-1.778324840681160701e+00,-2.693830460479160749e+00,-2.245394150979037814e-03,-1.412346821860919754e-01
5.459999999999999964e+00,4.802739841085841732e+00,6.289135536724580255e+00,-6.037518315749046405e-01,-6.037518315749046405e-01,-1.574859607227165448e+00,1.795615089791537944e-01,-2.025211503168732996e+00,-1.486395695638738523e+00,-2.094675137408432697e+00,-2.387238294142128483e-03,7.185087253384209172e-02
5.480000000000000426e+00,5.072785642588783617e+00,6.317751284721871308e+00,-6.349309227162885927e-01,-6.349309227162885927e-01,-1.558954557069198277e+00,4.703355582933510526e-01,-1.415809105647492849e+00,-1.244965642133087691e+00,-1.544764365552461660e+00,-2.491844385037807197e-03,1.314471042900066944e-01
5.500000000000000000e+00,4.894211094508765569e+00,6.240037088447627056e+00,-6.664576007033575777e-01,-6.664576007033575777e-01,-1.576333899353447032e+00,-6.377343076320279858e-02,-1.732747979911686720e+00,-1.345825993938861487e+00,-1.807896041570644208e+00,-2.614268841396134510e-03,7.776233050035374905e-02
5.520000000000000462e+00,4.754610155609265476e+00,8.576287584660162722e+00,-6.984238087300547182e-01,-6.984238087300547182e-01,-1.598310401334854136e+00,2.599228244147394618e-02,-1.796098919167518293e+00,-3.821677429050897246e+00,-1.886492204704719233e+00,-2.742015557620233399e-03,9.313530109482126562e-02
5.540000000000000036e+00,4.759025669865823538e+00,5.351820191272567584e+00,-7.390918978905192116e-01,-7.390918978905192116e-01,-2.033404458023226002e+00,-4.061776672447937608e-01,-5.949250968218571245e+00,-5.927945214067440460e-01,-4.847922631788811110e+00,-3.070300082292546674e-03,-1.098258036347467881e+00
5.560000000000000497e+00,4.420006161777589426e+00,5.566892369729546708e+00,-7.763922783691046270e-01,-7.763922783691046270e-01,-1.865019023929268993e+00,1.431656471270444930e-01,-3.495501170836565752e-01,-1.146886207951957282e+00,-1.183403817458622331e+00,-3.150436088829114585e-03,8.370041364637947900e-01
5.580000000000000071e+00,4.903594758690691613e+00,5.437870103667834520e+00,-8.106962177899307287e-01,-8.106962177899307287e-01,-1.715196971041306417e+00,-6.808851946205648487e-01,-3.667984950496436247e-01,-5.342753449771429075e-01,-8.423879660193459573e-01,-3.207479683378456313e-03,4.787969506530807551e-01
5.600000000000000533e+00,4.695451303343953775e+00,5.490140684214322775e+00,-8.426632277689855011e-01,-8.426632277689855011e-01,-1.598350498952740395e+00,8.163031823843280854e-01,-5.467322501556456382e-01,-7.946893808703689999e-01,-9.428718764113285244e-01,-3.271327700206310123e-03,3.994109539558892141e-01
5.620000000000000107e+00,4.427727718446116789e+00,5.491051566620521740e+00,-8.736316772363026395e-01,-8.736316772363026395e-01,-1.548422473365857588e+00,-7.703503586789559598e-01,-1.099070243083912768e+00,-1.063323848174404951e+00,-1.349264466525621708e+00,-3.362695215262375813e-03,2.535569186569712752e-01
5.639999999999999680e+00,4.296827954261949856e+00,5.325227192901528461e+00,-9.041894680819275720e-01,-9.041894680819275720e-01,-1.527889542281243740e+00,-4.212750379079126528e-01,-1.343093162519718664e+00,-1.028399238639578606e+00,-1.516663987695386240e+00,-3.465398445925213164e-03,1.770362236215928253e-01
5.660000000000000142e+00,4.889838622672710855e+00,5.723695222478183631e+00,-9.323913607058027520e-01,-9.323913607058027520e-01,-1.410094631193758330e+00,-2.048568217303819439e-01,-3.499404314063896404e-01,-8.338565998054727757e-01,-5.529434841905983555e-01,-3.502841862964891414e-03,2.065058946471736434e-01
5.679999999999999716e+00,4.567007166337493373e+00,5.249584195152793953e+00,-9.608260222689116725e-01,-9.608260222689116725e-01,-1.421733078155444696e+00,-4.452525723487842368e-01,-1.526479100810622436e+00,-6.825770288153005794e-01,-1.468993831298676556e+00,-3.602317035792990813e-03,-5.388295247615274008e-02
5.700000000000000178e+00,4.462439492376545580e+00,5.652663340633875322e+00,-9.880271267939723101e-01,-9.880271267939723101e-01,-1.360055226253033211e+00,-1.009756891552877622e-01,-8.049545591313301829e-01,-1.190223848257329742e+00,-9.996737725258354468e-01,-3.670011480231747964e-03,1.983892248747371190e-01
5.719999999999999751e+00,4.371961908707480582e+00,5.081924714198374993e+00,-1.015892384721301278e+00,-1.015892384721301278e+00,-1.393262896366445958e+00,-1.227495510540407508e+00,-1.692131927387161339e+00,-7.099628054908944108e-01,-1.626490818546521444e+00,-3.780151803377417800e-03,-6.186095703726249284e-02
5.740000000000000213e+00,4.534685488883766880e+00,5.161029837740742643e+00,-1.041886908584872318e+00,-1.041886908584872318e+00,-1.299726193178552425e+00,-1.872516146578340202e-01,-4.578958644875115169e-01,-6.263443488569757633e-01,-6.949938161495523570e-01,-3.827214376754474196e-03,2.409251660387953520e-01
5.759999999999999787e+00,4.556243092013855467e+00,5.317186642615769898e+00,-1.066567390318900133e+00,-1.066567390318900133e+00,-1.234024086701394740e+00,-5.880026375493572210e-01,-6.427051284069760229e-01,-7.609435506019144313e-01,-7.680791670731467180e-01,-3.879226036886986462e-03,1.292532647030576465e-01
5.780000000000000249e+00,5.070096242244435558e+00,5.282609719862686681e+00,-1.089389812055162388e+00,-1.089389812055162388e+00,-1.141121086813108976e+00,-6.022219312423984228e-01,-3.049940878185367632e-01,-2.125134776182511231e-01,-3.138048084715946429e-01,-3.900475811318921369e-03,1.271119646437678108e-02
5.799999999999999822e+00,4.723590662913231597e+00,5.647966127680297710e+00,-1.111305562835238181e+00,-1.111305562835238181e+00,-1.095787539003790556e+00,-5.428316891744011663e-01,-6.877856087199253343e-01,-9.243754647670661129e-01,-7.099542023258079704e-01,-3.948551450216574756e-03,2.611714505609918913e-02
5.820000000000000284e+00,4.981693284633837315e+00,5.030522296045024433e+00,-1.133057414239581728e+00,-1.133057414239581728e+00,-1.087592570217173815e+00,6.920920337595382055e-02,-1.013837851137624257e+00,-4.882901141118711763e-02,-8.461665106690047233e-01,-4.005850914718570022e-03,-1.636654895539008392e-01
5.839999999999999858e+00,4.663693437302846689e+00,5.424418651513240874e+00,-1.153188058230155910e+00,-1.153188058230155910e+00,-1.006532199528706428e+00,1.173175427835973506e-01,-2.769888633325006122e-01,-7.607252142103941850e-01,-4.658726506025657188e-01,-4.037398196570397314e-03,1.929211854666354753e-01
5.860000000000000320e+00,4.982836730939427028e+00,5.438388328643354086e+00,-1.172557637758806726e+00,-1.172557637758806726e+00,-9.684789764325367756e-01,1.550637445573584960e-01,-6.259999685670103453e-01,-4.555515977039270581e-01,-5.608090391287435805e-01,-4.075374241739745072e-03,-6.111555519652697721e-02
5.879999999999999893e+00,5.105084000921356058e+00,5.097817771921416607e+00,-1.190944535979530761e+00,-1.190944535979530761e+00,-9.193449110362057475e-01,-8.346194665791337730e-01,-4.771383224692265501e-01,7.266228999939450262e-03,-4.232964962069374892e-01,-4.104038413923837003e-03,-4.973778784836526551e-02
5.900000000000000355e+00,5.363992651882792728e+00,5.167174121817317278e+00,-1.206555247106321671e+00,-1.206555247106321671e+00,-7.805355563395481866e-01,-2.809378091855881943e-01,4.687486359303696948e-01,1.968185300654754499e-01,3.380420975509476622e-01,-4.081147374247158684e-03,1.347876857536691730e-01
5.919999999999999929e+00,5.352412312379059678e+00,5.974381593398300438e+00,-1.220022888714627607e+00,-1.220022888714627607e+00,-6.733820804152970130e-01,1.499416215363509330e-01,2.909992029029638827e-01,-6.219692810192407606e-01,2.352525020134128564e-01,-4.065216889858848902e-03,5.981191777940988996e-02
5.940000000000000391e+00,5.509277271375500717e+00,5.781063978992326824e+00,-1.234053583528567533e+00,-1.234053583528567533e+00,-7.015347406969923982e-01,-1.014700883747606808e-01,-9.549086832322511986e-01,-2.717867076168261065e-01,-5.906824889689556990e-01,-4.105215861552809729e-03,-3.601209784017427307e-01
5.959999999999999964e+00,5.145785082714883885e+00,5.872022225970645160e+00,-1.248614761983165344e+00,-1.248614761983165344e+00,-7.280589227298961408e-01,-1.434422678381978011e-01,-9.667765610260302678e-01,-7.262371432557612749e-01,-8.068041982723525019e-01,-4.159849846632669539e-03,-1.558125129070450920e-01
5.980000000000000426e+00,5.074843258282404790e+00,5.993908600194417069e+00,-1.264061845916767624e+00,-1.264061845916767624e+00,-7.723541966801118486e-01,-6.995154609637066478e-02,-1.171011662232053219e+00,-9.190653419120122791e-01,-1.012417288964065243e+00,-4.228407237853858136e-03,-1.543659660301340830e-01
6.000000000000000000e+00,5.533851966750981788e+00,5.606380027603405480e+00,-1.279478812431341650e+00,-1.279478812431341650e+00,-7.708483257287032098e-01,-2.373567733646212430e-01,-7.572954871660250165e-01,-7.252806085242369249e-02,-5.842719244731627848e-01,-4.267972108329993498e-03,-1.687555905845322668e-01
6.020000000000000462e+00,5.635434361582726481e+00,6.387410130412094489e+00,-1.293139099598885178e+00,-1.293139099598885178e+00,-6.830143583771770555e-01,-1.035138678765899600e+00,1.074913477865588607e-01,-7.519757688293680076e-01,3.689900415373767451e-02,-4.267972108329993498e-03,7.486031574115117881e-02
6.040000000000000036e+00,5.655477252406819311e+00,6.129181107740495627e+00,-1.307974230936839177e+00,-1.307974230936839177e+00,-7.417565668977053051e-01,4.565860351493511438e-02,-1.270436443582459329e+00,-4.737038553336763158e-01,-9.295547550666994896e-01,-4.330918335838446903e-03,-3.365507701799212992e-01
6.060000000000000497e+00,5.450175500631271319e+00,5.924999188521444360e+00,-1.323273276980362345e+00,-1.323273276980362345e+00,-7.649523021761600594e-01,-3.166641580580121795e-01,-9.737139196822534037e-01,-4.748236878901730407e-01,-8.623371210287148481e-01,-4.389312818049839922e-03,-1.069874858354886993e-01
6.080000000000000071e+00,5.410007606635075739e+00,5.581889345066965546e+00,-1.338305781530340299e+00,-1.338305781530340299e+00,-7.516252274988974857e-01,-1.107028306019004482e-01,-6.316815554035347668e-01,-1.718817384318898078e-01,-6.540393089956881845e-01,-4.433602094092067500e-03,2.679135568624543828e-02
6.100000000000000533e+00,5.638920923117337836e+00,6.636734332000115089e+00,-1.351319787509787762e+00,-1.351319787509787762e+00,-6.507002989723782438e-01,9.567178065061482384e-02,2.576240577662952669e-01,-9.978134088827772530e-01,7.243010412397281328e-02,-4.428697378379735199e-03,1.896226510207022209e-01
6.120000000000000107e+00,5.786127340776132222e+00,6.916748695580405837e+00,-1.365987092243715173e+00,-1.365987092243715173e+00,-7.333652366963704372e-01,3.438649756671702806e-01,-1.477349676212299956e+00,-1.130621354804273615e+00,-1.080270878854458161e+00,-4.501849579624997780e-03,-3.925769477782168337e-01
6.140000000000000568e+00,5.546802393888429883e+00,6.814329159860885277e+00,-1.383505071473486003e+00,-1.383505071473486003e+00,-8.758989614885450692e-01,-5.276109923055369855e-01,-2.158702484618116646e+00,-1.267526765972455394e+00,-1.739831803148809586e+00,-4.619664961570508002e-03,-4.142510165077366024e-01
6.160000000000000142e+00,5.322688549692396798e+00,6.267609441424752958e+00,-1.403547457387749997e+00,-1.403547457387749997e+00,-1.002119295713202574e+00,2.746828711202289330e-01,-2.138102303735119669e+00,-9.449208917323561607e-01,-1.894383574913980350e+00,-4.747946054044997928e-03,-2.389707827670943807e-01
6.179999999999999716e+00,5.535503448625942902e+00,6.914109941886473543e+00,-1.423244802002947118e+00,-1.423244802002947118e+00,-9.848672307598509423e-01,3.218574502688699712e-01,-8.295986461796867051e-01,-1.378606493260530641e+00,-9.297746108544887589e-01,-4.810907169425695379e-03,1.049868718442277804e-01
6.200000000000000178e+00,5.103903872205956205e+00,6.805340938068644263e+00,-1.446077201621273733e+00,-1.446077201621273733e+00,-1.141619980916331212e+00,8.930977616949692388e-02,-2.552394732324652527e+00,-1.701437065862688058e+00,-2.298961708494256850e+00,-4.966584891418220071e-03,-2.484664389389773520e-01
6.219999999999999751e+00,5.076202060805285576e+00,7.010335075344308109e+00,-1.471268123694398300e+00,-1.471268123694398300e+00,-1.259546103656231431e+00,2.180353342947202178e-01,-2.320881208315333843e+00,-1.934133014539022533e+00,-2.196006374124465754e+00,-5.115290834862868709e-03,-1.197595433560051659e-01
6.240000000000000213e+00,4.961607988995821117e+00,6.181508960670095476e+00,-1.499526140843689070e+00,-1.499526140843689070e+00,-1.412900857464543414e+00,-3.706825673126415421e-01,-2.793093641739351707e+00,-1.219900971674274359e+00,-2.601883399662578533e+00,-5.291481364288838467e-03,-1.859187607124841990e-01
6.259999999999999787e+00,4.976664476742639565e+00,6.655793081432442193e+00,-1.527464226917988332e+00,-1.527464226917988332e+00,-1.396904303714964657e+00,-5.125764835472695902e-02,-1.252935319968756733e+00,-1.679128604689802629e+00,-1.530152494587869061e+00,-5.395097989906600007e-03,2.826122726090188886e-01
6.280000000000000249e+00,5.145573477261471851e+00,7.095233722641456353e+00,-1.556532241935830285e+00,-1.556532241935830285e+00,-1.453400750892101412e+00,-7.771619712120245715e-01,-1.961868775486333094e+00,-1.949660245379984502e+00,-1.917978897297132335e+00,-5.524976875865303047e-03,-3.836490131333541997e-02
6.299999999999999822e+00,4.977691076697760231e+00,7.126078720731800153e+00,-1.588574821684154870e+00,-1.588574821684154870e+00,-1.602128987416224781e+00,-5.898726953900621517e-01,-2.940683116133334440e+00,-2.148387644034039923e+00,-2.689279160348494013e+00,-5.707085543416460897e-03,-2.456968702414238648e-01
6.320000000000000284e+00,5.147773730637458911e+00,6.563584339023181613e+00,-1.622824489808467607e+00,-1.622824489808467607e+00,-1.712483406215638881e+00,-4.515586789728109895e-01,-2.705673175410365783e+00,-1.415810608385722702e+00,-2.512447337419813298e+00,-5.877219772564574313e-03,-1.873486182179879278e-01
6.339999999999999858e+00,5.003295576864798200e+00,6.497246161777714413e+00,-1.657326391046767045e+00,-1.657326391046767045e+00,-1.725095061914970529e+00,-5.365514708086929208e-01,-1.838599963208956467e+00,-1.493950584912916213e+00,-1.981566727941146855e+00,-6.011404606110195593e-03,1.489781693383004924e-01
6.360000000000000320e+00,4.717865808661140470e+00,6.602481509301479257e+00,-1.692635414859175569e+00,-1.692635414859175569e+00,-1.765451190620420885e+00,-1.326309029059394851e-01,-2.128656348969474088e+00,-1.884615700640338787e+00,-2.259813048458048979e+00,-6.164431316478220964e-03,1.373211308050530099e-01
6.379999999999999893e+00,4.406850139446168768e+00,6.269108901363608766e+00,-1.729915711304010895e+00,-1.729915711304010895e+00,-1.864014822241761626e+00,-2.008662296939661140e-01,-2.751087506833827856e+00,-1.862258761917439998e+00,-2.788451839716244329e+00,-6.353255614285777987e-03,4.371758849670222269e-02
6.400000000000000355e+00,4.800630178300274054e+00,6.560613408878730013e+00,-1.766817629409110912e+00,-1.766817629409110912e+00,-1.845095905255000890e+00,-3.586544932921168494e-01,-1.674825652374153373e+00,-1.759983230578455959e+00,-1.864967978290435147e+00,-6.479544784469225098e-03,1.966218707007510447e-01
6.419999999999999929e+00,4.461788644418739125e+00,6.273290533223358167e+00,-1.805388758563361673e+00,-1.805388758563361673e+00,-1.928556457712541361e+00,1.578068755808326173e-02,-2.679701429830406045e+00,-1.811501888804619043e+00,-2.665507450864188499e+00,-6.660043714212784439e-03,-7.533935252004658745e-03
6.440000000000000391e+00,4.105697437920995618e+00,5.954990737362731323e+00,-1.845346528102896233e+00,-1.845346528102896233e+00,-1.997888476976730887e+00,7.977483744987370340e-01,-2.621876650354437288e+00,-1.849293299441735705e+00,-2.752843231034000304e+00,-6.846456720408787208e-03,1.378130373999719160e-01
6.459999999999999964e+00,4.341178466915196488e+00,6.234431164540809256e+00,-1.884911609495528273e+00,-1.884911609495528273e+00,-1.978254069631604217e+00,-5.699674233147634661e-01,-1.801544403525463744e+00,-1.893252697625612768e+00,-2.049541583468369232e+00,-6.985244575667274962e-03,2.549824245185725036e-01
6.480000000000000426e+00,4.351933797520430858e+00,6.207812982912918720e+00,-1.925237367610970640e+00,-1.925237367610970640e+00,-2.016287905772123246e+00,1.283179626964638942e-01,-2.358592431036793613e+00,-1.855879185392487862e+00,-2.390771656115880717e+00,-7.147139349231027179e-03,3.932636442831793921e-02
6.500000000000000000e+00,4.191822155326835109e+00,5.782589974384448439e+00,-1.966584239026957226e+00,-1.966584239026957226e+00,-2.067343570799332841e+00,-4.224796576473617282e-01,-2.526844556044217427e+00,-1.590767819057613330e+00,-2.560308351034326080e+00,-7.320514560403430446e-03,4.078430955051204343e-02
6.520000000000000462e+00,4.700873823275999897e+00,5.738912837608450168e+00,-2.006078189259594247e+00,-2.006078189259594247e+00,-1.974697511631858804e+00,-1.605376005362961767e-01,-1.140882979124591801e+00,-1.038039014332450272e+00,-1.373779511907729622e+00,-7.413542149398756782e-03,2.403100749325366159e-01
6.540000000000000036e+00,4.443432045209906534e+00,5.451311196127095471e+00,-2.044548379055520559e+00,-2.044548379055520559e+00,-1.923509489796320082e+00,-2.241675446291971907e-01,-1.462817293276472697e+00,-1.007879150917188937e+00,-1.645260606346150345e+00,-7.524953497545031240e-03,1.899682665672227655e-01
6.560000000000000497e+00,4.608224234954279908e+00,5.485822601514815489e+00,-2.080775778863076297e+00,-2.080775778863076297e+00,-1.811369990377779127e+00,-5.815985998653515621e-01,-8.021144956109109714e-01,-8.775983665605355810e-01,-1.070720440689475694e+00,-7.597458976205893541e-03,2.762034040547705627e-01
6.580000000000000071e+00,4.479402910626260947e+00,5.093319819805606663e+00,-2.115599801320962037e+00,-2.115599801320962037e+00,-1.741201122894284303e+00,-3.428863655154129053e-01,-1.109681315542832003e+00,-6.139169091793457156e-01,-1.278153007428464383e+00,-7.684011069622308926e-03,1.761557029552548448e-01
6.600000000000000533e+00,4.996715616266669713e+00,5.239550814515721910e+00,-2.146564630093390491e+00,-2.146564630093390491e+00,-1.548241438621427157e+00,-1.073124821322176681e-01,1.883957198342877948e-01,-2.428351982490521976e-01,-1.226873384944499323e-01,-7.692319031126657221e-03,3.187753773598643869e-01
6.620000000000000107e+00,4.936730990557249399e+00,5.256627135204685608e+00,-2.174916935606930224e+00,-2.174916935606930224e+00,-1.417615275676982423e+00,-1.741664665945271029e+00,-2.419798091769794768e-01,-3.198961446474362091e-01,-3.845811764272600852e-01,-7.718361535987086283e-03,1.503197287862677034e-01
6.640000000000000568e+00,5.050442505213872835e+00,5.529262692906448784e+00,-2.200779752111226450e+00,-2.200779752111226450e+00,-1.293140825214805778e+00,6.754500127741549509e-01,-1.728707710552150612e-01,-4.788201876925759493e-01,-2.618544800883322310e-01,-7.736093414166296187e-03,9.671980244728348164e-02
6.660000000000000142e+00,5.013940095332292124e+00,4.946693570602961998e+00,-2.225516904477291114e+00,-2.225516904477291114e+00,-1.236857618303236928e+00,9.098740455821903161e-01,-7.303087560991162741e-01,6.724652472933012604e-02,-6.544596989191789893e-01,-7.780411157557673603e-03,-6.806864602237960860e-02
6.679999999999999716e+00,5.289441054926684593e+00,5.087307949500847748e+00,-2.246440322124931832e+00,-2.246440322124931832e+00,-1.046170882382043921e+00,3.345518405306484588e-01,6.700097409086924749e-01,2.021331054258368454e-01,4.352893050911276762e-01,-7.750934873905833238e-03,2.424713706914706779e-01
6.700000000000000178e+00,5.044140541022623658e+00,4.911636773644572962e+00,-2.265197137097505475e+00,-2.265197137097505475e+00,-9.378407486286763906e-01,1.210256520562716376e-01,3.713045515163196364e-02,1.325037673780506964e-01,-5.482260876734459248e-02,-7.750934873905833238e-03,9.970399879288238676e-02
6.719999999999999751e+00,5.462387648012454910e+00,4.812310725841591363e+00,-2.280380216403061766e+00,-2.280380216403061766e+00,-7.591539652778145353e-01,1.030693625276867698e+00,8.490270848799424952e-01,6.500769221708635470e-01,6.994536104472101057e-01,-7.703570298710195330e-03,1.572770447314425224e-01
6.740000000000000213e+00,5.011182532255756605e+00,4.740667459918396887e+00,-2.293236109718181481e+00,-2.293236109718181481e+00,-6.427946657559804322e-01,1.351801506331310687e+00,4.044390299405259404e-01,2.705150723373597188e-01,2.525671941459898817e-01,-7.686467323358577540e-03,1.595583031178945954e-01
6.759999999999999787e+00,5.674118974646997771e+00,5.421052338441774587e+00,-2.302155920918139920e+00,-2.302155920918139920e+00,-4.459905599979315793e-01,1.876157207422675555e+00,1.325246391824508319e+00,2.530666362052231833e-01,1.185483423705323114e+00,-7.606190493091917644e-03,1.473691586122770625e-01
6.780000000000000249e+00,5.581795635422560409e+00,4.948671099901447157e+00,-2.310261994273862474e+00,-2.310261994273862474e+00,-4.053036677861385773e-01,8.957329942894735053e-01,-3.912163788000164177e-02,6.331245355211132519e-01,2.041439871655980065e-01,-7.592366569551569667e-03,-2.356732584760480864e-01
6.799999999999999822e+00,5.351526019079823726e+00,4.974975098932543638e+00,-2.316408775089673355e+00,-2.316408775089673355e+00,-3.073390407905361998e-01,1.056269172491813624e+00,5.743426021698854189e-01,3.765509201472800882e-01,5.116257473565382075e-01,-7.557721046502229034e-03,7.027457585984941968e-02
6.820000000000000284e+00,5.354049523299245550e+00,5.509652491628103554e+00,-2.320920893404134766e+00,-2.320920893404134766e+00,-2.256059157230712597e-01,7.454750707875806848e-01,5.099922098841133122e-01,-1.556029683288580046e-01,4.814245189457114216e-01,-7.525120646006692310e-03,3.609281158440854481e-02
6.839999999999999858e+00,5.307632046013828209e+00,5.181073519322622722e+00,-2.325992025554725728e+00,-2.325992025554725728e+00,-2.535566075295403454e-01,5.583589404070472551e-01,-5.051128337877620611e-01,1.265585266912054863e-01,-2.565659659301297024e-01,-7.542494404329519800e-03,-2.410043734533028614e-01
6.860000000000000320e+00,5.498989528703461360e+00,5.694309523633936720e+00,-2.329773709600103437e+00,-2.329773709600103437e+00,-1.890842022688903334e-01,2.189404730100870111e-01,3.911674450769597744e-01,-1.953199949304753602e-01,4.037533319136650811e-01,-7.515153627522767367e-03,-5.070733209182581858e-03
6.879999999999999893e+00,2.969179877342520868e+00,5.109703984631481788e+00,-2.340632835658864597e+00,-2.340632835658864597e+00,-5.429563029380677364e-01,7.260693311929615756e-01,-3.727805208960663919e+00,-2.140524107288960920e+00,-3.460914650790098079e+00,-7.749514777103829084e-03,-2.591410433934621116e-01
6.900000000000000355e+00,5.544318135117850765e+00,5.279355151735108720e+00,-2.349098083789339153e+00,-2.349098083789339153e+00,-4.232624065237283739e-01,1.197622217758420371e+00,6.539826612053256660e-01,2.649629833827420455e-01,5.519599711176885748e-01,-7.712137960162001107e-03,1.097348280477990490e-01
6.919999999999999929e+00,5.394678282001060587e+00,6.105720445142858388e+00,-2.356454634599400855e+00,-2.356454634599400855e+00,-3.678275405030902445e-01,6.233338328240625170e-01,1.310862536826528646e-01,-7.110421631417978006e-01,1.464603754377588607e-01,-7.702220170959128871e-03,-7.671901584146878506e-03
6.940000000000000391e+00,5.576253253553582034e+00,5.839446539952543702e+00,-2.365269672998243866e+00,-2.365269672998243866e+00,-4.407519199421591205e-01,4.018735333495525586e-01,-1.097071334893779060e+00,-2.631932863989616678e-01,-6.724233333183810002e-01,-7.747754349435806605e-03,-4.169002472259621950e-01
6.959999999999999964e+00,5.289865466747287748e+00,5.781544884419602681e+00,-2.374933185056334217e+00,-2.374933185056334217e+00,-4.831756029045235490e-01,7.262339494730483125e-01,-8.649887495658034053e-01,-4.916794176723149334e-01,-6.979679629706750932e-01,-7.795018321731458227e-03,-1.592257682733968505e-01
6.980000000000000426e+00,5.596052823511140417e+00,5.833767336174087603e+00,-2.384282363711272890e+00,-2.384282363711272890e+00,-4.674589327469401701e-01,7.544988627639828138e-01,-3.260089013286898152e-01,-2.377145126629471861e-01,-2.355749173537470820e-01,-7.810970638969585988e-03,-8.262301333597317499e-02
7.000000000000000000e+00,5.109290542629197240e+00,6.034188124013483367e+00,-2.394720227888226027e+00,-2.394720227888226027e+00,-5.218932088476602171e-01,4.308370870543337117e-01,-1.011801693754140086e+00,-9.248975813842861271e-01,-9.200855278020108052e-01,-7.873275643214446007e-03,-8.384289030891471650e-02
7.020000000000000462e+00,5.171062904930917803e+00,6.106674011979028371e+00,-2.406639537863898060e+00,-2.406639537863898060e+00,-5.959654987836114914e-01,1.293278154619484366e-01,-1.262616108207173182e+00,-9.356111070481105685e-01,-1.096169028234858178e+00,-7.947504412055547002e-03,-1.584995755602593981e-01
7.040000000000000036e+00,5.014958757918487997e+00,6.331860468836771005e+00,-2.420450051721362517e+00,-2.420450051721362517e+00,-6.905256928732317334e-01,3.273059370037831872e-01,-1.541567439679814244e+00,-1.316901710918283008e+00,-1.386478372656886338e+00,-8.041391923904753214e-03,-1.470476750990230008e-01
7.060000000000000497e+00,4.880908845292302622e+00,6.075866300971132894e+00,-2.437011416120579810e+00,-2.437011416120579810e+00,-8.280682199608562222e-01,-5.625658993497062443e-01,-2.065950963749476621e+00,-1.194957455678830271e+00,-1.842708561901474917e+00,-8.166173763529576898e-03,-2.150762280844719376e-01
7.080000000000000071e+00,5.417903906881543996e+00,6.272050112145403311e+00,-2.453650450606045919e+00,-2.453650450606045919e+00,-8.319517242732947793e-01,-1.725801639478787841e-01,-8.669032630852417931e-01,-8.541462052638593150e-01,-8.356122404937779136e-01,-8.222758529421281271e-03,-2.306826406204257052e-02
7.100000000000000533e+00,4.971323070325192717e+00,6.389458313515771870e+00,-2.472173792216914912e+00,-2.472173792216914912e+00,-9.261670805434554232e-01,1.919982754947907599e-02,-1.774105286974901885e+00,-1.418135243190579153e+00,-1.651923343111667553e+00,-8.334621055017818816e-03,-1.138473228082164806e-01
7.120000000000000107e+00,4.572811426745724717e+00,6.216493448255786092e+00,-2.493752389284964011e+00,-2.493752389284964011e+00,-1.078929853402453398e+00,-1.592305983678019010e-01,-2.453794809133435173e+00,-1.643682021510061375e+00,-2.307141546197959858e+00,-8.490852687280042027e-03,-1.381624102481950889e-01
7.140000000000000568e+00,4.403048474486243258e+00,6.898242046993459553e+00,-2.517817724866041385e+00,-2.517817724866041385e+00,-1.203266779053868696e+00,-4.380602675677105484e-01,-2.322299109916607041e+00,-2.495193572507216295e+00,-2.303075116687319568e+00,-8.646808955024223517e-03,-1.057718427426365682e-02
7.160000000000000142e+00,1.913146929551372999e+00,6.384199906177911110e+00,-2.552850649203910915e+00,-2.552850649203910915e+00,-1.751646216893473884e+00,-1.445908240790828803e+00,-6.687061157449920579e+00,-4.471052976626538111e+00,-6.331070799151450323e+00,-9.075527135124243291e-03,-3.469148311633458714e-01
7.179999999999999716e+00,4.950983522852692609e+00,7.399752896706957905e+00,-2.588012743080504219e+00,-2.588012743080504219e+00,-1.758104693829658061e+00,-4.853008270265825042e-01,-1.816230986255316759e+00,-2.448769373854265297e+00,-1.820184806823027523e+00,-9.198783744090211628e-03,1.315260431180093059e-02
7.200000000000000178e+00,4.702970510580584573e+00,6.366130791526395605e+00,-2.627520393376788110e+00,-2.627520393376788110e+00,-1.975382514814191914e+00,-1.631394101429559651e+00,-3.930882903674995710e+00,-1.663160280945811031e+00,-3.424913630380494123e+00,-9.430707029297080365e-03,-4.965385662652045951e-01
7.219999999999999751e+00,4.711884160909691310e+00,6.860769794287116419e+00,-2.666963877405700512e+00,-2.666963877405700512e+00,-1.972174201445619612e+00,-2.447114290799590197e+00,-1.943299381128467784e+00,-2.148885633377425108e+00,-2.100893220883214507e+00,-9.572972239530117000e-03,1.671668119942767983e-01
7.240000000000000213e+00,4.334618319952655341e+00,6.638851487283544905e+00,-2.709157645129021574e+00,-2.709157645129021574e+00,-2.109688386166050922e+00,-1.195214980694110807e+00,-3.347316048649933595e+00,-2.304233167330889565e+00,-3.208212372404765755e+00,-9.790221266322880408e-03,-1.293134549788451659e-01
7.259999999999999787e+00,4.272719696840784565e+00,6.449357945542252502e+00,-2.753122006448130321e+00,-2.753122006448130321e+00,-2.198218065955447553e+00,-1.664752877463739456e+00,-2.994985184060019456e+00,-2.176638248701467937e+00,-3.004987373862305855e+00,-9.993708600300956965e-03,1.999589840258700346e-02
7.280000000000000249e+00,4.449310695402358462e+00,6.398876277015939529e+00,-2.797573653250673420e+00,-2.797573653250673420e+00,-2.222582340127153167e+00,-4.330820539948671666e+00,-2.441860807672504130e+00,-1.949565581613581067e+00,-2.540060007677665599e+00,-1.016571266381298758e-02,1.083649126689745223e-01
7.299999999999999822e+00,4.959441556010236951e+00,6.612022546670185186e+00,-2.841054887952827457e+00,-2.841054887952827457e+00,-2.174061735107705395e+00,-7.598657599210399960e-01,-1.737376289932675677e+00,-1.652580990659948235e+00,-1.828082095677242336e+00,-1.028950404981947807e-02,1.009953097943860345e-01
7.320000000000000284e+00,4.593915805460456525e+00,6.819125244637962879e+00,-2.885405816680761681e+00,-2.885405816680761681e+00,-2.217546436396701015e+00,-1.835475672686264215e+00,-2.608908747997662925e+00,-2.225209439177506354e+00,-2.562995561336355532e+00,-1.046306122956351496e-02,-3.545012543174411168e-02
7.339999999999999858e+00,4.890780628264723262e+00,6.026861306350116188e+00,-2.930496810122003915e+00,-2.930496810122003915e+00,-2.254549672062106769e+00,-1.831586673966237644e+00,-2.587578793050759884e+00,-1.136080678085392925e+00,-2.448997662794014207e+00,-1.062889886657161428e-02,-1.279522313901741426e-01
7.360000000000000320e+00,4.535670397031412726e+00,5.554573381077980265e+00,-2.974277881652772404e+00,-2.974277881652772404e+00,-2.189053576538426249e+00,-1.550121902305862776e+00,-1.599588716825300905e+00,-1.018902984046567539e+00,-1.893812454834753467e+00,-1.075714128477302245e-02,3.049808792942257374e-01
7.379999999999999893e+00,4.362126824167824601e+00,6.369546565977254993e+00,-3.015834007663810379e+00,-3.015834007663810379e+00,-2.077806300551892082e+00,-1.227121295592730643e+00,-1.076580816673083252e+00,-2.007419741809430391e+00,-1.514407127275897658e+00,-1.085969168866729624e-02,4.486860022914817003e-01
7.400000000000000355e+00,2.293186791021619708e+00,6.527803077618893113e+00,-3.063794448308342133e+00,-3.063794448308342133e+00,-2.398022032226580169e+00,-1.555587863636606283e+00,-5.279963617298772505e+00,-4.234616286597272961e+00,-5.176976914193657464e+00,-1.121025862931348052e-02,-9.177644447580157738e-02
7.419999999999999929e+00,4.920855787503292333e+00,6.170315544994809720e+00,-3.111349298425368115e+00,-3.111349298425368115e+00,-2.377742505851289323e+00,-6.425194161008206395e-01,-2.195226768473673484e+00,-1.249459757491517387e+00,-2.040823058446813221e+00,-1.134845609626342240e-02,-1.430552539305968707e-01
7.440000000000000391e+00,4.908061596122318626e+00,6.458314146362186037e+00,-3.157221922353708354e+00,-3.157221922353708354e+00,-2.293631196417015961e+00,-1.127888918160398823e+00,-1.536629411508554366e+00,-1.550252550239867411e+00,-1.603062515068063743e+00,-1.145700993586645615e-02,7.789011349537572348e-02
7.459999999999999964e+00,4.774148920526033457e+00,5.825424904429779005e+00,-3.202986067707197293e+00,-3.202986067707197293e+00,-2.288207267674453593e+00,-1.156792311546372964e+00,-2.239391908991392732e+00,-1.051275983903745548e+00,-2.138889836811913803e+00,-1.160184814528836608e-02,-8.890022403419037267e-02
7.480000000000000426e+00,4.817510196627674546e+00,2.378595414356410753e+00,-3.246251381569458250e+00,-3.246251381569458250e+00,-2.163265693113050947e+00,-1.205508267885548435e+00,-1.038791522060426686e+00,2.438914782271263793e+00,-1.280051678908672663e+00,-1.168852881015934771e-02,2.529486856584053367e-01
7.500000000000000000e+00,5.073297610753336961e+00,5.379135494130514061e+00,-3.274581363703452652e+00,-3.274581363703452652e+00,-1.416499106699721011e+00,-4.535218585865986585e-01,5.304400171020247967e+00,-3.058378833771770999e-01,3.422271789424096156e+00,-1.145678442126921159e-02,1.893585166017421217e+00
7.520000000000000462e+00,5.421663030337463773e+00,5.196866618742874699e+00,-3.300330759937954994e+00,-3.300330759937954994e+00,-1.287469811725123980e+00,-5.576518488260657769e-01,-1.262061569537515915e-01,2.247964115945890740e-01,5.400997098282613734e-02,-1.145678442126921159e-02,-1.687593435153085242e-01
7.540000000000000036e+00,2.505367353186315871e+00,5.421359860379459050e+00,-3.330419724471272325e+00,-3.330419724471272325e+00,-1.504448226665872301e+00,2.474366377743068002e-01,-3.457253961132608300e+00,-2.915992507193143179e+00,-3.418204067256829681e+00,-1.168825335810707612e-02,-2.736164051767156491e-02
7.560000000000000497e+00,5.484110533404469301e+00,5.210541670847062434e+00,-3.357625673120769871e+00,-3.357625673120769871e+00,-1.360297432474870449e+00,1.920072653006892893e-01,-6.294028475585300431e-02,2.735688625574068666e-01,7.969335474176302003e-02,-1.168285680022692480e-02,-1.309507826973891065e-01
7.580000000000000071e+00,5.643458474253939094e+00,5.514231054696615786e+00,-3.381008065655576544e+00,-3.381008065655576544e+00,-1.169119626740327433e+00,-6.152661228475955202e-01,5.514806248705605984e-01,1.292274195573233087e-01,5.498043403267334206e-01,-1.164562595513393348e-02,1.332191049896111479e-02
7.600000000000000533e+00,5.356358317921074530e+00,5.373340953098805883e+00,-3.402760358045949118e+00,-3.402760358045949118e+00,-1.087614619518618486e+00,-1.301626863969534975e-02,-3.540695545232388497e-01,-1.698263517773135334e-02,-2.004983757049373927e-01,-1.165920301049662954e-02,-1.419119758078047910e-01
7.620000000000000107e+00,5.169748252426064283e+00,5.656239549294876490e+00,-3.422936250305898209e+00,-3.422936250305898209e+00,-1.008794612997445661e+00,-1.042605836596349755e-02,-2.994145543068903459e-01,-4.864912968688122064e-01,-2.585627298543818342e-01,-1.167671198275448477e-02,-2.917511246975403039e-02
7.640000000000000568e+00,5.411146232336283113e+00,4.644182376725831674e+00,-3.442063098104211960e+00,-3.442063098104211960e+00,-9.563423899156908714e-01,3.051708203500697048e-02,-4.842723821798974870e-01,7.669638556104514393e-01,-3.112685125374136108e-01,-1.169779000801292324e-02,-1.613060796344709669e-01
7.660000000000000142e+00,5.042236871285975752e+00,4.907968147755592980e+00,-3.457507349388764251e+00,-3.457507349388764251e+00,-7.722125642276060908e-01,4.217654965237638831e-01,8.849558669651569343e-01,1.342687235303827720e-01,5.055292080913830199e-01,-1.166355732148075149e-02,3.910902161952546363e-01
7.679999999999999716e+00,5.590907381616921690e+00,1.870231283643413178e+00,-3.469410923865220209e+00,-3.469410923865220209e+00,-5.951787238228078980e-01,1.793780697334687479e+00,9.981258398203759485e-01,3.720676097973508512e+00,8.673328270038874743e-01,-1.160482454736867786e-02,1.423978373638571382e-01
7.700000000000000178e+00,5.499880492962471834e+00,4.440596754714266403e+00,-3.467702474362825971e+00,-3.467702474362825971e+00,8.542247511971323704e-02,2.014035181055144008e+00,6.210833265602403230e+00,1.059283738248205431e+00,4.609654495835204813e+00,-1.129267471536723848e-02,1.612471444482565186e+00
7.719999999999999751e+00,5.367924928257163941e+00,4.860188964866376082e+00,-3.464134506085768006e+00,-3.464134506085768006e+00,1.783984138528966756e-01,1.977188253427356823e+00,1.015181862451547845e+00,5.077359633907878589e-01,1.177706780399479847e+00,-1.121292449244254939e-02,-1.513119934554894019e-01
7.740000000000000213e+00,5.696105001737606699e+00,5.138775135514806358e+00,-3.459452140606338766e+00,-3.459452140606338766e+00,2.341182739714668393e-01,2.044023824126959266e+00,7.355970150385982009e-01,5.573298662228003408e-01,1.061613366826462901e+00,-1.114103571327162284e-02,-3.148753160745931812e-01
7.759999999999999787e+00,5.681153421404582460e+00,4.793013967380495899e+00,-3.454600856879523896e+00,-3.454600856879523896e+00,2.425641863407398680e-01,2.618048436546281721e+00,3.185773976641970706e-01,8.881394540240865609e-01,6.888204230800156758e-01,-1.109439118068510262e-02,-3.591486342351334904e-01
7.780000000000000249e+00,5.222865068269203270e+00,4.568261880503578176e+00,-3.449323424541572702e+00,-3.449323424541572702e+00,2.638716168975601684e-01,2.074869797266602145e+00,4.556384919089427332e-01,6.546031877656250941e-01,5.459108981286583395e-01,-1.105742398600867427e-02,-7.921498223370687652e-02
7.799999999999999822e+00,5.590774099039711231e+00,5.129213998487754722e+00,-3.441885541274802840e+00,-3.441885541274802840e+00,3.718941633384826306e-01,3.266284622055332321e+00,1.344097081306784736e+00,4.615601005519565092e-01,1.298590517540888944e+00,-1.096948793521456723e-02,5.647605170111019701e-02
7.820000000000000284e+00,5.238844045315825149e+00,5.149339629052863465e+00,-3.435414547972400090e+00,-3.435414547972400090e+00,3.235496651201463236e-01,1.671749149583273697e+00,-1.115508188448806892e-01,8.950441626296168351e-02,1.392301594716494340e-01,-1.096005975118735307e-02,-2.398209185653427666e-01
7.839999999999999858e+00,5.107509859980104316e+00,5.444859045889950622e+00,-3.430074616147218869e+00,-3.430074616147218869e+00,2.669965912590561707e-01,2.372310760755484971e+00,-2.419810734907555938e-01,-3.373491859098463053e-01,-5.312380672240411827e-02,-1.096005975118735307e-02,-1.778972070171641051e-01
7.860000000000000320e+00,5.260748737481026893e+00,5.580594592729057446e+00,-3.426301662903383782e+00,-3.426301662903383782e+00,1.886476621917577701e-01,2.142276195564392971e+00,-5.164926994139279470e-01,-3.198458552480305528e-01,-2.338200916793331252e-01,-1.097589323771052013e-02,-2.716967144968842618e-01
7.879999999999999893e+00,5.149337577152549805e+00,5.227851334640805980e+00,-3.424538991771125751e+00,-3.424538991771125751e+00,8.813355661289111465e-02,1.496109848986985735e+00,-8.164933935969089784e-01,-7.851375748825617507e-02,-5.476964097821647171e-01,-1.101298134105009943e-02,-2.577840024736942071e-01
7.900000000000000355e+00,5.064991334888975238e+00,5.472231635556319418e+00,-3.423397871444472607e+00,-3.423397871444472607e+00,5.705601633265295486e-02,1.446510548174412714e+00,-2.226418461894905387e-01,-4.072403006673441794e-01,-2.068321996848250521e-01,-1.102698730102875772e-02,-4.782659203636741019e-03
7.919999999999999929e+00,4.894245678913604181e+00,8.783170122560846949e+00,-3.424111199371140835e+00,-3.424111199371140835e+00,-3.566639633341433385e-02,1.941489387102421249e+00,-8.701681103280198837e-01,-3.888924443647242768e+00,-7.340421649362484091e-01,-1.107669409330003067e-02,-1.250492512984714144e-01
7.940000000000000391e+00,4.549582124332712141e+00,5.366680807304734735e+00,-3.439002153270838580e+00,-3.439002153270838580e+00,-7.445476949848792714e-01,9.867650510592030910e-01,-7.124479382848063480e+00,-8.170986829720225941e-01,-5.376656757749731064e+00,-1.144078266114765055e-02,-1.736381842437184186e+00
7.959999999999999964e+00,5.020852131773713367e+00,5.588913157999241932e+00,-3.452333468885686596e+00,-3.452333468885686596e+00,-6.665657807424039127e-01,1.375631190174028795e+00,3.527144743987453701e-02,-5.680610262255285647e-01,-4.392024179243971260e-01,-1.147052392724331842e-02,4.859443892915149554e-01
7.980000000000000426e+00,4.396423952378715860e+00,6.251379885027321670e+00,-3.466924742953607641e+00,-3.466924742953607641e+00,-7.295637033960433726e-01,1.741128652886181793e+00,-1.296545007278798955e+00,-1.854955932648605810e+00,-1.514461291138068155e+00,-1.157307799892668375e-02,2.294893618581959061e-01
8.000000000000000000e+00,4.817520238866900506e+00,5.841312703956345942e+00,-3.484060817649359265e+00,-3.484060817649359265e+00,-8.568037347875868681e-01,8.563015281831342085e-01,-2.001964017311478106e+00,-1.023792465089445436e+00,-1.821001750623734816e+00,-1.169638992849647910e-02,-1.692658767592465918e-01
8.019999999999999574e+00,7.379207009706562737e+00,6.249354134328932275e+00,-3.495428706916082984e+00,-3.495428706916082984e+00,-5.683944633361834864e-01,1.116555557889650885e+00,2.027288979726446616e+00,1.129852875377630461e+00,1.953125768302775400e+00,-1.156413101820196083e-02,8.572734244187329988e-02
8.040000000000000924e+00,4.548729617330000252e+00,6.594110873298557607e+00,-3.510289205283997571e+00,-3.510289205283997571e+00,-7.430249183957196024e-01,8.554700814751389215e-01,-2.314699013931543981e+00,-2.045381255968557355e+00,-2.159793136588643581e+00,-1.171038472666386873e-02,-1.431954926162366526e-01
8.060000000000000497e+00,4.496718240853375903e+00,6.933997631905169712e+00,-3.529558664024194048e+00,-3.529558664024194048e+00,-9.634729370098150669e-01,3.741301494218277623e-01,-2.947505104536674025e+00,-2.437279391051793809e+00,-2.663688643205381013e+00,-1.189076049305415501e-02,-2.719257008382390817e-01
8.080000000000000071e+00,4.567404208436530055e+00,6.547147670361570526e+00,-3.553655735953781925e+00,-3.553655735953781925e+00,-1.204853596479384059e+00,-6.441653849337395377e-01,-3.377279531705504656e+00,-1.979743461925040471e+00,-3.005573647805172222e+00,-1.209428752747245851e-02,-3.596115963728601650e-01
8.099999999999999645e+00,4.636811557652920079e+00,6.690173730898822058e+00,-3.580338025242781885e+00,-3.580338025242781885e+00,-1.334114464449989823e+00,-6.490583894803161891e-02,-2.497462276185441254e+00,-2.053362173245901978e+00,-2.426126863139986156e+00,-1.225857643316540305e-02,-5.907683661228974037e-02
8.120000000000000995e+00,4.366445016464099993e+00,6.944884982626060577e+00,-3.610504434899303394e+00,-3.610504434899303394e+00,-1.508320482826076558e+00,-1.016873296355056855e+00,-3.076174648210857843e+00,-2.578439966161960584e+00,-2.951135467332096862e+00,-1.245841710260678879e-02,-1.125807637761540858e-01
8.140000000000000568e+00,4.760143618874562499e+00,6.897184136098477580e+00,-3.643640044739828276e+00,-3.643640044739828276e+00,-1.656780492026245444e+00,-5.196470364275862508e-01,-2.992920574827764746e+00,-2.137040517223915082e+00,-2.774621531964402532e+00,-1.264630485988941719e-02,-2.056527380034726682e-01
8.160000000000000142e+00,4.408074149748393289e+00,6.979984664476054590e+00,-3.680050557488330654e+00,-3.680050557488330654e+00,-1.820525637425122634e+00,-3.995753001370309088e-01,-3.294231946015017343e+00,-2.571910514727661301e+00,-3.161169682664607183e+00,-1.286036831871552495e-02,-1.202018950316945389e-01
8.179999999999999716e+00,4.395493603583767062e+00,7.081702414749740271e+00,-3.719661543505057733e+00,-3.719661543505057733e+00,-1.980549300836348170e+00,-8.605092045012967539e-01,-3.420762271537376886e+00,-2.686208811165973209e+00,-3.282303647333205010e+00,-1.308263454995226178e-02,-1.253759896542195329e-01
8.199999999999999289e+00,2.160057110981329132e+00,6.767822744625652476e+00,-3.768116259048564398e+00,-3.768116259048564398e+00,-2.422735777175334171e+00,-1.281847272915581648e+00,-6.402414064226208623e+00,-4.607765633644323344e+00,-6.250489535785882289e+00,-1.350589604607634574e-02,-1.384186323942491470e-01
8.220000000000000639e+00,4.517960311422267949e+00,7.118899660444397703e+00,-3.817348714320396130e+00,-3.817348714320396130e+00,-2.461622763591581720e+00,-1.337191857386238025e+00,-2.811605641337808770e+00,-2.600939349022129754e+00,-2.857325290168298171e+00,-1.369938421533183764e-02,5.941903304582130119e-02
8.240000000000000213e+00,5.110663044264169841e+00,6.660654212670017671e+00,-3.867053075217162572e+00,-3.867053075217162572e+00,-2.485218044838310991e+00,-1.498170567618815952e+00,-2.697575576058873104e+00,-1.549991168405847830e+00,-2.550460502548889341e+00,-1.387209256432333712e-02,-1.332429809456601721e-01
8.259999999999999787e+00,4.737407428123231234e+00,6.821447262731446415e+00,-3.916430249547917075e+00,-3.916430249547917075e+00,-2.468858716537733144e+00,-1.755040500282502913e+00,-2.321624761832534301e+00,-2.084039834608215180e+00,-2.442523416374418943e+00,-1.403749178779436016e-02,1.349361463296790964e-01
8.279999999999999361e+00,5.147640298648722634e+00,6.851655569316170258e+00,-3.965120778285739611e+00,-3.965120778285739611e+00,-2.434526436891117918e+00,-1.999069836401563993e+00,-2.125535920071580875e+00,-1.704015270667447624e+00,-2.125734844385059219e+00,-1.418143918670547454e-02,1.438036350018385978e-02
8.300000000000000711e+00,4.686230007715455059e+00,7.518515814895019744e+00,-4.014481125372273418e+00,-4.014481125372273418e+00,-2.468017354326703661e+00,-1.031123179136206769e+00,-2.769435611246974904e+00,-2.832285807179564685e+00,-2.750090463232908178e+00,-1.436766578500313536e-02,-4.977482229063769775e-03
8.320000000000000284e+00,5.098801424331813159e+00,6.514146147569723766e+00,-4.065751825104347184e+00,-4.065751825104347184e+00,-2.563534986603680732e+00,-1.951441826986529460e+00,-3.423193677096475263e+00,-1.415344723237910607e+00,-3.073037276015272212e+00,-1.457576122259157149e-02,-3.355806398586116401e-01
8.339999999999999858e+00,4.824467958820894964e+00,6.520236181650425067e+00,-4.115686140316874742e+00,-4.115686140316874742e+00,-2.496715760626399216e+00,-1.841813384212158677e+00,-1.895342726830867353e+00,-1.695768222829530103e+00,-2.145891299711012667e+00,-1.472107354682397097e-02,2.652696464269691523e-01
8.359999999999999432e+00,5.111024868713485603e+00,6.236246857380711717e+00,-4.163870793443395613e+00,-4.163870793443395613e+00,-2.409232656326055544e+00,-2.337616735681291580e+00,-1.621884717622960492e+00,-1.125221988667226114e+00,-1.789698367429913173e+00,-1.484226571973654846e-02,1.826559155266891388e-01
8.380000000000000782e+00,4.857266394356239303e+00,6.661938948185950338e+00,-4.210230941700715768e+00,-4.210230941700715768e+00,-2.318007412866013528e+00,-1.563751621656425561e+00,-1.496980221725636939e+00,-1.804672553829711035e+00,-1.751305188041079930e+00,-1.496085803955665358e-02,2.692858243549996478e-01
8.400000000000000355e+00,5.376747981709300461e+00,6.015063378999915500e+00,-4.255296592124425459e+00,-4.255296592124425459e+00,-2.253282521185465015e+00,-1.978202191094839968e+00,-1.670758496060528175e+00,-6.383153972906150386e-01,-1.632192527425345263e+00,-1.507138446267364609e-02,-2.349458417250910314e-02
8.419999999999999929e+00,5.240715460741520282e+00,6.428703427910027912e+00,-4.297241401525839777e+00,-4.297241401525839777e+00,-2.097240470070710128e+00,-1.601907634658308099e+00,-6.928620100379168090e-01,-1.187987967168507630e+00,-9.834218561881619136e-01,-1.513797838364386826e-02,3.056978245338889399e-01
8.439999999999999503e+00,5.465784692004760359e+00,6.114979311690797559e+00,-4.337451993689469099e+00,-4.337451993689469099e+00,-2.010529608181452765e+00,-1.149249104275194888e+00,-1.230131851178135172e+00,-6.491946196860371998e-01,-1.222906794599689873e+00,-1.522078939493172120e-02,7.995732816486300631e-03
8.460000000000000853e+00,5.481946403946020396e+00,5.489649128570853520e+00,-4.374956317437159292e+00,-4.374956317437159292e+00,-1.875216187384522337e+00,-8.260970193925877281e-01,-6.573954002121475959e-01,-7.702724624833123812e-03,-8.039517928358670407e-01,-1.527523022499777117e-02,1.618316228487171604e-01
8.480000000000000426e+00,5.557383796577278545e+00,5.632698210547512296e+00,-4.407719308429055793e+00,-4.407719308429055793e+00,-1.638149549594825727e+00,-1.037745954124773329e+00,4.954501905124447103e-01,-7.531441397023375117e-02,8.602302836815978182e-02,-1.526940504354921783e-02,4.246965671878341619e-01
8.500000000000000000e+00,5.801966037337182414e+00,5.643833096112631509e+00,-4.436354471429323709e+00,-4.436354471429323709e+00,-1.431758150013388686e+00,-8.784102717670594362e-01,4.257644462195436241e-01,1.581329412245509047e-01,2.149701400228810622e-01,-1.525484801044530575e-02,2.260491542071078608e-01
8.519999999999999574e+00,5.473159615233550213e+00,5.611780384955471490e+00,-4.462284789352990444e+00,-4.462284789352990444e+00,-1.296515896183318528e+00,-4.207942519577405061e-01,-7.933561171268802004e-02,-1.386207697219212776e-01,-2.167553207164332474e-01,-1.526952592980090721e-02,1.526892349335461363e-01
8.540000000000000924e+00,5.794566612950700524e+00,5.201409455973826645e+00,-4.484942616648591063e+00,-4.484942616648591063e+00,-1.132891364780037158e+00,-5.500071979158148716e-01,3.397294178494955630e-01,5.931571569768738783e-01,2.321385095539408860e-01,-1.525380631419331716e-02,1.228447146097479820e-01
8.560000000000000497e+00,5.858978309134144524e+00,5.445423901131816180e+00,-4.503114118792670872e+00,-4.503114118792670872e+00,-9.085751072039869314e-01,-2.029294111237724407e-01,1.110271210980464884e+00,4.135544080023283442e-01,8.351124435136036972e-01,-1.519725539282153030e-02,2.903560228596827053e-01
8.580000000000000071e+00,5.257723212700863513e+00,5.360165100101177416e+00,-4.519812197221635408e+00,-4.519812197221635408e+00,-8.349039214482120164e-01,-2.718639826058462106e-01,-1.718632496462374204e-01,-1.024418874003139024e-01,-2.383798743073098914e-01,-1.521339765202659247e-02,8.173002231309908772e-02
8.599999999999999645e+00,5.508422520903874187e+00,5.108528252503238498e+00,-4.534294955456827481e+00,-4.534294955456827481e+00,-7.241379117595894144e-01,8.006204307617059701e-01,2.727561754380147807e-01,3.998942684006356885e-01,1.882869244194249059e-01,-1.520064751383756046e-02,9.966989853242746999e-02
8.620000000000000995e+00,5.622608537527207240e+00,4.860025479297199524e+00,-4.545663818659605226e+00,-4.545663818659605226e+00,-5.684431601388717503e-01,2.525028985048502483e-01,8.328096044475876703e-01,7.625830582300077154e-01,6.528819619804403507e-01,-1.515643660932549860e-02,1.950840790764727939e-01
8.640000000000000568e+00,4.970510266014866119e+00,5.100367885162750525e+00,-4.555124831580856792e+00,-4.555124831580856792e+00,-4.730506460625938381e-01,2.810748914293700884e-01,3.854819806239071500e-01,-1.298576191478844066e-01,1.403156791314365825e-01,-1.514693491766777936e-02,2.603132364101383711e-01
8.660000000000000142e+00,5.459111084031942340e+00,5.390039635207301671e+00,-4.562633710156128508e+00,-4.562633710156128508e+00,-3.754439287635983336e-01,7.683780170987857261e-01,5.030165269273609852e-01,6.907144882464066882e-02,4.556038625638735851e-01,-1.511608300256502870e-02,6.252874736605246175e-02
8.679999999999999716e+00,5.217398014013496343e+00,4.845927174446548413e+00,-4.570061445268801315e+00,-4.570061445268801315e+00,-3.713867556336455378e-01,2.916715033534468260e-01,-3.348721974640702648e-01,3.714708395669479302e-01,-2.192548589161327777e-01,-1.513093018198769651e-02,-1.004864083659497698e-01
8.700000000000001066e+00,5.324567118919612874e+00,5.187132790834443341e+00,-4.575159585906333426e+00,-4.575159585906333426e+00,-2.549070318766090693e-01,1.517024567948802360e+00,7.934104819367190364e-01,1.374343280851695326e-01,6.078727294807918513e-01,-1.508976714676301366e-02,2.006275196026902352e-01
8.720000000000000639e+00,4.913977706403068524e+00,5.303416635173648253e+00,-4.580530915178014695e+00,-4.580530915178014695e+00,-2.685664635840639969e-01,3.081181837914310773e-01,-3.915013489511586231e-01,-3.894389287705797287e-01,-3.469069572278460356e-01,-1.511325848402411166e-02,-2.948113323928849838e-02
8.740000000000000213e+00,5.088487229245374444e+00,5.248524133577129547e+00,-4.586098387993908787e+00,-4.586098387993908787e+00,-2.783736407946843516e-01,2.176954052519136651e-01,-3.666382356902677109e-01,-1.600369043317551032e-01,-2.729603455289077441e-01,-1.513174241293394236e-02,-7.854614774842599845e-02
8.759999999999999787e+00,5.202384906545059806e+00,5.111411562892811844e+00,-4.591311862324958248e+00,-4.591311862324958248e+00,-2.606737165524653510e-01,1.181084017153533505e+00,-1.013743983724944009e-01,9.097334365224796215e-02,-5.859681833072857143e-02,-1.513174241293394236e-02,-2.764583762883188883e-02
8.779999999999999361e+00,4.913795329383572330e+00,4.852470810143514335e+00,-4.596438371983112781e+00,-4.596438371983112781e+00,-2.563254829077329933e-01,1.221772154758822726e+00,-2.171913801051420234e-01,6.132451924005799526e-02,-2.509726165567341960e-01,-1.514873740901573687e-02,4.892997386060789905e-02
8.800000000000000711e+00,4.674021839306884196e+00,5.416111104704101287e+00,-4.601209412276275224e+00,-4.601209412276275224e+00,-2.385520146581049106e-01,1.527862810417638162e+00,-7.859080041145227735e-02,-7.420892653972170905e-01,-2.266301929625202660e-01,-1.516408402050768711e-02,1.632034765715756897e-01
8.820000000000000284e+00,4.860597594804721311e+00,5.278814075896798741e+00,-4.607277677437812358e+00,-4.607277677437812358e+00,-3.034132580768584830e-01,1.855706030008041019e+00,-8.871644488456409405e-01,-4.182164810920774300e-01,-7.055021575722125737e-01,-1.521185818235903410e-02,-1.664504330910693275e-01
8.839999999999999858e+00,4.552734352545265040e+00,5.496573121244806792e+00,-4.614710189948221242e+00,-4.614710189948221242e+00,-3.716256255204453129e-01,8.916546006938816937e-01,-9.855369325127270042e-01,-9.438387686995417525e-01,-9.221212486564478450e-01,-1.527430103856726624e-02,-4.814138281771186689e-02
8.859999999999999432e+00,4.668567679349175492e+00,5.546117217954078527e+00,-4.623817561994128411e+00,-4.623817561994128411e+00,-4.553686022953736257e-01,1.986863121929060005e+00,-1.209055393269728329e+00,-8.775495386049030344e-01,-1.051566911207451716e+00,-1.534550950657029116e-02,-1.421429725557063206e-01
8.880000000000000782e+00,4.504610976494640262e+00,6.302703151729562414e+00,-4.634938838928738924e+00,-4.634938838928738924e+00,-5.560638467305396571e-01,1.514702940613401161e+00,-1.462321046647034217e+00,-1.798092175234922152e+00,-1.322712926653486720e+00,-1.543507904333580281e-02,-1.241730409502117549e-01
8.900000000000000355e+00,4.435734265186509262e+00,5.456436722484945712e+00,-4.650648682265813960e+00,-4.650648682265813960e+00,-7.854921668537452328e-01,8.494807147284421101e-01,-2.850347047962595415e+00,-1.020702457298436450e+00,-2.371050485909677707e+00,-1.559563836757850604e-02,-4.637009236853391614e-01
8.919999999999999929e+00,4.512770860804814710e+00,5.911624665659887867e+00,-4.667022106074743881e+00,-4.667022106074743881e+00,-8.186711904465074907e-01,5.960601738422113272e-01,-1.117282402781367923e+00,-1.398853804855073157e+00,-1.198455644333766390e+00,-1.567679363168299894e-02,9.685003518408158429e-02
8.939999999999999503e+00,4.751956198001992426e+00,6.118086745134764470e+00,-4.685053075603016204e+00,-4.685053075603016204e+00,-9.015484764136260099e-01,-1.763727377988869582e-01,-1.647444050117692793e+00,-1.366130547132772044e+00,-1.472778953925527157e+00,-1.577652511990157783e-02,-1.588885710722640621e-01
8.960000000000000853e+00,4.600964704591644860e+00,6.029983570419218175e+00,-4.705594332387329715e+00,-4.705594332387329715e+00,-1.027062839215685752e+00,8.970773265840648047e-01,-2.156692104434223545e+00,-1.429018865827573315e+00,-1.926744991489761860e+00,-1.590699761538828458e-02,-2.140401153290733827e-01
8.980000000000000426e+00,4.727389038985112535e+00,5.959423802522685776e+00,-4.727633997043988678e+00,-4.727633997043988678e+00,-1.101983232832958626e+00,7.958127425877496997e-01,-1.776266775388415153e+00,-1.232034763537573241e+00,-1.654295054921314234e+00,-1.601902074509161875e-02,-1.059526997220093247e-01
9.000000000000000000e+00,4.570490095734617064e+00,6.010156758706992619e+00,-4.751107920039097543e+00,-4.751107920039097543e+00,-1.173696149755428353e+00,7.829324918636256792e-01,-1.819112402057656119e+00,-1.439666662972375555e+00,-1.763945807620847184e+00,-1.613846904387539194e-02,-3.902812539293339100e-02
9.019999999999999574e+00,4.462234391433633540e+00,6.788372034655908216e+00,-4.776303886128213883e+00,-4.776303886128213883e+00,-1.259798304455832074e+00,9.916124774387531371e-01,-2.034717696759464900e+00,-2.326137643222274676e+00,-1.965861406437166004e+00,-1.627159036746090096e-02,-5.258469995483817938e-02
9.040000000000000924e+00,4.417940407420427817e+00,5.972280052277917584e+00,-4.805882823831353790e+00,-4.805882823831353790e+00,-1.478946885156989799e+00,-8.266762770919622305e-01,-3.451284111467410209e+00,-1.554339644857489766e+00,-3.010448166589060115e+00,-1.647544748740315326e-02,-4.243604973909466671e-01
9.060000000000000497e+00,4.575844667518097708e+00,6.399173161643803454e+00,-4.835865281805229010e+00,-4.835865281805229010e+00,-1.499122898693779460e+00,7.774129945304422140e-01,-1.680707020524887074e+00,-1.823328494125705745e+00,-1.773472938644971242e+00,-1.659554093049249793e-02,1.093614590505766482e-01
9.080000000000000071e+00,4.554832513808301897e+00,6.007092950705558820e+00,-4.867839707029928853e+00,-4.867839707029928853e+00,-1.598721261235011681e+00,-2.843476698004877568e-01,-2.495106524106100565e+00,-1.452260436897256923e+00,-2.342312622751086870e+00,-1.675415422620635253e-02,-1.360397471288074533e-01
9.099999999999999645e+00,4.631877198679665852e+00,6.613653902700308507e+00,-4.899943426343752684e+00,-4.899943426343752684e+00,-1.605185965691178884e+00,4.727383767521546876e-01,-1.663368305796683932e+00,-1.981776704020642654e+00,-1.746524005072884078e+00,-1.687242278088058045e-02,1.000281220570806151e-01
9.120000000000000995e+00,4.992992056068534801e+00,6.386939660896805648e+00,-4.933451373753344527e+00,-4.933451373753344527e+00,-1.675397370479608350e+00,6.255682751359192828e-01,-2.307300013575472875e+00,-1.393947604828270848e+00,-2.058240545222352669e+00,-1.701179969969091391e-02,-2.320476686534289623e-01
9.140000000000000568e+00,5.027830468429494104e+00,6.408381300192671048e+00,-4.967193980488303851e+00,-4.967193980488303851e+00,-1.687130336747945991e+00,3.936056378429418912e-01,-1.792727033162984540e+00,-1.380550831763176944e+00,-1.726068674433485661e+00,-1.712868309024310337e-02,-4.952967563925583794e-02
9.160000000000000142e+00,5.141434208999767108e+00,6.125558471855028664e+00,-5.000905544861110386e+00,-5.000905544861110386e+00,-1.685578218640340742e+00,-4.515444218767794560e-01,-1.671609155671893721e+00,-9.841242628552615557e-01,-1.609022805814988022e+00,-1.723764054008569344e-02,-4.534870931682005724e-02
9.179999999999999716e+00,7.238926009518554139e+00,7.012102997723781428e+00,-5.028234079688854052e+00,-5.028234079688854052e+00,-1.366426741387186450e+00,1.515622563726515271e-01,1.505936553891202623e+00,2.268230117947727109e-01,1.413976772832677309e+00,-1.714189093184663101e-02,1.091016719903718790e-01
9.200000000000001066e+00,4.999547399377493484e+00,6.696628340386554967e+00,-5.058706538202028646e+00,-5.058706538202028646e+00,-1.523622925658714600e+00,-5.496228691114901643e-02,-2.938388584102468393e+00,-1.697080941009061483e+00,-2.555945609899785698e+00,-1.731497071330441104e-02,-3.651280034893785720e-01
9.220000000000000639e+00,5.270826162182649988e+00,7.087017100422305482e+00,-5.089985130022101956e+00,-5.089985130022101956e+00,-1.563929591003664799e+00,-1.149621014011194819e-01,-1.926689579108215700e+00,-1.816190938239655495e+00,-1.810768766318959333e+00,-1.743758970062994629e-02,-9.848322308862622609e-02
9.240000000000000213e+00,5.382019877590838774e+00,7.020010573118861785e+00,-5.123028427762402970e+00,-5.123028427762402970e+00,-1.652164887015058259e+00,1.151543219416518715e-01,-2.446282551117598292e+00,-1.637990695528023011e+00,-2.165346472995962834e+00,-1.758421946179345233e-02,-2.633518586598421196e-01
9.259999999999999787e+00,5.075937291697336207e+00,6.116456516921870090e+00,-5.158042798783942118e+00,-5.158042798783942118e+00,-1.750718551076963170e+00,-2.445983099344589684e-01,-2.637701527634107812e+00,-1.040519225224533884e+00,-2.468973067405337396e+00,-1.775140976399570275e-02,-1.509770504647745260e-01
9.279999999999999361e+00,5.330748542128687539e+00,6.366072262185949349e+00,-5.190898496951279917e+00,-5.190898496951279917e+00,-1.642784908366907937e+00,2.763364822432257117e-01,-6.713821239764100612e-01,-1.035323720057261809e+00,-9.978491279873418218e-01,-1.781898064982791532e-02,3.442859846607596586e-01
9.300000000000000711e+00,5.342836946625391548e+00,6.939000106153197400e+00,-5.222870073864940288e+00,-5.222870073864940288e+00,-1.598578845683002569e+00,-5.476733913722025004e-01,-1.200724281527854265e+00,-1.596163159527805853e+00,-1.299508850761908363e+00,-1.790697888696612255e-02,1.166915481210203109e-01
9.320000000000000284e+00,5.344784304296970490e+00,6.557633999409955727e+00,-5.256137157352062772e+00,-5.256137157352062772e+00,-1.663354174356133308e+00,-5.377202372247279483e-01,-2.246332132414309068e+00,-1.212849695112985238e+00,-2.024654068357408132e+00,-1.804408144592575813e-02,-2.036339826109752893e-01
9.339999999999999858e+00,5.459577657493339231e+00,6.322434913103911924e+00,-5.288808119560862941e+00,-5.288808119560862941e+00,-1.633548110440018242e+00,-4.002800496429922417e-01,-1.365293535194981978e+00,-8.628572556105726932e-01,-1.394531554234103021e+00,-1.813851429133058607e-02,4.737653333045163673e-02
9.359999999999999432e+00,5.805556558358238028e+00,6.443859529713236611e+00,-5.319260637064873620e+00,-5.319260637064873620e+00,-1.522625875200528389e+00,-8.882680968283840350e-01,-5.243257580451186062e-01,-6.383029713549985829e-01,-6.564355105270058832e-01,-1.818296582983871396e-02,1.502927183117259702e-01
9.380000000000000782e+00,5.445372085254122752e+00,6.334764743237032647e+00,-5.349151127711415654e+00,-5.349151127711415654e+00,-1.494524532327112798e+00,-4.954416499981479927e-01,-1.241612446466372477e+00,-8.893926579829098955e-01,-1.268079054463074673e+00,-1.826883575006219701e-02,4.473544374676449720e-02
9.400000000000000355e+00,5.162325258694591135e+00,6.568807196454361730e+00,-5.378896016886557163e+00,-5.378896016886557163e+00,-1.487244458757076337e+00,-7.444611037483022109e-01,-1.421723796626748859e+00,-1.406481937759770595e+00,-1.488998145368900738e+00,-1.836966554573284810e-02,8.564401428788472048e-02
9.419999999999999929e+00,5.871638434708947862e+00,6.670806230267889880e+00,-5.407587289706538236e+00,-5.407587289706538236e+00,-1.434563640999031664e+00,-4.509708354428001997e-01,-9.604362811766291586e-01,-7.991677955589420179e-01,-8.854043274166756294e-01,-1.842962205924295396e-02,-5.660233170071056474e-02
9.439999999999999503e+00,5.128568300950758108e+00,6.200219886629734667e+00,-5.437544678396087683e+00,-5.437544678396087683e+00,-1.497869434477484107e+00,-4.880902157927217155e-01,-2.067621575783556320e+00,-1.071651585678976559e+00,-1.958642170232757440e+00,-1.856225452116422661e-02,-9.041715102963440720e-02
9.460000000000000853e+00,5.209077471312584251e+00,6.369365256658225505e+00,-5.466719004950303606e+00,-5.466719004950303606e+00,-1.458716327710796179e+00,-6.984787106847992755e-01,-1.106338366810605267e+00,-1.160287785345641254e+00,-1.258750867452780975e+00,-1.864749276888150176e-02,1.710599934110572373e-01
9.480000000000000426e+00,5.367501547987569843e+00,5.747668749504626362e+00,-5.495487084772990194e+00,-5.495487084772990194e+00,-1.438403991134317383e+00,-7.603988936019652201e-01,-1.255592961946008446e+00,-3.801672015170565189e-01,-1.272366910011732744e+00,-1.873365304782717913e-02,3.550760111355161230e-02
9.500000000000000000e+00,5.371321580825235920e+00,6.300487610910955105e+00,-5.521702890096978678e+00,-5.521702890096978678e+00,-1.310790266199403753e+00,-9.079734567447093063e-01,-1.622667417851809679e-01,-9.291660300857191856e-01,-4.779609042228258886e-01,-1.876601890433360689e-02,3.344601813419785241e-01
9.519999999999999574e+00,5.376844984350164225e+00,5.456690869409837497e+00,-5.547763221396454725e+00,-5.547763221396454725e+00,-1.303016564973802360e+00,-2.123893710905397358e-01,-1.233053253943389160e+00,-7.984588505967327166e-02,-1.173026135732204489e+00,-1.884545217021783500e-02,-4.118166604096668015e-02
9.540000000000000924e+00,5.017232892988422677e+00,5.642202013070567013e+00,-5.571588742095127778e+00,-5.571588742095127778e+00,-1.191276034933672845e+00,-6.860529174702412192e-01,-1.856112645725069843e-01,-6.249691200821443360e-01,-5.581116300551968168e-01,-1.888324555619007653e-02,3.913836110388798639e-01
9.560000000000000497e+00,5.152278003742878809e+00,5.657392805225130772e+00,-5.593950800509300159e+00,-5.593950800509300159e+00,-1.118102920708603953e+00,-2.642635062238761767e-01,-4.595448926829837077e-01,-5.051148014822519627e-01,-6.222034918461640807e-01,-1.892537902099225913e-02,1.815839781841726286e-01
9.580000000000000071e+00,4.899068584375088520e+00,5.630003594264417544e+00,-5.615801690252350653e+00,-5.615801690252350653e+00,-1.092544487152502741e+00,-5.315959713722129276e-01,-8.625185851475909438e-01,-7.309350098893290237e-01,-9.630717604795536735e-01,-1.899059490398536179e-02,1.195437702359480880e-01
9.599999999999999645e+00,4.607133292185360496e+00,4.895377759311837274e+00,-5.637909097779429501e+00,-5.637909097779429501e+00,-1.105370376353929318e+00,-4.654362786151888809e-02,-1.220803379166767844e+00,-2.882444671264767777e-01,-1.299045283640402504e+00,-1.907856174996416104e-02,9.732046622359885601e-02
9.620000000000000995e+00,5.072182000228509402e+00,5.101377549749772200e+00,-5.656526872510716508e+00,-5.656526872510716508e+00,-9.308887365643531142e-01,-9.186305887849510743e-02,6.394460215418324989e-01,-2.919554952126279801e-02,2.245413859641736121e-01,-1.906335658524532795e-02,4.339679921629041592e-01
9.640000000000000568e+00,4.702678780033290096e+00,4.834922949162962169e+00,-5.673931380535561786e+00,-5.673931380535561786e+00,-8.702254012422609986e-01,-6.058340138516188356e-02,-3.242553833434319577e-01,-1.322441691296720734e-01,-5.063474375399322769e-01,-1.909764467944094490e-02,2.011896988759413196e-01
9.660000000000000142e+00,5.088984539761359116e+00,5.479794931938397617e+00,-5.688441218547956701e+00,-5.688441218547956701e+00,-7.254919006197644293e-01,8.145497756908748332e-02,5.771096049827049157e-01,-3.908103921770385014e-01,3.226582200599641403e-01,-1.907579538264948110e-02,2.735271803053903050e-01
9.679999999999999716e+00,4.491832688418116781e+00,5.243604161503935934e+00,-5.704307172820342053e+00,-5.704307172820342053e+00,-7.932977136192622680e-01,-6.478836481327066021e-02,-1.403550030614742594e+00,-7.517714730858191530e-01,-1.254712049270756635e+00,-1.916076013559222385e-02,-1.296772212083936449e-01
9.700000000000001066e+00,4.695796779440950530e+00,4.891163579696787167e+00,-5.719962680261408750e+00,-5.719962680261408750e+00,-7.827753720533314752e-01,-5.919707997460310622e-02,-6.880742979599547837e-01,-1.953668002558366368e-01,-6.957153752199914942e-01,-1.920787157044964027e-02,2.684894883048638548e-02
9.720000000000000639e+00,4.452116639294535716e+00,5.022459289624448431e+00,-5.734817688098362787e+00,-5.734817688098362787e+00,-7.427503918476866529e-01,8.154257308349277533e-01,-3.825255699968830858e-01,-5.703426503299127148e-01,-5.575896143108594050e-01,-1.924562960732423278e-02,1.943096739213005519e-01
9.740000000000000213e+00,4.508145101331594518e+00,5.083920157581632182e+00,-5.749390869894738465e+00,-5.749390869894738465e+00,-7.286590898187687015e-01,-7.523941019628077598e-02,-6.018373715585066952e-01,-5.757750562500376645e-01,-6.531790191319244432e-01,-1.928986062751741892e-02,7.063150820093506976e-02
9.759999999999999787e+00,4.505890715023487481e+00,5.369206154469761572e+00,-5.763975938350896833e+00,-5.763975938350896833e+00,-7.292534228079362579e-01,-2.016986904210045228e-01,-7.346024197104441544e-01,-8.633154394462740910e-01,-7.340973920488438331e-01,-1.933957115957742057e-02,1.883454349797703681e-02
9.779999999999999361e+00,4.249806330739755111e+00,4.986656020694072211e+00,-5.780242423684805786e+00,-5.780242423684805786e+00,-8.133242666954657585e-01,-1.386567472731798922e+00,-1.569961861683230930e+00,-7.368496899543170997e-01,-1.421637776137108178e+00,-1.943583954441820139e-02,-1.288882460017045095e-01
9.800000000000000711e+00,4.400164599704173618e+00,4.886451792553519802e+00,-5.796210344861413510e+00,-5.796210344861413510e+00,-7.983960588303886663e-01,6.016713551322916409e-02,-6.640421880446945035e-01,-4.862871928493461837e-01,-7.448441046571712132e-01,-1.948627780662333386e-02,1.002881944191001407e-01
9.820000000000000284e+00,3.974294122056499567e+00,5.800313033391271134e+00,-5.812697276966741100e+00,-5.812697276966741100e+00,-8.243466052663634969e-01,4.413572467566852509e-01,-1.057901523190136528e+00,-1.826018911334771566e+00,-1.158440241531215609e+00,-1.956472336628607700e-02,1.201034417073651994e-01
9.839999999999999858e+00,4.545357957144803507e+00,4.711240757052643779e+00,-5.831504508031691181e+00,-5.831504508031691181e+00,-9.403615532475173566e-01,6.040421562174116410e-01,-1.984496085077901650e+00,-1.658827999078402726e-01,-1.593792946833013868e+00,-1.967264950284327435e-02,-3.710304887420445286e-01
9.859999999999999432e+00,4.325021996548002789e+00,5.011097556248937046e+00,-5.848886150067466261e+00,-5.848886150067466261e+00,-8.690821017887592204e-01,5.523946394776724222e-02,-2.275670386599354944e-01,-6.860755597009342566e-01,-4.904978258408940750e-01,-1.970586431624667470e-02,2.826366514972052379e-01
9.880000000000000782e+00,4.254092886142810670e+00,5.449760279685433417e+00,-5.866394927755072430e+00,-5.866394927755072430e+00,-8.754388843803200260e-01,8.088846774789473226e-01,-9.326499277043667213e-01,-1.195667393542622747e+00,-9.613959310347804932e-01,-1.977096671787580140e-02,4.851697004828964266e-02
9.900000000000000355e+00,4.386885164105795099e+00,5.211674711405272831e+00,-5.885261239529921085e+00,-5.885261239529921085e+00,-9.433155887424409247e-01,-5.824032460128334421e-01,-1.554205928001528791e+00,-8.247895472994777322e-01,-1.349851396786140745e+00,-1.986237397781565051e-02,-1.844921572375724517e-01
9.919999999999999929e+00,4.787294548730103294e+00,5.392392250907339424e+00,-5.903379799275948692e+00,-5.903379799275948692e+00,-9.059279873014020046e-01,-2.237500582215392608e+00,-5.694395743320518344e-01,-6.050977021772361297e-01,-5.389628065974653159e-01,-1.989887067180571428e-02,-1.057789706278075559e-02
9.939999999999999503e+00,4.649069129421678603e+00,4.960392289617496786e+00,-5.921809273094099879e+00,-5.921809273094099879e+00,-9.214736909075635918e-01,4.340084890173863119e-01,-1.061385023363018432e+00,-3.113231601958181827e-01,-9.440203642867892597e-01,-1.996279646025348256e-02,-9.740186261597570672e-02
9.960000000000000853e+00,4.782632884039770715e+00,5.394917650161854539e+00,-5.938593355234359272e+00,-5.938593355234359272e+00,-8.392041070129758751e-01,4.276971340371990560e-01,-9.877785196168670234e-02,-6.122847661220838233e-01,-2.257544450837121186e-01,-1.997808376913316752e-02,1.469546768911585977e-01
9.980000000000000426e+00,5.317981266777606741e+00,5.612789369950145435e+00,-5.954161467686439835e+00,-5.954161467686439835e+00,-7.784056226040161341e-01,1.219918040044054575e+00,-2.312192629233780217e-01,-2.948081031725386936e-01,-9.770920689799469927e-02,-1.998470029810421253e-02,-1.135253557272791203e-01
1.000000000000000000e+01,5.222769300480578636e+00,5.781694998530757523e+00,-5.969579392084740199e+00,-5.969579392084740199e+00,-7.708962199150237726e-01,4.796973939245869900e-01,-7.033115957140927410e-01,-5.589256980501788874e-01,-4.953254882263498637e-01,-2.001824202407859535e-02,-1.879678654636642299e-01
1.001999999999999957e+01,4.764540669791132999e+00,5.930130456288376095e+00,-5.986510692490517371e+00,-5.986510692490517371e+00,-8.465650202888597153e-01,8.114411340024090258e-01,-1.527584223653382978e+00,-1.165589786497243097e+00,-1.291785997499323102e+00,-2.010571729635020344e-02,-2.156925088577097693e-01
1.004000000000000092e+01,4.932534953444013937e+00,5.865924784826621163e+00,-6.004772949682288363e+00,-6.004772949682288363e+00,-9.131128595885362742e-01,-2.299022036076825426e-01,-1.512043413285625748e+00,-9.333898313826072268e-01,-1.266946288612339933e+00,-2.019151050959481705e-02,-2.249056141636908701e-01
1.006000000000000050e+01,5.134019044079514593e+00,6.308233540058156841e+00,-6.023359449656239484e+00,-6.023359449656239484e+00,-9.293249986975580246e-01,2.713061822212102570e+00,-1.075234250678754222e+00,-1.174214495978642248e+00,-9.295202907488253619e-01,-2.025445440329906935e-02,-1.254595055266296555e-01
1.008000000000000007e+01,5.560177480768435210e+00,5.931940634479550667e+00,-6.042644182425788379e+00,-6.042644182425788379e+00,-9.642366384774312404e-01,7.580615315120889930e-01,-1.278441396496289961e+00,-3.717631537111154572e-01,-9.500311952979464403e-01,-2.031878722439798418e-02,-3.080914139739454605e-01
1.009999999999999964e+01,5.187700942264083181e+00,6.308836221883924900e+00,-6.061988116565892426e+00,-6.061988116565892426e+00,-9.671967070052069904e-01,8.925087648828833320e-02,-9.938373237551882955e-01,-1.121135279619841718e+00,-9.451844091136437642e-01,-2.038279183792851557e-02,-2.827012280361596019e-02
1.012000000000000099e+01,5.218572692130132751e+00,6.838993450960805021e+00,-6.082622845943543410e+00,-6.082622845943543410e+00,-1.031736468882557656e+00,-1.185265704527538322e-01,-1.612594325778712756e+00,-1.620420758830672270e+00,-1.384634682787315940e+00,-2.047655450148734221e-02,-2.074830884899095118e-01
1.014000000000000057e+01,5.118774663109528333e+00,6.415753483627564258e+00,-6.106423220015252618e+00,-6.106423220015252618e+00,-1.190018703585460580e+00,3.760053283325113793e-01,-2.614558815911586453e+00,-1.296978820518035924e+00,-2.184677860571121233e+00,-2.062449331724255236e-02,-4.092564620232229666e-01
1.016000000000000014e+01,5.473869657253893628e+00,6.898574584679171728e+00,-6.130428764628801375e+00,-6.130428764628801375e+00,-1.200277230677432083e+00,-3.051462682941699645e-01,-1.292603974505174502e+00,-1.424704927425278100e+00,-1.196192459494561655e+00,-2.070549532631068765e-02,-7.570601968430218376e-02
1.017999999999999972e+01,5.558122579145746478e+00,6.627002194018100312e+00,-6.156067022667652822e+00,-6.156067022667652822e+00,-1.281912901942583671e+00,7.153987724595699538e-01,-2.016633943328948408e+00,-1.068879614872353834e+00,-1.702374047027449988e+00,-2.082077419878656382e-02,-2.934391221027120578e-01
1.020000000000000107e+01,5.928181271775147643e+00,6.562704937731602683e+00,-6.181098550460557561e+00,-6.181098550460557561e+00,-1.251576389645258747e+00,6.017393978129736976e-01,-9.785477789693343142e-01,-6.345236659564550408e-01,-8.875025712485499207e-01,-2.088087279809945629e-02,-7.016433492268489558e-02
1.022000000000000064e+01,5.501205451694278104e+00,7.043443945358683678e+00,-6.206399268493845156e+00,-6.206399268493845156e+00,-1.265035901664383289e+00,4.942720828067858063e-01,-1.386171509836504390e+00,-1.542238493664405574e+00,-1.348104347267402137e+00,-2.097216175389866530e-02,-1.709500081520360509e-02
1.024000000000000021e+01,5.568334307796424909e+00,6.427365540751215356e+00,-6.233461640298315842e+00,-6.233461640298315842e+00,-1.353118590223517659e+00,6.478620168090802878e-01,-2.145862787255726545e+00,-8.590312329547904469e-01,-1.873389239704068565e+00,-2.109902118272901847e-02,-2.513745263689288190e-01
1.025999999999999979e+01,5.629296404179835456e+00,6.710644528241346940e+00,-6.259625516085415065e+00,-6.259625516085415065e+00,-1.308193789354951564e+00,-2.449366001973040108e-01,-9.038705815378574870e-01,-1.081348124061511484e+00,-1.013547803445652429e+00,-2.116765512847415542e-02,1.308448770362690139e-01
1.027999999999999936e+01,5.282378767893560756e+00,6.856639575762411454e+00,-6.286942343340744976e+00,-6.286942343340744976e+00,-1.365841362766481382e+00,6.618257077750900885e-01,-1.884669523470249741e+00,-1.574260807868850698e+00,-1.813897515641688551e+00,-2.129048598386406449e-02,-4.948152184469720161e-02
1.030000000000000071e+01,5.119603074669501375e+00,6.688144654152823776e+00,-6.316197125523476785e+00,-6.316197125523476785e+00,-1.462739109136606430e+00,-1.309657420379140014e-01,-2.334818826467731867e+00,-1.568541579483322401e+00,-2.206036356387995667e+00,-2.143987112295805617e-02,-1.073425989567781680e-01
1.032000000000000028e+01,5.361524448509091378e+00,6.512987397113888299e+00,-6.345921611427808529e+00,-6.345921611427808529e+00,-1.486224295216581170e+00,-3.121569383942850440e-01,-1.697590969936353611e+00,-1.151462948604796921e+00,-1.684807661167540216e+00,-2.155396046064341625e-02,8.770651691829930985e-03
1.033999999999999986e+01,5.339020390732258647e+00,6.632078137455251543e+00,-6.375512099240783215e+00,-6.375512099240783215e+00,-1.479524390648742083e+00,7.873443028122255605e-01,-1.419225249538190958e+00,-1.293057746722992896e+00,-1.490938098104669596e+00,-2.165492162319223798e-02,9.336777018967080954e-02
1.035999999999999943e+01,5.170526388016588371e+00,6.931442524294065599e+00,-6.405887340445296729e+00,-6.405887340445296729e+00,-1.518762060225665511e+00,4.579182028252487546e-01,-1.871901086417975479e+00,-1.760916136277477229e+00,-1.856170721787102185e+00,-2.178061507364396215e-02,6.050250442770674364e-03
1.038000000000000078e+01,4.988398844430387946e+00,6.779374558003961937e+00,-6.438493980488543933e+00,-6.438493980488543933e+00,-1.630332002162376170e+00,-4.874740611145171876e-01,-2.634461479592772992e+00,-1.790975713573573991e+00,-2.467665473426870815e+00,-2.194771683011223842e-02,-1.448482893357899148e-01
1.040000000000000036e+01,4.873559274133894448e+00,3.531023612770230802e+00,-6.472776278493030944e+00,-6.472776278493030944e+00,-1.714114900224347648e+00,1.822342264909972975e-01,-2.468160982782091839e+00,1.342535661363663646e+00,-2.420385410514985569e+00,-2.211161694452506293e-02,-2.566395532258132495e-02
1.041999999999999993e+01,5.452488226996921483e+00,6.027131331637806788e+00,-6.495594291314907842e+00,-6.495594291314907842e+00,-1.140900641093834267e+00,4.024545160981215508e-01,4.018027691080787278e+00,-5.746431046408853049e-01,2.440260060067897196e+00,-2.194637098770156614e-02,1.599714002000591551e+00
1.043999999999999950e+01,4.954944927653534670e+00,6.552295907552238674e+00,-6.519144457163944750e+00,-6.519144457163944750e+00,-1.177508292451861616e+00,6.958996699520245688e-01,-1.506977154674108643e+00,-1.597350979898704004e+00,-1.361676733060025679e+00,-2.203857901844421402e-02,-1.232618425956386599e-01
1.046000000000000085e+01,5.039640993721178575e+00,7.284410163933722870e+00,-6.544921717741136291e+00,-6.544921717741136291e+00,-1.288863028859556836e+00,1.172415639059926629e-01,-2.291055656528814044e+00,-2.244769170212544296e+00,-1.921071740565446273e+00,-2.216866734103368347e-02,-3.478152486223341500e-01
1.048000000000000043e+01,5.034234323949855039e+00,6.367058366991960483e+00,-6.575097550406520774e+00,-6.575097550406520774e+00,-1.508791633269240817e+00,7.094171328001158683e-02,-3.488149072956397312e+00,-1.332824043042105444e+00,-2.857723316779511968e+00,-2.236218246327229681e-02,-6.080635737136129704e-01
1.050000000000000000e+01,4.856091197851982066e+00,5.627516178391434032e+00,-6.606076247279707658e+00,-6.606076247279707658e+00,-1.548934843659328875e+00,-3.488732182604448173e-02,-1.910223737170122282e+00,-7.714249805394519655e-01,-1.918928304807772545e+00,-2.249212563981833543e-02,3.119669327746854570e-02
1.051999999999999957e+01,4.670107371389079276e+00,6.055523318001974076e+00,-6.635653782370521725e+00,-6.635653782370521725e+00,-1.478876754540688010e+00,4.782288112670888269e-01,-8.483539524729211134e-01,-1.385415946612894800e+00,-1.215909184892990602e+00,-2.257446279722053958e-02,3.901296952172901844e-01
1.054000000000000092e+01,4.516483404865185847e+00,5.016652352808735671e+00,-6.666108252509828525e+00,-6.666108252509828525e+00,-1.522723506965360851e+00,-7.277833583311812404e-01,-1.917344278787417089e+00,-5.001689479435498242e-01,-1.954580689683721006e+00,-2.270682022975030467e-02,5.994323112605426385e-02
1.056000000000000050e+01,4.439771059177231471e+00,5.791344668797831829e+00,-6.693909430980162334e+00,-6.693909430980162334e+00,-1.390058923516678924e+00,-3.111597093345281895e-01,-1.960776724785422420e-01,-1.351573609620600358e+00,-7.326392429120103245e-01,-2.275643202100261289e-02,5.593180024544707196e-01
1.058000000000000007e+01,4.561528012497954698e+00,6.010528482057245547e+00,-6.722088498646259680e+00,-6.722088498646259680e+00,-1.408953383304883955e+00,4.395315122487066795e-01,-1.579003521398728793e+00,-1.449000469559290849e+00,-1.561867153500843930e+00,-2.286219625344440218e-02,5.725828355559570149e-03
1.059999999999999964e+01,4.646279771166474504e+00,5.378308138207030353e+00,-6.751171101233003569e+00,-6.751171101233003569e+00,-1.454130129337211308e+00,-3.006099057203769354e-01,-1.860720843628156596e+00,-7.320283670405558496e-01,-1.732595862831279199e+00,-2.297952164258100852e-02,-1.051454591542963363e-01
1.062000000000000099e+01,4.369431392977961792e+00,5.540391310605231823e+00,-6.779471635244381567e+00,-6.779471635244381567e+00,-1.415026700568909002e+00,4.101107552785102639e-01,-1.063095841654188023e+00,-1.170959917627270030e+00,-1.281273466440917108e+00,-2.306628504267070959e-02,2.412439098293996942e-01
1.064000000000000057e+01,4.757154569233844832e+00,5.257257608120727177e+00,-6.806801497830457848e+00,-6.806801497830457848e+00,-1.366493129303799625e+00,1.234068333045572619e-01,-9.296909879178146818e-01,-5.001030388868823451e-01,-9.947106615416615449e-01,-2.313364340242864831e-02,8.815331702627546284e-02
1.066000000000000014e+01,1.807218697280277730e+00,5.662484136862906858e+00,-6.839802917873447186e+00,-6.839802917873447186e+00,-1.650071002149465116e+00,-1.316593274562223304e+00,-4.202271857760455198e+00,-3.855265439582629128e+00,-4.381549416767370531e+00,-2.343034674876092599e-02,2.027079057556761266e-01
1.067999999999999972e+01,4.434007408200491440e+00,4.813050597982598156e+00,-6.872791413349004230e+00,-6.872791413349004230e+00,-1.649424773777851128e+00,-1.155304508402996255e+00,-1.643608718433325677e+00,-3.790431897821067153e-01,-1.560165445401267670e+00,-2.353599574742589254e-02,-5.990727728463215995e-02
1.070000000000000107e+01,4.440687239286323695e+00,5.355901973756243883e+00,-6.902711832629560007e+00,-6.902711832629560007e+00,-1.496020964027805045e+00,-4.967411980596880827e-01,-1.153866762773911314e-01,-9.152147344699201881e-01,-4.729014655442685955e-01,-2.356801899627377142e-02,3.810828082631512181e-01
1.072000000000000064e+01,4.157909675753161949e+00,4.807048314453868265e+00,-6.932737616550358695e+00,-6.932737616550358695e+00,-1.501289196039913065e+00,-7.767949557036333275e-01,-1.548703284148885695e+00,-6.491386387007063163e-01,-1.521450218463914039e+00,-2.367104633390203564e-02,-3.582019351069665181e-03
1.074000000000000021e+01,4.966752850312865064e+00,5.384756194547289709e+00,-6.958860843763909010e+00,-6.958860843763909010e+00,-1.306161360677527528e+00,-5.449977408033082060e-01,4.499891575839420343e-01,-4.180033442344246453e-01,2.028247605409259358e-01,-2.365731174381816362e-02,2.708217087868342587e-01
1.075999999999999979e+01,4.761115686563829108e+00,4.868618980363982551e+00,-6.984199463692308818e+00,-6.984199463692308818e+00,-1.266930996419998845e+00,-1.599539808271612240e-01,-9.138577181022395912e-01,-1.075032938001534433e-01,-7.920234451389949193e-01,-2.371094482750474297e-02,-9.812332813573987345e-02
1.077999999999999936e+01,4.728099364993392228e+00,4.880945969103262172e+00,-7.007031887504002299e+00,-7.007031887504002299e+00,-1.141621190584679590e+00,1.912629997286218186e-01,-1.383293806680729876e-02,-1.528466041098699435e-01,-1.784599115206497166e-01,-2.372302951442661206e-02,1.883500029682690369e-01
1.080000000000000071e+01,4.987417815420259082e+00,4.995037920145204424e+00,-7.027106645867381651e+00,-7.027106645867381651e+00,-1.003737918168954746e+00,-3.374715507338982290e-01,2.372115335725697993e-01,-7.620104724945342412e-03,1.352192448225860710e-01,-2.371387293564335141e-02,1.257061616856270936e-01
1.082000000000000028e+01,7.347878048067945755e+00,4.584960866103145349e+00,-7.039182384483746446e+00,-7.039182384483746446e+00,-6.037869308182302053e-01,6.502569927009806960e-01,2.995771955338291104e+00,2.762917181964800406e+00,2.988106962461881455e+00,-2.351152868464199616e-02,3.117652156105173156e-02
1.083999999999999986e+01,4.995966812037827331e+00,5.654700131470364433e+00,-7.048601462624136005e+00,-7.048601462624136005e+00,-4.709539070194636023e-01,5.791650952240320338e-01,7.245433071694361571e-01,-6.587333194325371011e-01,5.219775513370461528e-01,-2.347618217329161192e-02,2.260419380056816197e-01
1.085999999999999943e+01,5.084147086126450610e+00,5.473030990390872041e+00,-7.059323889780228178e+00,-7.059323889780228178e+00,-5.361213578046032380e-01,5.173947015625668389e-01,-1.122628414870859626e+00,-3.888839042644214317e-01,-7.246023675867705460e-01,-2.352524973519118726e-02,-3.745007975488979790e-01
1.088000000000000078e+01,5.150740512774338420e+00,4.964055815744046640e+00,-7.070183156619342491e+00,-7.070183156619342491e+00,-5.429633419557334806e-01,-2.713292998046820115e-01,-6.045411993159053310e-01,1.866846970302917796e-01,-4.093089065729977327e-01,-2.355296671626620764e-02,-1.716793260266413490e-01
1.090000000000000036e+01,5.519718517542790970e+00,5.695688436037628755e+00,-7.078325535653913647e+00,-7.078325535653913647e+00,-4.071189517285637716e-01,6.264405875229692722e-01,8.154805603159638316e-01,-1.759699184948377848e-01,7.056916312844052630e-01,-2.350517972391151511e-02,1.332941087554700699e-01
1.091999999999999993e+01,4.887531538544362064e+00,6.021049318504248404e+00,-7.088295639004649651e+00,-7.088295639004649651e+00,-4.985051675367992985e-01,1.749765073583879893e-01,-1.320981109810919429e+00,-1.133517779959886340e+00,-1.026359259816448821e+00,-2.357468121709593509e-02,-2.710471687773747806e-01
1.093999999999999950e+01,5.461995604788264735e+00,5.285685200327138844e+00,-7.099439499448048529e+00,-7.099439499448048529e+00,-5.571930221699507024e-01,8.077704054528767053e-02,-1.085383713868313782e+00,1.763104044611258914e-01,-7.099982164192992773e-01,-2.362275983647551050e-02,-3.517627376125389005e-01
1.096000000000000085e+01,5.314001670814174183e+00,6.030305983922236379e+00,-7.109204340702696356e+00,-7.109204340702696356e+00,-4.882420627324073892e-01,1.356081423155534038e-01,1.323165722054826798e-01,-7.163043131080621961e-01,3.596191751853487772e-02,-2.362275983647551050e-02,1.199774145234233091e-01
1.098000000000000043e+01,5.498296379100114706e+00,6.265873285782911140e+00,-7.119965013173580992e+00,-7.119965013173580992e+00,-5.380336235442213511e-01,4.673552604494064511e-01,-9.861576708505470634e-01,-7.675769066827964338e-01,-6.756521981240944941e-01,-2.366851266249021465e-02,-2.868369600639622541e-01
1.100000000000000000e+01,5.486910761027922412e+00,5.578673176732999117e+00,-7.132311850993876767e+00,-7.132311850993876767e+00,-6.173418910147836502e-01,9.570982867311359499e-01,-1.331116298249844565e+00,-9.176241570507670531e-02,-9.892824064388356931e-01,-2.373550343961914472e-02,-3.180983883713895954e-01
1.101999999999999957e+01,5.620884210530958214e+00,6.053701523827567321e+00,-7.143125146448281448e+00,-7.143125146448281448e+00,-5.406647727202380516e-01,3.045948823806676753e-01,1.494292919306723089e-01,-4.328173132966091075e-01,5.360801292340805491e-02,-2.373550343961914472e-02,1.195567824468833917e-01
1.104000000000000092e+01,5.427284147071912201e+00,6.551070837510478917e+00,-7.154801539983153269e+00,-7.154801539983153269e+00,-5.838196767436121259e-01,-1.369831531565712801e-02,-9.722138129539787954e-01,-1.123786690438566715e+00,-7.955500684796820154e-01,-2.378937533402013249e-02,-1.528743691402765781e-01
1.106000000000000050e+01,5.633677325717341589e+00,6.114854733428592759e+00,-7.168397614180069155e+00,-7.168397614180069155e+00,-6.798037098458111771e-01,1.488169617193563776e-01,-1.543660007765602415e+00,-4.811774077112511705e-01,-1.165089759977284478e+00,-2.386827117603434328e-02,-3.547019766122836426e-01
1.108000000000000007e+01,5.514037063343362632e+00,6.085719434637520742e+00,-7.182270109249893508e+00,-7.182270109249893508e+00,-6.936247534912023394e-01,3.160395973523897895e-01,-8.180141462997232438e-01,-5.716823712941581093e-01,-7.630384410082422519e-01,-2.391994149566167155e-02,-3.105576379581925783e-02
1.109999999999999964e+01,5.558876494996982665e+00,6.556841908935616026e+00,-7.196155925691117616e+00,-7.196155925691117616e+00,-6.942908220611894166e-01,3.658416443102163185e-01,-7.002854391910736664e-01,-9.979654139386333611e-01,-6.690905333434833402e-01,-2.396524998847075760e-02,-7.229655859119617223e-03
1.112000000000000099e+01,5.456171542340703340e+00,6.719449025556436972e+00,-7.211976342537253615e+00,-7.211976342537253615e+00,-7.910208423068076922e-01,-2.206405042971281150e-01,-1.661591024517372173e+00,-1.263277483215733632e+00,-1.397851365575539129e+00,-2.405990763999792115e-02,-2.396797513018351644e-01
1.114000000000000057e+01,5.235379761113449604e+00,6.567748069117892662e+00,-7.230530137045631633e+00,-7.230530137045631633e+00,-9.276897254189055975e-01,1.367702979005323838e-01,-2.157709673427787411e+00,-1.332368308004443058e+00,-1.884767965842593984e+00,-2.418753759674001705e-02,-2.487541699884534552e-01
1.116000000000000014e+01,5.350742107402719938e+00,7.142987629919431924e+00,-7.250565493331518674e+00,-7.250565493331518674e+00,-1.001767814294338921e+00,-2.379151246066710801e-01,-1.668470614173239275e+00,-1.792245522516711986e+00,-1.545597571378269475e+00,-2.429220010944752040e-02,-9.858084268552236296e-02
1.117999999999999972e+01,5.045502929022542382e+00,6.518304071019653811e+00,-7.274684822079000135e+00,-7.274684822079000135e+00,-1.205966437374085709e+00,-4.253170506848127919e-02,-3.043754045091806582e+00,-1.472801141997111429e+00,-2.663805570139049728e+00,-2.447258379372465459e-02,-3.554758911590321646e-01
1.120000000000000107e+01,5.011141307104328035e+00,6.436337867835256965e+00,-7.300145097194620014e+00,-7.300145097194620014e+00,-1.273013755780989076e+00,1.786986772397065604e-01,-1.876439621443118266e+00,-1.425196560730928930e+00,-1.914096710172463744e+00,-2.460219979142137109e-02,6.225928852076689779e-02
1.122000000000000064e+01,5.383263012507458534e+00,6.767109779344384179e+00,-7.325614739117368046e+00,-7.325614739117368046e+00,-1.273482096137381836e+00,-1.898415205000726802e+00,-1.277697159344917122e+00,-1.383846766836925646e+00,-1.337405066266303955e+00,-2.469276422897956347e-02,8.440067115036645196e-02
1.124000000000000021e+01,5.051522284644014427e+00,7.055303881504421781e+00,-7.353155977578139435e+00,-7.353155977578139435e+00,-1.377061923038571889e+00,6.823574594702910279e-01,-2.309280365149282144e+00,-2.003781596860407355e+00,-2.178796118269469506e+00,-2.484030475352379599e-02,-1.056439421262888034e-01
1.125999999999999979e+01,5.060476271626169087e+00,6.615989408869570099e+00,-7.383494920886509050e+00,-7.383494920886509050e+00,-1.516947165418460308e+00,-3.379622903143374435e-01,-2.775914346837454971e+00,-1.555513137243401012e+00,-2.533431064545380806e+00,-2.501185992797332405e-02,-2.174714223641008859e-01
1.127999999999999936e+01,4.705154357255736386e+00,7.462851346498189820e+00,-7.415570746055190732e+00,-7.415570746055190732e+00,-1.603791258434083877e+00,-4.491406306255522618e-01,-2.385388095574695999e+00,-2.757696989242453434e+00,-2.426760515549569064e+00,-2.517619174241211497e-02,6.654861171728548852e-02
1.130000000000000071e+01,4.964084424218105696e+00,7.040474929201869791e+00,-7.451586945294464748e+00,-7.451586945294464748e+00,-1.800809961963714345e+00,-3.748053217674408022e-01,-3.573978293730388334e+00,-2.076390504983764096e+00,-3.173433991295707024e+00,-2.539108569772820234e-02,-3.751532167369528437e-01
1.132000000000000028e+01,4.869740845774476412e+00,7.103001513409983758e+00,-7.489670872311180005e+00,-7.489670872311180005e+00,-1.904196350835742013e+00,-1.753290367832296415e-01,-2.834673850683992136e+00,-2.233260667635507346e+00,-2.756832285952789618e+00,-2.557776882890295742e-02,-5.226379590229957017e-02
1.133999999999999986e+01,4.465742536440309607e+00,6.954838578882830191e+00,-7.530832099366062238e+00,-7.530832099366062238e+00,-2.058061352744133821e+00,-3.879970168481473025e-01,-3.442846369919658756e+00,-2.489096042442520584e+00,-3.349318900751486083e+00,-2.580457310092235113e-02,-6.772289606725045985e-02
1.135999999999999943e+01,4.738543219667593398e+00,6.823609347622283217e+00,-7.573505826048571699e+00,-7.573505826048571699e+00,-2.133686334125492134e+00,-5.562655058960137566e-01,-2.814311166557718735e+00,-2.085066127954689819e+00,-2.814695106203350949e+00,-2.599517450181485986e-02,2.637911414744714689e-02
1.138000000000000078e+01,4.916524478511147045e+00,6.398497217139717641e+00,-7.616640858923831914e+00,-7.616640858923831914e+00,-2.156751643763016535e+00,1.628054318737435446e+00,-2.364339430500736139e+00,-1.481972738628570596e+00,-2.421997783771142831e+00,-2.615918380055841722e-02,8.381753707096539774e-02
1.140000000000000036e+01,4.690932688575837339e+00,6.423205346405031158e+00,-7.659311458248958537e+00,-7.659311458248958537e+00,-2.133529966256329846e+00,-3.631297057738120948e-01,-1.924534868696149426e+00,-1.732272657829193818e+00,-2.168606951276128125e+00,-2.630603435001491186e-02,2.703781169299934173e-01
1.141999999999999993e+01,4.123342572959447949e+00,6.491194805795925227e+00,-7.703255736664267772e+00,-7.703255736664267772e+00,-2.197213920765451967e+00,-5.206010634747826327e-02,-2.770369511347552383e+00,-2.367852232836477278e+00,-2.920825722275890879e+00,-2.650382254853123065e-02,1.769600334768692829e-01
1.143999999999999950e+01,4.377236327726125253e+00,6.072064692092046023e+00,-7.748048386472984106e+00,-7.748048386472984106e+00,-2.239632490435821577e+00,-8.486356895330791072e-01,-2.621399617469147625e+00,-1.694828364365920770e+00,-2.684727267148645957e+00,-2.668562297764523472e-02,9.001327265714326176e-02
1.146000000000000085e+01,4.412279799128642210e+00,6.022529773510264306e+00,-7.792087809482943328e+00,-7.792087809482943328e+00,-2.201971150497982421e+00,-9.213913614223552262e-01,-1.863019091057430465e+00,-1.610249974381622096e+00,-2.107926814063522780e+00,-2.682836447844008654e-02,2.717360874845321517e-01
1.148000000000000043e+01,4.551870848102776534e+00,6.367422750074285709e+00,-7.835082906243348688e+00,-7.835082906243348688e+00,-2.149754838020247583e+00,-2.528785902753873938e-01,-1.679808025720634923e+00,-1.815551901971509174e+00,-1.867736835267509443e+00,-2.695484114602512971e-02,2.148836506928998025e-01
1.150000000000000000e+01,4.421560653130588214e+00,5.921235799481216588e+00,-7.878817903718210225e+00,-7.878817903718210225e+00,-2.186749873743093708e+00,-4.776930896457265430e-01,-2.519705195248710616e+00,-1.499675146350628374e+00,-2.471244863118495783e+00,-2.712218528636228809e-02,-2.133814684385276772e-02
1.151999999999999957e+01,4.234105718353353254e+00,5.645162508805204205e+00,-7.922104717611388125e+00,-7.922104717611388125e+00,-2.164340694658891895e+00,1.694795610899488825e-01,-1.962658082901074241e+00,-1.411056790451850951e+00,-2.142655203032386435e+00,-2.726727847333928340e-02,2.072643986046514564e-01
1.154000000000000092e+01,4.731987316523484921e+00,5.645065293162040199e+00,-7.962871867571164053e+00,-7.962871867571164053e+00,-2.038357497988777745e+00,-3.500719320898633136e-01,-9.045087279577488371e-01,-9.130779766385552776e-01,-1.159732494197783570e+00,-2.734581153987551000e-02,2.825695777799102082e-01
1.156000000000000050e+01,4.588805883232747185e+00,5.682089659632398870e+00,-8.001904380500208802e+00,-8.001904380500208802e+00,-1.951625646452209928e+00,-5.690581660876463665e-01,-1.171038982623098690e+00,-1.093283776399651686e+00,-1.341449450610202154e+00,-2.743664984912943042e-02,1.978471178362328220e-01
1.158000000000000007e+01,5.001515119244816177e+00,5.690044123151690947e+00,-8.038577182131486865e+00,-8.038577182131486865e+00,-1.833640081563859825e+00,-6.157513943070785922e-01,-7.717699975687084546e-01,-6.885290039068747703e-01,-8.643296662922300699e-01,-2.749517925960276096e-02,1.200548479831243659e-01
1.159999999999999964e+01,4.788903298937250419e+00,5.408382247196689363e+00,-8.073766592506370188e+00,-8.073766592506370188e+00,-1.759470518744198353e+00,2.825304870008975566e-01,-1.091944453367245105e+00,-6.194789482594389440e-01,-1.144448846752339488e+00,-2.757267737048520184e-02,8.007707075557959908e-02
1.162000000000000099e+01,4.717256264620126593e+00,5.295125638594156747e+00,-8.106855142940410985e+00,-8.106855142940410985e+00,-1.654427521702050985e+00,4.368742622248614760e-01,-7.090405483227250061e-01,-5.778693739740301538e-01,-8.777299978722347129e-01,-2.763211420498678725e-02,1.963215637544964975e-01
1.164000000000000057e+01,4.559354421455886985e+00,5.445495915131309594e+00,-8.138171434232214452e+00,-8.138171434232214452e+00,-1.565814564590151337e+00,1.319042609302135682e-01,-7.682979505830545008e-01,-8.861414936754226090e-01,-9.344294457656026065e-01,-2.769539052966067672e-02,1.938268857122087963e-01
1.166000000000000014e+01,4.795505851903883787e+00,5.296966674753316617e+00,-8.167940984890218914e+00,-8.167940984890218914e+00,-1.488477532900224665e+00,-1.639621756733978253e-01,-7.924442476908850619e-01,-5.014608228494328301e-01,-8.254873802988308418e-01,-2.775128967509823616e-02,6.079442228304404727e-02
1.167999999999999972e+01,4.922166098426338010e+00,4.831071185619268959e+00,-8.195508093676730610e+00,-8.195508093676730610e+00,-1.378355439325557485e+00,8.704764582524915362e-01,-3.872565971535537610e-01,9.109491280706905059e-02,-4.759967319352628179e-01,-2.778352252466235670e-02,1.165236573063713477e-01
1.170000000000000107e+01,5.141738184070100637e+00,5.561411617147728137e+00,-8.218957745991444241e+00,-8.218957745991444241e+00,-1.172482615735704226e+00,3.689816636423259855e-01,6.803727965729762239e-01,-4.196734330776275002e-01,3.945470880325562257e-01,-2.775680516279558502e-02,3.135825137032156595e-01
1.172000000000000064e+01,5.238981717459224363e+00,5.419529655339341723e+00,-8.241225377638782490e+00,-8.241225377638782490e+00,-1.113381582366882894e+00,5.824327300380613970e-01,-5.814722820474902409e-01,-1.805479378801173596e-01,-4.094859726043997838e-01,-2.778453413416879722e-02,-1.442017753089216980e-01
1.174000000000000021e+01,5.342229579491798219e+00,5.051706345573493628e+00,-8.261578738729392413e+00,-8.261578738729392413e+00,-1.017668054530468602e+00,6.209799357159727640e-01,-1.562463040027406991e-01,2.905232339183045909e-01,-9.817109632638025551e-02,-2.779118194069168588e-02,-3.028402573566876810e-02
1.175999999999999979e+01,5.680859718190460761e+00,5.222638869566718967e+00,-8.278030233913497682e+00,-8.278030233913497682e+00,-8.225747592052891077e-01,4.408040047526480265e-01,9.332648987213258973e-01,4.582208486237417944e-01,7.990247832235483072e-01,-2.773707475064662517e-02,1.619771902484242188e-01
1.177999999999999936e+01,5.400712676454375583e+00,4.561581566528501774e+00,-8.292383196358054320e+00,-8.292383196358054320e+00,-7.176481222278261463e-01,6.419676849904185634e-01,2.266916105693403682e-01,8.391311099258738082e-01,2.261537347473238924e-01,-2.772176040325428567e-02,2.825963622527075114e-02
1.180000000000000071e+01,5.131141184669492539e+00,5.190791005479405307e+00,-8.303211550120087381e+00,-8.303211550120087381e+00,-5.414176881016750098e-01,8.228617800232045365e-01,1.044656219033685662e+00,-5.964982080991276803e-02,7.233407150390582796e-01,-2.767277827609415999e-02,3.489882822707216503e-01
1.182000000000000028e+01,5.217354778329426068e+00,5.308120363570031586e+00,-8.313083051085445874e+00,-8.313083051085445874e+00,-4.935750482679687745e-01,5.708035218078794104e-01,-6.299128976461262908e-02,-9.076558524060551747e-02,3.373599151952636627e-02,-2.767277827609415999e-02,-6.905450300804483188e-02
1.183999999999999986e+01,5.544987090514894135e+00,5.759364780791128346e+00,-8.321634601628174366e+00,-8.321634601628174366e+00,-4.275775271364083974e-01,7.445666820909911943e-01,1.664001630476352744e-01,-2.143776902762342118e-01,3.008207432199754283e-01,-2.765240773757690271e-02,-1.067681724347632755e-01
1.185999999999999943e+01,5.581081950141626002e+00,5.480927837856379270e+00,-8.330438085867562847e+00,-8.330438085867562847e+00,-4.401742119693996536e-01,5.527412877392792190e-01,-5.535443754663211813e-01,1.001541122852467325e-01,-2.264191949248679780e-01,-2.766774006101276051e-02,-2.994574404804404844e-01
1.188000000000000078e+01,5.486372840640226123e+00,5.246231659352234011e+00,-8.338544644077572343e+00,-8.338544644077572343e+00,-4.053279105004927718e-01,6.332632780471612044e-01,-9.171119728033055862e-02,2.401411812879921115e-01,6.915153535485503433e-03,-2.766774006101276051e-02,-7.095861075480330848e-02
1.190000000000000036e+01,5.547418926782238913e+00,5.408763317364583934e+00,-8.344996399144488208e+00,-8.344996399144488208e+00,-3.225877533457640611e-01,1.124158613533907891e+00,4.220736610467945016e-01,1.386556094176549792e-01,3.825078296361062447e-01,-2.764183795601378099e-02,6.720766936670202751e-02
1.191999999999999993e+01,5.426486731297766930e+00,5.044417113294372257e+00,-8.350881035703499933e+00,-8.350881035703499933e+00,-2.942318279506206946e-01,8.650056583472246485e-01,-3.902849939433020859e-02,3.820696180033946732e-01,2.250873569514240738e-02,-2.764183795601378099e-02,-3.389539713345883498e-02
1.193999999999999950e+01,5.028540571856576769e+00,5.832022565367573463e+00,-8.355957383434507335e+00,-8.355957383434507335e+00,-2.538173865504055882e-01,9.011171621129043796e-01,1.099125860515301339e-01,-8.034819935109966949e-01,-2.016320762600027142e-02,-2.764183795601378099e-02,1.577176316335441864e-01
1.196000000000000085e+01,2.563757901521210858e+00,6.553270190747421786e+00,-8.369446984801996337e+00,-8.369446984801996337e+00,-6.744800683744608394e-01,1.055564983965231907e+00,-4.460444204790958267e+00,-3.989512289226210928e+00,-4.150696123084880895e+00,-2.792290871710456646e-02,-2.818251729889732493e-01
1.198000000000000043e+01,5.408515068656035041e+00,5.748975313689036248e+00,-8.385664264635227738e+00,-8.385664264635227738e+00,-8.108639916615258958e-01,6.387818587485805111e-02,-2.038319301245111514e+00,-3.404602450330012076e-01,-1.453839005056061229e+00,-2.802135765760442598e-02,-5.564589385314457903e-01
1.200000000000000000e+01,5.387950270695108124e+00,5.980741221933942420e+00,-8.401210889722356967e+00,-8.401210889722356967e+00,-7.773312543564260269e-01,-8.214684003427475956e-01,-4.755366186105267068e-01,-5.927909512388342961e-01,-4.585018046022887317e-01,-2.805240581130190314e-02,1.101759180306394192e-02
1.201999999999999957e+01,5.350907279163208408e+00,5.977635163585309996e+00,-8.417074257874558540e+00,-8.417074257874558540e+00,-7.931684076100865566e-01,2.107798961461104514e-01,-9.357027868930309911e-01,-6.267278844221015888e-01,-7.998891073188322265e-01,-2.810657153038018455e-02,-1.077071080438185002e-01
1.204000000000000092e+01,5.301064045273689906e+00,7.150201021756385167e+00,-8.433273805682491187e+00,-8.433273805682491187e+00,-8.099773903966145383e-01,-1.473025477450924381e-01,-9.612582354753664848e-01,-1.849136976482695260e+00,-8.592453202557575054e-01,-2.816475664655498229e-02,-7.384815857305400411e-02
1.206000000000000050e+01,5.089639873585834806e+00,6.676732973314765118e+00,-8.454415170972534810e+00,-8.454415170972534810e+00,-1.057068264502176058e+00,-8.809605843646511891e-02,-3.280886131452230181e+00,-1.587093099728930312e+00,-2.616912658176599127e+00,-2.834196490529765008e-02,-6.356315083703333313e-01
1.208000000000000007e+01,5.075969783660771562e+00,6.418008436420878482e+00,-8.477983607431845314e+00,-8.477983607431845314e+00,-1.178421822965507015e+00,-1.245174374242399296e-01,-2.270603849135486296e+00,-1.342038652760106920e+00,-2.032969250860571897e+00,-2.847963053960789193e-02,-2.091549677353065628e-01
1.209999999999999964e+01,4.956137686947762688e+00,6.694646033806694874e+00,-8.503000689967818104e+00,-8.503000689967818104e+00,-1.250854126798604193e+00,-5.404020179308286487e-01,-1.902744861296478573e+00,-1.738508346858932185e+00,-1.856575851830857049e+00,-2.860535142406258127e-02,-1.756365804155904375e-02
1.212000000000000099e+01,4.802238044536522921e+00,6.815353285831371899e+00,-8.530680436908216535e+00,-8.530680436908216535e+00,-1.383987347019892233e+00,-3.571806552622899256e-01,-2.582186329011485704e+00,-2.013115241294848978e+00,-2.403358146373118398e+00,-2.876809851113981686e-02,-1.500600841272278774e-01
1.214000000000000057e+01,4.624063257156295847e+00,6.486900899739982407e+00,-8.561546307467111205e+00,-8.561546307467111205e+00,-1.543293527944733068e+00,-1.308437013175812957e+00,-2.977049156268301022e+00,-1.862837642583686559e+00,-2.782938336417346559e+00,-2.895654945360587318e-02,-1.651542703973486736e-01
1.216000000000000014e+01,4.642078598635093201e+00,9.684618079908894117e+00,-8.593973747425275533e+00,-8.593973747425275533e+00,-1.621371997908193974e+00,-4.853461456385455008e-01,-2.324078227579342570e+00,-5.042539481273800916e+00,-2.342924322403209469e+00,-2.911520417150089204e-02,4.796129899536788477e-02
1.217999999999999972e+01,4.622215819349365873e+00,6.627247948245518216e+00,-8.639193826763831296e+00,-8.639193826763831296e+00,-2.261003966927761510e+00,-1.715828122478331608e+00,-8.017691688103870007e+00,-2.005032128896152344e+00,-6.429250870910601101e+00,-2.955057076590901152e-02,-1.558890246427360404e+00
1.220000000000000107e+01,4.704392704993509255e+00,7.100157896399678314e+00,-8.683972688052886468e+00,-8.683972688052886468e+00,-2.238943064452752374e+00,-1.367503231551668197e+00,-2.040394942177671922e+00,-2.395765191406169059e+00,-2.442026158930051594e+00,-2.971593631682868317e-02,4.313471530692087885e-01
1.222000000000000064e+01,4.587351071301735139e+00,7.330779930579824466e+00,-8.730583188918256354e+00,-8.730583188918256354e+00,-2.330525043268527163e+00,-2.011689388621627828e+00,-3.154762852610500268e+00,-2.743428859278089327e+00,-3.191264667874387673e+00,-2.993203770378710660e-02,6.643385296767445602e-02
1.224000000000000021e+01,4.409099002083974206e+00,7.104272761529294655e+00,-8.780150768011885987e+00,-8.780150768011885987e+00,-2.478378954681445201e+00,-1.543005875773384661e+00,-3.809064157397708428e+00,-2.695173759445320449e+00,-3.710534779189730070e+00,-3.018330226363774918e-02,-6.834607594434066735e-02
1.225999999999999979e+01,4.624451673085207659e+00,6.804506200400863847e+00,-8.830991211260501572e+00,-8.830991211260501572e+00,-2.542022162430811694e+00,-2.384073398178307102e+00,-3.114811032175109240e+00,-2.180054527315656188e+00,-3.149372782323990538e+00,-3.039656687724394055e-02,6.495831702612536729e-02
1.228000000000000114e+01,4.272471352940678813e+00,6.648484799174301685e+00,-8.882850698201833595e+00,-8.882850698201833595e+00,-2.592974347066562046e+00,-1.607952323507619852e+00,-3.051544008788314333e+00,-2.376013446233622872e+00,-3.215684256274434993e+00,-3.061432187412551492e-02,1.947545693602462935e-01
1.230000000000000071e+01,4.410860665331360231e+00,6.778337495131363966e+00,-8.934841361551365324e+00,-8.934841361551365324e+00,-2.599533167476622886e+00,-2.065701116948376548e+00,-2.658562551167171328e+00,-2.367476829800003735e+00,-2.841782649980535869e+00,-3.080675754963600743e-02,2.140268563630003673e-01
1.232000000000000028e+01,4.937713518425805859e+00,1.006872372229908663e+01,-8.986199769255465597e+00,-8.986199769255465597e+00,-2.567920385204981670e+00,-2.674035090789751656e+00,-2.283405344760208511e+00,-5.131010203873280773e+00,-2.337592450416059009e+00,-3.096505121163268398e-02,8.515215686748323076e-02
1.233999999999999986e+01,4.527684390915262647e+00,6.493030421440317390e+00,-9.049717470914703910e+00,-9.049717470914703910e+00,-3.175885082961871220e+00,-3.190793991022490950e+00,-8.647567362773875388e+00,-1.965346030525054744e+00,-7.037119950857456452e+00,-3.144158059413169198e-02,-1.579005831322287445e+00
1.235999999999999943e+01,4.682537320823978888e+00,5.792116551827146687e+00,-9.110194467085779735e+00,-9.110194467085779735e+00,-3.023849808553830787e+00,-2.217276906354015864e+00,-1.655532338881468668e+00,-1.109579231003167799e+00,-2.299326237782750137e+00,-3.159728300078469554e-02,6.753911819020661511e-01
1.238000000000000078e+01,4.439019203325111462e+00,6.363161918196357014e+00,-9.166480400334892309e+00,-9.166480400334892309e+00,-2.814296662455601172e+00,-1.328929210456628596e+00,-9.283183475715354183e-01,-1.924142714871245552e+00,-1.718433632597584859e+00,-3.171364937275587131e-02,8.218289343988053330e-01
1.240000000000000036e+01,4.374523081152668524e+00,5.718396681698853179e+00,-9.221670852926555639e+00,-9.221670852926555639e+00,-2.759522629583134101e+00,-1.349531581385552181e+00,-2.266556333730929129e+00,-1.343873600546184655e+00,-2.525571323045484373e+00,-3.188467231274162705e-02,2.908996616272969682e-01
1.241999999999999993e+01,4.536969160062947815e+00,5.785179573860724567e+00,-9.273357613012336742e+00,-9.273357613012336742e+00,-2.584338004289054247e+00,-1.413538122403839026e+00,-1.007676376642337335e+00,-1.248210413797776752e+00,-1.500412952477599760e+00,-3.198627507960231237e-02,5.247228509148647024e-01
1.243999999999999950e+01,4.665472256042004773e+00,5.728231685735256207e+00,-9.322115822585930189e+00,-9.322115822585930189e+00,-2.437910478679640391e+00,-1.326983862073614073e+00,-1.120062748194915470e+00,-1.062759429693251434e+00,-1.422028293629774121e+00,-3.208256990893472438e-02,3.340481153437933060e-01
1.246000000000000085e+01,4.796653566896354803e+00,5.443929639946309962e+00,-9.367904357537215176e+00,-9.367904357537215176e+00,-2.289426747564218267e+00,-4.837974609771090728e-01,-9.530731675254211499e-01,-6.472760730499551585e-01,-1.183104210925404853e+00,-3.216268562715487306e-02,2.621937290271385557e-01
1.248000000000000043e+01,4.745374840723636467e+00,5.940486688220448563e+00,-9.410302577647833289e+00,-9.410302577647833289e+00,-2.119911005530875414e+00,-3.726598410609149870e-01,-5.942693272307910668e-01,-1.195111847496812096e+00,-8.871645950127953206e-01,-3.222276133988802305e-02,3.251180291218922491e-01
1.250000000000000000e+01,4.500835474065306485e+00,5.570400918378606292e+00,-9.452221788553341497e+00,-9.452221788553341497e+00,-2.095960545275441067e+00,-7.271104420764422649e-01,-1.880406402976532387e+00,-1.069565444313299807e+00,-1.828357041977030528e+00,-3.234657134430536651e-02,-1.970278965519639547e-02
1.251999999999999957e+01,5.251146749793037749e+00,5.752685697030599066e+00,-9.490483710489666436e+00,-9.490483710489666436e+00,-1.913096096816284675e+00,-2.834754517898993575e-01,-2.673160606838758113e-01,-5.015389472375613167e-01,-4.054527941036720762e-01,-3.237402720280372487e-02,1.705107606225999828e-01
1.254000000000000092e+01,4.970058833667655662e+00,5.081835127311743250e+00,-9.526915035706192469e+00,-9.526915035706192469e+00,-1.821566260826342543e+00,-5.687493572247329654e-01,-9.977977369168633537e-01,-1.117762936440875876e-01,-9.939361164709381580e-01,-3.244133311305293782e-02,2.857971266712761027e-02
1.256000000000000050e+01,5.518259237516079274e+00,5.202744379705898758e+00,-9.557951339997252660e+00,-9.557951339997252660e+00,-1.551815214553017297e+00,2.533047307302708218e-01,8.759442019069109131e-01,3.155148578101805157e-01,5.542586199595067598e-01,-3.240380063957536833e-02,3.540893825869795286e-01
1.258000000000000007e+01,5.161522823630339651e+00,5.207073911636846297e+00,-9.585678224692680161e+00,-9.585678224692680161e+00,-1.386344234771409445e+00,5.326434354867046750e-01,1.028945832630608070e-01,-4.555108800650664591e-02,-5.235137621596006735e-02,-3.240380063957536833e-02,1.876497601185962427e-01
1.259999999999999964e+01,5.737410444333734816e+00,5.600561432581258714e+00,-9.609091685058547938e+00,-9.609091685058547938e+00,-1.170673018293399537e+00,4.289334739963960308e-01,7.703679300086905268e-01,1.368490117524761018e-01,6.735273965250484496e-01,-3.235819169776343873e-02,1.291987251814055160e-01
1.262000000000000099e+01,5.326504487257856191e+00,5.538124712214678169e+00,-9.631135702905746498e+00,-9.631135702905746498e+00,-1.102200892359971096e+00,-1.656249022887192335e-01,-4.859517589591159648e-01,-2.116202249568219784e-01,-3.480523205607212178e-01,-3.238176059506125276e-02,-1.055176778033334872e-01
1.264000000000000057e+01,5.186745897653711523e+00,4.554138720348493763e+00,-9.652018182890996556e+00,-9.652018182890996556e+00,-1.044123999262505764e+00,1.246816529349835889e+00,-5.214319613853175550e-01,6.326071773052177605e-01,-4.462510944924276690e-01,-3.241197917311349624e-02,-4.276888771977632731e-02
1.266000000000000014e+01,5.459756415472590163e+00,4.818277615948728609e+00,-9.667656640519117772e+00,-9.667656640519117772e+00,-7.819228814060765753e-01,9.170768928791018793e-01,1.577887179301786125e+00,6.414787995238615537e-01,1.150134472807602393e+00,-3.233409605133282655e-02,4.600868025455164267e-01
1.267999999999999972e+01,8.214049083458551337e+00,4.843547608861697995e+00,-9.672789037792815847e+00,-9.672789037792815847e+00,-2.566198636849396086e-01,1.164925503402985063e+00,4.471107295805293091e+00,3.370501474596853342e+00,4.312629763737475308e+00,-3.204205970512698232e-02,1.905195917729445854e-01
1.270000000000000107e+01,5.368528418701549398e+00,4.990524437952958081e+00,-9.675897179389322034e+00,-9.675897179389322034e+00,-1.554070798252923380e-01,1.583074851951446149e+00,7.555079749115329868e-01,3.780039807485913173e-01,6.667256284966113222e-01,-3.199691135548075188e-02,1.207792577704024650e-01
1.272000000000000064e+01,5.531351460210193416e+00,4.553965892437680907e+00,-9.677362004951003627e+00,-9.677362004951003627e+00,-7.324127808406745432e-02,1.541376351092542230e+00,6.662509375869565265e-01,9.773855677725125091e-01,6.868503182666888529e-01,-3.195040023156663078e-02,1.135101955183420719e-02
1.274000000000000021e+01,5.588893660661243601e+00,5.156088021223761864e+00,-9.675664650479410156e+00,-9.675664650479410156e+00,8.486772357967099778e-02,1.868587544652572596e+00,1.507848738553317025e+00,4.328056394374817373e-01,1.314358265643924550e+00,-3.186139644349940403e-02,2.253518693528920036e-01
1.275999999999999979e+01,5.423453868985046000e+00,5.143161287975479112e+00,-9.673805820030800362e+00,-9.673805820030800362e+00,9.294152243048339757e-02,1.799558804056997419e+00,1.656057120877949818e-01,2.802925810095668879e-01,3.395546266568308380e-01,-3.183840298059193580e-02,-1.421105115884439274e-01
1.278000000000000114e+01,5.490290042675605164e+00,4.501360594972805274e+00,-9.671500862379836860e+00,-9.671500862379836860e+00,1.152478825481556973e-01,1.956523333578875645e+00,3.160051236072064507e-01,9.889294477027998909e-01,4.408535184691600994e-01,-3.180854990768772206e-02,-9.303984495426595447e-02
1.280000000000000071e+01,5.175879469902143093e+00,5.224054622950429660e+00,-9.667267645926923336e+00,-9.667267645926923336e+00,2.116608226456561659e-01,2.231976360848269447e+00,1.079377283523160536e+00,-4.817515304828656753e-02,8.566389711602589996e-01,-3.175054128444380203e-02,2.544888536473453033e-01
1.282000000000000028e+01,5.414930082707893000e+00,4.939975748397144706e+00,-9.663399914560267590e+00,-9.663399914560267590e+00,1.933865683328264140e-01,1.601291384602323564e+00,2.891827951735859159e-02,4.749543343107482940e-01,2.424118338919784565e-01,-3.173412599490466057e-02,-1.817594283797152044e-01
1.283999999999999986e+01,5.319199025997353836e+00,5.238380312890975610e+00,-9.658990652871434435e+00,-9.658990652871434435e+00,2.204630844416407554e-01,1.887294646309791712e+00,4.641517294209698274e-01,8.081871310637822603e-02,4.816135625522656172e-01,-3.170151279303104475e-02,1.423967966173525501e-02
1.285999999999999943e+01,5.348471720370326921e+00,5.375647629351629320e+00,-9.655083344661059996e+00,-9.655083344661059996e+00,1.953654105186841961e-01,1.974753512563006463e+00,-3.051365478792475439e-02,-2.717590898130239907e-02,1.398160874987761648e-01,-3.169204493198782280e-02,-1.386376973547130964e-01
1.288000000000000078e+01,4.910643230220011368e+00,5.144012604977646674e+00,-9.653142153539629788e+00,-9.653142153539629788e+00,9.705955607149852060e-02,2.600260814028587220e+00,-7.876931339531726417e-01,-2.333693747576353061e-01,-5.905555868971548161e-01,-3.173203531031314195e-02,-1.654055117457047253e-01
1.290000000000000036e+01,4.966482583423918129e+00,5.688601344758447809e+00,-9.651910361623041723e+00,-9.651910361623041723e+00,6.158959582943347721e-02,1.557301520033918862e+00,-2.576400463491519410e-01,-7.221187613345296796e-01,-2.254631273732352614e-01,-3.174730289216676216e-02,-4.296160837499451990e-04
1.291999999999999993e+01,4.722024639340428820e+00,8.069477097673095400e+00,-9.653863526434189879e+00,-9.653863526434189879e+00,-9.765824055742795828e-02,2.039561258081894479e+00,-1.530888768039180725e+00,-3.347452458332666581e+00,-1.227552415880884151e+00,-3.183042848883271131e-02,-2.715059236694639111e-01
1.293999999999999950e+01,4.755700224477658722e+00,5.869150337049013899e+00,-9.666854059391779330e+00,-9.666854059391779330e+00,-6.495266478795103104e-01,3.401091578360320722e-01,-5.616342313778251771e+00,-1.113450112571355177e+00,-4.208496628958204866e+00,-3.211541329992751576e-02,-1.375730271520119175e+00
1.296000000000000085e+01,4.795006030204565839e+00,5.970256774828730073e+00,-9.681072778098963383e+00,-9.681072778098963383e+00,-7.109359353591648834e-01,1.085300340717195722e+00,-1.263619522676056262e+00,-1.175250744624164234e+00,-1.364163269692449054e+00,-3.220778971031613980e-02,1.327515367267089186e-01
1.298000000000000043e+01,5.206539845521311882e+00,6.302953705517509775e+00,-9.695788862735213343e+00,-9.695788862735213343e+00,-7.358042318124744519e-01,1.249599584077541348e+00,-9.596188998922601243e-01,-1.096413859996197893e+00,-9.699205002204210890e-01,-3.227346936623657486e-02,4.257506969439760203e-02
1.300000000000000000e+01,4.357433177342855402e+00,6.600714055045097339e+00,-9.714311603663059458e+00,-9.714311603663059458e+00,-9.261370463922673490e-01,1.227314705654801941e+00,-2.639132377610404312e+00,-2.243280877702241938e+00,-2.470811070781810947e+00,-3.244078413165959324e-02,-1.358805226969339586e-01
1.301999999999999957e+01,1.657825247298430504e+00,5.971812829262465705e+00,-9.744089541854840775e+00,-9.744089541854840775e+00,-1.488896909589038975e+00,-5.107600995947665368e-01,-6.553735678359984718e+00,-4.313987581964035201e+00,-6.277468785838267173e+00,-3.286587256912580635e-02,-2.434010199525923901e-01
1.304000000000000092e+01,4.662399287644533707e+00,5.925187592785760238e+00,-9.773995929394475368e+00,-9.773995929394475368e+00,-1.495319376981689263e+00,-8.069814059884310442e-01,-1.553121583515542747e+00,-1.262788305141226530e+00,-1.662955197854773637e+00,-3.297848213370494636e-02,1.428120964729358566e-01
1.306000000000000050e+01,4.511719750695188047e+00,6.303383773274894075e+00,-9.804321710909199794e+00,-9.804321710909199794e+00,-1.516289075736189984e+00,-3.240268077276287073e-03,-1.705016364526697137e+00,-1.791664022579706028e+00,-1.795104159455026771e+00,-3.310004036812473627e-02,1.231878352964544260e-01
1.308000000000000007e+01,4.591372870482770097e+00,6.460013177337390999e+00,-9.836234136938506012e+00,-9.836234136938506012e+00,-1.595621301465354414e+00,6.468794963840305279e-01,-2.309611333027833169e+00,-1.868640306854620903e+00,-2.174253846545997515e+00,-3.324727330576485868e-02,-1.021102131760705384e-01
1.309999999999999964e+01,4.636983478698680550e+00,6.720481038166720822e+00,-9.869951581092037074e+00,-9.869951581092037074e+00,-1.685872207676557322e+00,7.505348408148315720e-03,-2.498130363577383051e+00,-2.083497559468040272e+00,-2.315247717271162298e+00,-3.340405385984778625e-02,-1.494785924463728488e-01
1.312000000000000099e+01,4.583957954081874675e+00,6.056764974261397150e+00,-9.906259921072292585e+00,-9.906259921072292585e+00,-1.815416999012731569e+00,-3.989092792852451663e-01,-2.981320121038300908e+00,-1.472807020179522475e+00,-2.713384316787754713e+00,-3.358779484507908031e-02,-2.343480094054672391e-01
1.314000000000000057e+01,4.325068985867077664e+00,6.591570555024544475e+00,-9.943070434319961848e+00,-9.943070434319961848e+00,-1.840525662383442729e+00,-5.314974075278329213e-01,-2.066503632719842720e+00,-2.266501569157466811e+00,-2.199253905260785569e+00,-3.373672070008099100e-02,1.664869932410241171e-01
1.316000000000000014e+01,4.608157612114756496e+00,6.983164161601660425e+00,-9.981605164274183650e+00,-9.981605164274183650e+00,-1.926736497711091678e+00,-1.654447393098548158e+00,-2.702634015659932665e+00,-2.375006549486903928e+00,-2.518934437495430778e+00,-3.390729421317123515e-02,-1.497922839513304849e-01
1.317999999999999972e+01,4.456176885462579840e+00,6.865227819316689128e+00,-1.002337295457429711e+01,-1.002337295457429711e+01,-2.088389515005671271e+00,-1.298311304189903037e+00,-3.543266670656886497e+00,-2.409050933854109289e+00,-3.209273840696632352e+00,-3.412461511891919791e-02,-2.998682148413350790e-01
1.320000000000000107e+01,4.824932562416133663e+00,6.720492508135780696e+00,-1.006651726686181014e+01,-1.006651726686181014e+01,-2.157215614375677770e+00,-1.624464773306730114e+00,-2.776650508705736708e+00,-1.895559945719647033e+00,-2.591174976263705521e+00,-3.430008051101264555e-02,-1.511754519310188616e-01
1.322000000000000064e+01,4.618270486849358925e+00,6.902783978714606583e+00,-1.011082324286061684e+01,-1.011082324286061684e+01,-2.215298799940331964e+00,-1.270995171847912220e+00,-2.738047470022219709e+00,-2.284513491865247659e+00,-2.669821967033755516e+00,-3.448087160484327590e-02,-3.374463138362081283e-02
1.324000000000000021e+01,4.346194933377422132e+00,6.908366954482990430e+00,-1.015749056369985759e+01,-1.015749056369985759e+01,-2.333366041962074533e+00,-1.584199661119134017e+00,-3.395971220157756765e+00,-2.562172021105568298e+00,-3.246868087578224316e+00,-3.470073826274227419e-02,-1.144023943167898627e-01
1.325999999999999979e+01,4.561878442031003900e+00,6.659193332477697957e+00,-1.020568676234526073e+01,-1.020568676234526073e+01,-2.409809932270191357e+00,-1.271115762990936204e+00,-3.097804945043244107e+00,-2.097314890446694058e+00,-2.980040410814023044e+00,-3.490253627481314236e-02,-8.286199795440805926e-02
1.328000000000000114e+01,4.931264372909992311e+00,9.489008000255692465e+00,-1.025339021282937502e+01,-1.025339021282937502e+01,-2.385172524205749323e+00,1.192415115382308155e-01,-2.163435851625771900e+00,-4.557743627345700155e+00,-2.194469778650986136e+00,-3.505113816533596272e-02,6.608506519055000472e-02
1.330000000000000071e+01,4.637910285257623499e+00,6.814518747380992281e+00,-1.031144201944415073e+01,-1.031144201944415073e+01,-2.902590330738817226e+00,-2.421784971489020499e+00,-7.559350589536429688e+00,-2.176608462123368781e+00,-6.160894098047547729e+00,-3.546833256882579721e-02,-1.362988158920056092e+00
1.332000000000000028e+01,5.069203390215731631e+00,6.390880014247702690e+00,-1.036743737539065258e+01,-1.036743737539065258e+01,-2.799767797325121599e+00,-2.162822992574644942e+00,-1.874364996601862066e+00,-1.321676624031971059e+00,-2.216550503599881150e+00,-3.561842968954200689e-02,3.778039366875611815e-01
1.333999999999999986e+01,5.405119433833923459e+00,6.237676422599499837e+00,-1.041945756433739056e+01,-1.041945756433739056e+01,-2.601009447336938063e+00,-2.303264706112637228e+00,-8.121842974432861295e-01,-8.325569887655763779e-01,-1.251915937125499534e+00,-3.570320509945758974e-02,4.754348447816710843e-01
1.335999999999999943e+01,5.109195891483489405e+00,6.416015230192871677e+00,-1.046839547588736430e+01,-1.046839547588736430e+01,-2.446895577498693353e+00,-2.147393080786772934e+00,-1.059870748954492070e+00,-1.306819338709382272e+00,-1.433170274517333365e+00,-3.580025442513356387e-02,4.090997799879748098e-01
1.338000000000000078e+01,5.307075713763842906e+00,3.160883639761110420e+00,-1.051493297966089813e+01,-1.051493297966089813e+01,-2.326875188676657213e+00,-2.018994267658136721e+00,-1.246691689278329962e+00,2.146192074002732486e+00,-1.408353185864866575e+00,-3.589562322354646062e-02,1.975571198100831982e-01
1.340000000000000036e+01,5.508204839379097884e+00,6.472020920848255088e+00,-1.054740723368544408e+01,-1.054740723368544408e+01,-1.623712701227337352e+00,-4.842373632600198707e-01,4.704749685816540072e+00,-9.638160814691572043e-01,2.981097923514844261e+00,-3.569375360037931044e-02,1.759345515902075219e+00
1.341999999999999993e+01,5.156766738019757490e+00,5.607815700757019073e+00,-1.058088123067254038e+01,-1.058088123067254038e+01,-1.673699849354827629e+00,-1.149251073138505941e+00,-2.123584182502240125e+00,-4.510489627372615828e-01,-1.670372812192191914e+00,-3.580686546010256044e-02,-4.174045048499455124e-01
1.343999999999999950e+01,5.311152992084616109e+00,6.135145913328035050e+00,-1.061155663390544035e+01,-1.061155663390544035e+01,-1.533770161644997465e+00,-9.626564931350798382e-01,-2.744029722565264340e-01,-8.239929212434189409e-01,-3.767616400139517929e-01,-3.583237845304838853e-02,1.381910462104737336e-01
1.346000000000000085e+01,5.650743177293300334e+00,6.009419408285430642e+00,-1.064079838126578181e+01,-1.064079838126578181e+01,-1.462087368017047195e+00,-6.095555415633056029e-01,-8.169422253654947674e-01,-3.586762309921303071e-01,-6.151914747641130665e-01,-3.587403708834737553e-02,-1.658767135130343462e-01
1.348000000000000043e+01,5.488615994175884971e+00,5.416745776925429467e+00,-1.066861763601418644e+01,-1.066861763601418644e+01,-1.390962737420241568e+00,-2.305687887200350561e-01,-7.508410620489908149e-01,7.187021725045550369e-02,-6.614203359191229703e-01,-3.591882618196079457e-02,-5.350189994790703618e-02
1.350000000000000000e+01,5.499856120192954556e+00,5.581191811604257147e+00,-1.069300028809632863e+01,-1.069300028809632863e+01,-1.219132604107111106e+00,-7.290918204071813458e-01,3.273385957110627187e-01,-8.133569141130259084e-02,1.055501359497568598e-01,-3.591167869243978850e-02,2.577001384537456197e-01
1.351999999999999957e+01,5.525221811494908764e+00,5.680281253517516227e+00,-1.071496167981146463e+01,-1.071496167981146463e+01,-1.098069585756775490e+00,-1.041520619754341404e+00,-8.502420603755889150e-03,-1.550594420226074632e-01,-7.108190013887244474e-02,-3.591649211244919010e-02,9.849597164756573875e-02
1.354000000000000092e+01,5.312167257147949684e+00,4.570272963570928937e+00,-1.073569463692953718e+01,-1.073569463692953718e+01,-1.036647855903597204e+00,-3.618662566442525375e-01,-4.838522872249934603e-01,7.418942935770207470e-01,-4.675047753893495361e-01,-3.594814991613697053e-02,1.960063808049300471e-02
1.356000000000000050e+01,5.924514828181199455e+00,5.380395741979039137e+00,-1.074985317821982456e+01,-1.074985317821982456e+01,-7.079270645143367346e-01,7.052868913961531927e-01,2.250560057989008378e+00,5.441190862021603181e-01,1.719887168055043603e+00,-3.583168511578048443e-02,5.665045750497454957e-01
1.358000000000000007e+01,5.508884277625675452e+00,5.161464327995706647e+00,-1.076235492165296925e+01,-1.076235492165296925e+01,-6.250871716571934078e-01,-4.378934890740119323e-01,1.204718640570961730e-01,3.474199496299688050e-01,1.631804402712281332e-01,-3.582063510171487608e-02,-6.887941112417084177e-03
1.359999999999999964e+01,5.327213031157000067e+00,5.072655349995926599e+00,-1.077304868922742465e+01,-1.077304868922742465e+01,-5.346883787228133844e-01,8.680025624356568770e-02,2.789007576866072702e-01,2.545576811610734680e-01,2.105008530148426427e-01,-3.580638071324300509e-02,1.042062853850076326e-01
1.362000000000000099e+01,5.257277328153261209e+00,4.993113080999732389e+00,-1.078204137868473467e+01,-1.078204137868473467e+01,-4.496344728655231049e-01,-3.311998505853868124e-01,3.158506798500892998e-01,2.641642471535288195e-01,2.344699122598149499e-01,-3.579050322312147397e-02,1.171712708133958031e-01
1.364000000000000057e+01,5.698763332197855469e+00,4.525642440571185254e+00,-1.078817064331381559e+01,-1.078817064331381559e+01,-3.064632314540128299e-01,1.060383660154639252e+00,9.820779412495797001e-01,1.173120891626670215e+00,8.961758190216163600e-01,-3.572981730151843227e-02,1.216319395294817862e-01
1.366000000000000014e+01,5.483879121363412601e+00,5.202040348939434899e+00,-1.079068846965546058e+01,-1.079068846965546058e+01,-1.258913170822903715e-01,5.283294894470615954e-01,1.499255912263212087e+00,2.818387724239777015e-01,1.216960584606128659e+00,-3.564740894697029927e-02,3.179427366040536995e-01
1.367999999999999972e+01,5.343344397804415280e+00,5.264402718723149910e+00,-1.079289544407791190e+01,-1.079289544407791190e+01,-1.103487211225406966e-01,1.315002894296758651e+00,2.953464251520643291e-02,7.894167908126537014e-02,1.794561420585250866e-01,-3.563525679876791002e-02,-1.142862427445507367e-01
1.370000000000000107e+01,5.165528522666522626e+00,4.788805352237437418e+00,-1.079542626269620698e+01,-1.079542626269620698e+01,-1.265409309147887407e-01,8.842074468267863141e-01,-2.722708190450210397e-01,3.767231704290852079e-01,-1.255702289919166659e-01,-3.564375997962877796e-02,-1.110568300734755959e-01
1.372000000000000064e+01,5.193185900845984193e+00,4.312116339675779564e+00,-1.079642987541079613e+01,-1.079642987541079613e+01,-5.018063572942409178e-02,2.310601433846137809e-01,6.370620209388577759e-01,8.810695611702046293e-01,5.135632967328543907e-01,-3.560898325244844093e-02,1.591077074584518747e-01
1.374000000000000021e+01,5.408318541840002602e+00,5.431098536067393567e+00,-1.079392226963320134e+01,-1.079392226963320134e+01,1.253802888797306281e-01,1.221719948452708815e+00,1.705428610362122788e+00,-2.277999422739096502e-02,1.392176796748563206e+00,-3.551470986306231453e-02,3.487665234766219591e-01
1.375999999999999979e+01,5.067511081689673347e+00,4.980303582461980128e+00,-1.079328626165899330e+01,-1.079328626165899330e+01,3.180039871043437161e-02,1.021250089967480790e+00,-8.104186128132319089e-01,8.720749922769321927e-02,-4.617560670597046779e-01,-3.554597838413879607e-02,-3.131165673693884210e-01
1.378000000000000114e+01,5.031320075552191184e+00,4.639890262476833449e+00,-1.079264472719221324e+01,-1.079264472719221324e+01,3.207672333896683520e-02,7.613814744800810885e-01,3.456364499575900057e-02,3.914298130753577354e-01,6.479094622456804675e-02,-3.554159096573304005e-02,5.314289736923993868e-03
1.380000000000000071e+01,4.563638120730836079e+00,4.689698999395083057e+00,-1.079198563123710919e+01,-1.079198563123710919e+01,3.295479775518114773e-02,1.533301086408375369e+00,4.085746750110999526e-02,-1.260608786642469781e-01,-9.684022001741665608e-02,-3.554814864992319329e-02,1.732458361684498516e-01
1.382000000000000028e+01,4.972553203634868524e+00,4.580208200376324257e+00,-1.079055210817645793e+01,-1.079055210817645793e+01,7.167615303254259995e-02,9.906114939639490968e-01,4.201683505287955867e-01,3.923450032585442671e-01,3.592248393845275389e-01,-3.552382318835857478e-02,9.646733433262659474e-02
1.383999999999999986e+01,4.742604108598935220e+00,5.164265287177602914e+00,-1.078867636442537936e+01,-1.078867636442537936e+01,9.378718755395283602e-02,1.188946699050361877e+00,2.927864982466449884e-01,-4.216611785786676947e-01,2.062428034427159218e-01,-3.550985714025142737e-02,1.220535519441804939e-01
1.385999999999999943e+01,4.785779977549940334e+00,5.137003741752949715e+00,-1.078843147843534922e+01,-1.078843147843534922e+01,1.224429950154543034e-02,2.305591431089221821e+00,-7.216416929701212624e-01,-3.512237642030093809e-01,-4.806763432271314862e-01,-3.554240687687940797e-02,-2.054229428661104584e-01
1.388000000000000078e+01,4.644726640340866020e+00,4.971854377332673991e+00,-1.078979307398809340e+01,-1.078979307398809340e+01,-6.807977763718382758e-02,1.561895562524904468e+00,-7.909964718857471766e-01,-3.271277369918079714e-01,-6.251919187933463462e-01,-3.558474270760084851e-02,-1.302198103848000166e-01
1.390000000000000036e+01,4.460836008624008642e+00,5.144298646478191017e+00,-1.079240557299023351e+01,-1.079240557299023351e+01,-1.306249501070032015e-01,9.962777290869049285e-01,-6.935315023353774144e-01,-6.834626378541823755e-01,-6.489933282600049980e-01,-3.562869028730979160e-02,-8.909483788062708132e-03
1.391999999999999993e+01,4.356759674701756069e+00,5.598593714058072379e+00,-1.079701279168712169e+01,-1.079701279168712169e+01,-2.303609348444095040e-01,1.491885606051317703e+00,-1.127984797481066392e+00,-1.241834039356316310e+00,-1.000174494156072402e+00,-3.569641863888256550e-02,-9.211388468611136915e-02
1.393999999999999950e+01,4.368402379687526427e+00,5.711034825548756189e+00,-1.080493701625968050e+01,-1.080493701625968050e+01,-3.962112286278975937e-01,1.515071861133095332e+00,-1.888863872679290568e+00,-1.342632445861229762e+00,-1.562342994650593342e+00,-3.580221509363843563e-02,-2.907186629350588802e-01
1.396000000000000085e+01,4.409632553833826130e+00,5.970217846036387499e+00,-1.081596520589167021e+01,-1.081596520589167021e+01,-5.514094815994947663e-01,9.212942520684587189e-01,-1.948193758343869098e+00,-1.560585292202561369e+00,-1.652780885077961281e+00,-3.591413568900592157e-02,-2.594987375769017834e-01
1.398000000000000043e+01,4.634388996085036183e+00,5.872722036226642572e+00,-1.082997708439429196e+01,-1.082997708439429196e+01,-7.005939251310442373e-01,1.204751125589515581e+00,-2.043253916914989254e+00,-1.238333040141606389e+00,-1.696502639438216109e+00,-3.602901697010173904e-02,-3.107222605066716214e-01
1.400000000000000000e+01,4.445898028792035994e+00,5.920517138385538836e+00,-1.084662211681134281e+01,-1.084662211681134281e+01,-8.322516208525506665e-01,1.108492672727250827e+00,-2.017170882346108751e+00,-1.474619109593502841e+00,-1.812066489441950479e+00,-3.615172383474111323e-02,-1.689526690694171662e-01
1.401999999999999957e+01,4.501872352747131600e+00,5.929306564967564697e+00,-1.086556268885522947e+01,-1.086556268885522947e+01,-9.470286021943761234e-01,1.032908828686734282e+00,-1.980021434270805791e+00,-1.427434212220433096e+00,-1.801678877760777286e+00,-3.627372728630601922e-02,-1.420688292237223538e-01
1.404000000000000092e+01,4.773798632264292685e+00,6.340457284729994036e+00,-1.088582459067552044e+01,-1.088582459067552044e+01,-1.013095091014551308e+00,2.697229615396248281e-01,-1.607693490396128411e+00,-1.566658652465701351e+00,-1.467495074533155419e+00,-3.637310096851850000e-02,-1.038253148944545262e-01
1.406000000000000050e+01,4.565166883630501715e+00,6.102074628024192648e+00,-1.090919745304219646e+01,-1.090919745304219646e+01,-1.168643118333813735e+00,7.864677704129614533e-01,-2.568575364207176026e+00,-1.536907744393690933e+00,-2.254618809396355061e+00,-3.652577594301305297e-02,-2.774307788678079811e-01
1.408000000000000007e+01,4.960269993030765434e+00,6.275350918693526125e+00,-1.093335743485170752e+01,-1.093335743485170752e+01,-1.207999090475557535e+00,5.820597133320599692e-01,-1.562202839751251515e+00,-1.315080925662760691e+00,-1.450091886441652544e+00,-3.662397114162248973e-02,-7.548698216797652960e-02
1.409999999999999964e+01,4.966934937076588952e+00,6.259606181313831286e+00,-1.095877653302394883e+01,-1.095877653302394883e+01,-1.270954908612048184e+00,2.940153662176528959e-01,-1.837557271840463358e+00,-1.292671244237242334e+00,-1.661688296653510255e+00,-3.673649491604154965e-02,-1.391324802709116293e-01
1.412000000000000099e+01,4.680786073673440129e+00,6.037623711520279102e+00,-1.098591677271321210e+01,-1.098591677271321210e+01,-1.357011984463157850e+00,-7.855079680478649351e-02,-2.131525667123145507e+00,-1.356837637846838973e+00,-2.005101536703296716e+00,-3.687227344529862144e-02,-8.955185697455012028e-02
1.414000000000000057e+01,4.739119667655265822e+00,6.907492080872716933e+00,-1.101361943465440163e+01,-1.101361943465440163e+01,-1.385133097059505491e+00,-1.181480154336825850e-01,-1.638223110426634044e+00,-2.168372413217451111e+00,-1.649100135708566839e+00,-3.698394479307100940e-02,4.786097007500389466e-02
1.416000000000000014e+01,5.163462665801507256e+00,7.076010824444083802e+00,-1.104385531651616859e+01,-1.104385531651616859e+01,-1.511794093088376423e+00,4.137651635227385105e-01,-2.651743057348214805e+00,-1.912548158642576546e+00,-2.214917357140436138e+00,-3.713393132276713443e-02,-3.996917688850113448e-01
1.417999999999999972e+01,5.231737166649389259e+00,6.791851767355887581e+00,-1.107655406350530924e+01,-1.107655406350530924e+01,-1.634937349457003641e+00,-3.311135696795422523e-01,-2.743226656774647942e+00,-1.560114600706498322e+00,-2.342227545399262034e+00,-3.729253885733747886e-02,-3.637065725180486098e-01
1.420000000000000107e+01,4.555019496499411957e+00,7.003173003786426598e+00,-1.111196562635704232e+01,-1.111196562635704232e+01,-1.770578142586610060e+00,2.618280260440333240e-01,-2.991345280753067826e+00,-2.448153507287014641e+00,-2.840776983987724158e+00,-3.748490643263113764e-02,-1.130833903327123635e-01
1.422000000000000064e+01,5.112095350836560748e+00,6.999971873573126224e+00,-1.114908345793826605e+01,-1.114908345793826605e+01,-1.855891579061191177e+00,-3.302565442038132848e-01,-2.623712507332421673e+00,-1.887876522736565477e+00,-2.401668619246329683e+00,-3.764753911078482645e-02,-1.843963489753071006e-01
1.424000000000000021e+01,5.596074080957555097e+00,7.182058954143596630e+00,-1.118638590986612513e+01,-1.118638590986612513e+01,-1.865122596392993604e+00,-4.444459730580793133e-01,-1.948201752379216556e+00,-1.585984873186041533e+00,-1.782950196621775341e+00,-3.776827432094976428e-02,-1.274832814364913747e-01
1.425999999999999979e+01,5.207317496895682574e+00,6.656207288915105380e+00,-1.122540967143303980e+01,-1.122540967143303980e+01,-1.951188078345770460e+00,-8.582429016921544473e-01,-2.725777415920762614e+00,-1.448889792019422806e+00,-2.507921650704850958e+00,-3.793810208627308722e-02,-1.799176631296382223e-01
1.428000000000000114e+01,5.013127068555163213e+00,6.783614116459033561e+00,-1.126450877588676214e+01,-1.126450877588676214e+01,-1.954955222686124205e+00,-4.720658674577119518e-01,-1.988859521749308579e+00,-1.770487047903870348e+00,-2.086711879857126473e+00,-3.807940698522404438e-02,1.359317650930418619e-01
1.430000000000000071e+01,5.409662871680993135e+00,6.482992520337901077e+00,-1.130320079391953669e+01,-1.130320079391953669e+01,-1.934600901638725112e+00,-8.327654497307102055e-02,-1.751412012212133051e+00,-1.073329648656907942e+00,-1.744918080868111288e+00,-3.819756679227495622e-02,3.170363544825306745e-02
1.432000000000000028e+01,5.174132251193775289e+00,6.852756330204440971e+00,-1.134108093129084693e+01,-1.134108093129084693e+01,-1.894006868565488499e+00,-6.423841994988161996e-01,-1.528660570906359872e+00,-1.678624079010665682e+00,-1.662252541813039830e+00,-3.831012877542135098e-02,1.719020996821011282e-01
1.433999999999999986e+01,5.712542471587124027e+00,7.018435829539508397e+00,-1.137827363631532052e+01,-1.137827363631532052e+01,-1.859635251223671792e+00,1.207636263018350142e-01,-1.550290695147320985e+00,-1.305893357952384370e+00,-1.448071600443992635e+00,-3.840818716726244336e-02,-6.381090753606605270e-02
1.435999999999999943e+01,5.560022741686755587e+00,6.673005077251776385e+00,-1.141578285935376691e+01,-1.141578285935376691e+01,-1.875461151922297010e+00,-5.032429272179430590e-01,-2.017894258209923741e+00,-1.112982335565020797e+00,-1.852184621572996015e+00,-3.853361069281777823e-02,-1.271760259441098162e-01
1.438000000000000078e+01,5.422422716621652761e+00,6.385882126332111497e+00,-1.145262891901296420e+01,-1.145262891901296420e+01,-1.842302982959834745e+00,-6.714900596164826707e-01,-1.543879462297675254e+00,-9.634594097104587362e-01,-1.588239598000257047e+00,-3.864116077583196890e-02,8.300129647841364422e-02
1.440000000000000036e+01,5.507738628487092392e+00,5.864822247131863620e+00,-1.148769611427881543e+01,-1.148769611427881543e+01,-1.753359763292545059e+00,-5.557464401601572845e-01,-9.528707862869382206e-01,-3.570836186447712279e-01,-1.115242242263174255e+00,-3.871668111664663958e-02,2.010881370928826462e-01
1.441999999999999993e+01,5.292432313937409205e+00,5.906670837250277195e+00,-1.151998749323008298e+01,-1.151998749323008298e+01,-1.614568947563402190e+00,-6.194717762238499681e-01,-3.654516060011172573e-01,-6.142385233128679900e-01,-7.269352151569571374e-01,-3.876590665090136334e-02,4.002495158067412850e-01
1.443999999999999950e+01,5.339637335839721111e+00,6.642762544540556924e+00,-1.155004896059650044e+01,-1.155004896059650044e+01,-1.503073368320829939e+00,-1.505180170994645794e-01,-4.996131551376800095e-01,-1.303125208700835813e+00,-7.201325467914062584e-01,-3.881467153202267095e-02,2.593340631857489198e-01
1.446000000000000085e+01,5.429047555711933981e+00,6.045674213537918007e+00,-1.158063503505194269e+01,-1.158063503505194269e+01,-1.529303722772141771e+00,4.065485672641208081e-01,-1.765376912833948264e+00,-6.166266578259840259e-01,-1.541418035812351262e+00,-3.891905102106193309e-02,-1.850398260005350348e-01
1.448000000000000043e+01,5.412893873611760220e+00,6.071015285977222398e+00,-1.160951206684423553e+01,-1.160951206684423553e+01,-1.443851589614685293e+00,-3.076357532647363002e-01,-6.747823911975763256e-01,-6.581214123654621773e-01,-8.036310317062204112e-01,-3.897347013029558299e-02,1.678221106389396478e-01
1.450000000000000000e+01,5.474986478200516871e+00,6.416260181899662740e+00,-1.163688364683952337e+01,-1.163688364683952337e+01,-1.368578999764386461e+00,-2.024299267209147546e-01,-6.911256911116963053e-01,-9.412737036991458695e-01,-7.569565858764160104e-01,-3.902472860776438207e-02,1.048556233724841635e-01
1.451999999999999957e+01,4.976272468594465259e+00,6.059336639117831602e+00,-1.166545100080579722e+01,-1.166545100080579722e+01,-1.428367698313682377e+00,-8.497679633837060820e-01,-1.966465985257345839e+00,-1.083064170523366343e+00,-1.828784395897600890e+00,-3.914856755110862618e-02,-9.853302180863632298e-02
1.454000000000000092e+01,4.851814930141504334e+00,5.932274827946150353e+00,-1.169408967972700175e+01,-1.169408967972700175e+01,-1.431933946060185203e+00,-3.603274487188107833e-01,-1.464030175778709975e+00,-1.080459897804646019e+00,-1.533552570399935755e+00,-3.925241441808059034e-02,1.087748090393064471e-01
1.456000000000000050e+01,4.680484819370596128e+00,5.864672986357228446e+00,-1.172284391921800228e+01,-1.172284391921800228e+01,-1.437711974550042626e+00,-6.260832714003499166e-01,-1.489714230958760321e+00,-1.184188166986632318e+00,-1.589773310890953972e+00,-3.936006835881809135e-02,1.394191482910117630e-01
1.458000000000000007e+01,5.306043932488074155e+00,5.347967094702992696e+00,-1.174995795053581560e+01,-1.174995795053581560e+01,-1.355701565890666815e+00,-5.712157581356394065e-01,-6.176078879562854063e-01,-4.192316221491854122e-02,-7.094588984138259224e-01,-3.940811045745083729e-02,1.312591209149913396e-01
1.459999999999999964e+01,5.338946593536517682e+00,5.611053909007699403e+00,-1.177376390517835603e+01,-1.177376390517835603e+01,-1.190297732127057140e+00,-6.626159360669762188e-01,2.983367717454292189e-01,-2.721073154711817210e-01,-1.145603648142326861e-02,-3.940811045745083729e-02,3.492009186843033075e-01
1.462000000000000099e+01,5.063900276184972071e+00,5.558271399642314314e+00,-1.179643109809624235e+01,-1.179643109809624235e+01,-1.133359645894298273e+00,-2.771852879291155647e-01,-6.209168697994689179e-01,-4.943711234573422431e-01,-6.948851136848637200e-01,-3.945516566987359447e-02,1.134234095552683896e-01
1.464000000000000057e+01,4.150880688119869433e+00,5.469346227941760397e+00,-1.182027413237944380e+01,-1.182027413237944380e+01,-1.192151714160060383e+00,-1.398466114362528767e-01,-1.721280328551920036e+00,-1.318465539821890964e+00,-1.787386203633505088e+00,-3.957620127106452335e-02,1.056820763526496454e-01
1.466000000000000014e+01,5.027173951553350228e+00,5.236878760988057380e+00,-1.184269868489461786e+01,-1.184269868489461786e+01,-1.121227625758692836e+00,-1.135901941152637651e+00,-4.829108301463841957e-01,-2.097048094347071512e-01,-5.615587910132808780e-01,-3.961422808683392333e-02,1.182621889537305987e-01
1.467999999999999972e+01,4.844676753739796560e+00,4.730916987377862704e+00,-1.186355916650998310e+01,-1.186355916650998310e+01,-1.043024080768242934e+00,-8.488894564469267046e-01,-3.391921758541929788e-01,1.137597663619338562e-01,-4.980965492052912280e-01,-3.964795745945727534e-02,1.985523308105555107e-01
1.470000000000000107e+01,4.651504296931351590e+00,5.640722859183359361e+00,-1.188183270658179680e+01,-1.188183270658179680e+01,-9.136770035906824905e-01,-4.438542579797610799e-01,2.504466910073610553e-01,-9.892185622520077715e-01,-1.008541168670691185e-01,-3.965478695083567845e-02,3.909555948252658175e-01
1.472000000000000064e+01,4.668720468840913185e+00,4.934177563981718251e+00,-1.190118608429177449e+01,-1.190118608429177449e+01,-9.676688854988905186e-01,-7.834281783873077165e-01,-1.453595822672763216e+00,-2.654570951408050661e-01,-1.234443035734906768e+00,-3.973837915640512919e-02,-1.794144077814512905e-01
1.474000000000000021e+01,4.528372708974899297e+00,4.948680002780449172e+00,-1.191926187617609223e+01,-1.191926187617609223e+01,-9.037895942159208662e-01,-7.202509511499064487e-01,-3.288759726691944940e-01,-4.203072938055498753e-01,-5.153721658586600807e-01,-3.977327837393571791e-02,2.262694715634013254e-01
1.475999999999999979e+01,4.562046849922158032e+00,4.576640092984134434e+00,-1.193628941730674420e+01,-1.193628941730674420e+01,-8.513770565325786688e-01,-6.368060245011700760e-01,-3.796642173824984479e-01,-1.459324306197640198e-02,-4.910241041300297815e-01,-3.980652882508153162e-02,1.511664155726129277e-01
1.478000000000000114e+01,4.575554939415201083e+00,5.328937693775330331e+00,-1.195111438894008771e+01,-1.195111438894008771e+01,-7.412485816671441352e-01,-7.236174863228099774e-01,2.499076921217669167e-01,-7.533827543601292476e-01,-1.378145032545354757e-03,-3.980652882508153162e-02,2.910923659793938079e-01
1.480000000000000071e+01,4.525924560015911702e+00,5.289555113165966382e+00,-1.196691802704377139e+01,-1.196691802704377139e+01,-7.901819051841784125e-01,2.706089861632676730e-01,-1.230581816837486464e+00,-7.636305531500546806e-01,-1.019826679874461739e+00,-3.987558795458483879e-02,-1.708795490084398239e-01
1.482000000000000028e+01,4.607929948667967679e+00,4.830814203553845942e+00,-1.198315250398867349e+01,-1.198315250398867349e+01,-8.117238472451240305e-01,-1.030582041779558589e-01,-1.005601325793634704e+00,-2.228842548858782635e-01,-8.656639589124583978e-01,-3.993420771873166381e-02,-1.000031591624446353e-01
1.483999999999999986e+01,4.547323144664421335e+00,5.253907040602449285e+00,-1.199824661618141874e+01,-1.199824661618141874e+01,-7.547056096372356526e-01,-2.114300194123809318e-01,-2.415414711662406955e-01,-7.065838959380279505e-01,-3.600336447895692293e-01,-3.995858794979615519e-02,1.584507615731247099e-01
1.485999999999999943e+01,4.441686247550005184e+00,4.813977034646955033e+00,-1.201417398424661620e+01,-1.201417398424661620e+01,-7.963684032598741247e-01,2.721572437619425577e-01,-1.171333545863619818e+00,-3.722907870969498489e-01,-1.031520407176603982e+00,-4.002843893799866437e-02,-9.978469974901715833e-02
1.488000000000000078e+01,4.418986752018146724e+00,5.347881373463684085e+00,-1.202929354393309325e+01,-1.202929354393309325e+01,-7.559779843238234598e-01,-1.295854926032194987e-01,-3.924642138993672535e-01,-9.288946214455373607e-01,-5.016376589385865836e-01,-4.006240810230474181e-02,1.492358531415241274e-01
1.490000000000000036e+01,4.713372560958765334e+00,5.403297348688676394e+00,-1.204491587251346907e+01,-1.204491587251346907e+01,-7.811164290187502246e-01,-5.436746311685959343e-01,-1.007362431273091108e+00,-6.899247877299110598e-01,-8.058261918812468227e-01,-4.011697586018016237e-02,-1.614192635316641644e-01
1.491999999999999993e+01,5.023009669502513042e+00,2.642617529121851661e+00,-1.206030337958240928e+01,-1.206030337958240928e+01,-7.693753534469980337e-01,-5.336196743838270695e-01,-6.637056733012287602e-01,2.380392140380661381e+00,-4.829653525664274749e-01,-4.014968060059017491e-02,-1.405906401342110756e-01
1.493999999999999950e+01,4.805440674177481775e+00,5.958120873413228935e+00,-1.206618568230753397e+01,-1.206618568230753397e+01,-2.941151362562116622e-01,2.801486370648755830e-01,3.983226818460865903e+00,-1.152680199235747160e+00,2.746785394220650378e+00,-3.996367781011538750e-02,1.276405102050330864e+00
1.496000000000000085e+01,4.873429974660907327e+00,5.572446006473415814e+00,-1.207583025775347529e+01,-1.207583025775347529e+01,-4.822287722970635682e-01,8.983035188460792853e-01,-2.175251496664730944e+00,-6.990160318125084871e-01,-1.377557441415448558e+00,-4.005696122740808746e-02,-7.576370940218741801e-01
1.498000000000000043e+01,5.037055745499502635e+00,5.584986072799281942e+00,-1.208662703269143357e+01,-1.208662703269143357e+01,-5.398387468979578552e-01,5.876314155960085106e-01,-1.058328518306006494e+00,-5.479303272997793073e-01,-6.799456314368697019e-01,-4.010300478985184131e-02,-3.382798820792849992e-01
1.500000000000000000e+01,5.094977240345748726e+00,5.534640428030500381e+00,-1.209815512460209952e+01,-1.209815512460209952e+01,-5.764045955332831594e-01,6.964764572155370814e-01,-9.054972332512107869e-01,-4.396631876847516551e-01,-6.223112172159871447e-01,-4.014514554944284552e-02,-2.430408704857808244e-01
1.501999999999999957e+01,5.166789010709480046e+00,6.145880423661463254e+00,-1.210983521643972693e+01,-1.210983521643972693e+01,-5.840045918813769887e-01,-2.795230369075595300e-01,-6.524045590142215634e-01,-9.790914129519832088e-01,-4.671712999976958547e-01,-4.017678077133245151e-02,-1.450564782451933543e-01
1.504000000000000092e+01,5.302946140751552129e+00,6.556144225300802653e+00,-1.212338072482361362e+01,-1.212338072482361362e+01,-6.772754191943497482e-01,1.045221839082790538e+00,-1.516712865011104583e+00,-1.253198084549250524e+00,-1.070526539295587165e+00,-4.024927311966270543e-02,-4.059370525958548304e-01
1.506000000000000050e+01,5.112074668124284571e+00,5.764997438817629494e+00,-1.214029730059061052e+01,-1.214029730059061052e+01,-8.458287883498394333e-01,-1.426089142339855398e+00,-2.362809110749247488e+00,-6.529227706933449227e-01,-1.833968337614177990e+00,-4.037346310157988866e-02,-4.884673100334894214e-01
1.508000000000000007e+01,5.183956732319069616e+00,5.758855070982428437e+00,-1.215697478107532881e+01,-1.215697478107532881e+01,-8.338740242358887444e-01,1.062610537731402349e+00,-7.262811472103322119e-01,-5.748983386633588211e-01,-7.379216972531710272e-01,-4.042343260233876440e-02,5.206398264517753116e-02
1.509999999999999964e+01,5.049700631086373903e+00,5.898757776337153480e+00,-1.217378772725461289e+01,-1.217378772725461289e+01,-8.406473089641602892e-01,4.159337162803864452e-01,-9.016068715186046356e-01,-8.490571452507795769e-01,-9.006261386679892400e-01,-4.048441988416982829e-02,3.950368703355439798e-02
1.512000000000000099e+01,5.454542725795204383e+00,5.791905303922185944e+00,-1.219021276822178734e+01,-1.219021276822178734e+01,-8.212520483587399944e-01,4.613459911841868988e-01,-6.466947029099568978e-01,-3.373625781269815604e-01,-5.641531141882754063e-01,-4.052262237851643467e-02,-4.201896634316499429e-02
1.514000000000000057e+01,5.285114912846255564e+00,6.920090632197500646e+00,-1.220631608658863776e+01,-1.220631608658863776e+01,-8.051659183424801913e-01,9.956392617333696959e-01,-6.603907481961420745e-01,-1.634975719351245083e+00,-6.436237966664315469e-01,-4.056620635214896325e-02,2.379925482243833851e-02
1.516000000000000014e+01,5.781814484832724865e+00,6.867290286980225034e+00,-1.222487197635952150e+01,-1.222487197635952150e+01,-9.277944885441808953e-01,1.076009182693593136e+00,-2.031451620359487453e+00,-1.085475802147500168e+00,-1.445610707153265340e+00,-4.066409810082233234e-02,-5.451768151053998368e-01
1.517999999999999972e+01,5.548840120591858494e+00,6.552671260043087642e+00,-1.224571335394288418e+01,-1.224571335394288418e+01,-1.042068879168156048e+00,4.890307636679865344e-01,-2.070538394783933533e+00,-1.003831139451229149e+00,-1.674431711313225435e+00,-4.077748481513172873e-02,-3.553291986555766613e-01
1.520000000000000107e+01,5.723372182755837478e+00,6.789332260112676209e+00,-1.226684281136058097e+01,-1.226684281136058097e+01,-1.056472870884819892e+00,8.967367597353264053e-01,-1.186108796334795379e+00,-1.065960077356838731e+00,-1.053209828154807681e+00,-4.084880453577843101e-02,-9.205016364420925967e-02
1.522000000000000064e+01,5.090018847607101549e+00,6.364111524795619701e+00,-1.229062215358042209e+01,-1.229062215358042209e+01,-1.188967110992031451e+00,1.315337441285794329e+00,-2.381415271956935253e+00,-1.274092677188518152e+00,-2.158128033882079855e+00,-4.099494548925391307e-02,-1.822922925856015897e-01
1.524000000000000021e+01,5.575465118927391828e+00,6.857417620104031108e+00,-1.231394053834458902e+01,-1.231394053834458902e+01,-1.165919238208311892e+00,1.266063230221712077e+00,-9.584883831548350885e-01,-1.281952501176639281e+00,-1.001580935452649479e+00,-4.106276908015858013e-02,8.415532137797299139e-02
1.525999999999999979e+01,5.442506445990546560e+00,6.673600267949381326e+00,-1.233897684333846634e+01,-1.233897684333846634e+01,-1.251815249693907228e+00,6.955408600595558433e-01,-2.024879353064265697e+00,-1.231093821958834766e+00,-1.796937191124125421e+00,-4.118445144113234285e-02,-1.867577104990077452e-01
1.528000000000000114e+01,5.669502505709792750e+00,6.719050632270322509e+00,-1.236422084646869557e+01,-1.236422084646869557e+01,-1.262200156511441795e+00,-4.696859094326621964e-02,-1.355664317869252233e+00,-1.049548126560529759e+00,-1.275204158044277447e+00,-4.127080384868495044e-02,-3.918935597628983580e-02
1.530000000000000071e+01,5.018590228540916520e+00,7.241674298372789309e+00,-1.239144258645949215e+01,-1.239144258645949215e+01,-1.361086999539795839e+00,9.393624275534273593e-02,-2.251068586794982895e+00,-2.223084069831872789e+00,-2.159584712736345669e+00,-4.141704344340568084e-02,-5.006683061523159450e-02
1.532000000000000028e+01,5.530419193539169775e+00,6.490357758106403807e+00,-1.242096249557454968e+01,-1.242096249557454968e+01,-1.475995455752897145e+00,1.702326112293517379e-01,-2.510171561670809126e+00,-9.599385645672340317e-01,-2.173293983138696817e+00,-4.156421138242136909e-02,-2.953133671496905865e-01
1.533999999999999986e+01,5.275086294176430712e+00,6.731142521466017214e+00,-1.245036566818584411e+01,-1.245036566818584411e+01,-1.470158630564758262e+00,-1.303136467369904183e-01,-1.417627203871508756e+00,-1.456056227289586502e+00,-1.543394759191065946e+00,-4.166872472831934654e-02,1.674362800478765290e-01
1.535999999999999943e+01,5.215587191499634123e+00,6.732234274013253916e+00,-1.248076704303133688e+01,-1.248076704303133688e+01,-1.520068742274640172e+00,7.902606185253285842e-02,-1.969259747663576920e+00,-1.516647082513619793e+00,-1.924755269057306650e+00,-4.179906248669645885e-02,-2.705416119573894607e-03
1.538000000000000078e+01,5.572670113835846983e+00,6.292173865358803297e+00,-1.251116224589724446e+01,-1.251116224589724446e+01,-1.519760143295376675e+00,4.282356596818600591e-01,-1.516982752482004093e+00,-7.195037515229563141e-01,-1.472646483425306796e+00,-4.189878500447171555e-02,-2.437484052225603794e-03
1.540000000000000036e+01,5.056763601645626771e+00,6.722274650655773343e+00,-1.254130499291762035e+01,-1.254130499291762035e+01,-1.507137351018791760e+00,-3.440920494634281956e-01,-1.393532220529526855e+00,-1.665511049010146571e+00,-1.568971034915734197e+00,-4.200503028715105169e-02,2.174438446733584773e-01
1.541999999999999993e+01,4.931037321711499999e+00,6.161793958165522334e+00,-1.257319148520448415e+01,-1.257319148520448415e+01,-1.594324614343233470e+00,4.396026136110322557e-01,-2.379009984263207755e+00,-1.230756636454022335e+00,-2.274871407759227360e+00,-4.215907669744026198e-02,-6.197949980654016144e-02
1.543999999999999950e+01,5.151848833564361740e+00,6.671019602104905744e+00,-1.260406761327311465e+01,-1.260406761327311465e+01,-1.543806403431516427e+00,1.000119827731317690e+00,-1.089142505226063040e+00,-1.519170768540544003e+00,-1.282630308243474015e+00,-4.224593197815595946e-02,2.357337349955668793e-01
1.546000000000000085e+01,4.847020532686118877e+00,6.194621333686570530e+00,-1.263675105327537196e+01,-1.263675105327537196e+01,-1.634172000112855017e+00,-3.330473955505515171e-01,-2.447462370244901209e+00,-1.347600801000451654e+00,-2.316478818161859188e+00,-4.240279589812597644e-02,-8.858075618491606518e-02
1.548000000000000043e+01,4.872526913652275304e+00,6.232292712702708570e+00,-1.266925882247964097e+01,-1.266925882247964097e+01,-1.625388460213460950e+00,-2.855022428818418945e-01,-1.546336601118914134e+00,-1.359765799050433266e+00,-1.679059913443554874e+00,-4.251649601824892405e-02,1.752398083428896580e-01
1.550000000000000000e+01,7.548394312738660794e+00,6.112217244425188767e+00,-1.269504990828377267e+01,-1.269504990828377267e+01,-1.289554290206615050e+00,4.845633177181776219e-01,1.732953239854999605e+00,1.436177068313472027e+00,1.671449032045659422e+00,-4.240331128064583205e-02,1.039075190899860085e-01
1.551999999999999957e+01,4.611485047817284411e+00,5.900140867334759953e+00,-1.272189374434224440e+01,-1.272189374434224440e+01,-1.342191802923593302e+00,-1.138803493744517947e-01,-1.815929417376397348e+00,-1.288655819517475543e+00,-1.905929889692038470e+00,-4.253237424955411128e-02,1.325328465651950671e-01
1.554000000000000092e+01,4.865548724403421232e+00,5.648694252634054891e+00,-1.274836952947948987e+01,-1.274836952947948987e+01,-1.323789256862231589e+00,2.784754081390025671e-02,-1.158166342309976393e+00,-7.831455282306336585e-01,-1.313932021522800087e+00,-4.262134917384620414e-02,1.983870283866701056e-01
1.556000000000000050e+01,4.479825912345628325e+00,5.035446053210218764e+00,-1.277472392276306223e+01,-1.277472392276306223e+01,-1.317719664178587768e+00,1.459230948760812163e+00,-1.263093330025792715e+00,-5.556201408645904394e-01,-1.484462792166301837e+00,-4.272187185111100960e-02,2.640913339916202141e-01
1.558000000000000007e+01,4.460819535899520183e+00,5.960151121513614925e+00,-1.279900744757749464e+01,-1.279900744757749464e+01,-1.214176240721627220e+00,2.329386426108979724e-01,-2.822854296089823967e-01,-1.499331585614094742e+00,-7.297756769845872293e-01,-4.277128973159972924e-02,4.902615371072045480e-01
1.559999999999999964e+01,4.562587938707397761e+00,5.376732204187928410e+00,-1.282473285345122171e+01,-1.282473285345122171e+01,-1.286270293686391009e+00,-3.656683806240668688e-01,-1.935116770369265105e+00,-8.141442654805306489e-01,-1.774905242163895780e+00,-4.289148016532106505e-02,-1.173200480400481416e-01
1.562000000000000099e+01,4.710792203561450009e+00,5.272551430838267272e+00,-1.284924626666677838e+01,-1.284924626666677838e+01,-1.225670660777836263e+00,-2.984011469657705251e-01,-6.802739646008444385e-01,-5.617592272768172634e-01,-8.457438007956276094e-01,-4.294875100537494383e-02,2.084185872001581563e-01
1.564000000000000057e+01,4.453474726901786696e+00,5.213271202886940792e+00,-1.287307928169964555e+01,-1.287307928169964555e+01,-1.191650751643352768e+00,-3.501640403623683118e-01,-8.854715694330019815e-01,-7.597964759851540961e-01,-1.040227413999330386e+00,-4.301919160191348263e-02,1.977750361682419633e-01
1.566000000000000014e+01,4.559296933398217178e+00,5.157403873916928561e+00,-1.289594031258283024e+01,-1.289594031258283024e+01,-1.143051544159241262e+00,-1.321271633662632339e-01,-7.056586768022384826e-01,-5.981069405187113830e-01,-8.305473222506789543e-01,-4.307543338908951386e-02,1.679640788375299509e-01
1.567999999999999972e+01,4.578834088285232973e+00,5.415850099883518176e+00,-1.291778026444395522e+01,-1.291778026444395522e+01,-1.091997593056274196e+00,-4.488952612121621666e-03,-6.325120331295701614e-01,-8.370160115982852034e-01,-7.347836277522533655e-01,-4.312519039065383641e-02,1.453967850133370543e-01
1.570000000000000107e+01,4.631902290250756948e+00,5.239006555760713724e+00,-1.293956769071728452e+01,-1.293956769071728452e+01,-1.089371313666438246e+00,-9.655256949567116997e-01,-1.065734799157914692e+00,-6.071042655099567753e-01,-9.956137182336067815e-01,-4.319260990228225572e-02,-2.692847102202569620e-02
1.572000000000000064e+01,4.496197085404503468e+00,5.531899555230697985e+00,-1.296101118709050404e+01,-1.296101118709050404e+01,-1.072174818660932560e+00,6.660719336505754873e-02,-9.174063636113811704e-01,-1.035702469826194516e+00,-9.433680273523870063e-01,-4.325649151673288673e-02,6.921815525773862554e-02
1.574000000000000021e+01,4.875196875416253128e+00,5.441138470897042723e+00,-1.298225980057913453e+01,-1.298225980057913453e+01,-1.062430674431557032e+00,-7.459233897255224122e-03,-9.747333763671770512e-01,-5.659415954807895943e-01,-8.340124033643450119e-01,-4.331296794719692589e-02,-9.740800505563511347e-02
1.575999999999999979e+01,4.913782825820654843e+00,5.328222133778968583e+00,-1.300285572586554395e+01,-1.300285572586554395e+01,-1.029796264320448351e+00,-8.371455086529404621e-01,-7.360865733204704497e-01,-4.144393079583137407e-01,-6.697416692470126165e-01,-4.335832053267349440e-02,-2.298658354078425559e-02
1.578000000000000114e+01,4.964608498608975573e+00,5.201782110762771971e+00,-1.302232213298444208e+01,-1.302232213298444208e+01,-9.733203559448972975e-01,-2.016367116880618537e-01,-4.650371805649373136e-01,-2.371736121537963982e-01,-4.617893166658911253e-01,-4.338959130529811137e-02,4.014172740625193692e-02
1.580000000000000071e+01,4.628442537637857512e+00,5.547682858148857754e+00,-1.304120292702291195e+01,-1.304120292702291195e+01,-9.440397019234861853e-01,-8.574995934511323581e-01,-6.805138157307859537e-01,-9.192403205110002418e-01,-7.281412578686413672e-01,-4.343889850858685675e-02,9.106634064644227033e-02
1.582000000000000028e+01,4.705951099273620208e+00,5.300588364824565524e+00,-1.306063768716744988e+01,-1.306063768716744988e+01,-9.717380072268538838e-01,-1.701165829453707978e-01,-1.221022754957163059e+00,-5.946372655509453153e-01,-1.068999333771551763e+00,-4.351128743985012426e-02,-1.085121337457611440e-01
1.583999999999999986e+01,5.236021582394259966e+00,5.105675523280678973e+00,-1.307828581547716595e+01,-1.307828581547716595e+01,-8.824064154857846898e-01,-3.156052476844806165e-02,-7.842208981616242969e-02,1.303460591135809921e-01,-8.199981368648806557e-02,-4.351684018313912994e-02,4.709456405346475194e-02
1.586000000000000121e+01,4.744674636972122883e+00,5.094539646932665811e+00,-1.309491310339980075e+01,-1.309491310339980075e+01,-8.313643961317008779e-01,-7.231702180854948647e-03,-3.719862219449470708e-01,-3.498650099605429276e-01,-4.584711256118662592e-01,-4.354788625936166502e-02,1.300327899262808118e-01
1.588000000000000078e+01,5.470289228955347305e+00,5.043353225951376473e+00,-1.310881715249668567e+01,-1.310881715249668567e+01,-6.952024548442102825e-01,1.190200025862960809e-01,5.302550167432049655e-01,4.269360030039708320e-01,4.772019691688055287e-01,-4.351557179530771147e-02,9.656861936970712046e-02
1.590000000000000036e+01,5.119636150025081101e+00,5.876792239042017307e+00,-1.312103787833724766e+01,-1.312103787833724766e+01,-6.110362920280647536e-01,4.370556482084915206e-01,1.464591733172445898e-01,-7.571560890169362068e-01,9.687931357360488049e-02,-4.350901146383737150e-02,9.308887120747708077e-02
1.591999999999999993e+01,5.513443433285303286e+00,5.898825154325900932e+00,-1.313374629891664469e+01,-1.313374629891664469e+01,-6.354210289698647429e-01,-1.940377856512738308e-01,-8.548836614460644245e-01,-3.853817210405976468e-01,-4.614529833110267987e-01,-4.354025946113244949e-02,-3.498904186739051347e-01
1.593999999999999950e+01,5.412723164918535446e+00,5.636506579855245391e+00,-1.314701753198942846e+01,-1.314701753198942846e+01,-6.635616536391466536e-01,2.701992403831716683e-01,-9.168272756626832942e-01,-2.237834149367099457e-01,-6.173495265473541993e-01,-4.358206423222148185e-02,-2.558956848831076547e-01
1.596000000000000085e+01,5.395843531672088744e+00,5.490882727924653928e+00,-1.315975711607848986e+01,-1.315975711607848986e+01,-6.369792044531082942e-01,-1.312188641918909937e-02,-3.977371617787630598e-01,-9.503919625256518344e-02,-3.056420711926089440e-01,-4.360276125436523403e-02,-4.849232933178890259e-02
1.598000000000000043e+01,5.321379921718465411e+00,6.308741012345950416e+00,-1.317166336146794237e+01,-1.317166336146794237e+01,-5.953122694726350472e-01,2.357468573809569090e-01,-2.203098546483760467e-01,-9.873610906274850052e-01,-2.152685638818594149e-01,-4.361733849569896654e-02,3.857604772918231395e-02
1.600000000000000000e+01,5.437543818689689168e+00,5.989236569203738370e+00,-1.318543978809770856e+01,-1.318543978809770856e+01,-6.888213314882898342e-01,-3.830006700450111490e-01,-1.530402889629183028e+00,-5.516927505140492016e-01,-1.106420435943451741e+00,-4.369226145435340519e-02,-3.802901922313779437e-01
1.601999999999999957e+01,5.599961337320706889e+00,6.262626449509768101e+00,-1.319912896247548417e+01,-1.319912896247548417e+01,-6.844587188887496509e-01,5.285879818995266044e-01,-6.451952054928883351e-01,-6.626651121890612117e-01,-4.943795444914499959e-01,-4.372573912429534443e-02,-1.070899218771429462e-01
1.603999999999999915e+01,5.569623490306265801e+00,9.102203692222069265e+00,-1.321371923981802965e+01,-1.321371923981802965e+01,-7.295138671272384245e-01,5.815855638914335657e-01,-1.135010201273637609e+00,-3.532580201915803464e+00,-8.801137581884479477e-01,-4.378533737878684273e-02,-2.111111057064028462e-01
1.605999999999999872e+01,5.558387997146853721e+00,5.909432876703001547e+00,-1.323906373598459929e+01,-1.323906373598459929e+01,-1.267224808328444308e+00,-6.536999559479000910e-02,-6.106623279139295590e+00,-3.510448795561478263e-01,-4.500645932745523936e+00,-4.409010552856330867e-02,-1.561887240865208026e+00
1.608000000000000185e+01,5.319936786843719290e+00,6.509766227805173777e+00,-1.326246602661209195e+01,-1.326246602661209195e+01,-1.170114531374672806e+00,-5.675591562855054617e-01,-2.961220387907297358e-01,-1.189829440961454488e+00,-7.486600341212884535e-01,-4.414080219229120361e-02,4.966787975228499352e-01
1.610000000000000142e+01,5.478847108918189157e+00,6.645402225694117426e+00,-1.328613766336244773e+01,-1.328613766336244773e+01,-1.183581837517792890e+00,3.444663930749078395e-01,-1.304787592805872753e+00,-1.166555116775928269e+00,-1.309267280986470494e+00,-4.422946123651548544e-02,4.870914941711318447e-02
1.612000000000000099e+01,5.363236028956747781e+00,6.622553785526796410e+00,-1.331085441867725372e+01,-1.331085441867725372e+01,-1.235837765740274374e+00,-4.697395044724269053e-01,-1.706141119742608847e+00,-1.259317756570048630e+00,-1.628351069856459388e+00,-4.433972752943490109e-02,-3.345032235671470400e-02
1.614000000000000057e+01,5.428743191963020465e+00,6.895872702426366629e+00,-1.333624473556360357e+01,-1.333624473556360357e+01,-1.269515844317532061e+00,-5.101268332658676075e-01,-1.572618551512851237e+00,-1.467129510463346165e+00,-1.516139453825995576e+00,-4.444239524048138740e-02,-1.203670244637442682e-02
1.616000000000000014e+01,5.291169364228329286e+00,6.272186260101029198e+00,-1.336355020506445435e+01,-1.336355020506445435e+01,-1.365273475042531048e+00,-5.398142704786128565e-01,-2.227092151567521938e+00,-9.810168958726999122e-01,-2.037973239511507551e+00,-4.458039972756641656e-02,-1.445385123284480544e-01
1.617999999999999972e+01,5.457236980642997892e+00,6.671757420205791433e+00,-1.338986556197647815e+01,-1.338986556197647815e+01,-1.315767845601197417e+00,-1.778309000597164680e-01,-8.702171806291951750e-01,-1.214520439562793541e+00,-1.034985584911699785e+00,-4.465048536559980408e-02,2.094188896481044004e-01
1.619999999999999929e+01,5.229258928744456192e+00,6.828706191637381018e+00,-1.341740766487603942e+01,-1.341740766487603942e+01,-1.377105144978103546e+00,-1.648327588388214804e-01,-1.929140839370259819e+00,-1.599447262892924826e+00,-1.831973084155895881e+00,-4.477454023586548149e-02,-5.239321497849847020e-02
1.621999999999999886e+01,5.118943277873533759e+00,6.386089032734630244e+00,-1.344685786992361365e+01,-1.344685786992361365e+01,-1.472510252378734785e+00,-1.141859316780752254e+00,-2.331156218984415496e+00,-1.267145754861096485e+00,-2.171398900480085992e+00,-4.492157984644917085e-02,-1.148357386578805484e-01
1.624000000000000199e+01,5.273800789950859880e+00,6.405985573887138962e+00,-1.347599822442022699e+01,-1.347599822442022699e+01,-1.457017724830627747e+00,-8.056841588798848708e-01,-1.317584976897663518e+00,-1.132184783936279082e+00,-1.412606068335388487e+00,-4.501723663532857661e-02,1.400383280730534974e-01
1.626000000000000156e+01,4.876424557380723890e+00,6.280645405359104316e+00,-1.350602368930255537e+01,-1.350602368930255537e+01,-1.501273244116435590e+00,-6.071139829741722949e-01,-1.899572917688707285e+00,-1.404220847978380426e+00,-1.942542490963147239e+00,-4.514877888274812512e-02,8.811835215718810677e-02
1.628000000000000114e+01,5.219141666335038288e+00,6.369034431154219966e+00,-1.353558510282930705e+01,-1.353558510282930705e+01,-1.478070676337579492e+00,-3.116115348568352372e-01,-1.269247566327875276e+00,-1.149892764819181679e+00,-1.348109748560563981e+00,-4.524006820430419296e-02,1.241022504369929252e-01
1.630000000000000071e+01,4.975485983176294091e+00,6.853209368264740142e+00,-1.356573500020707002e+01,-1.356573500020707002e+01,-1.507494868888108464e+00,6.389939943904212605e-01,-1.772312601842868762e+00,-1.877723385088446051e+00,-1.769806528931965994e+00,-4.535991337083029179e-02,4.285384045992744750e-02
1.632000000000000028e+01,4.667212014566893608e+00,7.119360768427114294e+00,-1.359893567980445361e+01,-1.359893567980445361e+01,-1.660033979869157905e+00,-4.327741904317599642e-01,-3.032885978698603324e+00,-2.452148753860220687e+00,-2.776216639196265046e+00,-4.554790914324830658e-02,-2.111214303590898123e-01
1.633999999999999986e+01,4.760188013604530255e+00,6.306467992195599059e+00,-1.363546074863241309e+01,-1.363546074863241309e+01,-1.826253441397949207e+00,1.145274337927932873e-01,-3.322228595157070252e+00,-1.546279978591068804e+00,-2.996149398624681659e+00,-4.575079800016304543e-02,-2.803283985322251870e-01
1.635999999999999943e+01,4.477720806872160786e+00,6.824675373104940768e+00,-1.367265296312163159e+01,-1.367265296312163159e+01,-1.859610724460967424e+00,-4.679873061753496710e-01,-2.159826272028130933e+00,-2.346954566232779982e+00,-2.322508925360766696e+00,-4.590807025810086234e-02,2.085907235907368817e-01
1.637999999999999901e+01,4.526975488517091861e+00,6.956838465141968797e+00,-1.371227843275203639e+01,-1.371227843275203639e+01,-1.981273481520278601e+00,-7.462649680999149382e-01,-3.076238295054079419e+00,-2.429862976624876936e+00,-2.918078853426568031e+00,-4.610567244817542071e-02,-1.120537691793363488e-01
1.639999999999999858e+01,4.542776074145757015e+00,6.502443794525058607e+00,-1.375445421017268011e+01,-1.375445421017268011e+01,-2.108788871032147405e+00,-1.140393875590426376e-01,-3.256427376638965754e+00,-1.959667720379301592e+00,-3.065859236565188883e+00,-4.631328181380109377e-02,-1.442548582599754159e-01
1.642000000000000171e+01,4.421935779141318079e+00,6.095392256987885560e+00,-1.379753926433097000e+01,-1.379753926433097000e+01,-2.154252707914456444e+00,-6.264610155371594935e-01,-2.563427239855236461e+00,-1.673456477846567481e+00,-2.642245179537350719e+00,-4.649220550312409272e-02,1.253101451852384751e-01
1.644000000000000128e+01,4.399321847564212185e+00,6.233324309053181800e+00,-1.384013625051383656e+01,-1.384013625051383656e+01,-2.129849309143332814e+00,-3.647991430754894404e-01,-1.910218720203220588e+00,-1.834002461488969615e+00,-2.154009419968065053e+00,-4.663806755833452972e-02,2.904287673231791267e-01
1.646000000000000085e+01,4.422342427942627552e+00,5.740931692092133609e+00,-1.388289779973004201e+01,-1.388289779973004201e+01,-2.138077460810280161e+00,-1.017266739110436857e+00,-2.212130825812806290e+00,-1.318589264149506057e+00,-2.299946989010404064e+00,-4.679381200011003411e-02,1.346099751977078707e-01
1.648000000000000043e+01,4.744692746552519935e+00,6.093609458669756229e+00,-1.392332852291162659e+01,-1.392332852291162659e+01,-2.021536159079226014e+00,3.771921868919114740e-01,-9.726644434997383515e-01,-1.348916712117236294e+00,-1.265223460835309455e+00,-4.687948854942643878e-02,3.394385058849974657e-01
1.650000000000000000e+01,4.812101568928174089e+00,6.014356041330497504e+00,-1.396294123635872531e+01,-1.396294123635872531e+01,-1.980635672354894572e+00,-2.577653130343308119e-01,-1.612531291835911595e+00,-1.202254472402323415e+00,-1.627515019971809362e+00,-4.698969822794421547e-02,6.197342636384217673e-02
1.651999999999999957e+01,4.767100643038529206e+00,5.658529267852029143e+00,-1.400168920189658017e+01,-1.400168920189658017e+01,-1.937398276892740689e+00,-4.516520807124254633e-01,-1.548261717733356635e+00,-8.914286248134999369e-01,-1.584014355830799747e+00,-4.709696219219732666e-02,8.284960028964036272e-02
1.653999999999999915e+01,4.539309815416874727e+00,5.271207758575280344e+00,-1.403902918181317538e+01,-1.403902918181317538e+01,-1.866998995829739272e+00,4.550276330117515311e-01,-1.233405466262727401e+00,-7.318979431584056172e-01,-1.421408704592646233e+00,-4.719321506510675002e-02,2.351964533950254843e-01
1.655999999999999872e+01,4.460509928490558273e+00,5.565338734794511133e+00,-1.407407381483869102e+01,-1.407407381483869102e+01,-1.752231651275740543e+00,1.002944748701259270e+00,-7.193255502897525355e-01,-1.104828806303952859e+00,-1.029586244207597145e+00,-4.726293507849403663e-02,3.575236289963387160e-01
1.658000000000000185e+01,5.195283545397239244e+00,5.178893402974461324e+00,-1.410644093563409207e+01,-1.410644093563409207e+01,-1.618356039770072252e+00,1.041041255568120327e-01,-4.134755362190572492e-01,1.639014242277792022e-02,-4.699700905345353119e-01,-4.729475982478219959e-02,1.037893141402602137e-01
1.660000000000000142e+01,4.856783950919981940e+00,5.421745398866447907e+00,-1.413595394269035843e+01,-1.413595394269035843e+01,-1.475650352813293154e+00,1.385005386238602476e-01,-1.912991702022807661e-01,-5.649614479464659667e-01,-4.090790041091888485e-01,-4.732246123765888185e-02,2.651022951445669573e-01
1.662000000000000099e+01,4.812336690978841425e+00,4.868762601127960110e+00,-1.416402903427451143e+01,-1.416402903427451143e+01,-1.403754579207644904e+00,2.511883887370583435e-01,-7.566926167568097661e-01,-5.642591014911868541e-02,-7.739490590172601880e-01,-4.737487038653721838e-02,6.463131264698757095e-02
1.664000000000000057e+01,4.843852138000366736e+00,4.976239203824878388e+00,-1.418881338431311256e+01,-1.418881338431311256e+01,-1.239217501930072629e+00,6.170004080354256626e-01,2.416161935680773420e-01,-1.323870658245116516e-01,-3.163628817204358623e-02,-4.737487038653721838e-02,3.206273521266581605e-01
1.666000000000000014e+01,5.129843491010301904e+00,5.138423695097354305e+00,-1.421048203618254746e+01,-1.421048203618254746e+01,-1.083432593471741034e+00,1.004984434547936845e+00,3.186315826532440387e-01,-8.580204087052401007e-03,1.950774447254878807e-01,-4.736166041783927000e-02,1.709157983455954211e-01
1.667999999999999972e+01,4.970723985616939622e+00,4.755057462565930315e+00,-1.423042678592792853e+01,-1.423042678592792853e+01,-9.972374872690427106e-01,1.465784353837660259e+00,-2.214815314447574346e-01,2.156665230510093068e-01,-2.129786310401266536e-01,-4.737608259285458479e-02,3.887318218822380378e-02
1.669999999999999929e+01,5.131346456399290545e+00,5.364744702200308524e+00,-1.424707971887524849e+01,-1.424707971887524849e+01,-8.326466473659995815e-01,4.292177033322833735e-01,6.486709117613884690e-01,-2.333982458010179784e-01,4.778870221683674813e-01,-4.734372173938491274e-02,2.181276113324058241e-01
1.671999999999999886e+01,5.074541575246225733e+00,4.812336370123787788e+00,-1.426320108166352618e+01,-1.426320108166352618e+01,-8.060681394139220801e-01,6.434987056680793183e-01,-5.668615678452243456e-01,2.622052051224379454e-01,-3.685579712316851553e-01,-4.736867920830296202e-02,-1.509349174052362352e-01
1.674000000000000199e+01,5.551461552939313648e+00,5.314044437858630232e+00,-1.427558865062312954e+01,-1.427558865062312954e+01,-6.193784479801720533e-01,1.039781284724861754e+00,1.060828774923578965e+00,2.374171150806834163e-01,9.386889821757178343e-01,-4.730511444258082843e-02,1.694449071904419180e-01
1.676000000000000156e+01,5.011926599718787401e+00,4.767696209716095979e+00,-1.428786198255419926e+01,-1.428786198255419926e+01,-6.136665965534452427e-01,8.779154971200218149e-01,-5.622599337129035035e-01,2.442303900026914221e-01,-3.836896544376003915e-01,-4.733109657666085407e-02,-1.312391826986422094e-01
1.678000000000000114e+01,5.607615484182433718e+00,5.336673734477405340e+00,-1.429650867608260256e+01,-1.429650867608260256e+01,-4.323346764201881909e-01,1.380226790044424723e+00,1.199652604779124720e+00,2.709417497050283785e-01,1.066697478572248947e+00,-4.725886351905674715e-02,1.802139897259324997e-01
1.680000000000000071e+01,5.567310502464581923e+00,5.300118380055495848e+00,-1.430411376295403869e+01,-1.430411376295403869e+01,-3.802543435717968823e-01,-8.827258217244748906e-02,8.846865206372511725e-02,2.671921224090860747e-01,2.929086953437142760e-01,-4.723902875700985299e-02,-1.572010145229792988e-01
1.682000000000000028e+01,5.487963697310028088e+00,4.831690508037699061e+00,-1.431075933206795270e+01,-1.431075933206795270e+01,-3.322784556956616675e-01,8.785909004467256089e-01,9.950453518955539034e-02,6.562731892723290272e-01,2.385635529132559551e-01,-4.722287405972596525e-02,-9.183614366397459261e-02
1.683999999999999986e+01,5.708934538633253730e+00,5.268275902047243164e+00,-1.431426845573550821e+01,-1.431426845573550821e+01,-1.754561833777614765e-01,9.702381482448582117e-01,1.235944267483340298e+00,4.406586365860105658e-01,1.114099918856354510e+00,-4.714743107309474907e-02,1.689917797000806132e-01
1.685999999999999943e+01,5.671968822691891177e+00,5.645945228199582111e+00,-1.431669376300568786e+01,-1.431669376300568786e+01,-1.212653635089765980e-01,8.686869374015119272e-01,3.664520153100871425e-01,2.602359449230906563e-02,5.126900092187030022e-01,-4.711271348191931052e-02,-9.912528042669654926e-02
1.687999999999999901e+01,5.482371355892984077e+00,5.576720766592000444e+00,-1.431990120478762307e+01,-1.431990120478762307e+01,-1.603720890967658963e-01,7.240078485032268585e-01,-5.123326193868695810e-01,-9.434941069901636723e-02,-2.077388178293795018e-01,-4.712678083493767461e-02,-2.574670207225523422e-01
1.689999999999999858e+01,5.646855189679786058e+00,5.910398616250161830e+00,-1.432299550872052230e+01,-1.432299550872052230e+01,-1.547151966449168414e-01,9.839580071318254628e-01,-1.038031645782753754e-01,-2.635434265703757717e-01,8.907071732148773291e-02,-4.712074927455212753e-02,-1.457531326252109738e-01
1.692000000000000171e+01,5.496785172848537293e+00,6.203504725368362394e+00,-1.432746167057036679e+01,-1.432746167057036679e+01,-2.233080924922411503e-01,8.939072120621043283e-01,-8.406441551181598193e-01,-7.067195525198251005e-01,-5.252890731200631214e-01,-4.715632003068466471e-02,-2.681987619674119916e-01
1.694000000000000128e+01,5.618510505182672254e+00,5.204648897319070322e+00,-1.433372892676500143e+01,-1.433372892676500143e+01,-3.133628097317670003e-01,1.594655396499440103e+00,-1.123855264887499317e+00,4.138616078636019324e-01,-7.429426596358265078e-01,-4.720662953362063374e-02,-3.337059757180522723e-01
1.696000000000000085e+01,5.447972446082229858e+00,6.463311312897659811e+00,-1.433831811489499941e+01,-1.433831811489499941e+01,-2.294594064999206651e-01,7.845462602946338126e-01,5.256712225866964072e-01,-1.015338866815429952e+00,3.090209069292126354e-01,-4.718570370842700007e-02,2.638360193659108344e-01
1.698000000000000043e+01,5.170973900515758004e+00,5.715997415273813331e+00,-1.434670977226770461e+01,-1.434670977226770461e+01,-4.195828686352193193e-01,2.798404472179086833e-01,-2.130694027852907180e+00,-5.450235147580553274e-01,-1.641268513725015366e+00,-4.729684472589184424e-02,-4.421286694019999075e-01
1.700000000000000000e+01,5.935691691060301700e+00,6.327089526854634549e+00,-1.435367345183980703e+01,-1.435367345183980703e+01,-3.481839786051031949e-01,2.308166788923359247e-01,2.944060316659417031e-01,-3.913978357943328490e-01,2.790117302488402395e-01,-4.727795101817420381e-02,6.267225243527563272e-02
1.701999999999999957e+01,5.190988587376894614e+00,6.055323274020982360e+00,-1.436344211774209612e+01,-1.436344211774209612e+01,-4.884332951144183532e-01,1.285600915603468231e+00,-1.750677143698254890e+00,-8.643346866440877463e-01,-1.442848193136729629e+00,-4.737565569896928785e-02,-2.604532948625560285e-01
1.703999999999999915e+01,5.027499653339237540e+00,6.301687740610990573e+00,-1.437503347257273312e+01,-1.437503347257273312e+01,-5.795677415318559733e-01,2.085102478594497710e-01,-1.399777759288794332e+00,-1.274188087271753034e+00,-1.305335998265815922e+00,-4.746404853034792010e-02,-4.697771249263044124e-02
1.705999999999999872e+01,5.196924019296775832e+00,6.389271274085528418e+00,-1.438867805769507946e+01,-1.438867805769507946e+01,-6.822292561172802472e-01,2.684533502436120544e-02,-1.606182887386099045e+00,-1.192347254788752586e+00,-1.403049926069052766e+00,-4.755905821038094311e-02,-1.555739031066654121e-01
1.708000000000000185e+01,4.851193810900895187e+00,6.628284202507944478e+00,-1.440526532039111451e+01,-1.440526532039111451e+01,-8.293631348017207472e-01,-5.219028969203634016e-01,-2.153568042961684803e+00,-1.777090391607049291e+00,-1.953358378244484328e+00,-4.769133287221482415e-02,-1.525183318449856440e-01
1.710000000000000142e+01,5.025107889776944781e+00,6.384861083995793329e+00,-1.442481316560524363e+01,-1.442481316560524363e+01,-9.773922607064818857e-01,-2.216833014686218628e-01,-2.309654393849331910e+00,-1.359753194218848549e+00,-2.036033917168369456e+00,-4.782920603510969204e-02,-2.257912706458531371e-01
1.712000000000000099e+01,4.342931290289420154e+00,6.596787803011907592e+00,-1.444776239595083567e+01,-1.444776239595083567e+01,-1.147461517279584564e+00,-5.461732204571462246e-01,-2.678084826437508337e+00,-2.253856512722487437e+00,-2.593250838007093773e+00,-4.800481199736843924e-02,-3.682917643304592370e-02
1.714000000000000057e+01,4.833274426711533067e+00,6.979907018531758212e+00,-1.447325498004511246e+01,-1.447325498004511246e+01,-1.274629204713862318e+00,-1.404313196680124998e+00,-2.419138391622362771e+00,-2.146632591820225144e+00,-2.239661987901475637e+00,-4.815647414773027019e-02,-1.313199295731570515e-01
1.716000000000000014e+01,4.540152518882173638e+00,7.230939023382445541e+00,-1.450305744938520114e+01,-1.450305744938520114e+01,-1.490123467004452973e+00,-1.113233195491871497e+00,-3.429571827619768420e+00,-2.690786504500271903e+00,-3.098488214554972586e+00,-4.836629303470013630e-02,-2.827173200300955314e-01
1.717999999999999972e+01,4.437621668252394791e+00,6.704603180862532597e+00,-1.453771774303483966e+01,-1.453771774303483966e+01,-1.733014682481919255e+00,-1.104584945587997469e+00,-3.919035621779115353e+00,-2.266981512610137806e+00,-3.547513041015164514e+00,-4.860651832724131871e-02,-3.229160624367091725e-01
1.719999999999999929e+01,4.433396129700200916e+00,6.977703517886575391e+00,-1.457470632890199624e+01,-1.457470632890199624e+01,-1.849429293357785609e+00,-1.293867587212294890e+00,-2.897160791240581901e+00,-2.544307388186374475e+00,-2.884432954976161145e+00,-4.880184213364127666e-02,3.607400586922021590e-02
1.721999999999999886e+01,4.621807646046259599e+00,7.509437756176096990e+00,-1.461429954492272643e+01,-1.461429954492272643e+01,-1.979660801036541073e+00,-1.120639243952763486e+00,-3.151744370145339591e+00,-2.887630110129837391e+00,-2.991987757237200896e+00,-4.900444917861954131e-02,-1.107521637295191541e-01
1.724000000000000199e+01,4.603243597458523517e+00,6.744063390810332237e+00,-1.465809834159883707e+01,-1.465809834159883707e+01,-2.189939833805530256e+00,-1.192226383492354103e+00,-4.082451128726432898e+00,-2.140819793351808720e+00,-3.690866581571318417e+00,-4.925438187626925146e-02,-3.423301652788451888e-01
1.726000000000000156e+01,4.356364436166935583e+00,6.615961508061758423e+00,-1.470339788276358917e+01,-1.470339788276358917e+01,-2.264977058237629404e+00,-1.340906649872680934e+00,-2.940312078126523510e+00,-2.259597071894822840e+00,-3.032377672397113866e+00,-4.945972398636858114e-02,1.415253182569592427e-01
1.728000000000000114e+01,4.357365845006967220e+00,6.728293845230014725e+00,-1.474967788580167571e+01,-1.474967788580167571e+01,-2.314000151904298086e+00,-2.175363905954516675e+00,-2.755207994904315338e+00,-2.370928000223047505e+00,-2.868416492079584934e+00,-4.965396321339129310e-02,1.628624603886612288e-01
1.730000000000000071e+01,6.922164107580332626e+00,6.344355189297948172e+00,-1.479082060821360045e+01,-1.479082060821360045e+01,-2.057136120596233742e+00,-9.241878870250039846e-01,2.546401611763458028e-01,5.778089182823844538e-01,2.462152331849037368e-01,-4.963729037082916656e-02,5.806221836227122568e-02
1.732000000000000028e+01,4.774445528529078331e+00,6.778479837573573974e+00,-1.483147248352087288e+01,-1.483147248352087288e+01,-2.032593765363646554e+00,-1.770741672242149178e+00,-1.811712568270361201e+00,-2.004034309044495643e+00,-1.993785269176464814e+00,-4.977230260165529246e-02,2.318450035077589955e-01
1.733999999999999986e+01,4.480959242225187822e+00,6.962982778601221945e+00,-1.487410261853312043e+01,-1.487410261853312043e+01,-2.131506750612395251e+00,-1.480757939779364207e+00,-3.021723617851135746e+00,-2.482023536376034123e+00,-2.917851156092450271e+00,-4.996988937285525706e-02,-5.390257238583034960e-02
1.735999999999999943e+01,4.286243470405567635e+00,6.486465745541393879e+00,-1.491962828659547036e+01,-1.491962828659547036e+01,-2.276283403117524973e+00,-2.155384298857940806e+00,-3.579273275663691134e+00,-2.200222275135826244e+00,-3.399458921408481160e+00,-5.020008895336008220e-02,-1.296142653018499402e-01
1.737999999999999901e+01,2.232981769606106504e+00,6.353765482748784166e+00,-1.497121321793410686e+01,-1.497121321793410686e+01,-2.579246566931832962e+00,-1.875763943023777580e+00,-5.305915041260606202e+00,-4.120783713142677662e+00,-5.401924649437814807e+00,-5.056588857529051989e-02,1.465754967524994234e-01
1.740000000000000213e+01,4.545623316070340536e+00,6.259947309627731826e+00,-1.502199640486265153e+01,-1.502199640486265153e+01,-2.539159346427227515e+00,-2.024007462104283395e+00,-2.178374361885778931e+00,-1.714323993557391290e+00,-2.296340551681623321e+00,-5.072138880162486291e-02,1.686875785974692454e-01
1.742000000000000171e+01,4.915261437997916261e+00,6.839162523737402744e+00,-1.507088884376539006e+01,-1.507088884376539006e+01,-2.444621945136898677e+00,-1.372342745306121881e+00,-1.593785333523938252e+00,-1.923901085739486483e+00,-1.707751056969865733e+00,-5.083703178658502408e-02,1.648027552325125322e-01
1.744000000000000128e+01,4.867627564412350338e+00,5.726080474012963606e+00,-1.512034792523805393e+01,-1.512034792523805393e+01,-2.472954073633184979e+00,-1.215226272068811397e+00,-2.727943230099760807e+00,-8.584529096006132676e-01,-2.503849398342816723e+00,-5.100658379308697921e-02,-1.730872479638573269e-01
1.746000000000000085e+01,4.838681570176427194e+00,5.811165204643710780e+00,-1.516635095000501821e+01,-1.516635095000501821e+01,-2.300151238348181248e+00,-1.284505520045134741e+00,-7.449257207831475602e-01,-9.724836344672835864e-01,-1.126996607872401190e+00,-5.108290009881692045e-02,4.331537871880705159e-01
1.748000000000000043e+01,4.797384154393431466e+00,6.228782271145751892e+00,-1.520990934542310491e+01,-1.520990934542310491e+01,-2.177919770904308550e+00,-6.175561446463940785e-01,-1.077836563909456036e+00,-1.431398116752320426e+00,-1.287501933817854827e+00,-5.117008526913844474e-02,2.608354551775372565e-01
1.750000000000000000e+01,4.931883648157818101e+00,6.497826223589362904e+00,-1.525255936399986112e+01,-1.525255936399986112e+01,-2.132500928837790966e+00,-6.846058615524035496e-01,-1.723731350239131599e+00,-1.565942575431544803e+00,-1.647061251194675835e+00,-5.128161855071540487e-02,-2.538848049374037297e-02
1.751999999999999957e+01,4.624998985991626732e+00,5.232987496086815682e+00,-1.529610775891515040e+01,-1.529610775891515040e+01,-2.177419745764492820e+00,-1.492852706174963684e+00,-2.581689098104810398e+00,-6.079885100951889498e-01,-2.378490591749125027e+00,-5.144268169314881317e-02,-1.517558246625365370e-01
1.753999999999999915e+01,5.081945272298861838e+00,5.356682288218538979e+00,-1.533474055171191708e+01,-1.533474055171191708e+01,-1.931639639838303779e+00,-1.050718925064238807e+00,2.803813134973968113e-01,-2.747370159196771411e-01,-1.918236242107013712e-01,-5.145567132439457514e-02,5.236606090324927854e-01
1.755999999999999872e+01,4.949918176787673652e+00,5.229635150337768046e+00,-1.537003630253843411e+01,-1.537003630253843411e+01,-1.764787541325876452e+00,1.952173988720249387e-01,-2.631186547140298981e-01,-2.797169735500943943e-01,-5.165904215171990277e-01,-5.149065303797763227e-02,3.049624198411467479e-01
1.758000000000000185e+01,5.579119615432991175e+00,5.456710296231153556e+00,-1.540046422259859860e+01,-1.540046422259859860e+01,-1.521396003008250730e+00,-1.143568591354016117e-02,6.691278418503805447e-01,1.224093192018376186e-01,4.438452706709333784e-01,-5.146059737397944145e-02,2.767431685534266217e-01
1.760000000000000142e+01,5.486855174946010827e+00,4.832320015336685870e+00,-1.542771443026489386e+01,-1.542771443026489386e+01,-1.362510383314787354e+00,-2.404365042016599063e-01,6.746019392638194501e-02,6.545351596093249569e-01,3.828399596786873083e-02,-5.146059737397944145e-02,8.063679533249265563e-02
1.762000000000000099e+01,5.416890688361700512e+00,5.397913631237567955e+00,-1.545012284407043168e+01,-1.545012284407043168e+01,-1.120420690276922704e+00,2.260569788672293634e-01,1.058386547063859151e+00,1.897705712413255696e-02,7.424047547417685911e-01,-5.141032429609929122e-02,3.673921166181897124e-01
1.764000000000000057e+01,5.311820367016766298e+00,4.836888630137621270e+00,-1.547066091112134245e+01,-1.547066091112134245e+01,-1.026903352545545101e+00,5.409297215243917822e-01,-1.852473129631468374e-01,4.749317368791450278e-01,-1.093384455604181071e-01,-5.141772831682227957e-02,-2.449113908590644373e-02
1.766000000000000014e+01,5.550882735795299006e+00,5.375930204126600387e+00,-1.548690984578206375e+01,-1.548690984578206375e+01,-8.124467330360751749e-01,9.762289279405348408e-01,1.117662842549153934e+00,1.749525316686986187e-01,9.067725141852507331e-01,-5.135632482373572033e-02,2.622466531876389007e-01
1.767999999999999972e+01,5.280949823301303248e+00,4.856156684380937172e+00,-1.550204760622351330e+01,-1.550204760622351330e+01,-7.568880220724455432e-01,1.241633491710502524e+00,-2.568596233997784695e-01,4.247931389203660757e-01,-1.206250836481273653e-01,-5.136449313648669412e-02,-8.487004661516439619e-02
1.769999999999999929e+01,5.168607988139659604e+00,4.791868249447489347e+00,-1.551458176319351345e+01,-1.551458176319351345e+01,-6.267078485000070476e-01,1.327520944448468576e+00,5.449137136519393021e-01,3.767397386921702562e-01,3.968131557735775083e-01,-5.133762232436344525e-02,1.994381802027251904e-01
1.771999999999999886e+01,5.945166647231244106e+00,4.699695468624836892e+00,-1.552269235867998987e+01,-1.552269235867998987e+01,-4.055297743238084340e-01,1.028357866434036927e+00,1.585072893261979088e+00,1.245471178606407214e+00,1.464688965185368508e+00,-5.123843866215404413e-02,1.716223667387646590e-01
1.774000000000000199e+01,5.501732094930412487e+00,4.931557930252130184e+00,-1.552772498511089339e+01,-1.552772498511089339e+01,-2.516313215451670415e-01,1.648515676062340729e+00,1.133454753462605602e+00,5.701741646782823025e-01,1.018586515408081095e+00,-5.116946351229176293e-02,1.660377015668161871e-01
1.776000000000000156e+01,5.651288471320345508e+00,5.131549285720862663e+00,-1.553052693068735124e+01,-1.553052693068735124e+01,-1.400972788229250532e-01,1.549854993005185699e+00,8.637091056772527864e-01,5.197391855994828447e-01,9.140577871566334389e-01,-5.110756668575989342e-02,7.588852063792617120e-04
1.778000000000000114e+01,5.624951858102906321e+00,4.720275203994670932e+00,-1.553209569839120086e+01,-1.553209569839120086e+01,-7.843838519246283669e-02,1.531592984737049967e+00,4.764916574816971395e-01,9.046766541082353896e-01,6.266212669251954859e-01,-5.106513406453503517e-02,-9.906447537896330424e-02
1.780000000000000071e+01,5.489900962867843681e+00,4.930295471559301035e+00,-1.553138379906975786e+01,-1.553138379906975786e+01,3.559496607218610997e-02,2.102423851933725274e+00,1.061895127454026699e+00,5.596054913085426463e-01,9.774247137689293652e-01,-5.099894624927193976e-02,1.354693599343691490e-01
1.782000000000000028e+01,5.308341108568764177e+00,5.408970760014165435e+00,-1.552990430971368951e+01,-1.552990430971368951e+01,7.397446780340766193e-02,1.895670275760833468e+00,4.193899833844016989e-01,-1.006296514454012581e-01,4.801179590020182020e-01,-5.096643432448912797e-02,-9.761541293127395935e-03
1.783999999999999986e+01,5.510447571423109814e+00,8.354366803841955402e+00,-1.552890736035199915e+01,-1.552890736035199915e+01,4.984746808456086420e-02,1.538187807920785799e+00,-1.672955293850602876e-01,-2.843919232418845588e+00,1.288755504893593640e-01,-5.095770731870796072e-02,-2.452133725557116839e-01
1.785999999999999943e+01,5.096164050272558477e+00,5.431034570444499998e+00,-1.553966532992728489e+01,-1.553966532992728489e+01,-5.378984787642838716e-01,1.346243332725341801e+00,-5.827612000403886938e+00,-3.348705201719415214e-01,-4.137917497033134495e+00,-5.123791275551493191e-02,-1.638456590615237518e+00
1.787999999999999901e+01,5.095931183079081883e+00,5.060894656961906435e+00,-1.554968339893464169e+01,-1.554968339893464169e+01,-5.009034503678198025e-01,2.825546600141277676e-01,-1.679481947996431246e-01,3.503652611717544829e-02,-4.255813019540810038e-01,-5.126673164682835765e-02,3.088998388012662577e-01
1.790000000000000213e+01,5.230101152419462274e+00,5.583938623045516358e+00,-1.555757126177442551e+01,-1.555757126177442551e+01,-3.943931419892283130e-01,6.619126080233053155e-01,5.641996334180948702e-01,-3.538374706260540847e-01,2.148922492310959276e-01,-5.125217988821900716e-02,4.005595640752179221e-01
1.792000000000000171e+01,5.075871832856038601e+00,5.306683914681566527e+00,-1.556602358812509124e+01,-1.556602358812509124e+01,-4.226163175332852129e-01,1.252833686295295568e+00,-6.766248974297972563e-01,-2.308120818255279261e-01,-6.452448235406367250e-01,-5.129587363217530394e-02,1.991579974301482814e-02
1.794000000000000128e+01,5.269929731391638228e+00,5.628492519565278407e+00,-1.557352260140434019e+01,-1.557352260140434019e+01,-3.749506639624593518e-01,6.668439120254596730e-01,5.404021817497313418e-02,-3.585627881736401790e-01,-4.667781277820894081e-02,-5.129587363217530394e-02,1.520139045853573789e-01
1.796000000000000085e+01,4.624577673313072346e+00,5.844624483491222655e+00,-1.558303212338980792e+01,-1.558303212338980792e+01,-4.754760992733726988e-01,7.452181938155006957e-01,-1.380205017071592932e+00,-1.220046810178150309e+00,-1.274971854740301724e+00,-5.138221030895299274e-02,-5.385095202233833311e-02
1.798000000000000043e+01,4.667460733376445958e+00,5.912353945354524853e+00,-1.559497431476370544e+01,-1.559497431476370544e+01,-5.971095686948340031e-01,7.103690837186640294e-01,-1.691810793487986242e+00,-1.244893211978078895e+00,-1.494997962645766343e+00,-5.148344639146286428e-02,-1.453293844507570765e-01
1.800000000000000000e+01,4.592845974763573480e+00,6.250217765430338801e+00,-1.560944795077591429e+01,-1.560944795077591429e+01,-7.236818006104401846e-01,6.489782124306380240e-01,-1.862831887850896262e+00,-1.657371790666765321e+00,-1.675775122650508209e+00,-5.159692407693368399e-02,-1.354598411234544386e-01
1.801999999999999957e+01,4.921687608335355790e+00,6.189922754453538012e+00,-1.562647826828363229e+01,-1.562647826828363229e+01,-8.515158753859207730e-01,5.808166416782767350e-01,-2.002022548365245846e+00,-1.268235146118182222e+00,-1.687233299510628504e+00,-5.171117767044385027e-02,-2.630780711841734787e-01
1.803999999999999915e+01,4.442624054806357137e+00,6.287777659517750806e+00,-1.564665567109712541e+01,-1.564665567109712541e+01,-1.008870140674629656e+00,2.696185157749658723e-01,-2.425058528273008385e+00,-1.845153604711393669e+00,-2.219069348551919951e+00,-5.186144535861350602e-02,-1.541277343624746221e-01
1.805999999999999872e+01,4.722984892301712812e+00,6.513510973414207150e+00,-1.566920714160662165e+01,-1.566920714160662165e+01,-1.127573525474834026e+00,-2.121613755260198797e-01,-2.195903988676672469e+00,-1.790526081112494339e+00,-1.987286814364368270e+00,-5.199601753659408715e-02,-1.566211567757102019e-01
1.808000000000000185e+01,4.325705440827118942e+00,6.262809737127168930e+00,-1.569560895945569179e+01,-1.569560895945569179e+01,-1.320090892453493758e+00,-2.649328558547221490e-01,-3.052747195261430679e+00,-1.937104296300049988e+00,-2.778513026385601936e+00,-5.218416881239657662e-02,-2.220500000634323956e-01
1.810000000000000142e+01,4.354802168969473364e+00,6.560759425307696624e+00,-1.572438280282664813e+01,-1.572438280282664813e+01,-1.438692168547843320e+00,1.584627525820145877e-01,-2.506103653396988928e+00,-2.205957256338223260e+00,-2.423169611560273218e+00,-5.234825746325813545e-02,-3.058578437345765844e-02
1.812000000000000099e+01,4.659010648797980991e+00,6.630511334801888701e+00,-1.575555430535611023e+01,-1.575555430535611023e+01,-1.558575126473128902e+00,-9.662423006914818702e-01,-2.637521747800699590e+00,-1.971500686003907710e+00,-2.415220946167338845e+00,-5.251180785803796769e-02,-1.697889937753231382e-01
1.814000000000000057e+01,4.482069659916443349e+00,6.499389611359370100e+00,-1.578947827012766147e+01,-1.578947827012766147e+01,-1.696198238577558692e+00,-5.269601378716651796e-01,-2.934806247517427025e+00,-2.017319951442926751e+00,-2.728520927104515437e+00,-5.269657384207811907e-02,-1.535887465708338506e-01
1.816000000000000014e+01,4.272528704010556844e+00,6.956025277062891199e+00,-1.582585626830313430e+01,-1.582585626830313430e+01,-1.818899908773634166e+00,-1.575598743695527215e+00,-2.923214940538312323e+00,-2.683496573052334355e+00,-2.828113352332992658e+00,-5.288808388011011913e-02,-4.221350432520944163e-02
1.817999999999999972e+01,4.542470352053191718e+00,6.694536683126385057e+00,-1.586534699549888749e+01,-1.586534699549888749e+01,-1.974536359787668616e+00,-1.064000868528260924e+00,-3.375264418913979547e+00,-2.152066331073193339e+00,-3.065214754762318528e+00,-5.309564960366095626e-02,-2.569540145480000981e-01
1.819999999999999929e+01,4.568380932850794274e+00,7.326000346472758551e+00,-1.590649493555956795e+01,-1.590649493555956795e+01,-2.057397003034042271e+00,-1.518040667810482081e+00,-2.803142792251404725e+00,-2.757619413621964277e+00,-2.700217802850000126e+00,-5.327849899818466045e-02,-4.964649040322000051e-02
1.821999999999999886e+01,4.596065862652302769e+00,7.214374150927261198e+00,-1.595126758464506977e+01,-1.595126758464506977e+01,-2.238632454275089945e+00,-1.309405487110876898e+00,-3.869751515444519896e+00,-2.618308288274958429e+00,-3.467016794451978967e+00,-5.351327336379321786e-02,-3.492214476287480163e-01
1.824000000000000199e+01,4.678659841079371162e+00,6.260026758983734396e+00,-1.599848887619454096e+01,-1.599848887619454096e+01,-2.361064577473553694e+00,-1.592826127767422495e+00,-3.462953686259726549e+00,-1.581366917904363234e+00,-3.220357173506820381e+00,-5.373134479444013900e-02,-1.888651679584659182e-01
1.826000000000000156e+01,4.867072948369441043e+00,6.455235211030043274e+00,-1.604394772477843389e+01,-1.604394772477843389e+01,-2.272942429194733993e+00,-1.007617699936304234e+00,-1.479843094685355354e+00,-1.588162262660602231e+00,-1.769051339480152585e+00,-5.385113882215297049e-02,3.430593836169501532e-01
1.828000000000000114e+01,4.879264392962770813e+00,7.399457192398052996e+00,-1.608868577220762930e+01,-1.608868577220762930e+01,-2.236902371459774663e+00,-1.117974881704573598e+00,-1.912541851845139584e+00,-2.520192799435282183e+00,-2.001482938945436274e+00,-5.398667231250675602e-02,1.429277594128033069e-01
1.830000000000000071e+01,4.825625786859030875e+00,6.770370591795625614e+00,-1.613633630893786730e+01,-1.613633630893786730e+01,-2.382526836511821955e+00,-2.206173328593643568e+00,-3.693147021980247580e+00,-1.944744804936594740e+00,-3.268765885034558227e+00,-5.420802181338311293e-02,-3.701731151323064406e-01
1.832000000000000028e+01,4.846196873601673616e+00,9.995403124012717910e+00,-1.618410961234778256e+01,-1.618410961234778256e+01,-2.388665170495847256e+00,-1.142152274173877879e+00,-2.443910176352072749e+00,-5.149206250411044294e+00,-2.443700622106319109e+00,-5.437350075314779235e-02,5.416394650739431160e-02
1.833999999999999986e+01,5.105784704474610081e+00,6.180947449289472928e+00,-1.624277110709518723e+01,-1.624277110709518723e+01,-2.933074737370218621e+00,-2.667743084314393887e+00,-7.832760839239560013e+00,-1.075162744814862847e+00,-6.209815392813396784e+00,-5.479400793722807167e-02,-1.568151438488935678e+00
1.835999999999999943e+01,5.229413411136423662e+00,6.618241483932132851e+00,-1.629648931466634920e+01,-1.629648931466634920e+01,-2.685910378558092670e+00,-1.736243357199166892e+00,-4.614311492489606703e-01,-1.388828072795709190e+00,-1.208448228454372497e+00,-5.487583986450923074e-02,8.018929190699211063e-01
1.837999999999999901e+01,5.352011206284887912e+00,8.779355785305181570e+00,-1.634747479062876252e+01,-1.634747479062876252e+01,-2.549273798120632151e+00,-1.298620997013870682e+00,-1.319544574183487917e+00,-3.427344579020293658e+00,-1.608112452612001197e+00,-5.498473566838689430e-02,3.435526140969001330e-01
1.840000000000000213e+01,5.140656325094354884e+00,6.326161883127807251e+00,-1.640438610713594514e+01,-1.640438610713594514e+01,-2.845565825359135381e+00,-2.051621095640871584e+00,-5.512194070505663568e+00,-1.185505558033452367e+00,-4.621148314467750318e+00,-5.529766382196502766e-02,-8.357480922159481462e-01
1.842000000000000171e+01,5.301642804160565881e+00,6.135749426136991147e+00,-1.645704600820044661e+01,-1.645704600820044661e+01,-2.632995053225020143e+00,-1.285292521498238916e+00,-7.198581040179841128e-01,-8.341066219764252665e-01,-1.301139230288396620e+00,-5.538577246275620813e-02,6.366668987331687291e-01
1.844000000000000128e+01,5.159882612952860548e+00,5.741589454573723827e+00,-1.650594857579261188e+01,-1.650594857579261188e+01,-2.445128379608307423e+00,-1.817151865900983765e+00,-7.543283170578914953e-01,-5.817068416208632797e-01,-1.239350852743845932e+00,-5.546969700869004011e-02,5.404922326946445255e-01
1.846000000000000085e+01,5.640521634382938743e+00,5.667294838337652685e+00,-1.654917928320907805e+01,-1.654917928320907805e+01,-2.161535370823353119e+00,-2.402811799891216182e+00,3.908017082412347798e-01,-2.677320395471394221e-02,-1.283561316422970611e-01,-5.547838884122644615e-02,5.746362287247582801e-01
1.848000000000000043e+01,5.380447495457771900e+00,5.358640643977122586e+00,-1.658804803009225282e+01,-1.658804803009225282e+01,-1.943437344158744695e+00,-1.759020649521552127e+00,1.944489582273145611e-02,2.180685148064931411e-02,-3.642961254574486052e-01,-5.550305771271411837e-02,4.392440789928941935e-01
1.850000000000000000e+01,5.484258623614637784e+00,5.863347809950802514e+00,-1.662189945583979167e+01,-1.662189945583979167e+01,-1.692571287376895217e+00,-1.195671000250471572e+00,5.652232236597489745e-01,-3.790891863361647296e-01,1.595348341396443104e-01,-5.549225456646528915e-02,4.611806440865699463e-01
1.851999999999999957e+01,5.674692340800483237e+00,5.151433099682863670e+00,-1.665281297629767820e+01,-1.665281297629767820e+01,-1.545676022894406865e+00,-9.671567219163678120e-01,-2.236186425520113041e-01,5.232592411176195668e-01,-2.395924458209054975e-01,-5.550847893681221806e-02,7.148228220570640445e-02
1.853999999999999915e+01,5.532241512801714833e+00,5.305746313749243548e+00,-1.667896970055276640e+01,-1.667896970055276640e+01,-1.307836212754457605e+00,1.316121824236905491e+00,8.327220785050850616e-01,2.264951990524712855e-01,4.836266846609409975e-01,-5.547572941328399870e-02,4.045711232574280003e-01
1.855999999999999872e+01,5.589253846328480435e+00,5.525330590429545552e+00,-1.670148884233377728e+01,-1.670148884233377728e+01,-1.125957089050482640e+00,-8.268893824655730862e-01,5.109550242852910484e-01,6.392325589893488313e-02,3.600545663756308246e-01,-5.545134776548218264e-02,2.063518056751424135e-01
1.858000000000000185e+01,5.230637340634997301e+00,4.882255809424960624e+00,-1.672254535758556315e+01,-1.672254535758556315e+01,-1.052825762589257419e+00,-1.232888987277808601e+00,-3.946438244382315386e-01,3.483815312100366768e-01,-3.742604272390762654e-01,-5.547669138496451324e-02,3.509329418580928173e-02
1.860000000000000142e+01,5.570455003799046345e+00,4.882803894110714360e+00,-1.673916939727722664e+01,-1.673916939727722664e+01,-8.312019845832125942e-01,-2.431845328765347425e-02,1.163412017471190385e+00,6.876511096883319851e-01,8.740129768550888301e-01,-5.541750625424834292e-02,3.448165468703497938e-01
1.862000000000000099e+01,5.384863714097793519e+00,5.224551822192858630e+00,-1.675248435244190404e+01,-1.675248435244190404e+01,-6.657477582339312860e-01,-2.064009597089426773e-01,8.233402789096004870e-01,1.603118919049348889e-01,6.376159713835904963e-01,-5.537432910972945460e-02,2.410986366357394939e-01
1.864000000000000057e+01,5.591244580493889060e+00,4.715688746493069239e+00,-1.676364994091617433e+01,-1.676364994091617433e+01,-5.582794237135478843e-01,2.579221306254287915e-01,4.089355869699028978e-01,8.755558340008198215e-01,4.656998030423086798e-01,-5.534279353251556760e-02,-1.421422539890193626e-03
1.866000000000000014e+01,5.238679613505748733e+00,4.707497668382762512e+00,-1.677197633174160174e+01,-1.677197633174160174e+01,-4.163195412713208698e-01,2.992102406176123108e-01,8.613194007087223714e-01,5.311819451229862210e-01,6.641984011061029536e-01,-5.529781631795247648e-02,2.524188159205719706e-01
1.867999999999999972e+01,5.052110074688746622e+00,4.678877930906043758e+00,-1.677834375967568192e+01,-1.677834375967568192e+01,-3.183713967040965320e-01,1.304033521806780449e+00,5.631619044009228414e-01,3.732321437827028632e-01,4.376577560085998519e-01,-5.526817965101016306e-02,1.807723280433331248e-01
1.869999999999999929e+01,5.154702138868278993e+00,4.530750559032865610e+00,-1.678269471932788193e+01,-1.678269471932788193e+01,-2.175479826100216174e-01,3.627679715671492389e-01,6.898627442366525031e-01,6.239515798354133835e-01,6.042967441120387084e-01,-5.522725876912541049e-02,1.407932588937391150e-01
1.871999999999999886e+01,4.998037654184085632e+00,4.743137357465047721e+00,-1.678518940251250058e+01,-1.678518940251250058e+01,-1.247341592308627428e-01,7.725254597904274156e-01,7.105902511815671563e-01,2.549002967190379110e-01,5.934546108420494237e-01,-5.518707207894240491e-02,1.723227124184600889e-01
1.874000000000000199e+01,5.010078772472508213e+00,4.445239699110388187e+00,-1.678683719986862499e+01,-1.678683719986862499e+01,-8.238986780618462458e-02,9.410422277590249074e-01,2.987087550159184257e-01,5.648390733621200255e-01,3.390155970594748158e-01,-5.516411511725176353e-02,1.485727307369538730e-02
1.876000000000000156e+01,5.468154869444127542e+00,4.478165353239999646e+00,-1.678551465899528949e+01,-1.678551465899528949e+01,6.612704366677915613e-02,8.310412544141789759e-01,1.402779246923453016e+00,9.899895162041278951e-01,1.299102266323848953e+00,-5.507614441260306332e-02,1.587531250122072024e-01
1.878000000000000114e+01,4.886561389792434262e+00,4.459919721912023682e+00,-1.678320766789764562e+01,-1.678320766789764562e+01,1.153495548821143468e-01,1.835876009622773974e+00,5.583521558201309798e-01,4.266416678804105800e-01,5.186629664215919311e-01,-5.504102235345955524e-02,9.473021175199854149e-02
1.880000000000000071e+01,5.117407892709943340e+00,4.512717454820218244e+00,-1.677942052996742817e+01,-1.677942052996742817e+01,1.893568965109347357e-01,1.911319552216311779e+00,8.554229711703180694e-01,6.046904378897250965e-01,8.350099769133579874e-01,-5.498447837077093114e-02,7.539747262773101311e-02
1.882000000000000028e+01,5.026664423336931975e+00,4.300824326829877364e+00,-1.677476359116835880e+01,-1.677476359116835880e+01,2.328469399534291440e-01,1.304852978178699718e+00,6.242573309358788736e-01,7.258400965070546107e-01,6.527126500162264700e-01,-5.494027893147849367e-02,2.648495985113082096e-02
1.883999999999999986e+01,4.867512528673886507e+00,4.832358207360539559e+00,-1.676899461680473635e+01,-1.676899461680473635e+01,2.884487181811615231e-01,1.193003836946139540e+00,7.888647222307531015e-01,3.515432131334694787e-02,7.196940163418916736e-01,-5.489154374611990989e-02,1.240622496349813447e-01
1.885999999999999943e+01,5.081639291502520805e+00,4.896921899221279517e+00,-1.676363482673042071e+01,-1.676363482673042071e+01,2.679895037158103177e-01,4.692981158412861120e+00,8.385657352764974704e-02,1.847173922812412883e-01,3.165869768603161716e-01,-5.487010557288370116e-02,-1.778602977597827373e-01
1.887999999999999901e+01,4.372373920051347618e+00,4.957259749469925758e+00,-1.676056650781798396e+01,-1.676056650781798396e+01,1.534159456218890660e-01,2.235858085867392653e+00,-8.777460772234022546e-01,-5.848858294185781403e-01,-6.661759335458135034e-01,-5.491521669909231462e-02,-1.566549269784964227e-01
1.890000000000000213e+01,4.685662649658322465e+00,5.721592738199064776e+00,-1.675888416797502956e+01,-1.675888416797502956e+01,8.411699214778159406e-02,1.579748157265568720e+00,-5.395735891191856259e-01,-1.035930088540742311e+00,-3.449283167607362088e-01,-5.493857404967611435e-02,-1.397066983087733305e-01
1.892000000000000171e+01,4.482648684897245772e+00,2.010723423934108745e+00,-1.676158393529263790e+01,-1.676158393529263790e+01,-1.349883658804788555e-01,1.897077467838375942e+00,-2.106936588134822763e+00,2.471925260963137028e+00,-1.573458947693310073e+00,-5.504512323826007275e-02,-4.784325172032525275e-01
1.894000000000000128e+01,4.513719203857959883e+00,5.585164651121861112e+00,-1.675473955601576037e+01,-1.675473955601576037e+01,3.422189638439465109e-01,2.431276435003658420e+00,4.637084931363775198e+00,-1.071445447263901229e+00,3.178804640503290813e+00,-5.482986560118661978e-02,1.513110156461670908e+00
1.896000000000000085e+01,4.169879078080040102e+00,5.694695149944013934e+00,-1.675372613242564768e+01,-1.675372613242564768e+01,5.067117950556065953e-02,2.042370391998856949e+00,-2.573258879539912058e+00,-1.524816071863973832e+00,-1.797412677763112754e+00,-5.495158016046821498e-02,-7.208946216163312215e-01
1.898000000000000043e+01,4.728166454232776594e+00,5.963149116554926188e+00,-1.675649744833200216e+01,-1.675649744833200216e+01,-1.385657953176388513e-01,8.720422555625850780e-01,-1.841698568726434893e+00,-1.234982662322149594e+00,-1.227491443553271333e+00,-5.503470162829938311e-02,-5.591724235448639613e-01
1.900000000000000000e+01,4.660644725166569025e+00,6.326171113982825389e+00,-1.676346050877956628e+01,-1.676346050877956628e+01,-3.481530223781561517e-01,6.269676975140450192e-01,-2.234438065922811578e+00,-1.665526388816256365e+00,-1.654180577063213642e+00,-5.514671700595877996e-02,-5.251107718536390800e-01
1.901999999999999957e+01,4.856113945055340331e+00,6.217018389172949355e+00,-1.677466847966532626e+01,-1.677466847966532626e+01,-5.603985442880439205e-01,1.104226318137131457e+00,-2.470608241477033840e+00,-1.360904444117609025e+00,-1.866972604537906033e+00,-5.527314192248654334e-02,-5.483624950166411383e-01
1.903999999999999915e+01,4.182150184788328673e+00,5.865540211012268301e+00,-1.679069410636193638e+01,-1.679069410636193638e+01,-8.012813348305257710e-01,6.460453220241058059e-01,-2.969226449712862426e+00,-1.683390026223939628e+00,-2.584282619568468498e+00,-5.544814058806361856e-02,-3.294956895563305732e-01
1.905999999999999872e+01,4.943758923890240631e+00,6.576457774493280617e+00,-1.680768077138566241e+01,-1.680768077138566241e+01,-8.493332511863875833e-01,1.119516617679817472e+00,-1.281800498389143339e+00,-1.632698850603039986e+00,-1.170662234644975097e+00,-5.552741377875611284e-02,-5.561084996541226788e-02
1.908000000000000185e+01,4.781780438444906522e+00,6.565548200613576135e+00,-1.682842454293581724e+01,-1.682842454293581724e+01,-1.037188577507791143e+00,8.360151241131718036e-01,-2.727886514400423845e+00,-1.783767762168669613e+00,-2.279240216781435180e+00,-5.568175602965627635e-02,-3.929645415893326943e-01
1.910000000000000142e+01,5.015521179528819928e+00,6.483524674127950860e+00,-1.685168192050386082e+01,-1.685168192050386082e+01,-1.162868878402167017e+00,-3.704906614428324918e-01,-2.293991586451550102e+00,-1.468003494599130931e+00,-1.968534316777640347e+00,-5.581505835346956684e-02,-2.696422113204400839e-01
1.912000000000000099e+01,4.863388745047704020e+00,6.342860847255912482e+00,-1.687713641801851949e+01,-1.687713641801851949e+01,-1.272724875732925476e+00,3.870942681514380479e-01,-2.261428851709750720e+00,-1.479472102208208462e+00,-2.057572629931913699e+00,-5.595439004337046662e-02,-1.479018317344666933e-01
1.914000000000000057e+01,5.199601770020434444e+00,5.987869070617541922e+00,-1.690312841065140148e+01,-1.690312841065140148e+01,-1.299599631644125175e+00,1.980836085232636212e-01,-1.541472434844921358e+00,-7.882673005971074787e-01,-1.451939028089057171e+00,-5.605271032401271808e-02,-3.348069643185157263e-02
1.916000000000000014e+01,4.907841017107571702e+00,7.139021965011836279e+00,-1.692907006762785826e+01,-1.692907006762785826e+01,-1.297082848822779022e+00,4.243535479078995865e-01,-1.274431803430664534e+00,-2.231180947904264578e+00,-1.371635627957662251e+00,-5.614559273661457600e-02,1.533494172636123976e-01
1.917999999999999972e+01,4.909309900755893352e+00,6.615837295928997719e+00,-1.695912556134447513e+01,-1.695912556134447513e+01,-1.502774685830802870e+00,1.875405483073681046e-01,-3.354001218903018167e+00,-1.706527395173104367e+00,-2.831734321605047455e+00,-5.633734797414059053e-02,-4.659295493238299057e-01
1.919999999999999929e+01,4.715813304444850473e+00,7.249487040977900421e+00,-1.699124577756652243e+01,-1.699124577756652243e+01,-1.606010811102292823e+00,-3.835099013073370311e-01,-2.535135938545702849e+00,-2.533673736533049947e+00,-2.413030469184866966e+00,-5.650075003740822471e-02,-6.560471932342731849e-02
1.921999999999999886e+01,5.523526140523883576e+00,6.932642087618102522e+00,-1.702537417297198985e+01,-1.702537417297198985e+01,-1.706419770273283731e+00,2.364367635248014743e-01,-2.610100402812201459e+00,-1.409115947094218946e+00,-2.191970343576601365e+00,-5.664918267484726766e-02,-3.614808765607526730e-01
1.924000000000000199e+01,5.092551124769156168e+00,6.480934106124774274e+00,-1.706106767039717909e+01,-1.706106767039717909e+01,-1.784674871259471551e+00,-4.916818567771786275e-01,-2.488970780135161931e+00,-1.388382981355618107e+00,-2.336915522818161950e+00,-5.680743049765227953e-02,-9.524782681934751416e-02
1.926000000000000156e+01,5.584215836846447623e+00,6.950368979265770797e+00,-1.709526669738833249e+01,-1.709526669738833249e+01,-1.709951349557739420e+00,-4.509140858140048280e-02,-1.037439654242151121e+00,-1.366153142419323174e+00,-1.138832201983474901e+00,-5.688454826881021720e-02,1.582770960101341773e-01
1.928000000000000114e+01,5.590704983121324467e+00,7.102067454388942380e+00,-1.712985934038855618e+01,-1.712985934038855618e+01,-1.729632150011270353e+00,-3.789852208820941870e-01,-1.906759354093047865e+00,-1.511362471267617913e+00,-1.726773275103446803e+00,-5.700147937247863894e-02,-1.229845996171223255e-01
1.930000000000000071e+01,5.104885440910872596e+00,6.380581331545956303e+00,-1.716650317799773262e+01,-1.716650317799773262e+01,-1.832191880458754474e+00,-7.060281162599646443e-02,-2.755229454486111340e+00,-1.275695890635083707e+00,-2.536421157117148439e+00,-5.717323702563775062e-02,-1.616350603433250599e-01
1.932000000000000028e+01,5.174754844062913861e+00,6.576463718815787729e+00,-1.720216767390653345e+01,-1.720216767390653345e+01,-1.783224795440033539e+00,-6.260125255191995031e-02,-1.342521030271545790e+00,-1.401708874752873868e+00,-1.531399639103463883e+00,-5.727693810356129095e-02,2.461555469354795023e-01
1.933999999999999986e+01,5.291180356865258894e+00,6.851072847306043379e+00,-1.723749559600076608e+01,-1.723749559600076608e+01,-1.766396104711570381e+00,-1.181340484857033246e+00,-1.614937888155401069e+00,-1.559892490440784485e+00,-1.632309869677171621e+00,-5.738747247268903562e-02,7.475945399445960149e-02
1.935999999999999943e+01,5.700205633566017838e+00,7.052933077413003460e+00,-1.727249774895896550e+01,-1.727249774895896550e+01,-1.750107647909906250e+00,-9.770468585919613869e-01,-1.603511536694928630e+00,-1.352727443846985622e+00,-1.461601361449832437e+00,-5.748644705307067587e-02,-8.442372819202556555e-02
1.937999999999999901e+01,5.834853557028725213e+00,6.709385473931423149e+00,-1.730752803701555820e+01,-1.730752803701555820e+01,-1.751514402829669637e+00,-3.488809083852295045e-01,-1.764175197107541004e+00,-8.745319169026979367e-01,-1.546960990888033294e+00,-5.759120189182372063e-02,-1.596230043276840038e-01
1.940000000000000213e+01,5.575562283065720770e+00,6.106537181288844707e+00,-1.734193188338565506e+01,-1.734193188338565506e+01,-1.720192318504825790e+00,-6.056480453941248676e-01,-1.438293559581232062e+00,-5.309748982231239367e-01,-1.439955452399442004e+00,-5.768871068623816767e-02,5.935060350444817945e-02
1.942000000000000171e+01,5.600153487620382009e+00,6.370781330547445442e+00,-1.737361349647564879e+01,-1.737361349647564879e+01,-1.584080654499715468e+00,4.457559072578434201e-01,-3.590756784537234569e-01,-7.706278429270634334e-01,-6.431072909589475861e-01,-5.773225968389365803e-02,3.417638721891177456e-01
1.944000000000000128e+01,5.622507776963542980e+00,5.973563864849892546e+00,-1.740392787405676245e+01,-1.740392787405676245e+01,-1.515718879055689694e+00,-5.399948150118001333e-01,-9.004629000594588373e-01,-3.510560878863495660e-01,-9.503074130515561935e-01,-5.779661120950187192e-02,1.076411242015992697e-01
1.946000000000000085e+01,5.320838162907628899e+00,6.149502962025705344e+00,-1.743243811648422081e+01,-1.743243811648422081e+01,-1.425512121372924934e+00,-4.087239604099021650e-01,-6.136513022280428720e-01,-8.286647991180764450e-01,-8.289616414666748367e-01,-5.785274561986890329e-02,2.731630848585008264e-01
1.948000000000000043e+01,5.591922950578530838e+00,6.568049899031319860e+00,-1.745942219631499626e+01,-1.745942219631499626e+01,-1.349203991538769465e+00,-4.632093079668899716e-01,-6.624308230313691315e-01,-9.761269484527890228e-01,-7.081266145379115917e-01,-5.790069750085335976e-02,1.035964890073958200e-01
1.950000000000000000e+01,5.459220444356088997e+00,5.498012990722832782e+00,-1.748691212475588586e+01,-1.748691212475588586e+01,-1.374496422044404254e+00,-5.927267268548309653e-01,-1.602128296595117574e+00,-3.879254636674378531e-02,-1.408213407437543196e+00,-5.799605683395542971e-02,-1.359188323236189266e-01
1.951999999999999957e+01,7.916290115292688334e+00,5.971771851046482560e+00,-1.750475074223085770e+01,-1.750475074223085770e+01,-8.919308737486071337e-01,-4.165127744406580401e-01,3.451159060913567611e+00,1.944518264246205774e+00,3.071211948203716791e+00,-5.778808500124241881e-02,4.377351977110933712e-01
1.953999999999999915e+01,4.998460759706537360e+00,5.563926886661775484e+00,-1.752325248625793463e+01,-1.752325248625793463e+01,-9.250872013537704275e-01,2.310898225345704438e-01,-1.223494149800240294e+00,-5.654661269552381242e-01,-1.236105086001730413e+00,-5.787178975509765094e-02,7.048272595658777728e-02
1.955999999999999872e+01,4.959332766390604164e+00,5.613372277879509653e+00,-1.754105068311662308e+01,-1.754105068311662308e+01,-8.899098429344567407e-01,-5.205583288058004410e-01,-5.733136171606330045e-01,-6.540395114889054895e-01,-7.678345327443876212e-01,-5.792378484944097489e-02,2.524447004331955569e-01
1.958000000000000185e+01,4.839039754111449376e+00,5.341454091996119757e+00,-1.755884767068375396e+01,-1.755884767068375396e+01,-8.898493783565226689e-01,2.668940472071190673e-01,-8.893051971551162449e-01,-5.024143378846703811e-01,-9.834023051854365871e-01,-5.799037744648502524e-02,1.520874854768052842e-01
1.960000000000000142e+01,5.051735165177589693e+00,5.411277285215891020e+00,-1.757523312316203246e+01,-1.757523312316203246e+01,-8.192726239138736766e-01,-2.161977385541720142e-01,-1.840818339300327455e-01,-3.595421200383013272e-01,-3.679430370595331845e-01,-5.801529327419142207e-02,2.418764964036918541e-01
1.962000000000000099e+01,4.742583834544365828e+00,5.042435586344579335e+00,-1.759152557416449270e+01,-1.759152557416449270e+01,-8.146225501229511501e-01,-7.125886926550986100e-01,-7.727718860046479676e-01,-2.998517518002135063e-01,-8.492406823528370063e-01,-5.807280091094917107e-02,1.345415972591382237e-01
1.964000000000000057e+01,5.269077985516810614e+00,5.089211414470097061e+00,-1.760517349042389768e+01,-1.760517349042389768e+01,-6.823958129703137088e-01,-4.940584249079399415e-01,5.076448214034232631e-01,1.798665710467135526e-01,2.878358469487337090e-01,-5.805330966462035613e-02,2.778622841193099102e-01
1.966000000000000014e+01,4.730487043452821894e+00,5.465595391826116867e+00,-1.761814152480671325e+01,-1.761814152480671325e+01,-6.484017191408281144e-01,5.264129061629885253e-01,-3.424548746754580986e-01,-7.351083483732949730e-01,-4.555799511919394473e-01,-5.808415996052784108e-02,1.712092364770091135e-01
1.967999999999999972e+01,4.589719948823680618e+00,5.131486676721511486e+00,-1.763228898385735022e+01,-1.763228898385735022e+01,-7.073729525318563915e-01,-1.650541736232062906e-01,-1.238114053051111441e+00,-5.417667278978308687e-01,-1.112361812613094081e+00,-5.815948524862604718e-02,-6.759275518939145133e-02
1.969999999999999929e+01,4.668536423592986040e+00,5.006739575424233202e+00,-1.764607584682083186e+01,-1.764607584682083186e+01,-6.893431481740810440e-01,-1.458139996496145008e-01,-5.270749089541029164e-01,-3.382031518312471619e-01,-5.879468214732272990e-01,-5.819929897039510108e-02,1.190712114895194629e-01
1.971999999999999886e+01,4.792942623934615121e+00,5.107109867985945684e+00,-1.765885255530678677e+01,-1.765885255530678677e+01,-6.388354242978059316e-01,-1.037646366756437288e-01,-1.842659094113299478e-01,-3.141672440513305631e-01,-2.715221283918149431e-01,-5.821768550822321170e-02,1.454739044887082000e-01
1.974000000000000199e+01,4.431331914364417202e+00,5.073967072023863878e+00,-1.767208092589627810e+01,-1.767208092589627810e+01,-6.614185294745466015e-01,-1.856722140279480904e-01,-8.646664760652129633e-01,-6.426351576594466763e-01,-8.582380010993412300e-01,-5.827580241223466462e-02,5.184732744636293134e-02
1.976000000000000156e+01,4.636470916794232622e+00,5.759105659373839003e+00,-1.768510873003206285e+01,-1.768510873003206285e+01,-6.513902067892565206e-01,-4.369502145875324706e-01,-5.611353026216453488e-01,-1.122634742579606382e+00,-5.556201171416317308e-01,-5.831342708158441385e-02,5.279824160157078894e-02
1.978000000000000114e+01,4.568487273988537822e+00,4.787748402740440667e+00,-1.770058323658843236e+01,-1.770058323658843236e+01,-7.737253278184557104e-01,-3.308521588653089429e-01,-1.874741417081248196e+00,-2.192611287519028451e-01,-1.512085349439332482e+00,-5.841582026272754830e-02,-3.042402473791880890e-01
1.980000000000000071e+01,4.475115253124480219e+00,5.603182857613839829e+00,-1.771487973062134103e+01,-1.771487973062134103e+01,-7.148247016453964653e-01,-2.901020090061978696e-02,-1.847190660878635926e-01,-1.128067604489359610e+00,-3.970441000122697517e-01,-5.844270671359452080e-02,2.707677406380006868e-01
1.982000000000000028e+01,4.170565363086842225e+00,5.361574318486766799e+00,-1.773193565339085254e+01,-1.773193565339085254e+01,-8.527961384756330698e-01,2.206294750970339558e-01,-2.094539069947763288e+00,-1.191008955399924574e+00,-1.819424218049287001e+00,-5.856591181812384472e-02,-2.165489400803522479e-01
1.983999999999999986e+01,4.676373533640572511e+00,5.711130177542477426e+00,-1.774920616996623579e+01,-1.774920616996623579e+01,-8.635258287691949253e-01,-2.283688972036630460e-01,-9.600930414112516242e-01,-1.034756643901904916e+00,-8.702049967546667819e-01,-5.862483908562061974e-02,-3.126320557096420871e-02
1.985999999999999943e+01,4.422215521045402831e+00,5.645089320727485038e+00,-1.776853287560649619e+01,-1.776853287560649619e+01,-9.663352820129537113e-01,5.244490113782942498e-01,-1.891620361206783008e+00,-1.222873799682082208e+00,-1.636921613751284754e+00,-5.873568574607936771e-02,-1.959630617094188509e-01
1.987999999999999901e+01,5.034547754427034505e+00,4.902305601571041116e+00,-1.778780383423877964e+01,-1.778780383423877964e+01,-9.635479316141664086e-01,4.698248293389623020e-02,-9.384617780250803509e-01,1.322421528559933890e-01,-7.753877892015721418e-01,-5.878819232078120322e-02,-1.042857965027269851e-01
1.990000000000000213e+01,4.358298111704348443e+00,5.534565229402561570e+00,-1.780605333351685005e+01,-1.780605333351685005e+01,-9.124749639035106830e-01,-2.896504169337054124e-01,-4.528182545076092635e-01,-1.176267117698213127e+00,-6.908895121306997122e-01,-5.883497696490973955e-02,2.969062345880001397e-01
1.992000000000000171e+01,4.913048792085223049e+00,5.468764279669882100e+00,-1.782438837333355508e+01,-1.782438837333355508e+01,-9.167519908351632330e-01,3.614665934646393297e-01,-9.552452332200360718e-01,-5.557154875846590514e-01,-7.893258753930199045e-01,-5.888842737851902875e-02,-1.070309304484970969e-01
1.994000000000000128e+01,4.691699098654340538e+00,5.793352495884821707e+00,-1.784306587079503004e+01,-1.784306587079503004e+01,-9.338748730737367332e-01,8.407332557188393896e-01,-1.087980813220897680e+00,-1.101653397230481168e+00,-9.868727798897377612e-01,-5.895525498408636655e-02,-4.215277834707359395e-02
1.996000000000000085e+01,4.673873881439595479e+00,5.491778774773822924e+00,-1.786321950100437306e+01,-1.786321950100437306e+01,-1.007681510467198782e+00,3.539148626849478174e-01,-1.671941247008357223e+00,-8.179048933342274452e-01,-1.421737840345437265e+00,-5.905153014492865726e-02,-1.911518765179914259e-01
1.998000000000000043e+01,5.063385090133796673e+00,5.201343869150915289e+00,-1.788253131009667030e+01,-1.788253131009667030e+01,-9.655904546148746936e-01,3.961729083806769247e-01,-5.867709519439576749e-01,-1.379587790171186157e-01,-5.440599794928333566e-01,-5.908837200180769994e-02,1.637739955068340247e-02
2.000000000000000000e+01,4.577174382574736633e+00,6.119768287274172991e+00,-1.790130341135142444e+01,-1.790130341135142444e+01,-9.386050627377585664e-01,-4.181867739892103364e-01,-6.957365358437137548e-01,-1.542593904699436358e+00,-7.926952479517469508e-01,-5.914205057765325318e-02,1.561007626856863728e-01
