t_s,x_ref_cm,x_meas_cm,x_meas_raw_cm,x_true_cm,v_true_cmps,v_obs_cmps,v_cmd_cmps,err_cm,p_term,i_term,d_term
0.000000000000000000e+00,5.000000000000000000e+00,4.480185374890285899e-02,1.270085999999999785e-02,1.270085999999999785e-02,6.350429999999999131e-01,6.350429999999999131e-01,6.350429999999999353e+00,4.955198146251096780e+00,6.349999999999999645e+00,4.299999999999999894e-04,0.000000000000000000e+00
2.000000000000000042e-02,5.000000000000000000e+00,5.334803029857613232e-01,3.667492693922502767e-02,3.667492693922502767e-02,1.198703346961251581e+00,1.198703346961251581e+00,6.271646469612516483e+00,4.466519697014238233e+00,6.293101645738892636e+00,8.561470405775942639e-04,-2.231132316695362203e-02
4.000000000000000083e-02,5.000000000000000000e+00,-8.500374477242891857e-02,6.908106816253911653e-02,6.908106816253911653e-02,1.620307061165704443e+00,1.620307061165704443e+00,5.414740489005780866e+00,5.085003744772429002e+00,5.672480015208082982e+00,1.240267734520818710e-03,-2.589797939368230217e-01
5.999999999999999778e-02,5.000000000000000000e+00,7.002799772908788745e-01,1.114192983314125085e-01,1.114192983314125085e-01,2.116911508443669820e+00,2.116911508443669820e+00,6.586351533945359549e+00,4.299720022709121459e+00,6.457954755860985330e+00,1.677578056571247568e-03,1.267192000278025699e-01
8.000000000000000167e-02,5.000000000000000000e+00,8.781703294415718064e-01,1.598443533419006413e-01,1.598443533419006413e-01,2.421252750524407027e+00,2.421252750524407027e+00,5.160323929251043218e+00,4.121829670558428305e+00,5.460644428840584652e+00,2.047353978524232149e-03,-3.023678535680654478e-01
1.000000000000000056e-01,5.000000000000000000e+00,3.898735727393497497e-01,2.133006600914813811e-01,2.133006600914813811e-01,2.672815337479037101e+00,2.672815337479037101e+00,4.936878620070705992e+00,4.610126427260650139e+00,5.234723681609204426e+00,2.401831330192256888e-03,-3.002468928686908844e-01
1.199999999999999956e-01,5.000000000000000000e+00,6.000444745878874553e-01,2.731926518154111916e-01,2.731926518154111916e-01,2.994599586196491803e+00,2.994599586196491803e+00,5.890657824653585450e+00,4.399955525412112323e+00,5.854860562621025721e+00,2.798302202936672582e-03,3.299895982962292029e-02
1.400000000000000133e-01,5.000000000000000000e+00,7.731491027836255858e-01,3.381145531237713664e-01,3.381145531237713664e-01,3.246095065418009629e+00,3.246095065418009629e+00,5.509554378411668729e+00,4.226850897216374747e+00,5.587943517273382454e+00,3.176698378122114284e-03,-8.156583723983572287e-02
1.600000000000000033e-01,5.000000000000000000e+00,1.069998191356552164e+00,4.070009416135169644e-01,4.070009416135169644e-01,3.444319424487280124e+00,3.444319424487280124e+00,5.228338656110715910e+00,3.930001808643448058e+00,5.368100639464795876e+00,3.540207555282722657e-03,-1.433021909093626090e-01
1.799999999999999933e-01,5.000000000000000000e+00,1.262320559326292724e+00,4.784923674641722857e-01,4.784923674641722857e-01,3.574571292532765732e+00,3.574571292532765732e+00,4.746838104942134429e+00,3.737679440673707276e+00,4.991102296977179442e+00,3.878187710826059426e-03,-2.481423797458712499e-01
2.000000000000000111e-01,5.000000000000000000e+00,1.300055786562418492e+00,5.517978033552166650e-01,5.517978033552166650e-01,3.665271794552218410e+00,3.665271794552218410e+00,4.481576312727291622e+00,3.699944213437581730e+00,4.746852889655608365e+00,4.199628142723997939e-03,-2.694762050710406975e-01
2.200000000000000011e-01,5.000000000000000000e+00,6.362766290037276118e-01,6.267647386325515546e-01,6.267647386325515546e-01,3.748346763866745590e+00,3.748346763866745590e+00,4.496021487697489327e+00,4.363723370996272166e+00,4.698929151065728504e+00,4.517823345079629606e-03,-2.074254867133191182e-01
2.399999999999999911e-01,5.000000000000000000e+00,1.196512087250073186e+00,7.056993523111232403e-01,7.056993523111232403e-01,3.946730683928586725e+00,3.946730683928586725e+00,5.732185964485156049e+00,3.803487912749926814e+00,5.541928681165265935e+00,4.893103554985308787e-03,1.853641797649046574e-01
2.600000000000000089e-01,5.000000000000000000e+00,1.528254718618738739e+00,7.861133196625110786e-01,7.861133196625110786e-01,4.020698367569392140e+00,4.020698367569392140e+00,4.686407520336641319e+00,3.471745281381261261e+00,4.830429649192407027e+00,5.220203515481802725e-03,-1.492423323712467886e-01
2.800000000000000266e-01,5.000000000000000000e+00,1.689067804452086374e+00,8.667758059145249661e-01,8.667758059145249661e-01,4.033124312600694594e+00,4.033124312600694594e+00,4.144957817882414908e+00,3.310932195547913626e+00,4.409116507354202241e+00,5.518773609680590990e-03,-2.696774630814682272e-01
2.999999999999999889e-01,5.000000000000000000e+00,2.055525497273306357e+00,9.472557000637821245e-01,9.472557000637821245e-01,4.023994707462856368e+00,4.023994707462856368e+00,3.941828261222313223e+00,2.944474502726693643e+00,4.204883888345850806e+00,5.803513778497711335e-03,-2.688591409020348877e-01
3.200000000000000067e-01,5.000000000000000000e+00,1.337332578254171844e+00,1.026437288852898089e+00,1.026437288852898089e+00,3.959079439455794880e+00,3.959079439455794880e+00,3.374842027392241484e+00,3.662667421745828378e+00,3.739482618462901087e+00,6.056738585732206540e-03,-3.706973296563919607e-01
3.400000000000000244e-01,5.000000000000000000e+00,1.664440764337728140e+00,1.107212981356128889e+00,1.107212981356128889e+00,4.038784625161540909e+00,4.038784625161540909e+00,4.756131296513259166e+00,3.335559235662271860e+00,4.651587625617201738e+00,6.371727984002348126e-03,9.817194291205461054e-02
3.599999999999999867e-01,5.000000000000000000e+00,1.546286414239967932e+00,1.188208383206512897e+00,1.188208383206512897e+00,4.049770092519205278e+00,4.049770092519205278e+00,4.148639298738181935e+00,3.453713585760032068e+00,4.236160229291085599e+00,6.658586078269303557e-03,-9.417951663117279937e-02
3.800000000000000044e-01,5.000000000000000000e+00,1.630556158303011038e+00,1.269876418999996037e+00,1.269876418999996037e+00,4.083401789674159232e+00,4.083401789674159232e+00,4.386087064068749264e+00,3.369443841696988962e+00,4.386216253915240948e+00,6.955605446644666685e-03,-7.084795293136367245e-03
4.000000000000000222e-01,5.000000000000000000e+00,2.138236227251214316e+00,1.351856677948778174e+00,1.351856677948778174e+00,4.099012947439105048e+00,4.099012947439105048e+00,4.239513367323615611e+00,2.861763772748785684e+00,4.279193678955175884e+00,7.245377617030607925e-03,-4.692568924859091828e-02
4.199999999999999845e-01,5.000000000000000000e+00,2.036909449848637976e+00,1.432351428650446401e+00,1.432351428650446401e+00,4.024737535083416695e+00,4.024737535083416695e+00,3.356258823882225517e+00,2.963090550151362024e+00,3.634439991390957747e+00,7.491489301487003379e-03,-2.856726568102188613e-01
4.400000000000000022e-01,5.000000000000000000e+00,1.879799567443966479e+00,1.512039426660268582e+00,1.512039426660268582e+00,3.984399900491110813e+00,3.984399900491110813e+00,3.621361189160359650e+00,3.120200432556033299e+00,3.763124998692229717e+00,7.746315088800020433e-03,-1.495101246206702039e-01
4.600000000000000200e-01,5.000000000000000000e+00,-1.159772453730784747e+00,1.591647130540859045e+00,1.591647130540859045e+00,3.980385194029521845e+00,3.980385194029521845e+00,3.944252835875219354e+00,6.159772453730784747e+00,3.962654549346162458e+00,8.014652325999838817e-03,-2.641636579694275899e-02
4.799999999999999822e-01,5.000000000000000000e+00,1.738618598790366176e+00,1.681947405672354900e+00,1.681947405672354900e+00,4.515013756574798087e+00,4.515013756574798087e+00,9.326670819482282937e+00,3.261381401209633601e+00,7.822911016238096593e+00,8.544392757020687068e-03,1.495215410487166663e+00
5.000000000000000000e-01,5.000000000000000000e+00,2.130047503331421677e+00,1.770725715879259754e+00,1.770725715879259754e+00,4.438915510345242232e+00,4.438915510345242232e+00,3.754031294279242204e+00,2.869952496668578323e+00,4.141954379536234576e+00,8.824871557524715387e-03,-3.967479568145166891e-01
5.200000000000000178e-01,5.000000000000000000e+00,1.437126273420733735e+00,1.856988707453493648e+00,1.856988707453493648e+00,4.313149578711690246e+00,4.313149578711690246e+00,3.181256194009725480e+00,3.562873726579266265e+00,3.644839670769094653e+00,9.071687472238213965e-03,-4.726551642316073054e-01
5.400000000000000355e-01,5.000000000000000000e+00,1.853887896944849123e+00,1.943722287640107682e+00,1.943722287640107682e+00,4.336679009330699941e+00,4.336679009330699941e+00,4.548443884901788969e+00,3.146112103055150655e+00,4.524849632755667983e+00,9.378094612724031248e-03,1.421615753339744437e-02
5.600000000000000533e-01,5.000000000000000000e+00,1.623367590235921920e+00,2.029397739913844312e+00,2.029397739913844312e+00,4.283772613686829267e+00,4.283772613686829267e+00,3.807615052891996754e+00,3.376632409764078080e+00,3.995562370880041403e+00,9.648660253586774718e-03,-1.975959782416312482e-01
5.799999999999999600e-01,5.000000000000000000e+00,1.550591452940609294e+00,2.115055135238233408e+00,2.115055135238233408e+00,4.282869766219457475e+00,4.282869766219457475e+00,4.274744139013109567e+00,3.449408547059390706e+00,4.288323160400379308e+00,9.939050640826485247e-03,-2.351807202809613750e-02
5.999999999999999778e-01,5.000000000000000000e+00,1.724621951629492056e+00,2.200968319871173140e+00,2.200968319871173140e+00,4.295659231646981269e+00,4.295659231646981269e+00,4.410764420494698079e+00,3.275378048370507944e+00,4.380748854765426081e+00,1.023569977587359368e-02,1.977986595339839559e-02
6.199999999999999956e-01,5.000000000000000000e+00,1.275999279026931887e+00,2.286485038483896393e+00,2.286485038483896393e+00,4.275835930636172399e+00,4.275835930636172399e+00,4.097426221538894353e+00,3.724000720973068113e+00,4.159730121430545324e+00,1.051738228803345693e-02,-7.282128217968474038e-02
6.400000000000000133e-01,5.000000000000000000e+00,1.890027037148519051e+00,2.373275600746179936e+00,2.373275600746179936e+00,4.339528113114168306e+00,4.339528113114168306e+00,4.912757755416128802e+00,3.109972962851481171e+00,4.729480915635796201e+00,1.083764635003714102e-02,1.724391934302956231e-01
6.600000000000000311e-01,5.000000000000000000e+00,1.822558607943468578e+00,2.458938491539640836e+00,2.458938491539640836e+00,4.283144539673039652e+00,4.283144539673039652e+00,3.775692378702879992e+00,3.177441392056531200e+00,3.949665662821381318e+00,1.110510402484236880e-02,-1.850783881433434308e-01
6.800000000000000488e-01,5.000000000000000000e+00,1.753428247655628214e+00,2.543936639929635923e+00,2.543936639929635923e+00,4.249907419499748151e+00,4.249907419499748151e+00,3.950773337940128638e+00,3.246571752344372008e+00,4.035350567911794251e+00,1.137836398455923000e-02,-9.595559395622527132e-02
7.000000000000000666e-01,5.000000000000000000e+00,1.911117270045534333e+00,2.628639096877204651e+00,2.628639096877204651e+00,4.235122847378433697e+00,4.235122847378433697e+00,4.102061698286600055e+00,3.088882729954465667e+00,4.123146125477352264e+00,1.165756915526084542e-02,-3.274199634601318576e-02
7.199999999999999734e-01,5.000000000000000000e+00,1.572322710500002163e+00,2.712538019629056052e+00,2.712538019629056052e+00,4.194946137592572732e+00,4.194946137592572732e+00,3.833355749519826272e+00,3.427677289499997837e+00,3.922881067042171654e+00,1.192321307003692960e-02,-1.014485305923824715e-01
7.399999999999999911e-01,5.000000000000000000e+00,1.691554370462356349e+00,2.796973197846164272e+00,2.796973197846164272e+00,4.221758910855409219e+00,4.221758910855409219e+00,4.463073870220938488e+00,3.308445629537643651e+00,4.353150157664996911e+00,1.221799331693392866e-02,9.770571923900726874e-02
7.600000000000000089e-01,5.000000000000000000e+00,2.464638075128544159e+00,2.881411348453481569e+00,2.881411348453481569e+00,4.221907530365861305e+00,4.221907530365861305e+00,4.223245105959934520e+00,2.535361924871455841e+00,4.201725949512807645e+00,1.250251964107416611e-02,9.016636806052705233e-03
7.800000000000000266e-01,5.000000000000000000e+00,2.311397455250867150e+00,2.963113576332454535e+00,2.963113576332454535e+00,4.085111393948658964e+00,4.085111393948658964e+00,2.853946166193837009e+00,2.688602544749132850e+00,3.219909644586748776e+00,1.272056076661311208e-02,-3.786840391595246991e-01
8.000000000000000444e-01,5.000000000000000000e+00,2.487009082113290859e+00,3.043123005450938834e+00,3.043123005450938834e+00,4.000471455924220265e+00,4.000471455924220265e+00,3.238712013704276416e+00,2.512990917886709141e+00,3.414525231831398777e+00,1.295178058546153817e-02,-1.887649987125841478e-01
8.200000000000000622e-01,5.000000000000000000e+00,2.453069606166684125e+00,3.121101644206063064e+00,3.121101644206063064e+00,3.898931937756220822e+00,3.898931937756220822e+00,2.985076274244224503e+00,2.546930393833315875e+00,3.191498465716120503e+00,1.316789780439979463e-02,-2.195900892762959189e-01
8.399999999999999689e-01,5.000000000000000000e+00,2.816431625662353611e+00,3.197504773746704387e+00,3.197504773746704387e+00,3.820156477032057296e+00,3.820156477032057296e+00,3.111177330514583783e+00,2.183568374337646389e+00,3.234601600168311109e+00,1.338693381826945930e-02,-1.368112034719969894e-01
8.599999999999999867e-01,5.000000000000000000e+00,2.336649893710913695e+00,3.271287559189217653e+00,3.271287559189217653e+00,3.689139272125654845e+00,3.689139272125654845e+00,2.509984427968031895e+00,2.663350106289086305e+00,2.773131835408810808e+00,1.357472069846249636e-02,-2.767221281392412968e-01
8.800000000000000044e-01,5.000000000000000000e+00,2.710215157547486431e+00,3.344575034520697709e+00,3.344575034520697709e+00,3.664373766573998381e+00,3.664373766573998381e+00,3.441484216609091096e+00,2.289784842452513569e+00,3.382454634987139830e+00,1.380376880760335843e-02,4.522581281434817635e-02
9.000000000000000222e-01,5.000000000000000000e+00,3.398624654858620531e+00,3.416069062334626150e+00,3.416069062334626150e+00,3.574701390696416237e+00,3.574701390696416237e+00,2.767650007798176937e+00,1.601375345141379469e+00,2.908026749914692122e+00,1.400069030405427448e-02,-1.543774324205694770e-01
9.200000000000000400e-01,5.000000000000000000e+00,3.808334647254618233e+00,3.483607673296277518e+00,3.483607673296277518e+00,3.376930548082569317e+00,3.376930548082569317e+00,1.596992964557945038e+00,1.191665352745381767e+00,2.033746688329551855e+00,1.413840858373643233e-02,-4.508921323553434224e-01
9.400000000000000577e-01,5.000000000000000000e+00,3.305637022573349348e+00,3.546408414803621234e+00,3.546408414803621234e+00,3.140037075367188457e+00,3.140037075367188457e+00,1.007995820928760278e+00,1.694362977426650652e+00,1.513414997986634924e+00,1.424089180407253456e-02,-5.196600688619472663e-01
9.599999999999999645e-01,5.000000000000000000e+00,3.206015681341369383e+00,3.607034700074710276e+00,3.607034700074710276e+00,3.031314263554458321e+00,3.031314263554458321e+00,2.052808957239886212e+00,1.793984318658630617e+00,2.151840981331846425e+00,1.438660702013122572e-02,-1.134186311120912172e-01
9.799999999999999822e-01,5.000000000000000000e+00,3.886993400765081041e+00,3.666124595539736575e+00,3.666124595539736575e+00,2.954494773251318485e+00,2.954494773251318485e+00,2.263119360523059065e+00,1.113006599234918959e+00,2.278360084696461119e+00,1.454088967153586813e-02,-2.978161384493784036e-02
1.000000000000000000e+00,5.000000000000000000e+00,3.437283647649839402e+00,3.721441863368866176e+00,3.721441863368866176e+00,2.765863391456481857e+00,2.765863391456481857e+00,1.068180955302952428e+00,1.562716352350160598e+00,1.413518381028347148e+00,1.463660823907007164e-02,-3.599740339644648679e-01
1.020000000000000018e+00,5.000000000000000000e+00,4.457845423053924172e+00,3.775170193220295456e+00,3.775170193220295456e+00,2.686416492571467973e+00,2.686416492571467973e+00,1.971394402606341023e+00,5.421545769460758279e-01,1.984649767484703897e+00,1.477100184537218606e-02,-2.802636672373509663e-02
1.040000000000000036e+00,5.000000000000000000e+00,3.602556674160089401e+00,3.823876681524587262e+00,3.823876681524587262e+00,2.435324415214586757e+00,2.435324415214586757e+00,1.754957190026570357e-01,1.397443325839910599e+00,6.885363127215162748e-01,1.481762713898954892e-02,-5.278582208578488366e-01
1.060000000000000053e+00,5.000000000000000000e+00,4.027613850394448747e+00,3.871404768745310587e+00,3.871404768745310587e+00,2.376404361036161372e+00,2.376404361036161372e+00,1.846123873430333573e+00,9.723861496055512532e-01,1.774753023816686426e+00,1.493780726501178074e-02,5.643304234863544266e-02
1.080000000000000071e+00,5.000000000000000000e+00,4.098287166495547140e+00,3.916335600240666182e+00,3.916335600240666182e+00,2.246541574767771277e+00,2.246541574767771277e+00,1.077776498352261747e+00,9.017128335044528598e-01,1.234930409999050127e+00,1.502143247387785832e-02,-1.721753441206661239e-01
1.100000000000000089e+00,5.000000000000000000e+00,4.493955822550358192e+00,3.958782461038536926e+00,3.958782461038536926e+00,2.122343039893534122e+00,2.122343039893534122e+00,1.004556226025401067e+00,5.060441774496418077e-01,1.145175298550655141e+00,1.509897977755924117e-02,-1.557180523028132979e-01
1.120000000000000107e+00,5.000000000000000000e+00,4.908021010127390227e+00,3.997688181711841704e+00,3.997688181711841704e+00,1.945286033665240666e+00,1.945286033665240666e+00,3.517729776105998352e-01,9.197898987260977322e-02,6.426761053610451357e-01,1.514249957681990978e-02,-3.060456273272652017e-01
1.140000000000000124e+00,5.000000000000000000e+00,4.818816064622830631e+00,4.032126384966547405e+00,4.032126384966547405e+00,1.721910162735288186e+00,1.721910162735288186e+00,-2.884726756342842480e-01,1.811839353771693695e-01,1.168133171382144120e-01,1.515040976994895365e-02,-4.204364025424475737e-01
1.159999999999999920e+00,5.000000000000000000e+00,4.630801194658245912e+00,4.063111544236980066e+00,4.063111544236980066e+00,1.549257963521654791e+00,1.549257963521654791e+00,-4.611829401046152466e-03,3.691988053417540883e-01,2.301035979290051159e-01,1.516599158839138962e-02,-2.498814189184426493e-01
1.179999999999999938e+00,5.000000000000000000e+00,4.814705128463701911e+00,4.091803776855307717e+00,4.091803776855307717e+00,1.434611630916402536e+00,1.434611630916402536e+00,4.027946374691317999e-01,1.852948715362980892e-01,4.688824827840277210e-01,1.519774268565078114e-02,-8.128558800054669353e-02
1.199999999999999956e+00,5.000000000000000000e+00,4.808549292995509816e+00,4.117830894400323238e+00,4.117830894400323238e+00,1.301355877250782500e+00,1.301355877250782500e+00,1.020540942602016776e-01,1.914507070044901837e-01,2.353244868510985799e-01,1.521367804460290254e-02,-1.484840706354997875e-01
1.219999999999999973e+00,5.000000000000000000e+00,4.929447263300937188e+00,4.141570298785476112e+00,4.141570298785476112e+00,1.186970219257645898e+00,1.186970219257645898e+00,1.574992973194176415e-01,7.055273669906281242e-02,2.431423978957025500e-01,1.523014280540528793e-02,-1.008732433816901808e-01
1.239999999999999991e+00,5.000000000000000000e+00,4.902522449977542607e+00,4.162883802184852655e+00,4.162883802184852655e+00,1.065675169968809843e+00,1.065675169968809843e+00,-2.598027363071477025e-02,9.747755002245739320e-02,8.960197560780977510e-02,1.523621034076140697e-02,-1.308184595792859506e-01
1.260000000000000009e+00,5.000000000000000000e+00,4.786857072858879292e+00,4.182187708678827498e+00,4.182187708678827498e+00,9.651953246987423629e-01,9.651953246987423629e-01,6.087671726813456696e-02,2.131429271411207083e-01,1.237964885285208899e-01,1.524459341006333818e-02,-7.816436467044965419e-02
1.280000000000000027e+00,5.000000000000000000e+00,7.820305928944561558e+00,4.200138906010818296e+00,4.200138906010818296e+00,8.975598665995481173e-01,8.975598665995481173e-01,2.888407437068004069e-01,-2.820305928944561558e+00,2.706915174692233195e-01,1.526292370179747372e-02,2.886302535779580736e-03
1.300000000000000044e+00,5.000000000000000000e+00,4.975756669453278214e+00,4.206144173067763781e+00,4.206144173067763781e+00,3.002633528472624658e-01,3.002633528472624658e-01,-5.075405270923308620e+00,2.424333054672178633e-02,-3.581788529759593054e+00,1.502037739190824166e-02,-1.508637118555624212e+00
1.320000000000000062e+00,5.000000000000000000e+00,4.823393192192268586e+00,4.212361611329862754e+00,4.212361611329862754e+00,3.108719131049328954e-01,3.108719131049328954e-01,4.063489554239669843e-01,1.766068078077314141e-01,3.078902979433666837e-02,1.502037739190824166e-02,3.605395482377220517e-01
1.340000000000000080e+00,5.000000000000000000e+00,4.902397793452853314e+00,4.219092467579622863e+00,4.219092467579622863e+00,3.365428124879982774e-01,3.365428124879982774e-01,5.675809069355868264e-01,9.760220654714668598e-02,2.242906459158189036e-01,1.503556557737970728e-02,3.282546954423882224e-01
1.360000000000000098e+00,5.000000000000000000e+00,4.704696538981603560e+00,4.225809103718535020e+00,4.225809103718535020e+00,3.358318069455903943e-01,3.358318069455903943e-01,3.294327570639196123e-01,2.953034610183964404e-01,1.239548023148762945e-01,1.504395936714276148e-02,1.904339953819005615e-01
1.380000000000000115e+00,5.000000000000000000e+00,5.075653819173284731e+00,4.233097803788459679e+00,4.233097803788459679e+00,3.644350034962480223e-01,3.644350034962480223e-01,6.218637724521666188e-01,-7.565381917328473094e-02,3.750353954933635103e-01,1.506935546479034292e-02,2.317590214940127846e-01
1.400000000000000133e+00,5.000000000000000000e+00,4.734844153428853453e+00,4.239450588028184974e+00,4.239450588028184974e+00,3.176392119862853636e-01,3.176392119862853636e-01,-1.035229116033784397e-01,2.651558465711465473e-01,-9.608035035007160551e-02,1.506284923634144089e-02,-2.250541048964826985e-02
1.419999999999999929e+00,5.000000000000000000e+00,4.502664661071227314e+00,4.246179699851903244e+00,4.246179699851903244e+00,3.364555911859044013e-01,3.364555911859044013e-01,5.058030039824756852e-01,4.973353389287726856e-01,3.367479251453561195e-01,1.508565263914656007e-02,1.539694261979729639e-01
1.439999999999999947e+00,5.000000000000000000e+00,4.449331066978421845e+00,4.253976197072150356e+00,4.253976197072150356e+00,3.898248610123654090e-01,3.898248610123654090e-01,8.701482894505147003e-01,5.506689330215781553e-01,6.316158804395413107e-01,1.512842347829443379e-02,2.234039855326789004e-01
1.459999999999999964e+00,5.000000000000000000e+00,4.092637451599487441e+00,4.262787981061722853e+00,4.262787981061722853e+00,4.405891994786319543e-01,4.405891994786319543e-01,8.974682456750309179e-01,9.073625484005125585e-01,6.993495449374043105e-01,1.517578100653428977e-02,1.829429197310923627e-01
1.479999999999999982e+00,5.000000000000000000e+00,4.148489133845375321e+00,4.273665182082187819e+00,4.273665182082187819e+00,5.438600510232509677e-01,5.438600510232509677e-01,1.473297714924821644e+00,8.515108661546246793e-01,1.152350436468650985e+00,1.525381418569673325e-02,3.056934642704739469e-01
1.500000000000000000e+00,5.000000000000000000e+00,4.144128984165071472e+00,4.286020497263341333e+00,4.286020497263341333e+00,6.177657590576697277e-01,6.177657590576697277e-01,1.282917131367439012e+00,8.558710158349285280e-01,1.081418800016373361e+00,1.532704412018603100e-02,1.861712872308796118e-01
1.520000000000000018e+00,5.000000000000000000e+00,3.950057266822293744e+00,4.299609977115860460e+00,4.299609977115860460e+00,6.794739926259342200e-01,6.794739926259342200e-01,1.234848094740314206e+00,1.049942733177706256e+00,1.086956190110359266e+00,1.540064902754783444e-02,1.324912556024070431e-01
1.540000000000000036e+00,5.000000000000000000e+00,4.451917908351436637e+00,4.314917128601920560e+00,4.314917128601920560e+00,7.653575743030084366e-01,7.653575743030084366e-01,1.538309809396676275e+00,5.480820916485633632e-01,1.333427271135686931e+00,1.549094410260111639e-02,1.893915941583882434e-01
1.560000000000000053e+00,5.000000000000000000e+00,4.065767147152528516e+00,4.329882064643345352e+00,4.329882064643345352e+00,7.482468020712592649e-01,7.482468020712592649e-01,5.942498519855170525e-01,9.342328528474714844e-01,6.960642563936755289e-01,1.553807916248289324e-02,-1.173524835706413749e-01
1.580000000000000071e+00,5.000000000000000000e+00,3.600185789349931387e+00,4.345975008054391076e+00,4.345975008054391076e+00,8.046471705523057238e-01,8.046471705523057238e-01,1.312250486881723743e+00,1.399814210650068613e+00,1.186475723116288794e+00,1.561842318782777524e-02,1.101563405776072313e-01
1.600000000000000089e+00,5.000000000000000000e+00,6.819474005353619361e+00,4.364663600742983540e+00,4.364663600742983540e+00,9.344296344296301182e-01,9.344296344296301182e-01,2.102471809325549224e+00,-1.819474005353619361e+00,1.777764047525587143e+00,1.573880720994368099e-02,3.089689545900183854e-01
1.620000000000000107e+00,5.000000000000000000e+00,3.418512323111091877e+00,4.374119180327295631e+00,4.374119180327295631e+00,4.727789792156233961e-01,4.727789792156233961e-01,-3.682076917710437325e+00,1.581487676888908123e+00,-2.310731986799096749e+00,1.558233244548326915e-02,-1.386927263356823925e+00
1.640000000000000124e+00,5.000000000000000000e+00,3.759964711818586380e+00,4.388123277000060440e+00,4.388123277000060440e+00,7.002048336382221683e-01,7.002048336382221683e-01,2.747037523441611118e+00,1.240035288181413620e+00,2.008489349648913347e+00,1.571834038569571573e-02,7.228298334070020204e-01
1.660000000000000142e+00,5.000000000000000000e+00,3.862953319004311048e+00,4.404580178791987599e+00,4.404580178791987599e+00,8.228450895963442813e-01,8.228450895963442813e-01,1.926607393219443853e+00,1.137046680995688952e+00,1.574844815990395386e+00,1.582498342047931883e-02,3.359375938085691904e-01
1.679999999999999938e+00,5.000000000000000000e+00,3.836379782280560313e+00,4.422679070491896347e+00,4.422679070491896347e+00,9.049445849954176335e-01,9.049445849954176335e-01,1.643840043587077471e+00,1.163620217719439687e+00,1.444049284864524996e+00,1.592276943504494779e-02,1.838679892875075550e-01
1.699999999999999956e+00,5.000000000000000000e+00,3.301593083684661867e+00,4.442239596483948283e+00,4.442239596483948283e+00,9.780262996025899103e-01,9.780262996025899103e-01,1.635761731067140401e+00,1.698406916315338133e+00,1.477797676503688429e+00,1.602284077376881985e-02,1.419412137896831627e-01
1.719999999999999973e+00,5.000000000000000000e+00,3.671561132610066114e+00,4.464921726502880439e+00,4.464921726502880439e+00,1.134106500946589602e+00,1.134106500946589602e+00,2.538828313042587048e+00,1.328438867389933886e+00,2.156976783720479407e+00,1.616890376857194056e-02,3.656826255535355896e-01
1.739999999999999991e+00,5.000000000000000000e+00,3.641954688707662591e+00,4.488885912041157056e+00,4.488885912041157056e+00,1.198209276913831278e+00,1.198209276913831278e+00,1.775134260619007032e+00,1.358045311292337409e+00,1.687117361585215969e+00,1.628314951116747317e-02,7.173374952262362436e-02
1.760000000000000009e+00,5.000000000000000000e+00,3.787242838152908853e+00,4.514065829266562524e+00,4.514065829266562524e+00,1.258995861270292282e+00,1.258995861270292282e+00,1.806075120478440654e+00,1.212757161847091147e+00,1.724717545341268643e+00,1.639994140793861466e-02,6.495763372923349377e-02
1.780000000000000027e+00,5.000000000000000000e+00,3.602753687110771263e+00,4.539787400127940131e+00,4.539787400127940131e+00,1.286078543068902569e+00,1.286078543068902569e+00,1.529822679256394036e+00,1.397246312889228737e+00,1.540201595545805713e+00,1.650423852385746529e-02,-2.688315481326919443e-02
1.800000000000000044e+00,5.000000000000000000e+00,4.099381475132608088e+00,4.566665183119032356e+00,4.566665183119032356e+00,1.343889149554590601e+00,1.343889149554590601e+00,1.864184607925782666e+00,9.006185248673919119e-01,1.774502817369320473e+00,1.662440170676593790e-02,7.305738884969606439e-02
1.820000000000000062e+00,5.000000000000000000e+00,3.936791219137989906e+00,4.592783801641497909e+00,4.592783801641497909e+00,1.305930926123272107e+00,1.305930926123272107e+00,9.643069152414047718e-01,1.063208780862010094e+00,1.143785526581587719e+00,1.670185489990453492e-02,-1.961804662400874755e-01
1.840000000000000080e+00,5.000000000000000000e+00,3.727289188377452156e+00,4.618911982439050767e+00,4.618911982439050767e+00,1.306409039877652001e+00,1.306409039877652001e+00,1.310712063667070382e+00,1.272710811622547844e+00,1.350275151694752873e+00,1.679329085505866861e-02,-5.635637888274136476e-02
1.860000000000000098e+00,5.000000000000000000e+00,4.349054793862655366e+00,4.645823601198540764e+00,4.645823601198540764e+00,1.345580937974519165e+00,1.345580937974519165e+00,1.698128020846322750e+00,6.509452061373446341e-01,1.616342730760635726e+00,1.690274398485820673e-02,6.488254610082884455e-02
1.880000000000000115e+00,5.000000000000000000e+00,4.738038548474451161e+00,4.671202933377694322e+00,4.671202933377694322e+00,1.268966608957663444e+00,1.268966608957663444e+00,5.794376478059626301e-01,2.619614515255488385e-01,8.267004117944276587e-01,1.695872527258601714e-02,-2.642214892610509902e-01
1.900000000000000133e+00,5.000000000000000000e+00,4.398293085517787304e+00,4.693986339029162735e+00,4.693986339029162735e+00,1.139170282573442439e+00,1.139170282573442439e+00,-2.899665488454572504e-02,6.017069144822126958e-01,3.326910434374470427e-01,1.698125395741721319e-02,-3.786689522794099982e-01
1.919999999999999929e+00,5.000000000000000000e+00,3.891020262717630018e+00,4.715862055627686900e+00,4.715862055627686900e+00,1.093785829926228637e+00,1.093785829926228637e+00,6.853257561013044175e-01,1.108979737282369982e+00,7.641677813924101503e-01,1.703300075206268249e-02,-9.587502604316844312e-02
1.939999999999999947e+00,5.000000000000000000e+00,4.417615413232182320e+00,4.738772284540123891e+00,4.738772284540123891e+00,1.145511445621839597e+00,1.145511445621839597e+00,1.611041986882339128e+00,5.823845867678176802e-01,1.408404266348609823e+00,1.712837300946896610e-02,1.855093475242604040e-01
1.959999999999999964e+00,5.000000000000000000e+00,4.857613750783352558e+00,4.760640328644496932e+00,4.760640328644496932e+00,1.093402205218635181e+00,1.093402205218635181e+00,6.244190415897947766e-01,1.423862492166474425e-01,7.396284251951285027e-01,1.717845808393099818e-02,-1.323878416892647070e-01
1.979999999999999982e+00,5.000000000000000000e+00,4.485157682081552188e+00,4.780094029495479013e+00,4.780094029495479013e+00,9.726850425491254670e-01,9.726850425491254670e-01,-1.137694214764621847e-01,5.148423179184478116e-01,1.808305365051422475e-01,1.719070330136363012e-02,-3.117906612829680624e-01
2.000000000000000000e+00,5.000000000000000000e+00,4.637300289854906055e+00,4.798878989026988506e+00,4.798878989026988506e+00,9.392479765754681020e-01,9.392479765754681020e-01,6.383143828125522612e-01,3.626997101450939454e-01,6.538497437564286807e-01,1.723497974070461666e-02,-3.277034068458106741e-02
2.020000000000000018e+00,5.000000000000000000e+00,4.835037491327259573e+00,4.816543829698646029e+00,4.816543829698646029e+00,8.832420335828922164e-01,8.832420335828922164e-01,3.791885466497094681e-01,1.649625086727404266e-01,4.606286318842693350e-01,1.726617191577709334e-02,-9.870625715033697067e-02
2.040000000000000036e+00,5.000000000000000000e+00,4.519732671228401166e+00,4.832560616779873364e+00,4.832560616779873364e+00,8.008393540613465422e-01,8.008393540613465422e-01,5.921523836743536329e-02,4.802673287715988337e-01,2.095023860143803429e-01,1.728035869152294915e-02,-1.675675063384679253e-01
2.060000000000000053e+00,5.000000000000000000e+00,4.995679927293444678e+00,4.848309696583365636e+00,4.848309696583365636e+00,7.874539901746150372e-01,7.874539901746150372e-01,6.669857151940317141e-01,4.320072706555322384e-03,6.099395075399305366e-01,1.732166168179730820e-02,3.972454597230395956e-02
2.080000000000000071e+00,5.000000000000000000e+00,5.209062913703756514e+00,4.862111055611867627e+00,4.862111055611867627e+00,6.900679514250879221e-01,6.900679514250879221e-01,-1.864063973206562808e-01,-2.090629137037565144e-01,5.486492337325259670e-03,1.732166168179730820e-02,-2.092145513397788426e-01
2.100000000000000089e+00,5.000000000000000000e+00,5.386743059674959255e+00,4.873530436474913685e+00,4.873530436474913685e+00,5.709690431523058995e-01,5.709690431523058995e-01,-5.009211313027324142e-01,-3.867430596749592553e-01,-2.655099004037707600e-01,1.730368227121878433e-02,-2.527149131701804663e-01
2.120000000000000107e+00,5.000000000000000000e+00,5.808346882397206201e+00,4.882329322420991602e+00,4.882329322420991602e+00,4.399442973038856231e-01,4.399442973038856231e-01,-7.392784153318967544e-01,-8.083468823972062012e-01,-4.911636857871982675e-01,1.727042236808673872e-02,-2.653851519127852776e-01
2.140000000000000124e+00,5.000000000000000000e+00,5.583697537488678364e+00,4.887438063880135353e+00,4.887438063880135353e+00,2.554370729572090770e-01,2.554370729572090770e-01,-1.405127946162880059e+00,-5.836975374886783641e-01,-1.026600540644451831e+00,1.720090453620057996e-02,-3.957283100546286625e-01
2.160000000000000142e+00,5.000000000000000000e+00,5.214497695411716371e+00,4.890257371974692013e+00,4.890257371974692013e+00,1.409654047278443567e-01,1.409654047278443567e-01,-8.892796093364382370e-01,-2.144976954117163714e-01,-7.412958726106215757e-01,1.715070654797655469e-02,-1.651344432737932300e-01
2.180000000000000160e+00,5.000000000000000000e+00,5.332344106711039089e+00,4.892420724455065262e+00,4.892420724455065262e+00,1.081676240186562332e-01,1.081676240186562332e-01,-1.870124023640368505e-01,-3.323441067110390890e-01,-2.724120731728797984e-01,1.713225974617114608e-02,6.826741106267178449e-02
2.200000000000000178e+00,5.000000000000000000e+00,5.376012230486179710e+00,4.893535994362494534e+00,4.893535994362494534e+00,5.576349537146880336e-02,5.576349537146880336e-02,-4.158736624532181070e-01,-3.760122304861797105e-01,-4.220770155230196274e-01,1.710367815299399658e-02,-1.090032508319246918e-02
2.220000000000000195e+00,5.000000000000000000e+00,5.598715580506929079e+00,4.893560054989551489e+00,4.893560054989551489e+00,1.203031352868845494e-03,1.203031352868845494e-03,-4.898411448145308378e-01,-5.987155805069290793e-01,-4.775355327174482523e-01,1.707134110117218551e-02,-2.937695319825476062e-02
2.240000000000000213e+00,5.000000000000000000e+00,6.063896384137901663e+00,4.891832071411439387e+00,4.891832071411439387e+00,-8.639917890558429514e-02,-8.639917890558429514e-02,-8.748190712316628037e-01,-1.063896384137901663e+00,-7.603687872437999706e-01,1.701985156124858831e-02,-1.314701355491115220e-01
2.260000000000000231e+00,5.000000000000000000e+00,5.257738699229676627e+00,4.886961067818187843e+00,4.886961067818187843e+00,-2.435501796625783588e-01,-2.435501796625783588e-01,-1.657909186475524876e+00,-2.577386992296766266e-01,-1.351148407855135236e+00,1.692835647221272929e-02,-3.236891350926023314e-01
2.280000000000000249e+00,5.000000000000000000e+00,6.138614502284777785e+00,4.882306088935145283e+00,4.882306088935145283e+00,-2.327489441521341240e-01,-2.327489441521341240e-01,-1.355378245581358998e-01,-1.138614502284777785e+00,-3.273281480216893025e-01,1.690619094407897621e-02,1.748841325194744334e-01
2.300000000000000266e+00,5.000000000000000000e+00,5.955142102647839941e+00,4.874625629130481919e+00,4.874625629130481919e+00,-3.840229902331800393e-01,-3.840229902331800393e-01,-1.745489404962593305e+00,-9.551421026478399412e-01,-1.446040417901667707e+00,1.680827009688248483e-02,-3.162572571578082803e-01
2.319999999999999840e+00,5.000000000000000000e+00,5.334894462117187430e+00,4.865060584971328872e+00,4.865060584971328872e+00,-4.782522079576593255e-01,-4.782522079576593255e-01,-1.326315167477972734e+00,-3.348944621171874303e-01,-1.213030470362756796e+00,1.672612787605477075e-02,-1.300108249912707570e-01
2.339999999999999858e+00,5.000000000000000000e+00,5.241368372481937321e+00,4.856070559443198320e+00,4.856070559443198320e+00,-4.495012764065073885e-01,-4.495012764065073885e-01,-1.907428924461399555e-01,-2.413683724819373211e-01,-4.253159668888280565e-01,1.669732695231269243e-02,2.178757474903754154e-01
2.359999999999999876e+00,5.000000000000000000e+00,6.135247899930503124e+00,4.847797991972084830e+00,4.847797991972084830e+00,-4.136283735556730567e-01,-4.136283735556730567e-01,-9.077224789816382144e-02,-1.135247899930503124e+00,-3.065378330520603933e-01,1.667656927227924649e-02,1.990890158816173428e-01
2.379999999999999893e+00,5.000000000000000000e+00,5.361393449809934708e+00,4.836890730071060851e+00,4.836890730071060851e+00,-5.453630950512164954e-01,-5.453630950512164954e-01,-1.730975588511107333e+00,-3.613934498099347081e-01,-1.441764832911738958e+00,1.657893795288522404e-02,-3.057896935522536053e-01
2.399999999999999911e+00,5.000000000000000000e+00,5.753791917552736557e+00,4.826532004175200896e+00,4.826532004175200896e+00,-5.179362947929898597e-01,-5.179362947929898597e-01,-2.710950924689500274e-01,-7.537919175527365567e-01,-4.589696812586170904e-01,1.654785811620157129e-02,1.713267306734654882e-01
2.419999999999999929e+00,5.000000000000000000e+00,5.482425552199591934e+00,4.815176514011437092e+00,4.815176514011437092e+00,-5.677745081882081823e-01,-5.677745081882081823e-01,-1.016318428745172753e+00,-4.824255521995919338e-01,-9.573157352919754448e-01,1.648303201129203491e-02,-7.548572546448945042e-02
2.439999999999999947e+00,5.000000000000000000e+00,4.908099915432507565e+00,4.803928695932531134e+00,4.803928695932531134e+00,-5.623909039452829051e-01,-5.623909039452829051e-01,-5.139384657589555205e-01,9.190008456749243493e-02,-6.126804512934818092e-01,1.644154341380286988e-02,8.230044212072340493e-02
2.459999999999999964e+00,5.000000000000000000e+00,5.046431065501859159e+00,4.794759233723148384e+00,4.794759233723148384e+00,-4.584731104691240899e-01,-4.584731104691240899e-01,4.767870308163054682e-01,-4.643106550185915893e-02,1.167131074007153879e-01,1.644944682107567571e-02,3.436244765945143942e-01
2.479999999999999982e+00,5.000000000000000000e+00,4.121355773455357863e+00,4.786764978163734696e+00,4.786764978163734696e+00,-3.997127779706779460e-01,-3.997127779706779460e-01,1.291302145153375158e-01,8.786442265446421374e-01,-5.896745318736112962e-02,1.644944682107567571e-02,1.716482208816229871e-01
2.500000000000000000e+00,5.000000000000000000e+00,4.613963151387999950e+00,4.782996637016247554e+00,4.782996637016247554e+00,-1.884170573743553789e-01,-1.884170573743553789e-01,1.713244427992547614e+00,3.860368486120000497e-01,1.115878167711695568e+00,1.652501022455851384e-02,5.808412500562937231e-01
2.520000000000000018e+00,5.000000000000000000e+00,4.663344482875973362e+00,4.780941320799428240e+00,4.780941320799428240e+00,-1.027658108409469223e-01,-1.027658108409469223e-01,6.680954079597292150e-01,3.366555171240266375e-01,4.902667977372400787e-01,1.655820939353914653e-02,1.612704008289498891e-01
2.540000000000000036e+00,5.000000000000000000e+00,4.659838428383593190e+00,4.780156410296320324e+00,4.780156410296320324e+00,-3.924552515537425845e-02,-3.924552515537425845e-02,5.324370460147798134e-01,3.401615716164068104e-01,4.275525067475138274e-01,1.658716176801181344e-02,8.829737749925416213e-02
2.560000000000000053e+00,5.000000000000000000e+00,5.024798172024225629e+00,4.780474342425528711e+00,4.780474342425528711e+00,1.589660646043224157e-02,1.589660646043224157e-02,5.121757910026907279e-01,-2.479817202422562872e-02,4.320051959528366514e-01,1.661641566317082278e-02,6.355417938668324329e-02
2.580000000000000071e+00,5.000000000000000000e+00,4.512655003926083985e+00,4.780456202762676909e+00,4.780456202762676909e+00,-9.069831426062220647e-04,-9.069831426062220647e-04,-1.521392895699524295e-01,4.873449960739160147e-01,-3.149367847076654792e-02,1.661641566317082278e-02,-1.372620267623567147e-01
2.600000000000000089e+00,5.000000000000000000e+00,4.022328133080305790e+00,4.782028977768761457e+00,4.782028977768761457e+00,7.863875030424755108e-02,7.863875030424755108e-02,7.945503513259315476e-01,9.776718669196942102e-01,6.189281450138733875e-01,1.665832733283317824e-02,1.589638789792248708e-01
2.620000000000000107e+00,5.000000000000000000e+00,4.491044801295120514e+00,4.786672161624373700e+00,4.786672161624373700e+00,2.321591927806282707e-01,2.321591927806282707e-01,1.613843175068054858e+00,5.089551987048794857e-01,1.241643270988011638e+00,1.674240711338827181e-02,3.554574969666549622e-01
2.640000000000000124e+00,5.000000000000000000e+00,4.156010725125868888e+00,4.792208144347867460e+00,4.792208144347867460e+00,2.767991361747009216e-01,2.767991361747009216e-01,6.785586267213545852e-01,8.439892748741311124e-01,6.463731023551969601e-01,1.678617726047689288e-02,1.539934710568074960e-02
2.660000000000000142e+00,5.000000000000000000e+00,4.092345022095711826e+00,4.799723232103681347e+00,4.799723232103681347e+00,3.757543877906834862e-01,3.757543877906834862e-01,1.266351652334526401e+00,9.076549779042881738e-01,1.071866379090146593e+00,1.685876033811606681e-02,1.776265129062638282e-01
2.680000000000000160e+00,5.000000000000000000e+00,3.951337158454726772e+00,4.809138216523409781e+00,4.809138216523409781e+00,4.707492209864215793e-01,4.707492209864215793e-01,1.325702719748064862e+00,1.048662841545273228e+00,1.152721821938446078e+00,1.693681866621583529e-02,1.560440791434029029e-01
2.700000000000000178e+00,5.000000000000000000e+00,3.949974898505526966e+00,4.820668265669018737e+00,4.820668265669018737e+00,5.765024572804472447e-01,5.765024572804472447e-01,1.528281583926678122e+00,1.050025101494473034e+00,1.331801808762496986e+00,1.702700367058872927e-02,1.794527714935925944e-01
2.720000000000000195e+00,5.000000000000000000e+00,4.228563292556280828e+00,4.833999198960522214e+00,4.833999198960522214e+00,6.665466645751539909e-01,6.665466645751539909e-01,1.476944530227514374e+00,7.714367074437191718e-01,1.333531878897980860e+00,1.711730582931725309e-02,1.262953455002163161e-01
2.740000000000000213e+00,5.000000000000000000e+00,1.124146836813038064e+00,4.847890194901780525e+00,4.847890194901780525e+00,6.945497970628942142e-01,6.945497970628942142e-01,9.465779894525567784e-01,3.875853163186961936e+00,9.797246184535233215e-01,1.718364938615741383e-02,-5.033027838712400559e-02
2.760000000000000231e+00,5.000000000000000000e+00,4.991236596072745613e+00,4.873293328629102028e+00,4.873293328629102028e+00,1.270156686366083143e+00,1.270156686366083143e+00,6.450618690094781726e+00,8.763403927254387327e-03,4.922333517247441392e+00,1.751697275819149094e-02,1.510768200089148250e+00
2.780000000000000249e+00,5.000000000000000000e+00,3.889516184565191104e+00,4.894476896055085291e+00,4.894476896055085291e+00,1.059178371299162258e+00,1.059178371299162258e+00,-8.396264643031259300e-01,1.110483815434808896e+00,1.112952298761307225e-02,1.751697275819149094e-02,-8.682729600489305088e-01
2.800000000000000266e+00,5.000000000000000000e+00,4.730044152362559373e+00,4.916279691964200005e+00,4.916279691964200005e+00,1.090139795455749683e+00,1.090139795455749683e+00,1.368792612865036951e+00,2.699558476374406268e-01,1.410314445602207423e+00,1.761247436631888444e-02,-5.913430710348921426e-02
2.819999999999999840e+00,5.000000000000000000e+00,4.592356792550831734e+00,4.935703213630669772e+00,4.935703213630669772e+00,9.711760833234980295e-01,9.711760833234980295e-01,-9.949732586676646173e-02,4.076432074491682656e-01,3.428439264995495894e-01,1.763569056921570483e-02,-4.599769429355317629e-01
2.839999999999999858e+00,5.000000000000000000e+00,4.219407641838406775e+00,4.953748307263446726e+00,4.953748307263446726e+00,9.022546816388350432e-01,9.022546816388350432e-01,2.819620664768681673e-01,7.805923581615932250e-01,5.177068734604437505e-01,1.767074788505633431e-02,-2.534155548686318760e-01
2.859999999999999876e+00,5.000000000000000000e+00,4.308555053587342698e+00,4.972023747457625653e+00,4.972023747457625653e+00,9.137720097089342408e-01,9.137720097089342408e-01,1.017427962339826797e+00,6.914449464126573019e-01,9.913522948652233602e-01,1.773787882785823194e-02,8.337788646745281085e-03
2.879999999999999893e+00,5.000000000000000000e+00,4.178655215734962347e+00,4.990186390564464780e+00,4.990186390564464780e+00,9.081321553419484660e-01,9.081321553419484660e-01,8.573734660390761597e-01,8.213447842650376529e-01,8.781350819440747468e-01,1.779734309324972064e-02,-3.855895899824839795e-02
2.899999999999999911e+00,5.000000000000000000e+00,4.787555393063075648e+00,5.008730118766045791e+00,5.008730118766045791e+00,9.271864100790542240e-01,9.271864100790542240e-01,1.098674702713005935e+00,2.124446069369243517e-01,1.043107876016597935e+00,1.786797874469651243e-02,3.769884795171152964e-02
2.919999999999999929e+00,5.000000000000000000e+00,4.474073526016526969e+00,5.025441169757564275e+00,5.025441169757564275e+00,8.355525495759072996e-01,8.355525495759072996e-01,1.084780504758464659e-02,5.259264739834730307e-01,2.698046508098939089e-01,1.788624898089308940e-02,-2.768430947432023448e-01
2.939999999999999947e+00,5.000000000000000000e+00,5.013257103103820000e+00,5.041777479458101396e+00,5.041777479458101396e+00,8.168154850268771749e-01,8.168154850268771749e-01,6.481819040856060532e-01,-1.325710310382000046e-02,6.679266219590107578e-01,1.793147865765566673e-02,-3.767619653106041300e-02
2.959999999999999964e+00,5.000000000000000000e+00,4.579994383940683811e+00,5.055892574586094312e+00,5.055892574586094312e+00,7.057547563996484641e-01,7.057547563996484641e-01,-2.937918012454099892e-01,4.200056160593161891e-01,-1.683652094185139961e-02,1.793147865765566673e-02,-2.948867589612142459e-01
2.979999999999999982e+00,5.000000000000000000e+00,4.921789031580092733e+00,5.069717597870100789e+00,5.069717597870100789e+00,6.912511642003196233e-01,6.912511642003196233e-01,5.607188344063600560e-01,7.821096841990726745e-02,5.334071323953315513e-01,1.796759914063676689e-02,9.344102870391834958e-03
3.000000000000000000e+00,5.000000000000000000e+00,5.386059534254637349e+00,5.082067377611030778e+00,5.082067377611030778e+00,6.174889870464927988e-01,6.174889870464927988e-01,-4.637060733794826084e-02,-3.860595342546373487e-01,9.932792989328223521e-02,1.797432528392087919e-02,-1.636728625151513683e-01
3.020000000000000018e+00,5.000000000000000000e+00,4.982063690094395092e+00,5.091545914981003840e+00,5.091545914981003840e+00,4.739268684986491786e-01,4.739268684986491786e-01,-8.181321984319436247e-01,1.793630990560490801e-02,-4.902956085033894351e-01,1.794112416397497869e-02,-3.457777140925292203e-01
3.040000000000000036e+00,5.000000000000000000e+00,5.003734243047849084e+00,5.100076330150521642e+00,5.100076330150521642e+00,4.265207584758965997e-01,4.265207584758965997e-01,-1.342317288766242678e-04,-3.734243047849084007e-03,2.277911358011823484e-02,1.794112416397497869e-02,-4.085446947296983433e-02
3.060000000000000053e+00,5.000000000000000000e+00,5.436260129634184146e+00,5.107701320946070211e+00,5.107701320946070211e+00,3.812495397774376960e-01,3.812495397774376960e-01,-2.619142850869232708e-02,-4.362601296341841461e-01,-4.742488670768337140e-03,1.794112416397497869e-02,-3.939006400189896950e-02
3.080000000000000071e+00,5.000000000000000000e+00,5.296296376623090829e+00,5.113005577271736435e+00,5.113005577271736435e+00,2.652128162833027325e-01,2.652128162833027325e-01,-7.791176951639116055e-01,-2.962963766230908291e-01,-5.540503646354139056e-01,1.790360579282643944e-02,-2.429709363213241602e-01
3.100000000000000089e+00,5.000000000000000000e+00,5.531537516070560656e+00,5.116861816003971164e+00,5.116861816003971164e+00,1.928119366117433675e-01,1.928119366117433675e-01,-4.587959804322909174e-01,-5.315375160705606561e-01,-3.762963983113253308e-01,1.787812430443685291e-02,-1.003777064254024465e-01
3.120000000000000107e+00,5.000000000000000000e+00,5.915216164115683739e+00,5.118643161432434141e+00,5.118643161432434141e+00,8.906727142315112866e-02,8.906727142315112866e-02,-8.446347152741789932e-01,-9.152161641156837391e-01,-6.750526454096120732e-01,1.783241207805478373e-02,-1.874144819426216690e-01
3.140000000000000124e+00,5.000000000000000000e+00,6.102647463362560032e+00,5.117312706459999916e+00,5.117312706459999916e+00,-6.652274862169238467e-02,-6.652274862169238467e-02,-1.466832929025283949e+00,-1.102647463362560032e+00,-1.162324528426918357e+00,1.775370348794083619e-02,-3.222621040863064557e-01
3.160000000000000142e+00,5.000000000000000000e+00,5.860924400619792252e+00,5.112712041659709605e+00,5.112712041659709605e+00,-2.300332400144949885e-01,-2.300332400144949885e-01,-1.701627662549718423e+00,-8.609244006197922516e-01,-1.400362278470451249e+00,1.765887580609165619e-02,-3.189242598853588850e-01
3.180000000000000160e+00,5.000000000000000000e+00,6.343362661653610957e+00,5.106214127241141654e+00,5.106214127241141654e+00,-3.248957209283805936e-01,-3.248957209283805936e-01,-1.178658049153350706e+00,-1.343362661653610957e+00,-1.093373988787136097e+00,1.758483630763835528e-02,-1.028688966738528776e-01
3.200000000000000178e+00,5.000000000000000000e+00,6.639045403298402093e+00,5.096364276754735023e+00,5.096364276754735023e+00,-4.924925243203313596e-01,-4.924925243203313596e-01,-2.000863754847888476e+00,-1.639045403298402093e+00,-1.706070580300085959e+00,1.746930711873614581e-02,-3.122624816665386938e-01
3.220000000000000195e+00,5.000000000000000000e+00,5.968566138893173445e+00,5.082639225206007971e+00,5.082639225206007971e+00,-6.862525774363583686e-01,-6.862525774363583686e-01,-2.430093055480601283e+00,-9.685661388931734450e-01,-2.081587662188970622e+00,1.732834921405248391e-02,-3.658337425056830683e-01
3.240000000000000213e+00,5.000000000000000000e+00,5.313946861049974046e+00,5.068016641032256686e+00,5.068016641032256686e+00,-7.311292086875622598e-01,-7.311292086875622598e-01,-1.135018889948397058e+00,-3.139468610499740464e-01,-1.230078996394330382e+00,1.724505252610767161e-02,7.781505391982568298e-02
3.260000000000000231e+00,5.000000000000000000e+00,6.198295004832271360e+00,5.054854268231225412e+00,5.054854268231225412e+00,-6.581186400515678381e-01,-6.581186400515678381e-01,-1.023522327618375805e-03,-1.198295004832271360e+00,-3.987125135334670389e-01,1.721805309605737438e-02,3.804709381097912679e-01
3.280000000000000249e+00,5.000000000000000000e+00,5.475279315394703694e+00,5.039650541959621144e+00,5.039650541959621144e+00,-7.601863135802182647e-01,-7.601863135802182647e-01,-1.678795375338072882e+00,-4.752793153947036942e-01,-1.521834656136984654e+00,1.711499972564179892e-02,-1.740757189267301275e-01
3.300000000000000266e+00,5.000000000000000000e+00,5.742230522195199249e+00,5.025270544725666255e+00,5.025270544725666255e+00,-7.189998616977523183e-01,-7.189998616977523183e-01,-3.483217947555583005e-01,-7.422305221951992493e-01,-6.036047305512737271e-01,1.707412570451785280e-02,2.382088100911975981e-01
3.320000000000000284e+00,5.000000000000000000e+00,5.266772909948425507e+00,5.010544911208644869e+00,5.010544911208644869e+00,-7.362816758510872805e-01,-7.362816758510872805e-01,-8.918180032311023853e-01,-2.667729099484255073e-01,-9.426327631879030111e-01,1.701029387960906539e-02,3.380446607719156393e-02
3.339999999999999858e+00,5.000000000000000000e+00,5.010832570829244936e+00,4.997169094589180460e+00,4.997169094589180460e+00,-6.687908309732004675e-01,-6.687908309732004675e-01,-6.137322707221953833e-02,-1.083257082924493631e-02,-3.388015956345004076e-01,1.698735140935350024e-02,2.604410171529273899e-01
3.359999999999999876e+00,5.000000000000000000e+00,5.832728651350227445e+00,4.985756853606352124e+00,4.985756853606352124e+00,-5.706120491414190532e-01,-5.706120491414190532e-01,3.129969873446135087e-01,-8.327286513502274445e-01,-1.375736495314106890e-02,1.698735140935350024e-02,3.097670008884010895e-01
3.379999999999999893e+00,5.000000000000000000e+00,5.300209341117028572e+00,4.973019602725912591e+00,4.973019602725912591e+00,-6.368625440219791711e-01,-6.368625440219791711e-01,-1.233116997947019788e+00,-3.002093411170285719e-01,-1.057565387214788766e+00,1.691573674533737928e-02,-1.924673474775684956e-01
3.399999999999999911e+00,5.000000000000000000e+00,5.585596383833078882e+00,4.961088259991087490e+00,4.961088259991087490e+00,-5.965671367412602732e-01,-5.965671367412602732e-01,-2.339084712147898593e-01,-5.855963838330788818e-01,-3.812658632186262664e-01,1.688991874200131485e-02,1.304674732618351096e-01
3.419999999999999929e+00,5.000000000000000000e+00,5.834230655618251049e+00,4.948794724797735967e+00,4.948794724797735967e+00,-6.146767596675669632e-01,-6.146767596675669632e-01,-7.776633660043269503e-01,-8.342306556182510491e-01,-7.437074074680102287e-01,1.683955745299167001e-02,-5.079551598930845402e-02
3.439999999999999947e+00,5.000000000000000000e+00,5.367505404080265663e+00,4.935326379428599530e+00,4.935326379428599530e+00,-6.734172684568204836e-01,-6.734172684568204836e-01,-1.202081847560102057e+00,-3.675054040802656630e-01,-1.059472932635178832e+00,1.676781361660849984e-02,-1.593767285415316481e-01
3.459999999999999964e+00,5.000000000000000000e+00,4.442323461132973605e+00,4.922546608216890718e+00,4.922546608216890718e+00,-6.389885605854619399e-01,-6.389885605854619399e-01,-3.291301897432352686e-01,5.576765388670263945e-01,-4.667318631819373786e-01,1.673620815185759836e-02,1.208654652868445256e-01
3.479999999999999982e+00,5.000000000000000000e+00,4.689683602268293505e+00,4.913585573738320278e+00,4.913585573738320278e+00,-4.480517239285291553e-01,-4.480517239285291553e-01,1.270379805983866017e+00,3.103163977317064948e-01,7.082492043611234855e-01,1.678416833420016269e-02,5.453464332885424870e-01
3.500000000000000000e+00,5.000000000000000000e+00,4.984548939357036801e+00,4.906859582374967665e+00,4.906859582374967665e+00,-3.362995681676499427e-01,-3.362995681676499427e-01,6.694698336802628047e-01,1.545106064296319914e-02,3.941018251192672794e-01,1.681085554440509000e-02,2.585571530165904353e-01
3.520000000000000018e+00,5.000000000000000000e+00,4.430780881496089840e+00,4.900947351691554488e+00,4.900947351691554488e+00,-2.956115341706462285e-01,-2.956115341706462285e-01,7.058077180238749027e-02,5.692191185039101597e-01,1.962284701656326347e-02,1.681085554440509000e-02,3.414706924141913680e-02
3.540000000000000036e+00,5.000000000000000000e+00,4.871305625437182485e+00,4.897705239136827871e+00,4.897705239136827871e+00,-1.621056277363508713e-01,-1.621056277363508713e-01,1.039447530172307399e+00,1.286943745628175151e-01,7.229082804999659162e-01,1.685980838859642630e-02,2.996794412837449628e-01
3.560000000000000053e+00,5.000000000000000000e+00,4.900617320613434913e+00,4.895128751874004536e+00,4.895128751874004536e+00,-1.288243631411613299e-01,-1.288243631411613299e-01,1.707070182155444871e-01,9.938267938656508704e-02,1.634418556947782597e-01,1.687087610480882821e-02,-9.605713584042607778e-03
3.580000000000000071e+00,5.000000000000000000e+00,4.573117027996346451e+00,4.893053461741723176e+00,4.893053461741723176e+00,-1.037645066140881756e-01,-1.037645066140881756e-01,1.217742021295702137e-01,4.268829720036535491e-01,1.262160028209376728e-01,1.687942301523607386e-02,-2.132122370660353289e-02
3.600000000000000089e+00,5.000000000000000000e+00,4.599349846943573183e+00,4.892600156219717888e+00,4.892600156219717888e+00,-2.266527610026375372e-02,-2.266527610026375372e-02,7.072277985241559595e-01,4.006501530564268165e-01,5.421413744446400562e-01,1.691613495082838758e-02,1.481702891286875712e-01
3.620000000000000107e+00,5.000000000000000000e+00,8.062610417648516048e+00,4.893425044337512908e+00,4.893425044337512908e+00,4.124440588976417688e-02,4.124440588976417688e-02,6.164315438000156355e-01,-3.062610417648516048e+00,5.088256943816620304e-01,1.695059086399124115e-02,9.065525855436239178e-02
3.640000000000000124e+00,5.000000000000000000e+00,4.001652950771939388e+00,4.883099297428991292e+00,4.883099297428991292e+00,-5.162873454260673567e-01,-5.162873454260673567e-01,-5.534073107268550729e+00,9.983470492280606123e-01,-3.889515230413615576e+00,1.668720636807346711e-02,-1.661245083223008123e+00
3.660000000000000142e+00,5.000000000000000000e+00,4.310726611785136164e+00,4.878094443365286637e+00,4.878094443365286637e+00,-2.502427031852233474e-01,-2.502427031852233474e-01,2.144159076982373069e+00,6.892733882148638358e-01,1.267900752519637075e+00,1.677306421430707975e-02,8.594852602484288617e-01
3.680000000000000160e+00,5.000000000000000000e+00,3.548960892255903055e+00,4.876269935795447985e+00,4.876269935795447985e+00,-9.122537849191111881e-02,-9.122537849191111881e-02,1.339930543747898994e+00,1.451039107744096945e+00,8.753772030328771381e-01,1.683234172569355799e-02,4.477209989893282116e-01
3.700000000000000178e+00,5.000000000000000000e+00,4.229814733869330823e+00,4.879732960633678118e+00,4.879732960633678118e+00,1.731512419114850376e-01,1.731512419114850376e-01,2.552540825542050751e+00,7.701852661306691772e-01,1.842819666835003201e+00,1.695713108895955182e-02,6.927640276180878631e-01
3.720000000000000195e+00,5.000000000000000000e+00,4.286033211621296246e+00,4.885131739510518933e+00,4.885131739510518933e+00,2.699389438420336518e-01,2.699389438420336518e-01,1.141028261216971096e+00,7.139667883787037539e-01,9.781352879859498417e-01,1.702336702184678932e-02,1.458696062091745516e-01
3.740000000000000213e+00,5.000000000000000000e+00,4.243177886176164648e+00,4.891986509523341020e+00,4.891986509523341020e+00,3.427385006410847423e-01,3.427385006410847423e-01,9.979345118325446684e-01,7.568221138238353518e-01,9.067378212409538119e-01,1.708476816564735712e-02,7.411192242594341617e-02
3.760000000000000231e+00,5.000000000000000000e+00,4.386197664613500358e+00,4.900258871009267381e+00,4.900258871009267381e+00,4.136180742963305734e-01,4.136180742963305734e-01,1.051534237193542998e+00,6.138023353864996423e-01,9.611640845562708924e-01,1.714985486743620530e-02,7.322029776983592086e-02
3.780000000000000249e+00,5.000000000000000000e+00,3.328640722770365379e+00,4.909257520279774134e+00,4.909257520279774134e+00,4.499324635253201254e-01,4.499324635253201254e-01,7.767619665862259826e-01,1.671359277229634621e+00,7.795289659408545235e-01,1.720264186827944256e-02,-1.996964122290803556e-02
3.800000000000000266e+00,5.000000000000000000e+00,4.302257699041747152e+00,4.922661619161289082e+00,4.922661619161289082e+00,6.702049440757483767e-01,6.702049440757483767e-01,2.652657269029602638e+00,6.977423009582528479e-01,2.122626282081636173e+00,1.734637876612118990e-02,5.126846081818455803e-01
3.820000000000000284e+00,5.000000000000000000e+00,1.106642792455575730e+00,4.936280422311383198e+00,4.936280422311383198e+00,6.809401575046863941e-01,6.809401575046863941e-01,7.775570783651285511e-01,3.893357207544424270e+00,8.861327222169811391e-01,1.740638460400360105e-02,-1.259820284558561543e-01
3.839999999999999858e+00,5.000000000000000000e+00,4.373994817371744226e+00,4.961468412487399782e+00,4.961468412487399782e+00,1.259399508800826295e+00,1.259399508800826295e+00,6.465533670466085070e+00,6.260051826282557741e-01,4.944563653581418805e+00,1.774121332385242278e-02,1.503228803560813676e+00
3.859999999999999876e+00,5.000000000000000000e+00,4.094142186212117451e+00,4.984613484617398171e+00,4.984613484617398171e+00,1.157253606499919707e+00,1.157253606499919707e+00,2.379404857917614136e-01,9.058578137878825487e-01,7.950265819378848908e-01,1.779504976955845197e-02,-5.748811459156819570e-01
3.879999999999999893e+00,5.000000000000000000e+00,4.463161769141587243e+00,5.007254573904853956e+00,5.007254573904853956e+00,1.132054464372795000e+00,1.132054464372795000e+00,9.052621852286718562e-01,5.368382308584127571e-01,1.150439423510610792e+00,1.787295354154420923e-02,-2.630501918234832148e-01
3.899999999999999911e+00,5.000000000000000000e+00,4.737368515084316556e+00,5.028295147840053048e+00,5.028295147840053048e+00,1.052028696759942372e+00,1.052028696759942372e+00,3.317967882442680039e-01,2.626314849156834441e-01,6.817845531901841616e-01,1.791912162939803335e-02,-3.679068865753141737e-01
3.919999999999999929e+00,5.000000000000000000e+00,4.583588719527803335e+00,5.047146452209127609e+00,5.047146452209127609e+00,9.425652184537300915e-01,9.425652184537300915e-01,-4.260608630218037929e-02,4.164112804721966654e-01,3.335419858429179985e-01,1.794170793710078357e-02,-3.940897800821991370e-01
3.939999999999999947e+00,5.000000000000000000e+00,4.886423718190686216e+00,5.064807704816567835e+00,5.064807704816567835e+00,8.830626303720086057e-01,8.830626303720086057e-01,3.475393376365152331e-01,1.135762818093137838e-01,5.288423261996897384e-01,1.797751930722139152e-02,-1.992805078703958344e-01
3.959999999999999964e+00,5.000000000000000000e+00,5.111794823947755084e+00,5.080446674123107798e+00,5.080446674123107798e+00,7.819484653269970220e-01,7.819484653269970220e-01,-1.280790200781072308e-01,-1.117948239477550842e-01,1.442418778978284966e-01,1.798728686745699329e-02,-2.903081848433927137e-01
3.979999999999999982e+00,5.000000000000000000e+00,4.914993270080032062e+00,5.093642841911076857e+00,5.093642841911076857e+00,6.598083893984526549e-01,6.598083893984526549e-01,-4.394522939584466492e-01,8.500672991996793826e-02,-1.419794264136489681e-01,1.797767251259748539e-02,-3.154505400573952012e-01
4.000000000000000000e+00,5.000000000000000000e+00,4.836025055062211919e+00,5.105525663572000106e+00,5.105525663572000106e+00,5.941410830461753001e-01,5.941410830461753001e-01,3.135325875679328966e-03,1.639749449377880808e-01,1.079585469983592866e-01,1.798498309137060158e-02,-1.228082042140505592e-01
4.020000000000000462e+00,5.000000000000000000e+00,5.436539143838824195e+00,5.116579418453104822e+00,5.116579418453104822e+00,5.526877440552242504e-01,5.526877440552242504e-01,1.796076931366651364e-01,-4.365391438388241951e-01,2.082481800709908570e-01,1.799908493663525053e-02,-4.663957187096096080e-02
4.040000000000000036e+00,5.000000000000000000e+00,5.079260128844994782e+00,5.124791504072847559e+00,5.124791504072847559e+00,4.106042809871551236e-01,4.106042809871551236e-01,-8.681468866254671291e-01,-7.926012884499478162e-02,-5.544047126753067767e-01,1.796154257026510992e-02,-3.317037165204255733e-01
4.060000000000000497e+00,5.000000000000000000e+00,5.100701867077635399e+00,5.131908434551553988e+00,5.131908434551553988e+00,3.558465239353066356e-01,3.558465239353066356e-01,-1.369732895313298116e-01,-1.007018670776353986e-01,-1.006603636331433738e-01,1.795472619918444049e-02,-5.426765209737088869e-02
4.080000000000000071e+00,5.000000000000000000e+00,5.570958455037795076e+00,5.137996450687473349e+00,5.137996450687473349e+00,3.044008067959763641e-01,3.044008067959763641e-01,-1.586106474579958292e-01,-5.709584550377950762e-01,-1.278913711885969473e-01,1.794606583861576427e-02,-4.866534210801465310e-02
4.099999999999999645e+00,5.000000000000000000e+00,5.805140417450750157e+00,5.141524717620268525e+00,5.141524717620268525e+00,1.764133466397500016e-01,1.764133466397500016e-01,-9.754737947662870390e-01,-8.051404174507501565e-01,-7.251172378979997557e-01,1.789696341148251310e-02,-2.682535202797697860e-01
4.120000000000000107e+00,5.000000000000000000e+00,6.013514213173714040e+00,5.142081956479175098e+00,5.142081956479175098e+00,2.786194294533886340e-02,2.786194294533886340e-02,-1.309100690304361603e+00,-1.013514213173714040e+00,-1.022528330162452814e+00,1.782772133558174765e-02,-3.044000814774904806e-01
4.139999999999999680e+00,5.000000000000000000e+00,5.589746427070789281e+00,5.139410926054347684e+00,5.139410926054347684e+00,-1.335515212413597719e-01,-1.335515212413597719e-01,-1.586272698921647351e+00,-5.897464270707892808e-01,-1.287163050730616876e+00,1.774055911324880913e-02,-3.168502073042793743e-01
4.160000000000000142e+00,5.000000000000000000e+00,6.102963862058143896e+00,5.135522904853816684e+00,5.135522904853816684e+00,-1.944010600265358713e-01,-1.944010600265358713e-01,-7.420469090931207656e-01,-1.102963862058143896e+00,-7.489779623799024399e-01,1.768984092052072049e-02,-1.075878763373899760e-02
4.179999999999999716e+00,5.000000000000000000e+00,5.778476470037185564e+00,5.128731120667833210e+00,5.128731120667833210e+00,-3.395892092991601996e-01,-3.395892092991601996e-01,-1.646282552752778905e+00,-7.784764700371855639e-01,-1.400764104813842836e+00,1.759498602838371895e-02,-2.631134339673198430e-01
4.200000000000000178e+00,5.000000000000000000e+00,6.234120562978191060e+00,5.120631071375556509e+00,5.120631071375556509e+00,-4.050024646138393747e-01,-4.050024646138393747e-01,-9.937217624459518950e-01,-1.234120562978191060e+00,-9.886651169472256973e-01,1.752803705196052247e-02,-2.258468255068665775e-02
4.219999999999999751e+00,5.000000000000000000e+00,5.374295761612640554e+00,5.109755764515769627e+00,5.109755764515769627e+00,-5.437653429893414270e-01,-5.437653429893414270e-01,-1.792631248368859564e+00,-3.742957616126405540e-01,-1.567333114982302655e+00,1.742190268354439769e-02,-2.427200360701013970e-01
4.240000000000000213e+00,5.000000000000000000e+00,5.839032447937095860e+00,5.099568633985623656e+00,5.099568633985623656e+00,-5.093565265073107806e-01,-5.093565265073107806e-01,-1.996771781690346304e-01,-8.390324479370958599e-01,-4.753556172480535302e-01,1.738971324804571006e-02,2.582887258309731759e-01
4.259999999999999787e+00,5.000000000000000000e+00,5.787963921196276118e+00,5.088202435680231339e+00,5.088202435680231339e+00,-5.683099152696282630e-01,-5.683099152696282630e-01,-1.098890414130486048e+00,-7.879639211962761181e-01,-1.065571208880111698e+00,1.731755645752312139e-02,-5.063676170789754849e-02
4.280000000000000249e+00,5.000000000000000000e+00,5.963120376966383418e+00,5.075985901214902896e+00,5.075985901214902896e+00,-6.108267232664225110e-01,-6.108267232664225110e-01,-9.934779952375705214e-01,-9.631203769663834180e-01,-1.000714179919270697e+00,1.724979156030024066e-02,-1.001360687860005511e-02
4.299999999999999822e+00,5.000000000000000000e+00,6.062168436396168758e+00,5.062390553485450972e+00,5.062390553485450972e+00,-6.797673864725761739e-01,-6.797673864725761739e-01,-1.300233355327959472e+00,-1.062168436396168758e+00,-1.223162878747307003e+00,1.716696320788113281e-02,-9.423743978853346692e-02
4.320000000000000284e+00,5.000000000000000000e+00,5.840821806826131279e+00,5.047260399651047003e+00,5.047260399651047003e+00,-7.565076917201974949e-01,-7.565076917201974949e-01,-1.447170438948789828e+00,-8.408218068261312794e-01,-1.348953914223134376e+00,1.707561672235106270e-02,-1.152921414480065354e-01
4.339999999999999858e+00,5.000000000000000000e+00,6.152268082651067616e+00,5.031600632667863948e+00,5.031600632667863948e+00,-7.829883491591725919e-01,-7.829883491591725919e-01,-1.021314266109948576e+00,-1.152268082651067616e+00,-1.067843694669186716e+00,1.700330604696401529e-02,2.952612251227407225e-02
4.360000000000000320e+00,5.000000000000000000e+00,5.929436766127961889e+00,5.014345025955844193e+00,5.014345025955844193e+00,-8.627803356009779989e-01,-8.627803356009779989e-01,-1.580908213577226107e+00,-9.294367661279618886e-01,-1.463380464966855810e+00,1.690421099185602377e-02,-1.344319596022264252e-01
4.379999999999999893e+00,5.000000000000000000e+00,5.215859797137819776e+00,4.996521594335735728e+00,4.996521594335735728e+00,-8.911715810054396947e-01,-8.911715810054396947e-01,-1.146692789645594512e+00,-2.158597971378197755e-01,-1.180384692982511696e+00,1.682427942996901973e-02,1.686762390694812597e-02
4.400000000000000355e+00,5.000000000000000000e+00,5.277379618787517934e+00,4.980700170758466605e+00,4.980700170758466605e+00,-7.910711788634618991e-01,-7.910711788634618991e-01,1.098324404143385391e-01,-2.773796187875179342e-01,-2.741419423650311438e-01,1.680571548741516610e-02,3.671686672919545202e-01
4.419999999999999929e+00,5.000000000000000000e+00,5.191822353097327536e+00,4.966242671420729948e+00,4.966242671420729948e+00,-7.228749668868287293e-01,-7.228749668868287293e-01,-1.091090590971298402e-01,-1.918223530973275359e-01,-3.522721158601477831e-01,1.678186084019944041e-02,2.263811959228184956e-01
4.440000000000000391e+00,5.000000000000000000e+00,5.106893728982622171e+00,4.953179372679055170e+00,4.953179372679055170e+00,-6.531649370837543378e-01,-6.531649370837543378e-01,-2.577466885608512004e-02,-1.068937289826221715e-01,-2.436143884336059717e-01,1.676536411783307104e-02,2.010743554596877702e-01
4.459999999999999964e+00,5.000000000000000000e+00,4.925708863146506467e+00,4.941550499089707671e+00,4.941550499089707671e+00,-5.814436794673674136e-01,-5.814436794673674136e-01,6.404763908011512630e-02,7.429113685349353347e-02,-1.357550358079301633e-01,1.675617125714056604e-02,1.830465036309047167e-01
4.480000000000000426e+00,5.000000000000000000e+00,4.489165866881469569e+00,4.931743462698948477e+00,4.931743462698948477e+00,-4.903518195379441003e-01,-4.903518195379441003e-01,3.294749198268657198e-01,5.108341331185304313e-01,9.434974380393679194e-02,1.676256029490996724e-02,2.183626157280189328e-01
4.500000000000000000e+00,5.000000000000000000e+00,4.822843571145565278e+00,4.924988766115746763e+00,4.924988766115746763e+00,-3.377348291601003361e-01,-3.377348291601003361e-01,1.035818084240493375e+00,1.771564288544347221e-01,6.487593490605336743e-01,1.680649203035815969e-02,3.702522431496015898e-01
4.520000000000000462e+00,5.000000000000000000e+00,4.977965473961062592e+00,4.919579170122084122e+00,4.919579170122084122e+00,-2.704797996831329598e-01,-2.704797996831329598e-01,3.348154656095732040e-01,2.203452603893740758e-02,2.249886646451320915e-01,1.682172748323964087e-02,9.300507348120146123e-02
4.540000000000000036e+00,5.000000000000000000e+00,4.583895154924007009e+00,4.914775850566562632e+00,4.914775850566562632e+00,-2.401659777760783154e-01,-2.401659777760783154e-01,3.265841938741349815e-02,4.161048450759929906e-01,2.798384806945050651e-02,1.682172748323964087e-02,-1.214715616527664577e-02
4.560000000000000497e+00,5.000000000000000000e+00,4.943257313557951171e+00,4.911918972317215193e+00,4.911918972317215193e+00,-1.428439124673517580e-01,-1.428439124673517580e-01,7.330546753111872871e-01,5.674268644204882861e-02,5.284531532465110981e-01,1.685751249991617601e-02,1.877440095647600060e-01
4.580000000000000071e+00,5.000000000000000000e+00,4.037420221342358673e+00,4.909430550004499239e+00,4.909430550004499239e+00,-1.244211156358185771e-01,-1.244211156358185771e-01,4.138405584798002246e-02,9.625797786576413273e-01,7.206321178140201456e-02,1.686239237095019106e-02,-4.754154830437218315e-02
4.600000000000000533e+00,5.000000000000000000e+00,7.685389372018326171e+00,4.910505468485529157e+00,4.910505468485529157e+00,5.374592405150564745e-02,5.374592405150564745e-02,1.657249281237423766e+00,-2.685389372018326171e+00,1.222476318895204583e+00,1.694517423191474817e-02,4.178277881103044655e-01
4.620000000000000107e+00,5.000000000000000000e+00,4.005851719086205520e+00,4.901637016204302810e+00,4.901637016204302810e+00,-4.434226140613220513e-01,-4.434226140613220513e-01,-4.917939457076771603e+00,9.941482809137944798e-01,-3.410444502463274130e+00,1.671423074592117211e-02,-1.524209185359418406e+00
4.639999999999999680e+00,5.000000000000000000e+00,4.387028153039203460e+00,4.897745071882533274e+00,4.897745071882533274e+00,-1.945972160884696933e-01,-1.945972160884696933e-01,2.044831365667201695e+00,6.129718469607965403e-01,1.262568316760519060e+00,1.679972749807975840e-02,7.654633214086028481e-01
4.660000000000000142e+00,5.000000000000000000e+00,4.251754253884707957e+00,4.896524972292129796e+00,4.896524972292129796e+00,-6.100497952016681324e-02,-6.100497952016681324e-02,1.141325149594559107e+00,7.482457461152920430e-01,7.784742456402116151e-01,1.685244307691838653e-02,3.459984608774290260e-01
4.679999999999999716e+00,5.000000000000000000e+00,4.104295210366180946e+00,4.897980391089108210e+00,4.897980391089108210e+00,7.277093984891430667e-02,7.277093984891430667e-02,1.276754214170644275e+00,8.957047896338190540e-01,9.502720975664209480e-01,1.691679221108430275e-02,3.095653243931391074e-01
4.700000000000000178e+00,5.000000000000000000e+00,4.344726165027885223e+00,4.902179606479199592e+00,4.902179606479199592e+00,2.099607695045595801e-01,2.099607695045595801e-01,1.444669236405367041e+00,6.552738349721147770e-01,1.137545082834950261e+00,1.699382282299281149e-02,2.901303307474238369e-01
4.719999999999999751e+00,5.000000000000000000e+00,4.073672059799760881e+00,4.907824109456059958e+00,4.907824109456059958e+00,2.822251488430090327e-01,2.822251488430090327e-01,9.326045628890541339e-01,9.263279402002391194e-01,8.321977704145857579e-01,1.705017637280041229e-02,8.335661610166797408e-02
4.740000000000000213e+00,5.000000000000000000e+00,4.504590320922099878e+00,4.915677963935843664e+00,4.915677963935843664e+00,3.926927239891816468e-01,3.926927239891816468e-01,1.386900900304735007e+00,4.954096790779001225e-01,1.176436484054303788e+00,1.712984057565763302e-02,1.933345756747735233e-01
4.759999999999999787e+00,5.000000000000000000e+00,4.190146576458207761e+00,4.923880592261990152e+00,4.923880592261990152e+00,4.101314163073043195e-01,4.101314163073043195e-01,5.670796471704082631e-01,8.098534235417922389e-01,6.291702924289331866e-01,1.717244580805833351e-02,-7.926309106658330217e-02
4.780000000000000249e+00,5.000000000000000000e+00,4.316433387503238350e+00,4.933556687279715192e+00,4.933556687279715192e+00,4.838047508862707846e-01,4.838047508862707846e-01,1.146864762096968970e+00,6.835666124967616497e-01,1.028513847898076206e+00,1.724209320248292626e-02,1.011088209964099427e-01
4.799999999999999822e+00,5.000000000000000000e+00,4.113855051152146558e+00,4.944051804436866426e+00,4.944051804436866426e+00,5.247558578575544086e-01,5.247558578575544086e-01,8.933158205991067469e-01,8.861449488478534420e-01,8.681295978708872818e-01,1.730087993115764916e-02,7.885342797061725695e-03
4.820000000000000284e+00,5.000000000000000000e+00,4.271254067225260798e+00,4.955995779728090689e+00,4.955995779728090689e+00,5.971987645612308881e-01,5.971987645612308881e-01,1.249184924894319426e+00,7.287459327747392024e-01,1.125404085036773916e+00,1.737708839675856584e-02,1.064037514607869273e-01
4.839999999999999858e+00,5.000000000000000000e+00,3.804198618892046024e+00,4.968623447512571012e+00,4.968623447512571012e+00,6.313833892240113821e-01,6.313833892240113821e-01,9.390450111890358276e-01,1.195801381107953976e+00,9.255073346239187648e-01,1.743976054697719477e-02,-3.902083981860038353e-03
4.860000000000000320e+00,5.000000000000000000e+00,3.620699189405208518e+00,4.983520493534514095e+00,4.983520493534514095e+00,7.448523010971594971e-01,7.448523010971594971e-01,1.766072507955493087e+00,1.379300810594791482e+00,1.518667754007101633e+00,1.754259946575247725e-02,2.298621544826388863e-01
4.879999999999999893e+00,5.000000000000000000e+00,5.043432096602859183e+00,5.000971153899889110e+00,5.000971153899889110e+00,8.725330182687576208e-01,8.725330182687576208e-01,2.021659472813141178e+00,-4.343209660285918261e-02,1.751712029455385178e+00,1.766121933546362793e-02,2.522862240222922825e-01
4.900000000000000355e+00,5.000000000000000000e+00,4.589009847922656427e+00,5.015537911880088906e+00,5.015537911880088906e+00,7.283378990099825812e-01,7.283378990099825812e-01,-5.694181743189928868e-01,4.109901520773435735e-01,-5.515876268563116303e-02,1.766121933546362793e-02,-5.319206309688253587e-01
4.919999999999999929e+00,5.000000000000000000e+00,4.295590430525226822e+00,5.029435217853850837e+00,5.029435217853850837e+00,6.948652986881175275e-01,6.948652986881175275e-01,3.936118957913318783e-01,7.044095694747731784e-01,5.219574931382263694e-01,1.769656448854228098e-02,-1.460421618354367790e-01
4.940000000000000391e+00,5.000000000000000000e+00,4.866109417153383632e+00,5.043855294537284095e+00,5.043855294537284095e+00,7.210038341716651367e-01,7.210038341716651367e-01,9.562506535235932859e-01,1.338905828466163683e-01,8.946001532329619366e-01,1.775714371151711213e-02,4.389335657911419553e-02
4.959999999999999964e+00,5.000000000000000000e+00,4.793224248515206121e+00,5.056702196737936639e+00,5.056702196737936639e+00,6.423451100326388330e-01,6.423451100326388330e-01,-6.558340721859745592e-02,2.067757514847938793e-01,1.700410402152027767e-01,1.776865830164191945e-02,-2.533931057354421590e-01
4.980000000000000426e+00,5.000000000000000000e+00,4.881733644119376159e+00,5.068543035289262200e+00,5.068543035289262200e+00,5.920419275662710534e-01,5.920419275662710534e-01,1.393132853689607042e-01,1.182663558806238413e-01,2.626052043856882401e-01,1.778644101626961072e-02,-1.410783600329971188e-01
5.000000000000000000e+00,5.000000000000000000e+00,4.980658401656762990e+00,5.079250114691169493e+00,5.079250114691169493e+00,5.353539700953732217e-01,5.353539700953732217e-01,2.516235285729295779e-02,1.934159834323700977e-02,1.501982719683922773e-01,1.779661192287534596e-02,-1.428325310339746690e-01
5.020000000000000462e+00,5.000000000000000000e+00,5.188722337632928117e+00,5.088672712434568979e+00,5.088672712434568979e+00,4.711298871699744484e-01,4.711298871699744484e-01,-1.068868591586145667e-01,-1.887223376329281166e-01,2.456382989591100394e-02,1.779661192287534596e-02,-1.492473009774009096e-01
5.040000000000000036e+00,5.000000000000000000e+00,5.415845523522752281e+00,5.096293078528043807e+00,5.096293078528043807e+00,3.810183046737479762e-01,3.810183046737479762e-01,-4.299859377922906623e-01,-4.158455235227522806e-01,-2.396773687938187070e-01,1.778038180183891259e-02,-2.080889508003108679e-01
5.060000000000000497e+00,5.000000000000000000e+00,5.236031358393687718e+00,5.101613110396330697e+00,5.101613110396330697e+00,2.660015934143302174e-01,2.660015934143302174e-01,-7.691488079204295003e-01,-2.360313583936877180e-01,-5.281238148738953697e-01,1.774461908681595687e-02,-2.587696121333500354e-01
5.080000000000000071e+00,5.000000000000000000e+00,5.086963703695635886e+00,5.105653885519730650e+00,5.105653885519730650e+00,2.020387561699911738e-01,2.020387561699911738e-01,-3.736267790290601631e-01,-8.696370369563588554e-02,-2.997598251599833952e-01,1.772432038999410125e-02,-9.159127425907084841e-02
5.100000000000000533e+00,5.000000000000000000e+00,5.782489865671561091e+00,5.109125372606542648e+00,5.109125372606542648e+00,1.735743543406219613e-01,1.735743543406219613e-01,-8.260526212370108978e-02,-7.824898656715610912e-01,-1.104439036934575791e-01,1.771684151147627506e-02,1.012180005828021423e-02
5.120000000000000107e+00,5.000000000000000000e+00,6.063846451261364123e+00,5.109618912283387715e+00,5.109618912283387715e+00,2.467698384225289199e-02,2.467698384225289199e-02,-1.315399350643068566e+00,-1.063846451261364123e+00,-9.937621294028825547e-01,1.764954738302852016e-02,-3.392867686232145519e-01
5.139999999999999680e+00,5.000000000000000000e+00,6.331402353905744462e+00,5.106640811484201237e+00,5.106640811484201237e+00,-1.489050399593408458e-01,-1.489050399593408458e-01,-1.711143254173684403e+00,-1.331402353905744462e+00,-1.351084993101932419e+00,1.755805658822004456e-02,-3.776163176599721116e-01
5.160000000000000142e+00,5.000000000000000000e+00,5.381287005791483224e+00,5.099818497374226212e+00,5.099818497374226212e+00,-3.411157054987460358e-01,-3.411157054987460358e-01,-2.071011695353393023e+00,-3.812870057914832245e-01,-1.690880989460295414e+00,1.744355598578415170e-02,-3.975742618788818961e-01
5.179999999999999716e+00,5.000000000000000000e+00,5.433721920459259280e+00,5.093134478131235987e+00,5.093134478131235987e+00,-3.342009621494927418e-01,-3.342009621494927418e-01,-2.719682720062129855e-01,-4.337219204592592803e-01,-4.842344973551837017e-01,1.741076530328608540e-02,1.948554600456846586e-01
5.200000000000000178e+00,5.000000000000000000e+00,8.953804698566084852e+00,5.086272526534069804e+00,5.086272526534069804e+00,-3.430975798583140723e-01,-3.430975798583140723e-01,-4.231671392377059915e-01,-3.953804698566084852e+00,-5.508268389832593481e-01,1.737346521812659084e-02,1.102862345274267936e-01
5.219999999999999751e+00,5.000000000000000000e+00,5.965360207007978310e+00,5.066736571319633953e+00,5.066736571319633953e+00,-9.767977607217706026e-01,-9.767977607217706026e-01,-6.680099388492878987e+00,-9.653602070079783104e-01,-5.021331967178928046e+00,1.703343801404990851e-02,-1.675800859328000492e+00
5.240000000000000213e+00,5.000000000000000000e+00,5.641858675534074941e+00,5.047366467045447003e+00,5.047366467045447003e+00,-9.685052137093483893e-01,-9.685052137093483893e-01,-8.938722905975486910e-01,-6.418586755340749406e-01,-1.226007462900132516e+00,1.695041703624722285e-02,3.151847552663364915e-01
5.259999999999999787e+00,5.000000000000000000e+00,6.136087440539572668e+00,5.029100308779923090e+00,5.029100308779923090e+00,-9.133079132761819929e-01,-9.133079132761819929e-01,-4.165322093776844259e-01,-1.136087440539572668e+00,-8.151605179282751523e-01,1.689521719015129111e-02,3.817330913604394249e-01
5.280000000000000249e+00,5.000000000000000000e+00,5.639725781023807727e+00,5.009850873747280886e+00,5.009850873747280886e+00,-9.624717516321060762e-01,-9.624717516321060762e-01,-1.404946296835422492e+00,-6.397257810238077269e-01,-1.442831049485257200e+00,1.679751367026488876e-02,2.108723897956982229e-02
5.299999999999999822e+00,5.000000000000000000e+00,5.769394961825727641e+00,4.991458862076057379e+00,4.991458862076057379e+00,-9.196005835611543722e-01,-9.196005835611543722e-01,-5.337600709225891471e-01,-7.693949618257276413e-01,-8.124517419002358354e-01,1.674249725309684064e-02,2.619491737245498442e-01
5.320000000000000284e+00,5.000000000000000000e+00,5.941084894481542200e+00,4.973222719366627409e+00,4.973222719366627409e+00,-9.118071354714855081e-01,-9.118071354714855081e-01,-8.416661026644653987e-01,-9.410848944815422001e-01,-9.771316015186740644e-01,1.667632928637982972e-02,1.187891695678287840e-01
5.339999999999999858e+00,5.000000000000000000e+00,5.934145926778870539e+00,4.954448327752598580e+00,4.954448327752598580e+00,-9.387195807014589999e-01,-9.387195807014589999e-01,-1.180931587771219871e+00,-9.341459267788705390e-01,-1.195177815991558701e+00,1.659539598545441835e-02,-2.349167765115484086e-03
5.360000000000000320e+00,5.000000000000000000e+00,5.621959443534786161e+00,4.935215297141786195e+00,4.935215297141786195e+00,-9.616515305406195813e-01,-9.616515305406195813e-01,-1.168039079093064592e+00,-6.219594435347861605e-01,-1.186365327009165638e+00,1.651505943575143701e-02,1.811188480349648112e-03
5.379999999999999893e+00,5.000000000000000000e+00,5.516543476933893686e+00,4.916672189148507677e+00,4.916672189148507677e+00,-9.271553996639347872e-01,-9.271553996639347872e-01,-6.166902217737721958e-01,-5.165434769338936860e-01,-7.898884932891784283e-01,1.646157092360744575e-02,1.567367005917987832e-01
5.400000000000000355e+00,5.000000000000000000e+00,5.477624262581010761e+00,4.899028631503076880e+00,4.899028631503076880e+00,-8.821778822715363733e-01,-8.821778822715363733e-01,-4.773802257399502036e-01,-4.776242625810107612e-01,-6.560102157060450079e-01,1.641714818459113004e-02,1.622128417815036083e-01
5.419999999999999929e+00,5.000000000000000000e+00,4.891977653411186289e+00,4.882234877656219219e+00,4.882234877656219219e+00,-8.396876923428913120e-01,-8.396876923428913120e-01,-4.572759829850862046e-01,1.080223465888137113e-01,-6.065828134778836755e-01,1.637607249800916362e-02,1.329307579947882345e-01
5.440000000000000391e+00,5.000000000000000000e+00,5.716876051729706809e+00,4.868197053763148041e+00,4.868197053763148041e+00,-7.018911946535488777e-01,-7.018911946535488777e-01,5.382772845505335857e-01,-7.168760517297068091e-01,1.371883801677934167e-01,1.638536241981580072e-02,3.847035419629243336e-01
5.459999999999999964e+00,5.000000000000000000e+00,5.396595294464491488e+00,4.853491780664172417e+00,4.853491780664172417e+00,-7.352636549487876483e-01,-7.352636549487876483e-01,-1.035615797605936805e+00,-3.965952944644914879e-01,-9.104325856967276920e-01,1.632371107936704535e-02,-1.415069229885761448e-01
5.480000000000000426e+00,5.000000000000000000e+00,7.602955005385079623e+00,4.839403151976974904e+00,4.839403151976974904e+00,-7.044314343598876427e-01,-7.044314343598876427e-01,-4.269414490597871481e-01,-2.602955005385079623e+00,-5.036760239699041852e-01,1.628960388404309886e-02,6.044497102607390704e-02
5.500000000000000000e+00,5.000000000000000000e+00,4.296014795998234881e+00,4.818031100631685604e+00,4.818031100631685604e+00,-1.068602567264466119e+00,-1.068602567264466119e+00,-4.346142763405672405e+00,7.039852040017651191e-01,-3.305752856839051290e+00,1.606574975357998036e-02,-1.056455656320200998e+00
5.520000000000000462e+00,5.000000000000000000e+00,4.530456685417487250e+00,4.802431303953753172e+00,4.802431303953753172e+00,-7.799898338966320122e-01,-7.799898338966320122e-01,1.817524766413873838e+00,4.695433145825127497e-01,8.940612090822417368e-01,1.612629248112413052e-02,9.073372648505080296e-01
5.540000000000000036e+00,5.000000000000000000e+00,1.705476522191139210e+00,4.790653228357994564e+00,4.790653228357994564e+00,-5.889037797879150826e-01,-5.889037797879150826e-01,1.130870707190537505e+00,3.294523477808860790e+00,5.963200095197912498e-01,1.616667320617822673e-02,5.183840244645678830e-01
5.560000000000000497e+00,5.000000000000000000e+00,4.576878481825501943e+00,4.791993367836720807e+00,4.791993367836720807e+00,6.700697393632049081e-02,6.700697393632049081e-02,5.970203757454441096e+00,4.231215181744980569e-01,4.184044816817253043e+00,1.645000222526978723e-02,1.769708938411918675e+00
5.580000000000000071e+00,5.000000000000000000e+00,4.201476750478521538e+00,4.793924870967070540e+00,4.793924870967070540e+00,9.657515651747602958e-02,9.657515651747602958e-02,3.626887997478758230e-01,7.985232495214784620e-01,5.373643280816124967e-01,1.648639067583279258e-02,-1.911619190095694698e-01
5.600000000000000533e+00,5.000000000000000000e+00,4.133189441589088631e+00,4.797830856403328070e+00,4.797830856403328070e+00,1.952992718128950811e-01,1.952992718128950811e-01,1.083816309471666850e+00,8.668105584109113693e-01,1.014124526892277611e+00,1.655506367529164038e-02,5.313671890409760179e-02
5.620000000000000107e+00,5.000000000000000000e+00,4.134345618573845194e+00,4.803723606899209742e+00,4.803723606899209742e+00,2.946375247941034337e-01,2.946375247941034337e-01,1.188681801624978274e+00,8.656543814261548064e-01,1.100849409181857474e+00,1.662960938331497704e-02,7.120278305980590194e-02
5.639999999999999680e+00,5.000000000000000000e+00,4.625797191142466680e+00,4.811357784929652937e+00,4.811357784929652937e+00,3.817089015221720727e-01,3.817089015221720727e-01,1.165351292074789491e+00,3.742028088575333200e-01,1.099381064411216524e+00,1.670405566011762613e-02,4.926617200345536490e-02
5.660000000000000142e+00,5.000000000000000000e+00,3.694577058386481649e+00,4.818791979640280054e+00,4.818791979640280054e+00,3.717097355313540574e-01,3.717097355313540574e-01,2.817172416139920310e-01,1.305422941613518351e+00,4.752375672490673497e-01,1.673623710167937428e-02,-2.102565627367547207e-01
5.679999999999999716e+00,5.000000000000000000e+00,4.117812753773975487e+00,4.829465362222885361e+00,4.829465362222885361e+00,5.336691291302765316e-01,5.336691291302765316e-01,1.991303671520578522e+00,8.821872462260245129e-01,1.657887135849168248e+00,1.684850347465813650e-02,3.165680321967522248e-01
5.700000000000000178e+00,5.000000000000000000e+00,4.119029854693175174e+00,4.841367663388269627e+00,4.841367663388269627e+00,5.951150582692128488e-01,5.951150582692128488e-01,1.148128420519639370e+00,8.809701453068248256e-01,1.120377802707051229e+00,1.692437157783357321e-02,1.082624623475464398e-02
5.719999999999999751e+00,5.000000000000000000e+00,4.538246223523392686e+00,4.854365343388428400e+00,4.854365343388428400e+00,6.498840000079479928e-01,6.498840000079479928e-01,1.142804475656564289e+00,4.617537764766073138e-01,1.118832084539667537e+00,1.700013501032995866e-02,6.972256106566807055e-03
5.740000000000000213e+00,5.000000000000000000e+00,3.797550558632628359e+00,4.866862411327686821e+00,4.866862411327686821e+00,6.248533969629078699e-01,6.248533969629078699e-01,3.995779695575467638e-01,1.202449441367371641e+00,5.864272961252913197e-01,1.703984583510694678e-02,-2.038891724028515373e-01
5.759999999999999787e+00,5.000000000000000000e+00,4.210575039940341213e+00,4.881650568607933671e+00,4.881650568607933671e+00,7.394078640123401547e-01,7.394078640123401547e-01,1.770398067457231051e+00,7.894249600596587868e-01,1.527110790536561957e+00,1.714325648706454056e-02,2.261440204336045423e-01
5.780000000000000249e+00,5.000000000000000000e+00,4.286438096954097610e+00,4.896904701097999357e+00,4.896904701097999357e+00,7.627066245032739777e-01,7.627066245032739777e-01,9.723954689216784963e-01,7.135619030459023904e-01,1.002569699275766668e+00,1.721114703362967152e-02,-4.738537738771775309e-02
5.799999999999999822e+00,5.000000000000000000e+00,4.297807481640403715e+00,4.912338513466380618e+00,4.912338513466380618e+00,7.716906184190800433e-01,7.716906184190800433e-01,8.525465636613345222e-01,7.021925183595962849e-01,9.062236168682960002e-01,1.727251335729161966e-02,-7.094956656425310815e-02
5.820000000000000284e+00,5.000000000000000000e+00,3.872938537660064906e+00,4.927936526098047665e+00,4.927936526098047665e+00,7.799006315833520997e-01,7.799006315833520997e-01,8.537907500618001633e-01,1.127061462339935094e+00,8.917844983166872685e-01,1.733290191387054646e-02,-5.532665016875761704e-02
5.839999999999999858e+00,5.000000000000000000e+00,4.249826947309591318e+00,4.945218045397258955e+00,4.945218045397258955e+00,8.640759649605596060e-01,8.640759649605596060e-01,1.621653965355427607e+00,7.501730526904086815e-01,1.431368057171717556e+00,1.742982919963178071e-02,1.728560789840783707e-01
5.860000000000000320e+00,5.000000000000000000e+00,3.470392134786793203e+00,4.962578458663113423e+00,4.962578458663113423e+00,8.680206632927409682e-01,8.680206632927409682e-01,9.035229482823728953e-01,1.529607865213206797e+00,9.527197769168190833e-01,1.749434408216315670e-02,-6.669117271660929269e-02
5.879999999999999893e+00,5.000000000000000000e+00,5.027614279155746324e+00,4.982806235792210714e+00,4.982806235792210714e+00,1.011388856454873864e+00,1.011388856454873864e+00,2.301702594914071032e+00,-2.761427915574632408e-02,1.942601988820772618e+00,1.762589035857149364e-02,3.414747157347269302e-01
5.900000000000000355e+00,5.000000000000000000e+00,5.031436060458863935e+00,4.999903418066296901e+00,4.999903418066296901e+00,8.548591137043208832e-01,8.548591137043208832e-01,-5.539085710506560511e-01,-3.143606045886393474e-02,-3.507013452779782908e-02,1.762589035857149364e-02,-5.364643268814297539e-01
5.919999999999999929e+00,5.000000000000000000e+00,4.362254923534671036e+00,5.014491429748314744e+00,5.014491429748314744e+00,7.294005841008748270e-01,7.294005841008748270e-01,-3.997261823301391237e-01,6.377450764653289639e-01,-3.992379678275719684e-02,1.762589035857149364e-02,-3.774282759059534031e-01
5.940000000000000391e+00,5.000000000000000000e+00,4.911529073079307750e+00,5.029413979055330941e+00,5.029413979055330941e+00,7.461274653508069843e-01,7.461274653508069843e-01,8.966693966001959559e-01,8.847092692069224995e-02,8.099362471109677886e-01,1.768073643514751075e-02,6.905241305408066355e-02
5.959999999999999964e+00,5.000000000000000000e+00,4.872936356364147237e+00,5.042653962601223228e+00,5.042653962601223228e+00,6.619991772946032249e-01,6.619991772946032249e-01,-9.515541521123077606e-02,1.270636436358527632e-01,1.123580771892791624e-01,1.768834493486268894e-02,-2.252018373353726344e-01
5.980000000000000426e+00,5.000000000000000000e+00,4.658819079369999727e+00,5.054651243765756696e+00,5.054651243765756696e+00,5.998640582266566712e-01,5.998640582266566712e-01,4.064798661513746580e-02,3.411809206300002728e-01,1.613708274175330026e-01,1.769927240821537323e-02,-1.384221132106109031e-01
6.000000000000000000e+00,5.000000000000000000e+00,5.146363511697094495e+00,5.066370323429563172e+00,5.066370323429563172e+00,5.859539831903057827e-01,5.859539831903057827e-01,4.607633078631477308e-01,-1.463635116970944949e-01,4.332997692001003265e-01,1.772861396738955458e-02,9.734924695657842797e-03
6.020000000000000462e+00,5.000000000000000000e+00,4.980116283308287706e+00,5.076109198500664554e+00,5.076109198500664554e+00,4.869437535550892870e-01,4.869437535550892870e-01,-4.041483131618591185e-01,1.988371669171229428e-02,-1.858816598553100219e-01,1.771602670538360499e-02,-2.359826800119327050e-01
6.040000000000000036e+00,5.000000000000000000e+00,5.158976035774607283e+00,5.084795329245922701e+00,5.084795329245922701e+00,4.343065372628934773e-01,4.343065372628934773e-01,-3.942840936686890785e-02,-1.589760357746072827e-01,2.525232019847461346e-02,1.771602670538360499e-02,-8.239675627072712283e-02
6.060000000000000497e+00,5.000000000000000000e+00,5.425875923010945456e+00,5.091950952723084178e+00,5.091950952723084178e+00,3.577811738580861101e-01,3.577811738580861101e-01,-3.309470967851804168e-01,-4.258759230109454563e-01,-2.018995654337512602e-01,1.770235476630699009e-02,-1.467498861177361225e-01
6.080000000000000071e+00,5.000000000000000000e+00,5.323840733808292036e+00,5.096873338338703263e+00,5.096873338338703263e+00,2.461192807809690630e-01,2.461192807809690630e-01,-7.588377569130844158e-01,-3.238407338082920361e-01,-5.408624222239006851e-01,1.766572943692804737e-02,-2.356410641261116878e-01
6.100000000000000533e+00,5.000000000000000000e+00,5.803010790167189015e+00,5.100287935245824578e+00,5.100287935245824578e+00,1.707298453560654461e-01,1.707298453560654461e-01,-5.077750734680671618e-01,-8.030107901671890147e-01,-4.112777319365308881e-01,1.763787913382053318e-02,-1.141352206653567791e-01
6.120000000000000107e+00,5.000000000000000000e+00,5.514327142171594254e+00,5.100719520010556174e+00,5.100719520010556174e+00,2.157923823656446305e-02,2.157923823656446305e-02,-1.320776225838944384e+00,-5.143271421715942537e-01,-1.019823703512330093e+00,1.756882020586615634e-02,-3.185213425324804337e-01
6.140000000000000568e+00,5.000000000000000000e+00,5.403305485989209345e+00,5.099678203567699519e+00,5.099678203567699519e+00,-5.206582214281353649e-02,-5.206582214281353649e-02,-7.148713655572154213e-01,-4.033054859892093447e-01,-6.531954705579247067e-01,1.752458807163939994e-02,-7.920048307093013884e-02
6.160000000000000142e+00,5.000000000000000000e+00,6.348788853804993693e+00,5.097751299535574709e+00,5.097751299535574709e+00,-9.634520160625967278e-02,-9.634520160625967278e-02,-4.948596167772749133e-01,-1.348788853804993693e+00,-5.121979672062958455e-01,1.748990379984432728e-02,-1.515533708234123589e-04
6.179999999999999716e+00,5.000000000000000000e+00,5.585910705399047771e+00,5.091683996424850811e+00,5.091683996424850811e+00,-3.033651555362099073e-01,-3.033651555362099073e-01,-2.166544740905761657e+00,-5.859107053990477709e-01,-1.712961844332341999e+00,1.737390795841709662e-02,-4.709568045318369145e-01
6.200000000000000178e+00,5.000000000000000000e+00,5.931672413958220424e+00,5.084870344582228974e+00,5.084870344582228974e+00,-3.406825921311051886e-01,-3.406825921311051886e-01,-6.765395214851628314e-01,-9.316724139582204245e-01,-7.441065958567907312e-01,1.732351963775278017e-02,5.024355473387515092e-02
6.219999999999999751e+00,5.000000000000000000e+00,6.342131195338789773e+00,5.076132059098937610e+00,5.076132059098937610e+00,-4.369142741645489769e-01,-4.369142741645489769e-01,-1.302999412465542850e+00,-1.342131195338789773e+00,-1.183223965726939886e+00,1.724339581015237391e-02,-1.370188425487553485e-01
6.240000000000000213e+00,5.000000000000000000e+00,6.378784102428805447e+00,5.064292201547046623e+00,5.064292201547046623e+00,-5.919928775945503263e-01,-5.919928775945503263e-01,-1.987700308464562138e+00,-1.378784102428805447e+00,-1.704506618080263047e+00,1.712797252735323919e-02,-3.003216629116522984e-01
6.259999999999999787e+00,5.000000000000000000e+00,5.789504293206848118e+00,5.049711280300826388e+00,5.049711280300826388e+00,-7.290460623109975558e-01,-7.290460623109975558e-01,-1.962524724759022954e+00,-7.895042932068481178e-01,-1.751055810084582998e+00,1.700939709454436094e-02,-2.284783117689844212e-01
6.280000000000000249e+00,5.000000000000000000e+00,5.077710176764585803e+00,5.034884046327442242e+00,5.034884046327442242e+00,-7.413616986692100896e-01,-7.413616986692100896e-01,-8.522024258931228946e-01,-7.771017676458580326e-02,-1.002670452372697030e+00,1.694149972532857373e-02,1.335265267542455891e-01
6.299999999999999822e+00,5.000000000000000000e+00,5.815082655784212129e+00,5.022271905613147069e+00,5.022271905613147069e+00,-6.306070357147569583e-01,-6.306070357147569583e-01,3.661849308753214460e-01,-8.150826557842121289e-01,-9.869192449102397180e-02,1.693481665012681880e-02,4.479420387162185713e-01
6.320000000000000284e+00,5.000000000000000000e+00,5.848107378554403546e+00,5.008777094328772606e+00,5.008777094328772606e+00,-6.747405642187453978e-01,-6.747405642187453978e-01,-1.071942320754641020e+00,-8.481073785544035459e-01,-1.035154972845949484e+00,1.686471954172937687e-02,-5.365206745042089276e-02
6.339999999999999858e+00,5.000000000000000000e+00,5.608790672027168966e+00,4.994403149477611770e+00,4.994403149477611770e+00,-7.186972425580477886e-01,-7.186972425580477886e-01,-1.114307347611768861e+00,-6.087906720271689665e-01,-1.077096370764092592e+00,1.679178230717369782e-02,-5.400275915484994971e-02
6.360000000000000320e+00,5.000000000000000000e+00,5.469005626424189970e+00,4.980116505234120972e+00,4.980116505234120972e+00,-7.143322121745387943e-01,-7.143322121745387943e-01,-6.750469387229574014e-01,-4.690056264241899697e-01,-7.731641534745046229e-01,1.673942630937936063e-02,8.137778844216786434e-02
6.379999999999999893e+00,5.000000000000000000e+00,5.251120163938209906e+00,4.966353804116752535e+00,4.966353804116752535e+00,-6.881350558684262708e-01,-6.881350558684262708e-01,-4.523606491134133378e-01,-2.511201639382099060e-01,-5.956371455587212704e-01,1.669909182550688084e-02,1.265774046198010483e-01
6.400000000000000355e+00,5.000000000000000000e+00,5.542588041105663166e+00,4.953757105172804209e+00,4.953757105172804209e+00,-6.298349471974076241e-01,-6.298349471974076241e-01,-1.051339691582395819e-01,-5.425880411056631658e-01,-3.189226082015265695e-01,1.667749549140819590e-02,1.971111435518788091e-01
6.419999999999999929e+00,5.000000000000000000e+00,5.126593380224696794e+00,4.941060817759995949e+00,4.941060817759995949e+00,-6.348143706404064668e-01,-6.348143706404064668e-01,-6.796291816273957176e-01,-1.265933802246967943e-01,-6.890868122041922117e-01,1.663083291987310988e-02,-7.173202343076584553e-03
6.440000000000000391e+00,5.000000000000000000e+00,4.922887810580106382e+00,4.929750139993433145e+00,4.929750139993433145e+00,-5.655338883281282314e-01,-5.655338883281282314e-01,5.799045248237646999e-02,7.711218941989361753e-02,-1.607735928853649410e-01,1.661994588917378723e-02,2.021440994785676237e-01
6.459999999999999964e+00,5.000000000000000000e+00,4.857578080033155388e+00,4.920285540606363917e+00,4.920285540606363917e+00,-4.732299693534421925e-01,-4.732299693534421925e-01,3.575053014187321576e-01,1.424219199668446123e-01,9.793248056326489537e-02,1.662657753746389980e-02,2.429462433180033520e-01
6.480000000000000426e+00,5.000000000000000000e+00,5.586399870698967263e+00,4.912567603718632547e+00,4.912567603718632547e+00,-3.858968443865522513e-01,-3.858968443865522513e-01,4.001012803154576636e-01,-5.863998706989672627e-01,1.808758383578926709e-01,1.663882582258104786e-02,2.025866161349839378e-01
6.500000000000000000e+00,5.000000000000000000e+00,5.193321969436334840e+00,4.903722896398052811e+00,4.903722896398052811e+00,-4.422353660290043176e-01,-4.422353660290043176e-01,-9.492820608110730252e-01,-1.933219694363348395e-01,-7.447278357876884192e-01,1.658839543370093511e-02,-2.211426204570855203e-01
6.520000000000000462e+00,5.000000000000000000e+00,4.963960987388294832e+00,4.895386671467668371e+00,4.895386671467668371e+00,-4.168112465192023719e-01,-4.168112465192023719e-01,-1.879941709309847220e-01,3.603901261170516790e-02,-2.455189011841452384e-01,1.657176974432941069e-02,4.095296050883109884e-02
6.540000000000000036e+00,5.000000000000000000e+00,4.499019443463359025e+00,4.888294529344677564e+00,4.888294529344677564e+00,-3.546071061495520427e-01,-3.546071061495520427e-01,2.052301571773006705e-01,5.009805565366409752e-01,4.576954601686556573e-02,1.657176974432941069e-02,1.428888414161056941e-01
6.560000000000000497e+00,5.000000000000000000e+00,3.883401496702554301e+00,4.883880447911464806e+00,4.883880447911464806e+00,-2.207040716606351038e-01,-2.207040716606351038e-01,9.844232387396175676e-01,1.116598503297445699e+00,6.362453068015340163e-01,1.661485407219156010e-02,3.315630778658920086e-01
6.580000000000000071e+00,5.000000000000000000e+00,4.374242161974640553e+00,4.883854700367021628e+00,4.883854700367021628e+00,-1.287377222148000655e-03,-1.287377222148000655e-03,1.973462872724236261e+00,6.257578380253594474e-01,1.418080099187756016e+00,1.671088154347514024e-02,5.386718919930051364e-01
6.600000000000000533e+00,5.000000000000000000e+00,4.061956495787994115e+00,4.885719745225221899e+00,4.885719745225221899e+00,9.325224291000244747e-02,9.325224291000244747e-02,9.441088240993564806e-01,9.380435042120058853e-01,7.947124542922064938e-01,1.676469671754532084e-02,1.326316730896046070e-01
6.620000000000000107e+00,5.000000000000000000e+00,4.342377687685136323e+00,4.890311327701065913e+00,4.890311327701065913e+00,2.295791237921850081e-01,2.295791237921850081e-01,1.456521051731828109e+00,6.576223123148636773e-01,1.191315250349247457e+00,1.684536845890755377e-02,2.483604329236731578e-01
6.640000000000000568e+00,5.000000000000000000e+00,4.193263066584957066e+00,4.896216321549523798e+00,4.896216321549523798e+00,2.952496924229102704e-01,2.952496924229102704e-01,8.862848100994378253e-01,8.067369334150429339e-01,8.351803366398768969e-01,1.690192397776663080e-02,3.420254948179440868e-02
6.660000000000000142e+00,5.000000000000000000e+00,4.478834729720690966e+00,4.903810272162608896e+00,4.903810272162608896e+00,3.796975306542482720e-01,3.796975306542482720e-01,1.139728074736290342e+00,5.211652702793090342e-01,1.024555905437104508e+00,1.697130335404032492e-02,9.820086594514534917e-02
6.679999999999999716e+00,5.000000000000000000e+00,4.100178134570976241e+00,4.911855671583869487e+00,4.911855671583869487e+00,4.022699710630247560e-01,4.022699710630247560e-01,6.054219347420131125e-01,8.998218654290237595e-01,6.618798932547225178e-01,1.701612356728434555e-02,-7.347408207999372998e-02
6.700000000000000178e+00,5.000000000000000000e+00,4.061403401820636638e+00,4.921690543871545920e+00,4.921690543871545920e+00,4.917436143838356255e-01,4.917436143838356255e-01,1.297006404271133784e+00,9.385965981793633617e-01,1.142773769094860281e+00,1.709350824771124072e-02,1.371391269285623105e-01
6.719999999999999751e+00,5.000000000000000000e+00,4.254628535330580164e+00,4.933190927156459793e+00,4.933190927156459793e+00,5.750191642457129770e-01,5.750191642457129770e-01,1.324499113002608919e+00,7.453714646694198365e-01,1.192017679687791487e+00,1.717422755515466554e-02,1.153072057596627453e-01
6.740000000000000213e+00,5.000000000000000000e+00,4.454112902780067884e+00,4.945437970147232853e+00,4.945437970147232853e+00,6.123521495386508029e-01,6.123521495386508029e-01,9.483490171750914577e-01,5.458870972199321159e-01,9.466217601301631923e-01,1.723832950111623546e-02,-1.551107245618793540e-02
6.759999999999999787e+00,5.000000000000000000e+00,3.859364203930313320e+00,4.957661030686031367e+00,4.957661030686031367e+00,6.111530269399472193e-01,6.111530269399472193e-01,6.003609235516145226e-01,1.140635796069686680e+00,6.932766134693137960e-01,1.728527579147715043e-02,-1.102009657091764377e-01
6.780000000000000249e+00,5.000000000000000000e+00,4.015769965732858715e+00,4.972031855185968574e+00,4.972031855185968574e+00,7.185412249968720078e-01,7.185412249968720078e-01,1.685035007509195326e+00,9.842300342671412849e-01,1.448607461008502018e+00,1.738337046993914184e-02,2.190441760307542118e-01
6.799999999999999822e+00,5.000000000000000000e+00,3.947591760220142909e+00,4.987651359259144712e+00,4.987651359259144712e+00,7.809752036587863655e-01,7.809752036587863655e-01,1.342881011616015918e+00,1.052408239779857091e+00,1.249972143519269441e+00,1.746801425288611528e-02,7.544085384386034487e-02
6.820000000000000284e+00,5.000000000000000000e+00,4.127315811693076597e+00,5.004590669584838558e+00,5.004590669584838558e+00,8.469655162847037344e-01,8.469655162847037344e-01,1.440878329917960388e+00,8.726841883069234029e-01,1.336558464520418488e+00,1.755852136150718237e-02,8.676134403603470713e-02
6.839999999999999858e+00,5.000000000000000000e+00,4.751903162599434793e+00,5.022030394587049251e+00,5.022030394587049251e+00,8.719862501105530850e-01,8.719862501105530850e-01,1.097172854543197795e+00,2.480968374005652066e-01,1.108308919149792793e+00,1.763357220170157919e-02,-2.876963680829668080e-02
6.860000000000000320e+00,5.000000000000000000e+00,5.179602363690219313e+00,5.037729256380061749e+00,5.037729256380061749e+00,7.849430896506239819e-01,7.849430896506239819e-01,1.554645511261776303e-03,-1.796023636902193132e-01,3.150829834987178280e-01,1.765490852971802679e-02,-3.311832465171740680e-01
6.879999999999999893e+00,5.000000000000000000e+00,4.189945900918205623e+00,5.050547675966042149e+00,5.050547675966042149e+00,6.409209792990245846e-01,6.409209792990245846e-01,-6.552780138653703235e-01,8.100540990817943765e-01,-2.280950018865785245e-01,1.763946272644066962e-02,-4.448224747052325068e-01
6.900000000000000355e+00,5.000000000000000000e+00,4.562334623569943126e+00,5.064540155632183627e+00,5.064540155632183627e+00,6.996239833070861946e-01,6.996239833070861946e-01,1.227951019379640574e+00,4.376653764300568739e-01,1.028768705833878805e+00,1.770912737896170389e-02,1.814731861668000823e-01
6.919999999999999929e+00,5.000000000000000000e+00,4.405495179281760265e+00,5.078163714213918212e+00,5.078163714213918212e+00,6.811779290867477910e-01,6.811779290867477910e-01,5.151634411037017136e-01,5.945048207182397348e-01,5.558350280661722431e-01,1.774676660133468753e-02,-5.841835356380517541e-02
6.940000000000000391e+00,5.000000000000000000e+00,4.729564672261927782e+00,5.092044981361657285e+00,5.092044981361657285e+00,6.940633573869662287e-01,6.940633573869662287e-01,8.100322120889323907e-01,2.704353277380722176e-01,7.550211223121644499e-01,1.779789401591645726e-02,3.721319576085145575e-02
6.959999999999999964e+00,5.000000000000000000e+00,5.013968113475911537e+00,5.104989995089042942e+00,5.104989995089042942e+00,6.472506863692621959e-01,6.472506863692621959e-01,2.259366472099262335e-01,-1.396811347591153663e-02,3.434528662273517163e-01,1.782115145410193002e-02,-1.353373704715273851e-01
6.980000000000000426e+00,5.000000000000000000e+00,4.654724862569648458e+00,5.116167932592260215e+00,5.116167932592260215e+00,5.588968751608420771e-01,5.588968751608420771e-01,-2.362874257149387702e-01,3.452751374303515419e-01,-1.773950411440765318e-02,1.782115145410193002e-02,-2.363690730546330609e-01
7.000000000000000000e+00,5.000000000000000000e+00,5.235952524475647962e+00,5.127167666460086259e+00,5.127167666460086259e+00,5.499866933913122313e-01,5.499866933913122313e-01,4.697950574655432310e-01,-2.359525244756479623e-01,4.384994245365464449e-01,1.785084511592094011e-02,1.344478781307584248e-02
7.020000000000000462e+00,5.000000000000000000e+00,5.275067188350525349e+00,5.135943688587039091e+00,5.135943688587039091e+00,4.388011063476519036e-01,4.388011063476519036e-01,-5.618691770452914902e-01,-2.750671883505253490e-01,-2.996597060840729410e-01,1.783055319881603554e-02,-2.800400241600346507e-01
7.040000000000000036e+00,5.000000000000000000e+00,2.443384180301701569e+00,5.142748037398684247e+00,5.142748037398684247e+00,3.402174405822604442e-01,3.402174405822604442e-01,-5.470355513062624686e-01,2.556615819698298431e+00,-3.493353292051671888e-01,1.780689742061788983e-02,-2.155071195217131974e-01
7.060000000000000497e+00,5.000000000000000000e+00,4.983743341872798993e+00,5.157920455352646982e+00,5.157920455352646982e+00,7.586208976981410057e-01,7.586208976981410057e-01,4.524252011741065616e+00,1.625665812720100689e-02,3.246902091016838909e+00,1.802676638111194371e-02,1.259323154343114926e+00
7.080000000000000071e+00,5.000000000000000000e+00,5.427473185700004699e+00,5.170885831646774733e+00,5.170885831646774733e+00,6.482688147063701001e-01,6.482688147063701001e-01,-3.448999322195685502e-01,-4.274731857000046986e-01,2.064595582154528028e-02,1.802676638111194371e-02,-3.835726544222257672e-01
7.100000000000000533e+00,5.000000000000000000e+00,5.531589388787388373e+00,5.180525911786542537e+00,5.180525911786542537e+00,4.820040069883960165e-01,4.820040069883960165e-01,-1.014379262473370735e+00,-5.315893887873883727e-01,-5.428909458390059894e-01,1.799000368714174375e-02,-4.894783203215064549e-01
7.120000000000000107e+00,5.000000000000000000e+00,5.570549841137033553e+00,5.187098666052087914e+00,5.187098666052087914e+00,3.286377132772715370e-01,3.286377132772715370e-01,-1.051658930122848723e+00,-5.705498411370335532e-01,-6.751185237599832689e-01,1.794428699970603003e-02,-3.944846933625715812e-01
7.140000000000000568e+00,5.000000000000000000e+00,5.786527967557223207e+00,5.191009655552769608e+00,5.191009655552769608e+00,1.955494750340855958e-01,1.955494750340855958e-01,-1.002244669154587875e+00,-7.865279675572232065e-01,-7.245982982440326570e-01,1.789521971336824682e-02,-2.955415906239234336e-01
7.160000000000000142e+00,5.000000000000000000e+00,5.738153007625330204e+00,5.191938547781616009e+00,5.191938547781616009e+00,4.644461144232542305e-02,4.644461144232542305e-02,-1.295499160883516021e+00,-7.381530076253302042e-01,-9.988905187976734323e-01,1.782757830815832542e-02,-3.144362203940008760e-01
7.179999999999999716e+00,5.000000000000000000e+00,8.539948468844876572e+00,5.190543141094049240e+00,5.190543141094049240e+00,-6.977033437834556651e-02,-6.977033437834556651e-02,-1.115704846764384639e+00,-3.539948468844876572e+00,-9.374543196841693682e-01,1.776409714950254876e-02,-1.960146242297179098e-01
7.200000000000000178e+00,5.000000000000000000e+00,6.039820145180044619e+00,5.177265716534239282e+00,5.177265716534239282e+00,-6.638712279905057967e-01,-6.638712279905057967e-01,-6.010779270499948090e+00,-1.039820145180044619e+00,-4.495734555432993496e+00,1.745966158118188866e-02,-1.532504376648136324e+00
7.219999999999999751e+00,5.000000000000000000e+00,5.963896148807508624e+00,5.163054253418812856e+00,5.163054253418812856e+00,-7.105731557713121926e-01,-7.105731557713121926e-01,-1.130890505798569645e+00,-9.638961488075086237e-01,-1.320571584378656738e+00,1.737023704869640472e-02,1.723108415313907571e-01
7.240000000000000213e+00,5.000000000000000000e+00,5.993185375899995115e+00,5.148167070559448888e+00,5.148167070559448888e+00,-7.443591429681950533e-01,-7.443591429681950533e-01,-1.048433027740140577e+00,-9.931853758999951154e-01,-1.224148108985535943e+00,1.728734197989895832e-02,1.584277392654964700e-01
7.259999999999999787e+00,5.000000000000000000e+00,5.899617681829239402e+00,5.132472945752097893e+00,5.132472945752097893e+00,-7.847062403675388875e-01,-7.847062403675388875e-01,-1.147830116961633173e+00,-8.996176818292394017e-01,-1.261345427392993823e+00,1.720192803757155872e-02,9.631338239378925414e-02
7.280000000000000249e+00,5.000000000000000000e+00,5.657849228006697651e+00,5.116325485794115835e+00,5.116325485794115835e+00,-8.073729978991160960e-01,-8.073729978991160960e-01,-1.011373815683311195e+00,-6.578492280066976505e-01,-1.142514455923134165e+00,1.712456091693424429e-02,1.140160793228888192e-01
7.299999999999999822e+00,5.000000000000000000e+00,5.636564108015516439e+00,5.100556394655620274e+00,5.100556394655620274e+00,-7.884545569247577435e-01,-7.884545569247577435e-01,-6.181885881555323481e-01,-6.365641080155164389e-01,-8.354685195685059851e-01,1.706798588332566688e-02,2.002119455296479666e-01
7.320000000000000284e+00,5.000000000000000000e+00,5.330276459537007128e+00,5.085082862982607921e+00,5.085082862982607921e+00,-7.736765836506127592e-01,-7.736765836506127592e-01,-6.406748241833077895e-01,-3.302764595370071277e-01,-8.084364171797059351e-01,1.701324137003633330e-02,1.507483516263618262e-01
7.339999999999999858e+00,5.000000000000000000e+00,6.062927266034414231e+00,5.070867862135023607e+00,5.070867862135023607e+00,-7.107500423792246780e-01,-7.107500423792246780e-01,-1.444111709367320029e-01,-1.062927266034414231e+00,-4.194511036119990544e-01,1.698483759451615074e-02,2.580550950807509181e-01
7.360000000000000320e+00,5.000000000000000000e+00,6.035714326114729467e+00,5.055039869898011240e+00,5.055039869898011240e+00,-7.913996118506274602e-01,-7.913996118506274602e-01,-1.517245737093252167e+00,-1.035714326114729467e+00,-1.349917627863706171e+00,1.689342584963719057e-02,-1.842215350791831519e-01
7.379999999999999893e+00,5.000000000000000000e+00,5.576721547331672468e+00,5.037966765144252790e+00,5.037966765144252790e+00,-8.536552376879187332e-01,-8.536552376879187332e-01,-1.413955870223540412e+00,-5.767215473316724683e-01,-1.315357194165706511e+00,1.680435441759132315e-02,-1.154030304754251890e-01
7.400000000000000355e+00,5.000000000000000000e+00,5.658591429249924865e+00,5.021465200213379276e+00,5.021465200213379276e+00,-8.250782465436806712e-01,-8.250782465436806712e-01,-5.678853262455384465e-01,-6.585914292499248646e-01,-7.324363651112240081e-01,1.675475636452079808e-02,1.477962825011647496e-01
7.419999999999999929e+00,5.000000000000000000e+00,5.185341466584334924e+00,5.005099738173412582e+00,5.005099738173412582e+00,-8.182731019983400245e-01,-8.182731019983400245e-01,-7.570268010902736489e-01,-1.853414665843349241e-01,-8.364111151474046268e-01,1.669811750160530434e-02,6.268619655552562508e-02
7.440000000000000391e+00,5.000000000000000000e+00,4.813002130070076490e+00,4.990492537006582019e+00,4.990492537006582019e+00,-7.303600583415355008e-01,-7.303600583415355008e-01,6.085733456970543465e-02,1.869978699299235103e-01,-2.353836625621053558e-01,1.668217813547905048e-02,2.795588189963317260e-01
7.459999999999999964e+00,5.000000000000000000e+00,5.106759384266177371e+00,4.978616659391724042e+00,4.978616659391724042e+00,-5.937938807428990717e-01,-5.937938807428990717e-01,6.353017176448287895e-01,-1.067593842661773706e-01,2.374872948110028636e-01,1.669825995229302223e-02,3.811161628815328828e-01
7.480000000000000426e+00,5.000000000000000000e+00,5.168246559067689816e+00,4.967931559262461327e+00,4.967931559262461327e+00,-5.342550064631476081e-01,-5.342550064631476081e-01,1.594862054615647784e-03,-1.682465590676898159e-01,-1.355844180180452718e-01,1.668907864524613038e-02,1.204902014274147892e-01
7.500000000000000000e+00,5.000000000000000000e+00,5.497707052523936433e+00,4.958028417160870838e+00,4.958028417160870838e+00,-4.951571050795091078e-01,-4.951571050795091078e-01,-1.432759926267626049e-01,-4.977070525239364329e-01,-2.136731300159660785e-01,1.667460944116630830e-02,5.372252794803715481e-02
7.520000000000000462e+00,5.000000000000000000e+00,4.836340636666075277e+00,4.947631745856942764e+00,4.947631745856942764e+00,-5.198335651963916781e-01,-5.198335651963916781e-01,-7.419217062483347558e-01,1.636593633339247233e-01,-6.320879567053993009e-01,1.663180663464924880e-02,-1.264655561775847592e-01
7.540000000000000036e+00,5.000000000000000000e+00,4.828774932292877686e+00,4.939205397400501241e+00,4.939205397400501241e+00,-4.213174228220639139e-01,-4.213174228220639139e-01,4.653278585468858530e-01,1.712250677071223137e-01,2.078473914340843998e-01,1.664588133989596680e-02,2.408345857729054518e-01
7.560000000000000497e+00,5.000000000000000000e+00,4.624840133880526061e+00,4.932434620536709780e+00,4.932434620536709780e+00,-3.385388431895924866e-01,-3.385388431895924866e-01,4.064683735026503597e-01,3.751598661194739392e-01,2.174558359880453540e-01,1.666060669571877914e-02,1.723519308188862231e-01
7.580000000000000071e+00,5.000000000000000000e+00,4.836938092863671379e+00,4.927771624922494098e+00,4.927771624922494098e+00,-2.331497807107824061e-01,-2.331497807107824061e-01,7.153517815985084294e-01,1.630619071363286210e-01,4.764530299717318895e-01,1.669287044420505323e-02,2.222058811825714519e-01
7.600000000000000533e+00,5.000000000000000000e+00,4.589380465649412599e+00,4.924122358567871061e+00,4.924122358567871061e+00,-1.824633177311491827e-01,-1.824633177311491827e-01,2.737148490855497718e-01,4.106195343505874007e-01,2.070886220631373564e-01,1.670689376821877722e-02,4.991933325419367629e-02
7.620000000000000107e+00,5.000000000000000000e+00,4.524987137811228521e+00,4.922230931343318794e+00,4.922230931343318794e+00,-9.457136122762872799e-02,-9.457136122762872799e-02,6.964562473040554202e-01,4.750128621887714786e-01,5.214868086252459900e-01,1.674220704817292946e-02,1.582272316306364557e-01
7.640000000000000568e+00,5.000000000000000000e+00,4.004472949460057052e+00,4.922054399506299305e+00,4.922054399506299305e+00,-8.826591850973647402e-03,-8.826591850973647402e-03,7.628763325389220640e-01,9.955270505399429481e-01,6.032663349797398045e-01,1.678305815432116349e-02,1.428269394048611862e-01
7.660000000000000142e+00,5.000000000000000000e+00,4.050752175368294239e+00,4.925176286755078792e+00,4.925176286755078792e+00,1.560943624389918571e-01,1.560943624389918571e-01,1.640382951048681370e+00,9.492478246317057611e-01,1.264319354185727606e+00,1.686867348066760017e-02,3.591949233822862575e-01
7.679999999999999716e+00,5.000000000000000000e+00,4.281999509273387794e+00,4.930887754154863245e+00,4.930887754154863245e+00,2.855733699892076816e-01,2.855733699892076816e-01,1.450884437941150296e+00,7.180004907266122061e-01,1.205544737282266299e+00,1.695030879358592688e-02,2.283893918652982469e-01
7.700000000000000178e+00,5.000000000000000000e+00,4.272342319917906472e+00,4.937975242978827950e+00,4.937975242978827950e+00,3.543744411982426845e-01,3.543744411982426845e-01,9.735840820795580441e-01,7.276576800820935276e-01,9.118606232227974839e-01,1.701205683578841527e-02,4.471140202097217964e-02
7.719999999999999751e+00,5.000000000000000000e+00,4.790189326813842463e+00,4.946308597222024872e+00,4.946308597222024872e+00,4.166677121598428846e-01,4.166677121598428846e-01,9.773071508142445740e-01,2.098106731861575369e-01,9.241252537042587978e-01,1.707463539627547544e-02,3.610726171371022447e-02
7.740000000000000213e+00,5.000000000000000000e+00,3.948559010942980674e+00,4.953910495056554453e+00,4.953910495056554453e+00,3.800948917264596605e-01,3.800948917264596605e-01,5.093950782601061600e-02,1.051440989057019326e+00,2.664595549464200963e-01,1.709267911416948588e-02,-2.326127262345789870e-01
7.759999999999999787e+00,5.000000000000000000e+00,4.493710087897483163e+00,4.963969835403792885e+00,4.963969835403792885e+00,5.029670173619263940e-01,5.029670173619263940e-01,1.608816148081126940e+00,5.062899121025168370e-01,1.335330056102414620e+00,1.718310303922838955e-02,2.563029889394838889e-01
7.780000000000000249e+00,5.000000000000000000e+00,4.148869040963734101e+00,4.974159525092860079e+00,4.974159525092860079e+00,5.094844844533499284e-01,5.094844844533499284e-01,5.681416882761620712e-01,8.511309590362658994e-01,6.429881883701964451e-01,1.722664397166920672e-02,-9.207314406570349385e-02
7.799999999999999822e+00,5.000000000000000000e+00,4.164720833924617338e+00,4.985741277412494732e+00,4.985741277412494732e+00,5.790876159817367475e-01,5.790876159817367475e-01,1.205515799737218341e+00,8.352791660753826619e-01,1.080936317976057603e+00,1.729984123414632716e-02,1.072796405270145248e-01
7.820000000000000284e+00,5.000000000000000000e+00,4.882980998736476508e+00,4.998455610043430752e+00,4.998455610043430752e+00,6.357166315468185669e-01,6.357166315468185669e-01,1.145377771632555275e+00,1.170190012635234922e-01,1.060804540915736061e+00,1.737167524242880928e-02,6.720155547439031485e-02
7.839999999999999858e+00,5.000000000000000000e+00,4.362454794539913472e+00,5.009609196205747850e+00,5.009609196205747850e+00,5.576793081158346599e-01,5.576793081158346599e-01,-1.446566027630203644e-01,6.375452054600865281e-01,1.486141316046748484e-01,1.738173887653747182e-02,-3.106524732442326742e-01
7.860000000000000320e+00,5.000000000000000000e+00,4.556179144232986644e+00,5.021385192346067505e+00,5.021385192346067505e+00,5.887998070159954356e-01,5.887998070159954356e-01,8.688842971174424168e-01,4.438208557670133558e-01,8.096824109343099263e-01,1.743656776420703797e-02,4.176531841892550112e-02
7.879999999999999893e+00,5.000000000000000000e+00,4.367848008677563953e+00,5.033011365312211716e+00,5.033011365312211716e+00,5.813086483071966404e-01,5.813086483071966404e-01,5.138882199280074836e-01,6.321519913224360465e-01,5.636524868241069575e-01,1.747473635780300016e-02,-6.723900325390258503e-02
7.900000000000000355e+00,5.000000000000000000e+00,4.742888013550364157e+00,5.045209088449015944e+00,5.045209088449015944e+00,6.098861568402188515e-01,6.098861568402188515e-01,8.670837336374191961e-01,2.571119864496358431e-01,8.028330289794938235e-01,1.752910142905672944e-02,4.672160322886868833e-02
7.919999999999999929e+00,5.000000000000000000e+00,4.437077960810126065e+00,5.056567076543508676e+00,5.056567076543508676e+00,5.678994047246451737e-01,5.678994047246451737e-01,1.900186356844825175e-01,5.629220391898739351e-01,3.265322227910375519e-01,1.755121305989139693e-02,-1.540648001664464140e-01
7.940000000000000391e+00,5.000000000000000000e+00,5.330826521748894820e+00,5.068343183149101705e+00,5.068343183149101705e+00,5.888053302796334432e-01,5.888053302796334432e-01,7.769586602745276460e-01,-3.308265217488948196e-01,7.149109897711398709e-01,1.759962435526172750e-02,4.444804614812605803e-02
7.959999999999999964e+00,5.000000000000000000e+00,4.810439828442877541e+00,5.077308575773353816e+00,5.077308575773353816e+00,4.482696312126177585e-01,4.482696312126177585e-01,-8.165516603905236259e-01,1.895601715571224588e-01,-4.201496826210964208e-01,1.757117327439132112e-02,-4.139731510438185991e-01
7.980000000000000426e+00,5.000000000000000000e+00,4.921429721896345200e+00,5.085832829656905751e+00,5.085832829656905751e+00,4.262126941775974398e-01,4.262126941775974398e-01,2.277002608624142943e-01,7.857027810365480036e-02,2.407414178775455216e-01,1.758747544914523314e-02,-3.062863246427643960e-02
8.000000000000000000e+00,5.000000000000000000e+00,4.734627142471656391e+00,5.093585989104142620e+00,5.093585989104142620e+00,3.876579723618260309e-01,3.876579723618260309e-01,4.066547601988335092e-02,2.653728575283436086e-01,9.978425319164159479e-02,1.759423249306214798e-02,-7.671300966482039185e-02
8.019999999999999574e+00,5.000000000000000000e+00,5.224483505080240953e+00,5.101351770929471563e+00,5.101351770929471563e+00,3.882890912664360705e-01,3.882890912664360705e-01,3.939691614079267046e-01,-2.244835050802409526e-01,3.370235290609963630e-01,1.761705455880958546e-02,3.932857778812073879e-02
8.040000000000000924e+00,5.000000000000000000e+00,5.266304398986699553e+00,5.107373145039063367e+00,5.107373145039063367e+00,3.010687054796000739e-01,3.010687054796000739e-01,-4.839147666019238958e-01,-2.663043989866995531e-01,-2.850940514519060276e-01,1.759774897737268612e-02,-2.164184641273905474e-01
8.060000000000000497e+00,5.000000000000000000e+00,5.630657639371809964e+00,5.111806478797759290e+00,5.111806478797759290e+00,2.216666879347762298e-01,2.216666879347762298e-01,-4.929514699686383672e-01,-6.306576393718099638e-01,-3.382065867131084369e-01,1.757484679905983033e-02,-1.723197300545897814e-01
8.080000000000000071e+00,5.000000000000000000e+00,5.473661483545248174e+00,5.113625506547564648e+00,5.113625506547564648e+00,9.095138749028636171e-02,9.095138749028636171e-02,-1.085486316510122728e+00,-4.736614835452481742e-01,-8.009352020021986984e-01,1.752061024207385298e-02,-3.020717247499978275e-01
8.099999999999999645e+00,5.000000000000000000e+00,5.472073403514240653e+00,5.113827958861446810e+00,5.113827958861446810e+00,1.012261569412302442e-02,1.012261569412302442e-02,-7.173363304713470390e-01,-4.720734035142406526e-01,-6.015500841024652434e-01,1.747987535448896138e-02,-1.332661217233707118e-01
8.120000000000000995e+00,5.000000000000000000e+00,5.772336475582365622e+00,5.112660987210396968e+00,5.112660987210396968e+00,-5.834858255251093584e-02,-5.834858255251093584e-02,-6.745893667722167031e-01,-7.723364755823656225e-01,-5.995332224630856022e-01,1.743927704178673682e-02,-9.249542135091776140e-02
8.140000000000000568e+00,5.000000000000000000e+00,5.577328655060342477e+00,5.109255168179011264e+00,5.109255168179011264e+00,-1.702909515692884457e-01,-1.702909515692884457e-01,-1.177772272720286173e+00,-5.773286550603424772e-01,-9.808673239896043006e-01,1.737285610488665394e-02,-2.142778048355686582e-01
8.160000000000000142e+00,5.000000000000000000e+00,5.521481176809287739e+00,5.104652401541062368e+00,5.104652401541062368e+00,-2.301383318974609959e-01,-2.301383318974609959e-01,-7.687647548510140316e-01,-5.214811768092877386e-01,-7.332073919266349771e-01,1.732320584055146301e-02,-5.288056876493052449e-02
8.179999999999999716e+00,5.000000000000000000e+00,5.710006274024891582e+00,5.099201497386798287e+00,5.099201497386798287e+00,-2.725452077132024531e-01,-2.725452077132024531e-01,-6.542070900548757617e-01,-7.100062740248915816e-01,-6.622810945477954903e-01,1.727835845934586403e-02,-9.204353966426111200e-03
8.199999999999999289e+00,5.000000000000000000e+00,5.551132112855976963e+00,5.092326045215397556e+00,5.092326045215397556e+00,-3.437726085700523737e-01,-3.437726085700523737e-01,-9.848192162817015483e-01,-5.511321128559769633e-01,-9.017079680116123486e-01,1.721729791977972407e-02,-1.003285461898690001e-01
8.220000000000000639e+00,5.000000000000000000e+00,5.448139959902418283e+00,5.084790381195457343e+00,5.084790381195457343e+00,-3.767832009970276674e-01,-3.767832009970276674e-01,-6.738785328398054775e-01,-4.481399599024182834e-01,-6.999377833270907789e-01,1.716990055807410959e-02,8.889349929211184942e-03
8.240000000000000213e+00,5.000000000000000000e+00,5.719744252146368169e+00,5.077019296074644750e+00,5.077019296074644750e+00,-3.885542560406477497e-01,-3.885542560406477497e-01,-4.944937514332286010e-01,-7.197442521463681686e-01,-5.691377490760711755e-01,1.713136052152250052e-02,5.751263712132005657e-02
8.259999999999999787e+00,5.000000000000000000e+00,5.638457189202966013e+00,5.068041307807387597e+00,5.068041307807387597e+00,-4.488994133628442240e-01,-4.488994133628442240e-01,-9.920058292626127150e-01,-6.384571892029660134e-01,-9.140752002258876185e-01,1.706946251583791457e-02,-9.500009155256301796e-02
8.279999999999999361e+00,5.000000000000000000e+00,6.682001811208481357e+00,5.058321428003194065e+00,5.058321428003194065e+00,-4.859939902096778175e-01,-4.859939902096778175e-01,-8.198451818311802697e-01,-1.682001811208481357e+00,-8.108406302877668725e-01,1.701455519756646037e-02,-2.601910674097984710e-02
8.300000000000000711e+00,5.000000000000000000e+00,5.882360911865526454e+00,5.044259194192078688e+00,5.044259194192078688e+00,-7.031116905557501795e-01,-7.031116905557501795e-01,-2.657170993670401327e+00,-8.823609118655264538e-01,-2.136142300234771252e+00,1.686990304180253225e-02,-5.378985964774325446e-01
8.320000000000000284e+00,5.000000000000000000e+00,6.179445036344294095e+00,5.029438959386620667e+00,5.029438959386620667e+00,-7.410117402728999547e-01,-7.410117402728999547e-01,-1.082112187727247932e+00,-1.179445036344294095e+00,-1.120598358069218703e+00,1.679402000338209647e-02,2.169215033858873376e-02
8.339999999999999858e+00,5.000000000000000000e+00,5.416679960464261256e+00,5.012872816067347692e+00,5.012872816067347692e+00,-8.283071659636510597e-01,-8.283071659636510597e-01,-1.613965997180411227e+00,-4.166799604642612564e-01,-1.497895196157253528e+00,1.669258773025648554e-02,-1.327633887534141743e-01
8.359999999999999432e+00,5.000000000000000000e+00,6.061780955212116240e+00,4.997512078758251874e+00,4.997512078758251874e+00,-7.680368654547948815e-01,-7.680368654547948815e-01,-2.256041608750888328e-01,-1.061780955212116240e+00,-5.291835497896117957e-01,1.665675325365655740e-02,2.869226356608663986e-01
8.380000000000000782e+00,5.000000000000000000e+00,6.052197780390000226e+00,4.980782793533165886e+00,4.980782793533165886e+00,-8.364642612542858569e-01,-8.364642612542858569e-01,-1.452310823449704635e+00,-1.052197780390000226e+00,-1.348461813119387731e+00,1.656544009150831553e-02,-1.204144504218252476e-01
8.400000000000000355e+00,5.000000000000000000e+00,5.684664814300397495e+00,4.962927768982095422e+00,4.962927768982095422e+00,-8.927512275535341990e-01,-8.927512275535341990e-01,-1.399333924246769278e+00,-6.846648143003974951e-01,-1.336291181095300207e+00,1.647495108239477660e-02,-7.951769423386390034e-02
8.419999999999999929e+00,5.000000000000000000e+00,5.774549731572605538e+00,4.945406768459923441e+00,4.945406768459923441e+00,-8.760500261086030527e-01,-8.760500261086030527e-01,-7.257392131042225136e-01,-7.745497315726055376e-01,-8.695243141615048854e-01,1.641606990836494070e-02,1.273690311489173999e-01
8.439999999999999503e+00,5.000000000000000000e+00,4.759869211247174547e+00,4.927792001855042514e+00,4.927792001855042514e+00,-8.807383302440504602e-01,-8.807383302440504602e-01,-9.229330674630767950e-01,2.401307887528254525e-01,-9.836781590972090150e-01,1.634945863144969536e-02,4.439563300268258017e-02
8.460000000000000853e+00,5.000000000000000000e+00,4.717999779924356929e+00,4.913654160018288586e+00,4.913654160018288586e+00,-7.068920918377141760e-01,-7.068920918377141760e-01,8.577240538193131592e-01,2.820002200756430710e-01,3.049661017160883447e-01,1.637010987928243927e-02,5.363878422239424237e-01
8.480000000000000426e+00,5.000000000000000000e+00,4.731384265170815340e+00,4.902471816580709074e+00,4.902471816580709074e+00,-5.591171718789629264e-01,-5.591171718789629264e-01,7.708571077497985424e-01,2.686157348291846603e-01,3.581402794960666935e-01,1.639436189820894438e-02,3.963224663555228733e-01
8.500000000000000000e+00,5.000000000000000000e+00,4.473951194956192978e+00,4.893664346884649241e+00,4.893664346884649241e+00,-4.403734848030067539e-01,-4.403734848030067539e-01,6.283196988805985761e-01,5.260488050438070218e-01,3.411419832330645496e-01,1.641746285140425338e-02,2.707602527961296968e-01
8.519999999999999574e+00,5.000000000000000000e+00,4.390945526506773611e+00,4.887742181220952276e+00,4.887742181220952276e+00,-2.961082831848614871e-01,-2.961082831848614871e-01,1.002278531378445692e+00,6.090544734932263893e-01,6.680819824056348777e-01,1.646270304863801937e-02,3.177338459241726976e-01
8.540000000000000924e+00,5.000000000000000000e+00,4.846443095162633163e+00,4.884519761679833927e+00,4.884519761679833927e+00,-1.611209770559265675e-01,-1.611209770559265675e-01,1.053764778104487654e+00,1.535569048373668366e-01,7.734991813363975011e-01,1.651508173335843738e-02,2.637505150347317362e-01
8.560000000000000497e+00,5.000000000000000000e+00,4.619258161008294117e+00,4.881958250349035744e+00,4.881958250349035744e+00,-1.280755665399014587e-01,-1.280755665399014587e-01,1.693331281043244652e-01,3.807418389917058832e-01,1.950172691434558792e-01,1.652828762717445041e-02,-4.221242866630586787e-02
8.580000000000000071e+00,5.000000000000000000e+00,4.211602727922673317e+00,4.880820275279491582e+00,4.880820275279491582e+00,-5.689875347718721665e-02,-5.689875347718721665e-02,5.836925640872409060e-01,7.883972720773266829e-01,4.835421355194664539e-01,1.656103142532773867e-02,8.358939714244673080e-02
8.599999999999999645e+00,5.000000000000000000e+00,3.979407444814219819e+00,4.882354934422513004e+00,4.882354934422513004e+00,7.673295715105980797e-02,7.673295715105980797e-02,1.279418352805282932e+00,1.020592555185780181e+00,1.001264535538204825e+00,1.662883359072638706e-02,2.615249836763518521e-01
8.620000000000000995e+00,5.000000000000000000e+00,4.116969143471969517e+00,4.886959267429627829e+00,4.886959267429627829e+00,2.302166503557407373e-01,2.302166503557407373e-01,1.611569889197869365e+00,8.830308565280304833e-01,1.296152545085940799e+00,1.671660455047236510e-02,2.987007395614561522e-01
8.640000000000000568e+00,5.000000000000000000e+00,4.663623502274043986e+00,4.893660820185543159e+00,4.893660820185543159e+00,3.350776377957859209e-01,3.350776377957859209e-01,1.278826524756192518e+00,3.363764977259560141e-01,1.121449187790598767e+00,1.679254520413377486e-02,1.405847917614599651e-01
8.660000000000000142e+00,5.000000000000000000e+00,3.964316999191523472e+00,4.900232607884356106e+00,4.900232607884356106e+00,3.285893849406564815e-01,3.285893849406564815e-01,2.701951092444913050e-01,1.035683000808476528e+00,4.271981521119641578e-01,1.682147358293820810e-02,-1.738245164504111095e-01
8.679999999999999716e+00,5.000000000000000000e+00,4.518676199381226333e+00,4.909264827674022946e+00,4.909264827674022946e+00,4.516109894833488791e-01,4.516109894833488791e-01,1.558805430367580236e+00,4.813238006187736673e-01,1.315317411026765138e+00,1.691054232100773838e-02,2.265774770198074328e-01
8.700000000000001066e+00,5.000000000000000000e+00,3.671343768815414244e+00,4.918415358515069613e+00,4.918415358515069613e+00,4.575265420523236815e-01,4.575265420523236815e-01,5.107665151730966802e-01,1.328656231184585756e+00,6.112812267858425130e-01,1.695193616786095162e-02,-1.174666477806068088e-01
8.720000000000000639e+00,5.000000000000000000e+00,4.017687251469393317e+00,4.930739245294378570e+00,4.930739245294378570e+00,6.161943389654429559e-01,6.161943389654429559e-01,2.044204511183516537e+00,9.823127485306066831e-01,1.687393413604423964e+00,1.706620060374282669e-02,3.397448969753495973e-01
8.740000000000000213e+00,5.000000000000000000e+00,4.040238481202647058e+00,4.944490803883066832e+00,4.944490803883066832e+00,6.875779294344036563e-01,6.875779294344036563e-01,1.330030243655050182e+00,9.597615187973529416e-01,1.247537190633870585e+00,1.715067950011645720e-02,6.534237352106314622e-02
8.759999999999999787e+00,5.000000000000000000e+00,4.229215339234365878e+00,4.959408485606727979e+00,4.959408485606727979e+00,7.458840861830587921e-01,7.458840861830587921e-01,1.270639496920955125e+00,7.707846607656341220e-01,1.218897128872638236e+00,1.723321899073302840e-02,3.450914905758384332e-02
8.779999999999999361e+00,5.000000000000000000e+00,4.510583558050946351e+00,4.974686883067391818e+00,4.974686883067391818e+00,7.639198730331956400e-01,7.639198730331956400e-01,9.262419546844269380e-01,4.894164419490536488e-01,9.788965191723553172e-01,1.729950647155887450e-02,-6.995407095948727449e-02
8.800000000000000711e+00,5.000000000000000000e+00,4.482948172929377861e+00,4.989337063291826802e+00,4.989337063291826802e+00,7.325090112217327309e-01,7.325090112217327309e-01,4.498112549185664943e-01,5.170518270706221386e-01,6.215588812752981251e-01,1.734159628556649485e-02,-1.890892226422981603e-01
8.820000000000000284e+00,5.000000000000000000e+00,4.028905953568216347e+00,5.003633109191945039e+00,5.003633109191945039e+00,7.148022950058912084e-01,7.148022950058912084e-01,5.554418490633171723e-01,9.710940464317836529e-01,6.566558203796901694e-01,1.738606274269456978e-02,-1.186000340590676050e-01
8.839999999999999858e+00,5.000000000000000000e+00,4.136569805691377333e+00,5.019287254536449971e+00,5.019287254536449971e+00,7.827072672252585184e-01,7.827072672252585184e-01,1.393852017199564086e+00,8.634301943086226672e-01,1.233289438968365292e+00,1.746957683068770320e-02,1.430930014005111217e-01
8.859999999999999432e+00,5.000000000000000000e+00,3.996898400100952653e+00,5.035697282708949452e+00,5.035697282708949452e+00,8.205014086249698968e-01,8.205014086249698968e-01,1.160648681222372636e+00,1.003101599899047347e+00,1.096556346771950796e+00,1.754383182739824645e-02,4.654850262302362429e-02
8.880000000000000782e+00,5.000000000000000000e+00,4.742136220404729485e+00,5.053253726948712554e+00,5.053253726948712554e+00,8.778222119881656793e-01,8.778222119881656793e-01,1.393709442256927833e+00,2.578637795952705147e-01,1.273939031871790251e+00,1.763009856498956585e-02,1.021403118201480165e-01
8.900000000000000355e+00,5.000000000000000000e+00,4.657864633842634383e+00,5.069145544881897614e+00,5.069145544881897614e+00,7.945908966592342138e-01,7.945908966592342138e-01,4.550905869885102373e-02,3.421353661573656169e-01,3.274870000859935737e-01,1.765227485003476038e-02,-2.996302162371773381e-01
8.919999999999999929e+00,5.000000000000000000e+00,4.844369667910825683e+00,5.084017020446270685e+00,5.084017020446270685e+00,7.435737782186385703e-01,7.435737782186385703e-01,2.844197122532778899e-01,1.556303320891743169e-01,4.345119150198543667e-01,1.768169849152429265e-02,-1.677739012581007938e-01
8.939999999999999503e+00,5.000000000000000000e+00,5.351530859876996615e+00,5.097411397187419979e+00,5.097411397187419979e+00,6.697188370574452820e-01,6.697188370574452820e-01,5.024366606705521487e-03,-3.515308598769966153e-01,1.976505217532513736e-01,1.769508270008396042e-02,-2.103212378466298160e-01
8.960000000000000853e+00,5.000000000000000000e+00,4.246247293747757112e+00,5.107809195292275284e+00,5.107809195292275284e+00,5.198899052427562451e-01,5.198899052427562451e-01,-8.285704810894451988e-01,7.537527062522428878e-01,-4.464441920437857148e-01,1.766485104613453941e-02,-3.997911400917940061e-01
8.980000000000000426e+00,5.000000000000000000e+00,5.179624164429863065e+00,5.119658359643819878e+00,5.119658359643819878e+00,5.924582175772132864e-01,5.924582175772132864e-01,1.245573028587326103e+00,-1.796241644298630646e-01,9.572659369403484497e-01,1.772967377887223195e-02,2.705774178681054631e-01
9.000000000000000000e+00,5.000000000000000000e+00,4.999966008201403689e+00,5.129350955656575728e+00,5.129350955656575728e+00,4.846298006377710021e-01,4.846298006377710021e-01,-4.858259518172097779e-01,3.399179859631118461e-05,-2.281226888259260954e-01,1.771422610073126319e-02,-2.754174890920149665e-01
9.019999999999999574e+00,5.000000000000000000e+00,5.372102581159117207e+00,5.137903161898300652e+00,5.137903161898300652e+00,4.276103120862250195e-01,4.276103120862250195e-01,-8.556508487768912929e-02,-3.721025811591172072e-01,4.316958421731520364e-05,1.771422610073126319e-02,-1.033224805626377085e-01
9.040000000000000924e+00,5.000000000000000000e+00,5.935704384853877968e+00,5.144175071910812136e+00,5.144175071910812136e+00,3.135955006255910504e-01,3.135955006255910504e-01,-7.125378025201150045e-01,-9.357043848538779685e-01,-4.725702780720788532e-01,1.768222527875158018e-02,-2.576497497267876691e-01
9.060000000000000497e+00,5.000000000000000000e+00,5.458344216705667051e+00,5.146556248247850185e+00,5.146556248247850185e+00,1.190588168518806611e-01,1.190588168518806611e-01,-1.631771337111513009e+00,-4.583442167056670513e-01,-1.188344568764424958e+00,1.760175470165414521e-02,-4.610285230487422004e-01
9.080000000000000071e+00,5.000000000000000000e+00,5.506628869437731666e+00,5.147400248110156618e+00,5.147400248110156618e+00,4.219999311534357311e-02,4.219999311534357311e-02,-6.495294205134902743e-01,-5.066288694377316659e-01,-5.820971552161972040e-01,1.756233709901745821e-02,-8.499460239631045910e-02
9.099999999999999645e+00,5.000000000000000000e+00,5.612095318845207181e+00,5.146740964234417071e+00,5.146740964234417071e+00,-3.296419378695668312e-02,-3.296419378695668312e-02,-7.094418759076589476e-01,-6.120953188452071814e-01,-6.434186641859191980e-01,1.751876701624581478e-02,-8.354197873798549501e-02
9.120000000000000995e+00,5.000000000000000000e+00,5.981535219276468140e+00,5.144405815536179816e+00,5.144405815536179816e+00,-1.167574349118710719e-01,-1.167574349118710719e-01,-8.708966050361006683e-01,-9.815352192764681405e-01,-7.773610549334131203e-01,1.746612681882512771e-02,-1.110016769215126514e-01
9.140000000000000568e+00,5.000000000000000000e+00,5.162139860847199557e+00,5.139322481191864078e+00,5.139322481191864078e+00,-2.541667172157813237e-01,-2.541667172157813237e-01,-1.490850257950973923e+00,-1.621398608471995573e-01,-1.246549728481114450e+00,1.738171478996735145e-02,-2.616822442598267795e-01
9.160000000000000142e+00,5.000000000000000000e+00,5.388466815969472634e+00,5.134820143211983989e+00,5.134820143211983989e+00,-2.251168989940143805e-01,-2.251168989940143805e-01,3.633146500188808026e-02,-3.884668159694726342e-01,-2.059176232759434289e-01,1.736777076193449232e-02,2.248813175158970168e-01
9.179999999999999716e+00,5.000000000000000000e+00,5.821661418296370627e+00,5.129905414239980921e+00,5.129905414239980921e+00,-2.457364486001362702e-01,-2.457364486001362702e-01,-4.313123950552332220e-01,-8.216614182963706270e-01,-4.933528562812302676e-01,1.733436261576111817e-02,4.470609861023591702e-02
9.200000000000001066e+00,5.000000000000000000e+00,5.933163869366126164e+00,5.123060792276310060e+00,5.123060792276310060e+00,-3.422310981835459676e-01,-3.422310981835459676e-01,-1.210682944434233077e+00,-9.331638693661261641e-01,-1.043510001236390705e+00,1.726369973378763176e-02,-1.844366429316300349e-01
9.220000000000000639e+00,5.000000000000000000e+00,5.516595886813553840e+00,5.114195495434728400e+00,5.114195495434728400e+00,-4.432648420790751276e-01,-4.432648420790751276e-01,-1.352568537138837401e+00,-5.165958868135538395e-01,-1.185118114094980246e+00,1.718344764102214609e-02,-1.846338706848792977e-01
9.240000000000000213e+00,5.000000000000000000e+00,5.827730158288739304e+00,5.105095267057251363e+00,5.105095267057251363e+00,-4.550114188738367815e-01,-4.550114188738367815e-01,-5.607306100266915561e-01,-8.277301582887393039e-01,-6.560767762532133673e-01,1.713902039475618047e-02,7.820714583176552326e-02
9.259999999999999787e+00,5.000000000000000000e+00,5.517545911153082017e+00,5.094636362856446610e+00,5.094636362856446610e+00,-5.229452100402492976e-01,-5.229452100402492976e-01,-1.134349330537962164e+00,-5.175459111530820167e-01,-1.051217301026698969e+00,1.706783560114335033e-02,-1.001998651124064998e-01
9.279999999999999361e+00,5.000000000000000000e+00,5.953136247041793894e+00,5.084111492813688571e+00,5.084111492813688571e+00,-5.262435021379000544e-01,-5.262435021379000544e-01,-5.559281310167571988e-01,-9.531362470417938937e-01,-6.572833071644141878e-01,1.702332665278418616e-02,8.433184949487276816e-02
9.300000000000000711e+00,5.000000000000000000e+00,5.841575628536236131e+00,5.071936243036338610e+00,5.071936243036338610e+00,-6.087624888674807444e-01,-6.087624888674807444e-01,-1.351433369433707288e+00,-8.415756285362361311e-01,-1.210483033743078307e+00,1.694135693553859220e-02,-1.578916926261675902e-01
9.320000000000000284e+00,5.000000000000000000e+00,5.938558490014284708e+00,5.058764720109460100e+00,5.058764720109460100e+00,-6.585761463439411267e-01,-6.585761463439411267e-01,-1.106899063632085012e+00,-9.385584900142847076e-01,-1.068801048241019958e+00,1.686898143148447479e-02,-5.496699682254956032e-02
9.339999999999999858e+00,5.000000000000000000e+00,5.425283681652411261e+00,5.044386438715851462e+00,5.044386438715851462e+00,-7.189140696804121600e-01,-7.189140696804121600e-01,-1.261955379708651348e+00,-4.252836816524112606e-01,-1.191969282318141587e+00,1.678826540134324696e-02,-8.677436279185288259e-02
9.359999999999999432e+00,5.000000000000000000e+00,5.418669159456023898e+00,5.030789005893436361e+00,5.030789005893436361e+00,-6.798716411207634813e-01,-6.798716411207634813e-01,-3.284897840839251515e-01,-4.186691594560238983e-01,-5.401102756985622921e-01,1.675169100472113926e-02,1.948688006099159320e-01
9.380000000000000782e+00,5.000000000000000000e+00,6.157454530426115014e+00,5.017800732444119838e+00,5.017800732444119838e+00,-6.494136724658271520e-01,-6.494136724658271520e-01,-3.752919545714003546e-01,-1.157454530426115014e+00,-5.317098325091503819e-01,1.671568545700792205e-02,1.397021924807420601e-01
9.400000000000000355e+00,5.000000000000000000e+00,5.770478373909174508e+00,5.002664336961173852e+00,5.002664336961173852e+00,-7.568197741472805218e-01,-7.568197741472805218e-01,-1.723474689280360739e+00,-7.704783739091745076e-01,-1.469967253641166094e+00,1.661614436739127648e-02,-2.701235800065858728e-01
9.419999999999999929e+00,5.000000000000000000e+00,5.383917765194263794e+00,4.987124920963129426e+00,4.987124920963129426e+00,-7.769707999022115175e-01,-7.769707999022115175e-01,-9.583300316965903676e-01,-3.839177651942637937e-01,-9.785075348646515847e-01,1.654988322723508626e-02,3.627619940826221079e-03
9.439999999999999503e+00,5.000000000000000000e+00,4.594831732470630037e+00,4.972587422208092356e+00,4.972587422208092356e+00,-7.268749377518586297e-01,-7.268749377518586297e-01,-2.760121783986827504e-01,4.051682675293699631e-01,-4.875755617967150179e-01,1.651686629942837950e-02,1.950465170986039054e-01
9.460000000000000853e+00,5.000000000000000000e+00,5.361724163205114024e+00,4.961624898962154973e+00,4.961624898962154973e+00,-5.481261622968599534e-01,-5.481261622968599534e-01,1.060612816798128133e+00,-3.617241632051140243e-01,5.145636997622998754e-01,1.655171077043590677e-02,5.294974062653923230e-01
9.480000000000000426e+00,5.000000000000000000e+00,5.042232222145695886e+00,4.950850361379015574e+00,4.950850361379015574e+00,-5.387268791569832516e-01,-5.387268791569832516e-01,-4.541333308980928796e-01,-4.223222214569588573e-02,-4.593896872704948398e-01,1.652060249240026868e-02,-1.126424611999832237e-02
9.500000000000000000e+00,5.000000000000000000e+00,5.283591964928989526e+00,4.941381492943651921e+00,4.941381492943651921e+00,-4.734434217681891544e-01,-4.734434217681891544e-01,1.141076947309578871e-01,-2.835919649289895261e-01,-5.363492212503377654e-02,1.652060249240026868e-02,1.512220143635913949e-01
9.519999999999999574e+00,5.000000000000000000e+00,5.136302955180751972e+00,4.932143496704368246e+00,4.932143496704368246e+00,-4.618998119641669065e-01,-4.618998119641669065e-01,-3.580073237279666198e-01,-1.363029551807519724e-01,-3.601617954598166915e-01,1.649621358341637686e-02,-1.434174185156625314e-02
9.540000000000000924e+00,5.000000000000000000e+00,5.014996768627090873e+00,4.923642680981029862e+00,4.923642680981029862e+00,-4.250407861669260323e-01,-4.250407861669260323e-01,-9.330955399175823450e-02,-1.499676862709087288e-02,-1.731047530795550016e-01,1.648449152927083244e-02,6.331070755852592769e-02
9.560000000000000497e+00,5.000000000000000000e+00,4.615960129733897688e+00,4.916196279973160443e+00,4.916196279973160443e+00,-3.723200503934777639e-01,-3.723200503934777639e-01,1.021665715675567909e-01,3.840398702661023123e-01,-1.904589615640540912e-02,1.648449152927083244e-02,1.047279761946913745e-01
9.580000000000000071e+00,5.000000000000000000e+00,4.806459139705027361e+00,4.911047075033479814e+00,4.911047075033479814e+00,-2.574602469840142072e-01,-2.574602469840142072e-01,7.762779837011578588e-01,1.935408602949726387e-01,4.877306352379499610e-01,1.651751895811371870e-02,2.720298295050941340e-01
9.599999999999999645e+00,5.000000000000000000e+00,4.550247936331367704e+00,4.907128557447236972e+00,4.907128557447236972e+00,-1.959258793121469999e-01,-1.959258793121469999e-01,3.578834297346576987e-01,4.497520636686322959e-01,2.457968925746152611e-01,1.653416347209908654e-02,9.555237368794330943e-02
9.620000000000000995e+00,5.000000000000000000e+00,3.924407757433606925e+00,4.905166367227359103e+00,4.905166367227359103e+00,-9.810951099389425556e-02,-9.810951099389425556e-02,7.822378038703804437e-01,1.075592242566393075e+00,5.711851208591630646e-01,1.657284214957458965e-02,1.944798408616428276e-01
9.640000000000000568e+00,5.000000000000000000e+00,7.122729264289917595e+00,4.907061339607141193e+00,4.907061339607141193e+00,9.474861898909409108e-02,9.474861898909409108e-02,1.830471788835989155e+00,-2.122729264289917595e+00,1.366002148059319188e+00,1.666534308243530077e-02,4.478042976942347986e-01
9.660000000000000142e+00,5.000000000000000000e+00,4.479853260814186555e+00,4.900849445790322889e+00,4.900849445790322889e+00,-3.105946908409120688e-01,-3.105946908409120688e-01,-3.958684479310967230e+00,5.201467391858134448e-01,-2.695866165648195256e+00,1.648278836570636618e-02,-1.279301102028478354e+00
9.679999999999999716e+00,5.000000000000000000e+00,4.401966407464506403e+00,4.897454252071311132e+00,4.897454252071311132e+00,-1.697596859505970113e-01,-1.697596859505970113e-01,1.097755358062238340e+00,5.980335925354935966e-01,6.605863587659830394e-01,1.652752098527634703e-02,4.206414783109790889e-01
9.700000000000001066e+00,5.000000000000000000e+00,3.800499486458374321e+00,4.896617214328560230e+00,4.896617214328560230e+00,-4.185188713752358014e-02,-4.185188713752358014e-02,1.109318302180137383e+00,1.199500513541625679e+00,7.595026625200769210e-01,1.657895187423439817e-02,3.332366877858260468e-01
9.720000000000000639e+00,5.000000000000000000e+00,4.227700766873291549e+00,4.900009568298539619e+00,4.900009568298539619e+00,1.696176984989683778e-01,1.696176984989683778e-01,2.072843969227395888e+00,7.722992331267084509e-01,1.523365652197864684e+00,1.668210891839897944e-02,5.327962081111320414e-01
9.740000000000000213e+00,5.000000000000000000e+00,3.867997303977890322e+00,4.905378246193030201e+00,4.905378246193030201e+00,2.684338947245246687e-01,2.684338947245246687e-01,1.157779660754531426e+00,1.132002696022109678e+00,9.808200260709197815e-01,1.674852665244787667e-02,1.602111080311637292e-01
9.759999999999999787e+00,5.000000000000000000e+00,4.364958570905479007e+00,4.913701595104023490e+00,4.913701595104023490e+00,4.161674455496831571e-01,4.161674455496831571e-01,1.745769402976109497e+00,6.350414290945209927e-01,1.437643423948079313e+00,1.684587888430577954e-02,2.912801001437244075e-01
9.779999999999999361e+00,5.000000000000000000e+00,3.711889926157397657e+00,4.922752234057053755e+00,4.922752234057053755e+00,4.525319476515066164e-01,4.525319476515066164e-01,7.798124665679175838e-01,1.288110073842602343e+00,8.065026149500417185e-01,1.690049244720790919e-02,-4.359064082933206130e-02
9.800000000000000711e+00,5.000000000000000000e+00,4.133923670873540068e+00,4.934793060715175983e+00,4.934793060715175983e+00,6.020413329061234942e-01,6.020413329061234942e-01,1.947625800197675172e+00,8.660763291264599317e-01,1.635899793780104972e+00,1.701126991355837378e-02,2.947147365040120315e-01
9.820000000000000284e+00,5.000000000000000000e+00,4.710182821908807327e+00,4.947856065109791146e+00,4.947856065109791146e+00,6.531502197307748059e-01,6.531502197307748059e-01,1.113130201152636722e+00,2.898171780911926732e-01,1.099916937990604193e+00,1.708575247786324816e-02,-3.872489315830507373e-03
9.839999999999999858e+00,5.000000000000000000e+00,4.826464265944142795e+00,4.959803750451333926e+00,4.959803750451333926e+00,5.973842670771322139e-01,5.973842670771322139e-01,9.549069319434932979e-02,1.735357340558572048e-01,3.680678161758146882e-01,1.711067675517909115e-02,-2.896877997366444357e-01
9.859999999999999432e+00,5.000000000000000000e+00,4.762902608018534600e+00,4.970510319986990666e+00,4.970510319986990666e+00,5.353284767828188073e-01,5.353284767828188073e-01,-2.317363586600162950e-02,2.370973919814653996e-01,2.203903822509386545e-01,1.712560082830789573e-02,-2.606896189452481694e-01
9.880000000000000782e+00,5.000000000000000000e+00,4.320857567439371216e+00,4.980481093871892639e+00,4.980481093871892639e+00,4.985386942451127679e-01,4.985386942451127679e-01,1.674306514057585238e-01,6.791424325606287837e-01,3.011136878164610842e-01,1.714599120401830157e-02,-1.508290276147208342e-01
9.900000000000000355e+00,5.000000000000000000e+00,4.954202863801212331e+00,4.991443337163671501e+00,4.991443337163671501e+00,5.481121645889350802e-01,5.481121645889350802e-01,9.942733976833360021e-01,4.579713619878766906e-02,8.625108893519985998e-01,1.720439745321851455e-02,1.145581108781187907e-01
9.919999999999999929e+00,5.000000000000000000e+00,4.094672329865307603e+00,5.000989659087176520e+00,5.000989659087176520e+00,4.773160961752580533e-01,4.773160961752580533e-01,-1.598485195478348553e-01,9.053276701346923971e-01,5.816236297246034359e-02,1.720439745321851455e-02,-2.352152799735137134e-01
9.939999999999999503e+00,5.000000000000000000e+00,5.572910207906580204e+00,5.012442236631576620e+00,5.012442236631576620e+00,5.726288772199852328e-01,5.726288772199852328e-01,1.430443906622530292e+00,-5.729102079065802045e-01,1.149766141071059344e+00,1.728225563285009855e-02,2.633955099186208737e-01
9.960000000000000853e+00,5.000000000000000000e+00,4.902087359306106507e+00,5.020225259251520633e+00,5.020225259251520633e+00,3.891511309971961152e-01,3.891511309971961152e-01,-1.262148585007905721e+00,9.791264069389349345e-02,-7.275959640413568463e-01,1.723298535497013242e-02,-5.517856063215189621e-01
9.980000000000000426e+00,5.000000000000000000e+00,5.553636025288814615e+00,5.027408800236872644e+00,5.027408800236872644e+00,3.591770492676052418e-01,3.591770492676052418e-01,8.941031370128715849e-02,-5.536360252888146150e-01,1.243490536812447422e-01,1.724140584206980756e-02,-5.218014582202740170e-02
1.000000000000000000e+01,5.000000000000000000e+00,4.980858381945512114e+00,5.031780144530274335e+00,5.031780144530274335e+00,2.185672146700739782e-01,2.185672146700739782e-01,-1.046921296707707505e+00,1.914161805448788556e-02,-7.031177521167946143e-01,1.719379314389497121e-02,-3.609973377348077994e-01
1.001999999999999957e+01,5.000000000000000000e+00,5.120757776452457222e+00,5.035862451950422702e+00,5.035862451950422702e+00,2.041153710074359584e-01,2.041153710074359584e-01,7.404877804369375260e-02,-1.207577764524572217e-01,2.430985492919961535e-02,1.719379314389497121e-02,3.254512997059916257e-02
1.004000000000000092e+01,5.000000000000000000e+00,5.245989172152058622e+00,5.039170394077347126e+00,5.039170394077347126e+00,1.653971063462383873e-01,1.653971063462383873e-01,-1.830672756045398641e-01,-2.459891721520586216e-01,-1.533623760946206671e-01,1.718340797512005885e-02,-4.688830748503924895e-02
1.006000000000000050e+01,5.000000000000000000e+00,4.931275450071165523e+00,5.041366679899529579e+00,5.041366679899529579e+00,1.098142911091417040e-01,1.098142911091417040e-01,-3.904310460247284453e-01,6.872454992883447744e-02,-3.124062486331144473e-01,1.716225290631498077e-02,-9.518705029792896843e-02
1.008000000000000007e+01,5.000000000000000000e+00,5.936391791206951929e+00,5.043732426819524051e+00,5.043732426819524051e+00,1.182873459997238474e-01,1.182873459997238474e-01,1.945448400149631107e-01,-9.363917912069519289e-01,8.728017840961978246e-02,1.716816321760886166e-02,9.009649838773446662e-02
1.009999999999999964e+01,5.000000000000000000e+00,4.945977048717447033e+00,5.042642378386871904e+00,5.042642378386871904e+00,-5.450242163259563788e-02,-5.450242163259563788e-02,-1.609610330323471228e+00,5.402295128255296675e-02,-1.189217574832828861e+00,1.708763352356506421e-02,-4.374803890142074936e-01
1.012000000000000099e+01,5.000000000000000000e+00,4.980603495163791194e+00,5.042206718191637016e+00,5.042206718191637016e+00,-2.178300976173149633e-02,-2.178300976173149633e-02,2.726916970760458470e-01,1.939650483620880550e-02,6.860914812884226499e-02,1.709227949737536500e-02,1.869902694498282170e-01
1.014000000000000057e+01,5.000000000000000000e+00,5.873159433209671931e+00,5.042125374133774152e+00,5.042125374133774152e+00,-4.067202893162254890e-03,-4.067202893162254890e-03,1.553750589239609181e-01,-8.731594332096719313e-01,2.463356114198518229e-02,1.709227949737536500e-02,1.136492182846003535e-01
1.016000000000000014e+01,5.000000000000000000e+00,5.193974775144199363e+00,5.039138497088221591e+00,5.039138497088221591e+00,-1.493438522776252553e-01,-1.493438522776252553e-01,-1.456833696737792172e+00,-1.939747751441993628e-01,-1.108912480176283299e+00,1.701718778611933242e-02,-3.649384043476283090e-01
1.017999999999999972e+01,5.000000000000000000e+00,5.725985596207960882e+00,5.036157166983615596e+00,5.036157166983615596e+00,-1.490665052303037919e-01,-1.490665052303037919e-01,-1.465703818044107043e-01,-7.259855962079608815e-01,-2.463479644331331986e-01,1.700050595545693141e-02,8.277707667326555940e-02
1.020000000000000107e+01,5.000000000000000000e+00,5.502099864136789087e+00,5.031249847747053749e+00,5.031249847747053749e+00,-2.453659618281128774e-01,-2.453659618281128774e-01,-1.112061071208394702e+00,-5.020998641367890869e-01,-9.220017071841103418e-01,1.693807119418304710e-02,-2.069974352184673072e-01
1.022000000000000064e+01,5.000000000000000000e+00,5.408483766102902379e+00,5.025524910340289253e+00,5.025524910340289253e+00,-2.862468703382354263e-01,-2.862468703382354263e-01,-6.541750469293384773e-01,-4.084837661029023792e-01,-6.376668274537221626e-01,1.689489060586728264e-02,-3.340311008148355576e-02
1.024000000000000021e+01,5.000000000000000000e+00,5.610156555760376307e+00,5.019415114709831371e+00,5.019415114709831371e+00,-3.054897815228985181e-01,-3.054897815228985181e-01,-4.786759821848665108e-01,-6.101565557603763068e-01,-5.187743829506860083e-01,1.685976100198243247e-02,2.323863976383708924e-02
1.025999999999999979e+01,5.000000000000000000e+00,5.941887302781132085e+00,5.012231783563034782e+00,5.012231783563034782e+00,-3.591665573398313827e-01,-3.591665573398313827e-01,-8.422575396922269420e-01,-9.418873027811320853e-01,-7.748988258156779274e-01,1.680728753818704069e-02,-8.416600141473606911e-02
1.027999999999999936e+01,5.000000000000000000e+00,6.189745455136472785e+00,5.002959608126301028e+00,5.002959608126301028e+00,-4.636087718367023491e-01,-4.636087718367023491e-01,-1.403588702308541381e+00,-1.189745455136472785e+00,-1.196196874532037713e+00,1.672628523014786303e-02,-2.241181130066516036e-01
1.030000000000000071e+01,5.000000000000000000e+00,5.384706486734206266e+00,4.991065312633480744e+00,4.991065312633480744e+00,-5.947147746410250679e-01,-5.947147746410250679e-01,-1.774668799879929981e+00,-3.847064867342062655e-01,-1.510976728023320392e+00,1.662396712100612517e-02,-2.803160389776158112e-01
1.032000000000000028e+01,5.000000000000000000e+00,5.274096151397575483e+00,4.979825850336323967e+00,4.979825850336323967e+00,-5.619731148578522850e-01,-5.619731148578522850e-01,-2.672981768092973498e-01,-2.740961513975754826e-01,-4.885772381524419727e-01,1.659088236314698248e-02,2.046881789799976370e-01
1.033999999999999986e+01,5.000000000000000000e+00,5.906771334357758363e+00,4.969443996009088593e+00,4.969443996009088593e+00,-5.190927163617824469e-01,-5.190927163617824469e-01,-1.331691298971536541e-01,-9.067713343577583629e-01,-3.481021122749208829e-01,1.656731009412679145e-02,1.983656722836404651e-01
1.035999999999999943e+01,5.000000000000000000e+00,5.840184269213260393e+00,4.957477674039795446e+00,4.957477674039795446e+00,-5.983160984646646030e-01,-5.983160984646646030e-01,-1.311326537390603786e+00,-8.401842692132603929e-01,-1.151599594634353130e+00,1.648932775937202513e-02,-1.762162705156226916e-01
1.038000000000000078e+01,5.000000000000000000e+00,5.340291334055803141e+00,4.944426368305616215e+00,4.944426368305616215e+00,-6.525652867089578590e-01,-6.525652867089578590e-01,-1.140807980907597052e+00,-3.402913340558031408e-01,-1.067034021900840735e+00,1.641707191221968357e-02,-9.019103091897590074e-02
1.040000000000000036e+01,5.000000000000000000e+00,5.162622155443147953e+00,4.932220254690198757e+00,4.932220254690198757e+00,-6.103056807708869824e-01,-6.103056807708869824e-01,-2.299692273282485933e-01,-1.626221554431479532e-01,-4.321699942508699932e-01,1.638780685749088514e-02,1.858129600651305391e-01
1.041999999999999993e+01,5.000000000000000000e+00,5.720486597752776348e+00,4.921291536450191018e+00,4.921291536450191018e+00,-5.464359120003964287e-01,-5.464359120003964287e-01,2.839200693401855435e-02,-7.204865977527763476e-01,-2.065301374127979095e-01,1.637382135212277559e-02,2.185483229946936778e-01
1.043999999999999950e+01,5.000000000000000000e+00,5.823662176131230162e+00,4.909408612462553556e+00,4.909408612462553556e+00,-5.941461993818787368e-01,-5.941461993818787368e-01,-1.023538785815219399e+00,-8.236621761312301615e-01,-9.150179791460260059e-01,1.631185950471603779e-02,-1.248326661739093679e-01
1.046000000000000085e+01,5.000000000000000000e+00,4.915821271987708130e+00,4.896376832386713396e+00,4.896376832386713396e+00,-6.515890037920208933e-01,-6.515890037920208933e-01,-1.168574243483300190e+00,8.417872801229187019e-02,-1.046050963686662394e+00,1.624102455756875132e-02,-1.387643043542065580e-01
1.048000000000000043e+01,5.000000000000000000e+00,4.837510840449502858e+00,4.885604480329895694e+00,4.885604480329895694e+00,-5.386176028408869998e-01,-5.386176028408869998e-01,4.781250057193179304e-01,1.624891595504971420e-01,1.069069845756106807e-01,1.624826392817780782e-02,3.549697572155294245e-01
1.050000000000000000e+01,5.000000000000000000e+00,5.047724435220923844e+00,4.876929565269923827e+00,4.876929565269923827e+00,-4.337457529986055715e-01,-4.337457529986055715e-01,5.101008955819272828e-01,-4.772443522092384427e-02,2.063612326291313637e-01,1.626223799589915017e-02,2.874774249568968210e-01
1.051999999999999957e+01,5.000000000000000000e+00,1.838977684945988678e+00,4.869226541781026540e+00,4.869226541781026540e+00,-3.851511744448464225e-01,-3.851511744448464225e-01,5.220003253898596041e-02,3.161022315054011322e+00,-6.061003273057328361e-02,1.626223799589915017e-02,9.654782727366009731e-02
1.054000000000000092e+01,5.000000000000000000e+00,4.509403558301491088e+00,4.873686964214543060e+00,4.873686964214543060e+00,2.230211216758450354e-01,2.230211216758450354e-01,5.696571786762067546e+00,4.905964416985089116e-01,4.014498340118594299e+00,1.653408591499379646e-02,1.665539360728479856e+00
1.056000000000000050e+01,5.000000000000000000e+00,4.747262437338920726e+00,4.878652622856198384e+00,4.878652622856198384e+00,2.482829320827587283e-01,2.482829320827587283e-01,4.756392257449819638e-01,2.527375626610792736e-01,6.230574809571063355e-01,1.657627720897986850e-02,-1.639945324211042887e-01
1.058000000000000007e+01,5.000000000000000000e+00,4.584634829003165102e+00,4.883330365279214824e+00,4.883330365279214824e+00,2.338871211508354864e-01,2.338871211508354864e-01,1.043248227635264203e-01,4.153651709968348982e-01,3.209767045795706708e-01,1.659801263936871996e-02,-2.332498944554129705e-01
1.059999999999999964e+01,5.000000000000000000e+00,4.438101997258340425e+00,4.888464055708015010e+00,4.888464055708015010e+00,2.566845214399991471e-01,2.566845214399991471e-01,4.618611240424719266e-01,5.618980027416595746e-01,5.275137671659803074e-01,1.663373404407444620e-02,-8.228637716758280263e-02
1.062000000000000099e+01,5.000000000000000000e+00,4.115301120255057121e+00,4.894575707907826256e+00,4.894575707907826256e+00,3.055826099905825100e-01,3.055826099905825100e-01,7.456654069458326095e-01,8.846988797449428787e-01,7.136104634819077086e-01,1.668205727231023006e-02,1.537288619161472636e-02
1.064000000000000057e+01,5.000000000000000000e+00,4.097309809010976522e+00,4.902699878039124215e+00,4.902699878039124215e+00,4.062085065649053695e-01,4.062085065649053695e-01,1.311841575733811105e+00,9.026901909890234776e-01,1.123567577276077367e+00,1.675814137596829539e-02,1.715158570817653938e-01
1.066000000000000014e+01,5.000000000000000000e+00,4.645825097326715891e+00,4.912596177333782954e+00,4.912596177333782954e+00,4.948149647329389555e-01,4.948149647329389555e-01,1.292273088245240897e+00,3.541749026732841088e-01,1.146416542556059737e+00,1.683577273239335315e-02,1.290207729567879047e-01
1.067999999999999972e+01,5.000000000000000000e+00,3.862359512842657328e+00,4.922070491270290837e+00,4.922070491270290837e+00,4.737156968254058187e-01,4.737156968254058187e-01,2.838222856576073649e-01,1.137640487157342672e+00,4.498021263950708337e-01,1.686623177402325410e-02,-1.828460725114866847e-01
1.070000000000000107e+01,5.000000000000000000e+00,4.326529745335967014e+00,4.934045256008869451e+00,4.934045256008869451e+00,5.987382369289416806e-01,5.987382369289416806e-01,1.723941097860764327e+00,6.734702546640329857e-01,1.444803418689825314e+00,1.696406885591878605e-02,2.621736103150204000e-01
1.072000000000000064e+01,5.000000000000000000e+00,4.115711676465988234e+00,4.946471932197910704e+00,4.946471932197910704e+00,6.213338094520463040e-01,6.213338094520463040e-01,8.246939621599878034e-01,8.842883235340117665e-01,8.553072234233218829e-01,1.702198729781989259e-02,-4.763524856115392003e-02
1.074000000000000021e+01,5.000000000000000000e+00,4.494023682521010699e+00,4.960079514630620245e+00,4.960079514630620245e+00,6.803791216354697635e-01,6.803791216354697635e-01,1.211786931286280566e+00,5.059763174789893014e-01,1.123046170888194917e+00,1.709803609364381888e-02,7.164272430444168505e-02
1.075999999999999979e+01,5.000000000000000000e+00,3.801184793956848829e+00,4.973369302822564286e+00,4.973369302822564286e+00,6.644894095972199155e-01,6.644894095972199155e-01,5.214820012529715054e-01,1.198815206043151171e+00,6.425899231983164261e-01,1.714155005694701153e-02,-1.382494720022919843e-01
1.077999999999999936e+01,5.000000000000000000e+00,4.271257653586027381e+00,4.988906110387199888e+00,4.988906110387199888e+00,7.768403782317795381e-01,7.768403782317795381e-01,1.787999095942816696e+00,7.287423464139726192e-01,1.522495311674801899e+00,1.724464816466672254e-02,2.482591361033481547e-01
1.080000000000000071e+01,5.000000000000000000e+00,3.278859452053833223e+00,5.004654227617630013e+00,5.004654227617630013e+00,7.874058615215232537e-01,7.874058615215232537e-01,8.824952111292163615e-01,1.721140547946166777e+00,9.255027799457452575e-01,1.730732000645832450e-02,-6.031488882298718934e-02
1.082000000000000028e+01,5.000000000000000000e+00,4.580952266978677301e+00,5.024138128557361860e+00,5.024138128557361860e+00,9.741950469865864326e-01,9.741950469865864326e-01,2.655297716172154932e+00,4.190477330213226992e-01,2.185848495891631771e+00,1.745533809358169527e-02,4.519938821869415868e-01
1.083999999999999986e+01,5.000000000000000000e+00,4.664639528532909196e+00,5.042108910388788168e+00,5.042108910388788168e+00,8.985390915713266091e-01,8.985390915713266091e-01,2.176354928339880868e-01,3.353604714670908038e-01,5.321906209370798058e-01,1.749137619862152840e-02,-3.320465043017132301e-01
1.085999999999999943e+01,5.000000000000000000e+00,4.265994290159249580e+00,5.058621252450466343e+00,5.058621252450466343e+00,8.256171030839105640e-01,8.256171030839105640e-01,1.693192066971662690e-01,7.340057098407504199e-01,4.259077987632053364e-01,1.752021719916769735e-02,-2.741088092652067543e-01
1.088000000000000078e+01,5.000000000000000000e+00,4.578953519636630887e+00,5.075395199816801650e+00,5.075395199816801650e+00,8.386973683167600058e-01,8.386973683167600058e-01,9.564197554124047596e-01,4.210464803633691133e-01,9.321872514977530555e-01,1.758334169021400287e-02,6.649162224437732416e-03
1.090000000000000036e+01,5.000000000000000000e+00,4.722704075179546379e+00,5.091294051044555680e+00,5.091294051044555680e+00,7.949425613877214580e-01,7.949425613877214580e-01,4.011492990263745839e-01,2.772959248204536209e-01,5.347290300614787606e-01,1.761955168752525266e-02,-1.511992827226294467e-01
1.091999999999999993e+01,5.000000000000000000e+00,4.502435142396740808e+00,5.105987781047720553e+00,5.105987781047720553e+00,7.346865001582316701e-01,7.346865001582316701e-01,1.923819490928233844e-01,4.975648576032591919e-01,3.521658245219760897e-01,1.764339913705981200e-02,-1.774272745662125172e-01
1.093999999999999950e+01,5.000000000000000000e+00,7.859469705231236780e+00,5.120482314840969273e+00,5.120482314840969273e+00,7.247266896624526833e-01,7.247266896624526833e-01,6.350883952004413580e-01,-2.859469705231236780e+00,6.319073691561392092e-01,1.768618971481369234e-02,-1.450516367051157829e-02
1.096000000000000085e+01,5.000000000000000000e+00,5.120444359684907631e+00,5.122935309100524748e+00,5.122935309100524748e+00,1.226497129777629480e-01,1.226497129777629480e-01,-5.296043077184444670e+00,-1.204443596849076314e-01,-3.631526525643670844e+00,1.744027532016380680e-02,-1.681956826860937282e+00
1.098000000000000043e+01,5.000000000000000000e+00,5.118003562440790688e+00,5.125245264781294274e+00,5.125245264781294274e+00,1.154977840384680265e-01,1.154977840384680265e-01,5.113042358481376115e-02,-1.180035624407906880e-01,-1.529643367998327064e-01,1.742991710523090348e-02,1.866648432794155710e-01
1.100000000000000000e+01,5.000000000000000000e+00,4.826214340950865989e+00,5.127323097197630908e+00,5.127323097197630908e+00,1.038916208168430277e-01,1.038916208168430277e-01,-5.638481777820170127e-04,1.737856590491340114e-01,-1.498645242998041804e-01,1.741976879886099686e-02,1.318809073231611562e-01
1.101999999999999957e+01,5.000000000000000000e+00,5.571890341006017877e+00,5.130144686709906310e+00,5.130144686709906310e+00,1.410794756137722095e-01,1.410794756137722095e-01,4.757701687861347617e-01,-5.718903410060178771e-01,2.207077869924002067e-01,1.743471436553922088e-02,2.376276674281952994e-01
1.104000000000000092e+01,5.000000000000000000e+00,5.086508755837193085e+00,5.130856272306735910e+00,5.130856272306735910e+00,3.557927984147910005e-02,3.557927984147910005e-02,-9.139224821091589401e-01,-8.650875583719308537e-02,-7.263007330776427573e-01,1.738553179621270262e-02,-2.050072808277289549e-01
1.106000000000000050e+01,5.000000000000000000e+00,5.599382327867400200e+00,5.131508153153811591e+00,5.131508153153811591e+00,3.259404235379518427e-02,3.259404235379518427e-02,5.726904964639956130e-03,-5.993823278674001998e-01,-1.098661199132352218e-01,1.737809204321070361e-02,9.821493283466448121e-02
1.108000000000000007e+01,5.000000000000000000e+00,4.920762286571620514e+00,5.130233746721948762e+00,5.130233746721948762e+00,-6.372032159312054911e-02,-6.372032159312054911e-02,-9.305495971153621149e-01,7.923771342837948595e-02,-7.612155563915982137e-01,1.732654516301410791e-02,-1.866605858867780299e-01
1.109999999999999964e+01,5.000000000000000000e+00,5.564300959474502761e+00,5.129737292185482467e+00,5.129737292185482467e+00,-2.482272682331203989e-02,-2.482272682331203989e-02,3.252556261049645570e-01,-5.643009594745027613e-01,1.006318960540419499e-01,1.733335960636894768e-02,2.072903704445536732e-01
1.112000000000000099e+01,5.000000000000000000e+00,5.432704948423133118e+00,5.127540970325456193e+00,5.127540970325456193e+00,-1.098160930013020453e-01,-1.098160930013020453e-01,-8.747563886032121427e-01,-4.327049484231331178e-01,-7.166622185326184669e-01,1.728482972385414138e-02,-1.753789997944477652e-01
1.114000000000000057e+01,5.000000000000000000e+00,5.091457901801534014e+00,5.124385244343929280e+00,5.124385244343929280e+00,-1.577862990763339024e-01,-1.577862990763339024e-01,-5.895181537516207548e-01,-9.145790180153401394e-02,-5.495352844973790951e-01,1.724761709828975115e-02,-5.723048635253136229e-02
1.116000000000000014e+01,5.000000000000000000e+00,5.730607845301190828e+00,5.121607026770958804e+00,5.121607026770958804e+00,-1.389108786485434011e-01,-1.389108786485434011e-01,3.096790520157102766e-02,-7.306078453011908280e-01,-1.161515352879481933e-01,1.723975171873481926e-02,1.298796887707844017e-01
1.117999999999999972e+01,5.000000000000000000e+00,6.121931499294355206e+00,5.116830479087661310e+00,5.116830479087661310e+00,-2.388273841648644036e-01,-2.388273841648644036e-01,-1.138075933811753426e+00,-1.121931499294355206e+00,-9.278719635325123338e-01,1.717691944403891557e-02,-2.273808897232800497e-01
1.120000000000000107e+01,5.000000000000000000e+00,5.943276330454980716e+00,5.109007949426166206e+00,5.109007949426166206e+00,-3.911264830747402943e-01,-3.911264830747402943e-01,-1.761818373263623450e+00,-9.432763304549807160e-01,-1.424853004103831200e+00,1.708043333509959988e-02,-3.540458024948918703e-01
1.122000000000000064e+01,5.000000000000000000e+00,6.267527519691940441e+00,5.099288025899277876e+00,5.099288025899277876e+00,-4.859961763444223259e-01,-4.859961763444223259e-01,-1.339823415771560722e+00,-1.267527519691940441e+00,-1.197960939677825465e+00,1.699931157068047122e-02,-1.588617876644158045e-01
1.124000000000000021e+01,5.000000000000000000e+00,5.829723554550321651e+00,5.086808994746258250e+00,5.086808994746258250e+00,-6.239515576509675476e-01,-6.239515576509675476e-01,-1.865549989409874598e+00,-8.297235545503216514e-01,-1.609759950008764484e+00,1.689030420398696455e-02,-2.726803436050969642e-01
1.125999999999999979e+01,5.000000000000000000e+00,5.288913590538539822e+00,5.073558307044173432e+00,5.073558307044173432e+00,-6.625343851042362342e-01,-6.625343851042362342e-01,-1.009779832183654635e+00,-2.889135905385398218e-01,-1.053748914278908488e+00,1.681894797829563623e-02,2.715013411695826884e-02
1.127999999999999936e+01,5.000000000000000000e+00,5.579026147163538951e+00,5.061509092707067836e+00,5.061509092707067836e+00,-6.024607168552824632e-01,-6.024607168552824632e-01,-6.179770261469808013e-02,-5.790261471635389512e-01,-3.669202599839455625e-01,1.679410140950932107e-02,2.883284559597381613e-01
1.130000000000000071e+01,5.000000000000000000e+00,5.447891063386735233e+00,5.049342269732144395e+00,5.049342269732144395e+00,-6.083411487461816147e-01,-6.083411487461816147e-01,-6.612650357642742005e-01,-4.478910633867352331e-01,-7.353632068976945213e-01,1.674430516085325532e-02,5.735386597256714181e-02
1.132000000000000028e+01,5.000000000000000000e+00,6.031483067461724801e+00,5.037498803282573157e+00,5.037498803282573157e+00,-5.921733224785741267e-01,-5.921733224785741267e-01,-4.466628860701064574e-01,-1.031483067461724801e+00,-5.688216505011537416e-01,1.670578652940199471e-02,1.054529779016452479e-01
1.133999999999999986e+01,5.000000000000000000e+00,5.524375125353772731e+00,5.023819327177580618e+00,5.023819327177580618e+00,-6.839738052496150411e-01,-6.839738052496150411e-01,-1.510178150188983270e+00,-5.243751253537727308e-01,-1.309983495676390497e+00,1.661707898560028582e-02,-2.168117334981930489e-01
1.135999999999999943e+01,5.000000000000000000e+00,5.528644011629499921e+00,5.010410572913580829e+00,5.010410572913580829e+00,-6.704377131999982309e-01,-6.704377131999982309e-01,-5.486128847534464947e-01,-5.286440116294999214e-01,-6.659564091992913326e-01,1.657198272481986284e-02,1.007715417210249820e-01
1.138000000000000078e+01,5.000000000000000000e+00,5.630135836563542107e+00,4.997169819672800273e+00,4.997169819672800273e+00,-6.620376620390223676e-01,-6.620376620390223676e-01,-5.864372015902397095e-01,-6.301358365635421066e-01,-6.713778947694648558e-01,1.652651933981972437e-02,6.841417383940534558e-02
1.140000000000000036e+01,5.000000000000000000e+00,5.232034488835657804e+00,4.983680235372283107e+00,4.983680235372283107e+00,-6.744792150258593910e-01,-6.744792150258593910e-01,-7.864531919073926014e-01,-2.320344888356578039e-01,-8.002725124356985242e-01,1.647232765787525963e-02,-2.653007129569256994e-03
1.141999999999999993e+01,5.000000000000000000e+00,5.645184681234101554e+00,4.971375941377914387e+00,4.971375941377914387e+00,-6.152146997184396726e-01,-6.152146997184396726e-01,-8.183406195166209596e-02,-6.451846812341015536e-01,-2.946838008212854243e-01,1.645237269183539436e-02,1.963973661777879132e-01
1.143999999999999950e+01,5.000000000000000000e+00,5.265835213482584543e+00,4.958559560187286053e+00,4.958559560187286053e+00,-6.408190595313990601e-01,-6.408190595313990601e-01,-8.712582978480332141e-01,-2.658352134825845425e-01,-8.193845451673089642e-01,1.639688680924926076e-02,-6.827063948997347254e-02
1.146000000000000085e+01,5.000000000000000000e+00,4.669935910968936454e+00,4.946664596898031618e+00,4.946664596898031618e+00,-5.947481644627310438e-01,-5.947481644627310438e-01,-1.801101088447185916e-01,3.300640890310635456e-01,-3.376107211228823735e-01,1.637402498088975922e-02,1.411265872972740365e-01
1.148000000000000043e+01,5.000000000000000000e+00,5.015128884540997589e+00,4.937621390472346050e+00,4.937621390472346050e+00,-4.521603212842694175e-01,-4.521603212842694175e-01,8.311302673218856629e-01,-1.512888454099758917e-02,4.191813930694507362e-01,1.640241049254642994e-02,3.955464637598885558e-01
1.150000000000000000e+01,5.000000000000000000e+00,4.854438945185632903e+00,4.929686834991065858e+00,4.929686834991065858e+00,-3.967277740639909567e-01,-3.967277740639909567e-01,1.021651509185150519e-01,1.455610548143670968e-01,-1.921368336706693811e-02,1.640241049254642994e-02,1.049764237930355670e-01
1.151999999999999957e+01,5.000000000000000000e+00,4.298374641959687992e+00,4.923255304167537538e+00,4.923255304167537538e+00,-3.215765411764315296e-01,-3.215765411764315296e-01,3.547845548116032033e-01,7.016253580403120083e-01,1.848625396142462018e-01,1.641492874326046583e-02,1.535070864540964974e-01
1.154000000000000092e+01,5.000000000000000000e+00,4.739537822542465584e+00,4.920050755339881121e+00,4.920050755339881121e+00,-1.602274413828247424e-01,-1.602274413828247424e-01,1.291914456759636343e+00,2.604621774575344162e-01,8.910642047111962949e-01,1.647526852405193157e-02,3.843749835243880919e-01
1.156000000000000050e+01,5.000000000000000000e+00,7.147549298078645919e+00,4.917959957111349034e+00,4.917959957111349034e+00,-1.045399114266192253e-01,-1.045399114266192253e-01,3.966478581792304836e-01,-2.147549298078645919e+00,3.307869653710687197e-01,1.649766827131328092e-02,4.936322453684849343e-02
1.158000000000000007e+01,5.000000000000000000e+00,4.709918134578834348e+00,4.908326818531331348e+00,4.908326818531331348e+00,-4.816569290008999027e-01,-4.816569290008999027e-01,-3.875710087169425666e+00,2.900818654211656522e-01,-2.727387608559880494e+00,1.631297903167851573e-02,-1.164635457641223670e+00
1.159999999999999964e+01,5.000000000000000000e+00,4.476986292519449684e+00,4.901223868597777589e+00,4.901223868597777589e+00,-3.551474966777064535e-01,-3.551474966777064535e-01,7.834373942310347561e-01,5.230137074805503161e-01,3.684039690848803783e-01,1.633792607210473452e-02,3.986954990740496640e-01
1.162000000000000099e+01,5.000000000000000000e+00,4.310618615991944402e+00,4.896982608098475964e+00,4.896982608098475964e+00,-2.120630249650702903e-01,-2.120630249650702903e-01,1.075697220448655234e+00,6.893813840080555977e-01,6.642274085002989326e-01,1.638290525094806063e-02,3.950869066974083132e-01
1.164000000000000057e+01,5.000000000000000000e+00,3.852191678414627951e+00,4.895668210623782990e+00,4.895668210623782990e+00,-6.571987373465457138e-02,-6.571987373465457138e-02,1.251368487339086899e+00,1.147808321585372049e+00,8.755143576902306712e-01,1.644219204997275294e-02,3.594119375988834575e-01
1.166000000000000014e+01,5.000000000000000000e+00,4.215089332372871311e+00,4.898393537782983032e+00,4.898393537782983032e+00,1.362663579599882324e-01,1.362663579599882324e-01,1.954142443211773550e+00,7.849106676271286887e-01,1.457716568413422564e+00,1.654090356562909481e-02,4.798849712327220018e-01
1.167999999999999972e+01,5.000000000000000000e+00,4.307687356258964151e+00,4.903183615030185294e+00,4.903183615030185294e+00,2.395038623601092598e-01,2.395038623601092598e-01,1.168641401961198589e+00,6.923126437410358491e-01,9.968365478864534834e-01,1.660840588304502916e-02,1.551964481917001981e-01
1.170000000000000107e+01,5.000000000000000000e+00,4.992392349148229158e+00,4.909411541952987790e+00,4.909411541952987790e+00,3.113963461401421662e-01,3.113963461401421662e-01,9.584287001604382406e-01,7.607650851770841882e-03,8.792370575511155861e-01,1.666794477040675973e-02,6.252369783891589816e-02
1.172000000000000064e+01,5.000000000000000000e+00,4.377246947774296792e+00,4.914474902510271193e+00,4.914474902510271193e+00,2.531680278641822435e-01,2.531680278641822435e-01,-2.708868366194571164e-01,6.227530522257032075e-01,9.661716581748969190e-03,1.666794477040675973e-02,-2.972164979716128697e-01
1.174000000000000021e+01,5.000000000000000000e+00,4.355481089917280890e+00,4.920843744490153604e+00,4.920843744490153604e+00,3.184420989941271207e-01,3.184420989941271207e-01,9.059087391636306830e-01,6.445189100827191098e-01,7.908963763266431135e-01,1.672150153289816976e-02,9.829086130408931643e-02
1.175999999999999979e+01,5.000000000000000000e+00,4.272749416932906996e+00,4.928405620164227230e+00,4.928405620164227230e+00,3.780937837037018912e-01,3.780937837037018912e-01,9.149589460898750470e-01,7.272505830670930038e-01,8.185390158050532827e-01,1.677693015916528405e-02,7.964300012565644904e-02
1.177999999999999936e+01,5.000000000000000000e+00,4.152303773615290794e+00,4.937286104645771445e+00,4.937286104645771445e+00,4.440242240772011573e-01,4.440242240772011573e-01,1.037398187438694830e+00,8.476962263847092061e-01,9.236082404952081770e-01,1.683947370930905310e-02,9.695047323417771423e-02
1.180000000000000071e+01,5.000000000000000000e+00,4.070339261352477145e+00,4.947721208368619727e+00,4.947721208368619727e+00,5.217551861424266635e-01,5.217551861424266635e-01,1.221333844729456164e+00,9.296607386475228552e-01,1.076574207508580683e+00,1.691237558477813943e-02,1.278472616360972758e-01
1.182000000000000028e+01,5.000000000000000000e+00,3.984044612699938259e+00,4.959768747468668693e+00,4.959768747468668693e+00,6.023769550024644648e-01,6.023769550024644648e-01,1.327972874742805010e+00,1.015955387300061741e+00,1.180669138082353964e+00,1.699232640830182495e-02,1.303114102521492901e-01
1.183999999999999986e+01,5.000000000000000000e+00,4.290688706579651956e+00,4.973494604184009127e+00,4.973494604184009127e+00,6.862928357670337043e-01,6.862928357670337043e-01,1.441535762648157082e+00,7.093112934203480435e-01,1.290263341871078495e+00,1.707969857160963195e-02,1.341927222054688784e-01
1.185999999999999943e+01,5.000000000000000000e+00,4.501372532680818495e+00,4.987566259605372920e+00,4.987566259605372920e+00,7.035827710681720193e-01,7.035827710681720193e-01,8.591921887784166323e-01,4.986274673191815054e-01,9.008253426438420641e-01,1.714069934284378344e-02,-5.877385320826916670e-02
1.188000000000000078e+01,5.000000000000000000e+00,4.379883919816874638e+00,5.001239505928912088e+00,5.001239505928912088e+00,6.836623161769772583e-01,6.836623161769772583e-01,5.043782221562244095e-01,6.201160801831253622e-01,6.332568834953604675e-01,1.718358130503323464e-02,-1.460622426441693378e-01
1.190000000000000036e+01,5.000000000000000000e+00,4.502422898719818711e+00,5.015071511805049731e+00,5.015071511805049731e+00,6.916002938068619432e-01,6.916002938068619432e-01,7.630420924758237744e-01,4.975771012801812887e-01,7.875474218325692055e-01,1.723691128792898333e-02,-4.174224064467450812e-02
1.191999999999999993e+01,5.000000000000000000e+00,4.493300168818704421e+00,5.028638234376772154e+00,5.028638234376772154e+00,6.783361285861289058e-01,6.783361285861289058e-01,5.589586415995311253e-01,5.066998311812955791e-01,6.319229186258302766e-01,1.727970291863907895e-02,-9.024397994493831010e-02
1.193999999999999950e+01,5.000000000000000000e+00,5.056215986385026895e+00,5.042052693487789838e+00,5.042052693487789838e+00,6.707229555508824603e-01,6.707229555508824603e-01,6.022043982336641177e-01,-5.621598638502689482e-02,6.435087856002453810e-01,1.732327910412067087e-02,-5.862766647070190296e-02
1.196000000000000085e+01,5.000000000000000000e+00,4.863590050707218282e+00,5.053374812083990975e+00,5.053374812083990975e+00,5.661059298100730164e-01,5.661059298100730164e-01,-3.754473018572124232e-01,1.364099492927817181e-01,-7.139430270898415587e-02,1.731844452929155731e-02,-3.213714436775198524e-01
1.198000000000000043e+01,5.000000000000000000e+00,5.060233246220949610e+00,5.063687795854132645e+00,5.063687795854132645e+00,5.156491885070705328e-01,5.156491885070705328e-01,6.153851678004829129e-02,-6.023324622094961001e-02,1.732406356018327820e-01,1.733017578493073821e-02,-1.290322946067152254e-01
1.200000000000000000e+01,5.000000000000000000e+00,5.580844519148620009e+00,5.072474636958129501e+00,5.072474636958129501e+00,4.393420551998245549e-01,4.393420551998245549e-01,-2.474221445653891349e-01,-5.808445191486200088e-01,-7.649622270060600637e-02,1.732499572575573604e-02,-1.882509175905388576e-01
1.201999999999999957e+01,5.000000000000000000e+00,5.270025586147488283e+00,5.078159918846820275e+00,5.078159918846820275e+00,2.842640944345425358e-01,2.842640944345425358e-01,-1.111437552452995581e+00,-2.700255861474882835e-01,-7.376725393187474333e-01,1.727504309710895317e-02,-3.910400562313570694e-01
1.204000000000000092e+01,5.000000000000000000e+00,5.281633437433639777e+00,5.082387430778165793e+00,5.082387430778165793e+00,2.113755965672886594e-01,2.113755965672886594e-01,-4.446208842379961723e-01,-2.816334374336397772e-01,-3.429324944073101067e-01,1.725182089670027064e-02,-1.189402107273863640e-01
1.206000000000000050e+01,5.000000000000000000e+00,5.441705253887779037e+00,5.085333220071238003e+00,5.085333220071238003e+00,1.472894646536282437e-01,1.472894646536282437e-01,-4.294857225693154978e-01,-4.417052538877790369e-01,-3.576744655407225193e-01,1.722760042108097828e-02,-8.903885744967390825e-02
1.208000000000000007e+01,5.000000000000000000e+00,5.042866776052019162e+00,5.086612792388049087e+00,5.086612792388049087e+00,6.397861584054882755e-02,6.397861584054882755e-02,-6.858190234771658345e-01,-4.286677605201916208e-02,-5.609656724374794123e-01,1.718961376924662762e-02,-1.420429648089330810e-01
1.209999999999999964e+01,5.000000000000000000e+00,6.089731809411238039e+00,5.087888288062737630e+00,5.087888288062737630e+00,6.377478373440770287e-02,6.377478373440770287e-02,6.194029477913753912e-02,-1.089731809411238039e+00,-5.444080558606433778e-02,1.718961376924662762e-02,9.919148659595525275e-02
1.212000000000000099e+01,5.000000000000000000e+00,5.772023516042688485e+00,5.085398697675728386e+00,5.085398697675728386e+00,-1.244795193504688313e-01,-1.244795193504688313e-01,-1.818768247114357584e+00,-7.720235160426884846e-01,-1.383959397952272408e+00,1.709589683363726270e-02,-4.519047459957223900e-01
1.214000000000000057e+01,5.000000000000000000e+00,6.061132921445222088e+00,5.080914956418094874e+00,5.080914956418094874e+00,-2.241870628816644284e-01,-2.241870628816644284e-01,-1.121554954662424830e+00,-1.061132921445222088e+00,-9.804698653742144332e-01,1.702950281125759080e-02,-1.581145920994679877e-01
1.216000000000000014e+01,5.000000000000000000e+00,5.741311871361883590e+00,5.073708874759794263e+00,5.073708874759794263e+00,-3.603040829150487845e-01,-3.603040829150487845e-01,-1.585357263215507961e+00,-7.413118713618835898e-01,-1.347638810235431972e+00,1.693824538001330315e-02,-2.546566983600893064e-01
1.217999999999999972e+01,5.000000000000000000e+00,5.726909334001964780e+00,5.065336240487360975e+00,5.065336240487360975e+00,-4.186317136216515244e-01,-4.186317136216515244e-01,-9.435803899810759621e-01,-7.269093340019647798e-01,-9.414660766295921412e-01,1.687449255907618254e-02,-1.898880591055993050e-02
1.220000000000000107e+01,5.000000000000000000e+00,5.689198058093474231e+00,5.055975904489454997e+00,5.055975904489454997e+00,-4.680167998953159159e-01,-4.680167998953159159e-01,-9.124825763582955496e-01,-6.891980580934742306e-01,-9.231748541824952303e-01,1.681197835635201213e-02,-6.119700532152385145e-03
1.222000000000000064e+01,5.000000000000000000e+00,5.755804625551093068e+00,5.045863537288488132e+00,5.045863537288488132e+00,-5.056183600483278306e-01,-5.056183600483278306e-01,-8.440324014254346752e-01,-7.558046255510930678e-01,-8.752815337787123173e-01,1.675270732335597257e-02,1.449642502992162275e-02
1.224000000000000021e+01,5.000000000000000000e+00,6.372296792587648362e+00,5.034829993328823861e+00,5.034829993328823861e+00,-5.516771979832229000e-01,-5.516771979832229000e-01,-9.662067393972787466e-01,-1.372296792587648362e+00,-9.598718744498881961e-01,1.668770812555857991e-02,-2.302257307294904715e-02
1.225999999999999979e+01,5.000000000000000000e+00,5.696709472321241918e+00,5.020801051492485456e+00,5.020801051492485456e+00,-7.014470918169192215e-01,-7.014470918169192215e-01,-2.049376136320185893e+00,-6.967094723212419183e-01,-1.742816926586313375e+00,1.656969060139604211e-02,-3.231289003352688094e-01
1.228000000000000114e+01,5.000000000000000000e+00,5.832622551135488109e+00,5.006658885837774520e+00,5.006658885837774520e+00,-7.071082827355491540e-01,-7.071082827355491540e-01,-7.580590010032186576e-01,-8.326225511354881093e-01,-8.848210298479772806e-01,1.650977358677641407e-02,1.102522552579822124e-01
1.230000000000000071e+01,5.000000000000000000e+00,6.065528463310060125e+00,4.991867935535607259e+00,4.991867935535607259e+00,-7.395475151083540366e-01,-7.395475151083540366e-01,-1.031500606463598091e+00,-1.065528463310060125e+00,-1.057430639942069872e+00,1.643816804737876364e-02,9.491865431092955108e-03
1.232000000000000028e+01,5.000000000000000000e+00,5.629418646545246041e+00,4.975663645355125730e+00,4.975663645355125730e+00,-8.102145090240600034e-01,-8.102145090240600034e-01,-1.446217454265414259e+00,-6.294186465452460411e-01,-1.353221148403776386e+00,1.634653259953409987e-02,-1.093428384611717791e-01
1.233999999999999986e+01,5.000000000000000000e+00,4.927414135547518725e+00,4.959794931039311905e+00,4.959794931039311905e+00,-7.934357157907013791e-01,-7.934357157907013791e-01,-6.424265766904742048e-01,7.258586445248127461e-02,-7.993616811124625299e-01,1.629240259593120813e-02,1.406427018260571482e-01
1.235999999999999943e+01,5.000000000000000000e+00,5.730578847070212589e+00,4.946626149816259144e+00,4.946626149816259144e+00,-6.584390611526278470e-01,-6.584390611526278470e-01,5.565308305900336094e-01,-7.305788470702125892e-01,9.218404785465121598e-02,1.629864498027411984e-02,4.480481377551082112e-01
1.238000000000000078e+01,5.000000000000000000e+00,5.118874645497045961e+00,4.932778363414533018e+00,4.932778363414533018e+00,-6.923893200863120434e-01,-6.923893200863120434e-01,-9.979416504894697004e-01,-1.188746454970459610e-01,-9.278351357791699838e-01,1.623581519942608048e-02,-8.634232990972579014e-02
1.240000000000000036e+01,5.000000000000000000e+00,5.064021877645927816e+00,4.920534243360269677e+00,4.920534243360269677e+00,-6.122060027131515092e-01,-6.122060027131515092e-01,1.094438536452938537e-01,-6.402187764592781605e-02,-1.509707997812483604e-01,1.622559197991333552e-02,2.441890614466288856e-01
1.241999999999999993e+01,5.000000000000000000e+00,4.920608946041083342e+00,4.909780857957214195e+00,4.909780857957214195e+00,-5.376692701527758800e-01,-5.376692701527758800e-01,1.331613228906045054e-01,7.939105395891665751e-02,-8.130778461032832360e-02,1.622008609843578544e-02,1.982490214024970610e-01
1.243999999999999950e+01,5.000000000000000000e+00,5.481909057023425014e+00,4.900757306108819655e+00,4.900757306108819655e+00,-4.511775924197122256e-01,-4.511775924197122256e-01,3.272475071778608857e-01,-4.819090570234250137e-01,1.008266385278241556e-01,1.622691372907625329e-02,2.101939549209604907e-01
1.246000000000000085e+01,5.000000000000000000e+00,4.368500961109625713e+00,4.891179648005876679e+00,4.891179648005876679e+00,-4.788829051471521492e-01,-4.788829051471521492e-01,-7.282307196941113503e-01,6.314990388903742868e-01,-6.120245024197498163e-01,1.618546955017223857e-02,-1.323916868245337830e-01
1.248000000000000043e+01,5.000000000000000000e+00,5.000728161675379368e+00,4.885119848930920661e+00,4.885119848930920661e+00,-3.029899537478178972e-01,-3.029899537478178972e-01,1.280046608846190592e+00,-7.281616753793684893e-04,8.020037793907753843e-01,1.623977846751680984e-02,4.618030509878983669e-01
1.250000000000000000e+01,5.000000000000000000e+00,5.044143709463791758e+00,4.879713485769358705e+00,4.879713485769358705e+00,-2.703181580780792403e-01,-2.703181580780792403e-01,2.372800294956862316e-02,-4.414370946379175820e-02,-9.247653277317979988e-04,1.623977846751680984e-02,8.412989809783610884e-03
1.251999999999999957e+01,5.000000000000000000e+00,4.595462998515710495e+00,4.874736649758986573e+00,4.874736649758986573e+00,-2.488418005185992765e-01,-2.488418005185992765e-01,-5.555458248327956039e-02,4.045370014842895046e-01,-5.606251101901553457e-02,1.623977846751680984e-02,-1.573184993178084259e-02
1.254000000000000092e+01,5.000000000000000000e+00,4.862195991993987221e+00,4.871742431868921308e+00,4.871742431868921308e+00,-1.497108945032803451e-01,-1.497108945032803451e-01,7.424672596345900377e-01,1.378040080060127792e-01,5.137619918850476752e-01,1.627456864964445943e-02,2.124306990998978684e-01
1.256000000000000050e+01,5.000000000000000000e+00,4.303780818492299431e+00,4.869461967705021266e+00,4.869461967705021266e+00,-1.140232081949807130e-01,-1.140232081949807130e-01,2.071659685797158923e-01,6.962191815077005685e-01,1.750110901676362185e-01,1.628641979433297776e-02,1.586845861774668909e-02
1.258000000000000007e+01,5.000000000000000000e+00,4.121425347454277244e+00,4.869789036622701239e+00,4.869789036622701239e+00,1.635344588401591026e-02,1.635344588401591026e-02,1.189743332594985548e+00,8.785746525457227563e-01,8.841983605147797354e-01,1.634629464394263959e-02,2.891986774362631518e-01
1.259999999999999964e+01,5.000000000000000000e+00,4.516291379937260153e+00,4.872934326167772667e+00,4.872934326167772667e+00,1.572644772535591873e-01,1.572644772535591873e-01,1.425463759579448819e+00,4.837086200627398469e-01,1.115789808733067989e+00,1.642185206406157269e-02,2.932520987823192815e-01
1.262000000000000099e+01,5.000000000000000000e+00,4.775882806696796656e+00,4.877043899925249448e+00,4.877043899925249448e+00,2.054786878738197320e-01,2.054786878738197320e-01,6.394065834561646344e-01,2.241171933032033436e-01,6.143099474796795967e-01,1.646345100538696912e-02,8.633184971098051275e-03
1.264000000000000057e+01,5.000000000000000000e+00,4.449305395551396813e+00,4.881098272826043249e+00,4.881098272826043249e+00,2.027186450396976369e-01,2.027186450396976369e-01,1.778782595325987537e-01,5.506946044486031866e-01,2.846288354950682331e-01,1.648272508401104480e-02,-1.232333010464805312e-01
1.266000000000000014e+01,5.000000000000000000e+00,4.638766195984233676e+00,4.886331777381733410e+00,4.886331777381733410e+00,2.616752277844870966e-01,2.616752277844870966e-01,7.922844724875923728e-01,3.612338040157663244e-01,6.993821476497260603e-01,1.653008481999362553e-02,7.637224001787273897e-02
1.267999999999999972e+01,5.000000000000000000e+00,4.451443574594397212e+00,4.891910805824702280e+00,4.891910805824702280e+00,2.789514221484504231e-01,2.789514221484504231e-01,4.344371714241204163e-01,5.485564254056027877e-01,4.587669311000232564e-01,1.656115092713898035e-02,-4.089091060304184122e-02
1.270000000000000107e+01,5.000000000000000000e+00,4.083102675678546234e+00,4.898487807453523857e+00,4.898487807453523857e+00,3.288500814410902362e-01,3.288500814410902362e-01,7.779380150748487210e-01,9.168973243214537661e-01,6.966666602651155893e-01,1.660832677972386151e-02,6.466302803000927024e-02
1.272000000000000064e+01,5.000000000000000000e+00,4.017711987156586062e+00,4.907226798257701361e+00,4.907226798257701361e+00,4.369495402088774405e-01,4.369495402088774405e-01,1.409844669118962113e+00,9.822880128434139380e-01,1.164459601888246265e+00,1.668717994961550766e-02,2.286978872811002428e-01
1.274000000000000021e+01,5.000000000000000000e+00,4.227875232300903008e+00,4.918005751015482652e+00,4.918005751015482652e+00,5.389476378890458719e-01,5.389476378890458719e-01,1.456930517010561976e+00,7.721247676990969921e-01,1.247505776311135683e+00,1.677165671872004118e-02,1.926530839807063522e-01
1.275999999999999979e+01,5.000000000000000000e+00,3.847537886071767943e+00,4.929762073251747978e+00,4.929762073251747978e+00,5.878161118132633201e-01,5.878161118132633201e-01,1.027632377131219910e+00,1.152462113928232057e+00,9.805984549778531401e-01,1.683805944874216393e-02,3.019586270462462640e-02
1.278000000000000114e+01,5.000000000000000000e+00,4.250132337622095413e+00,4.943724981580776223e+00,4.943724981580776223e+00,6.981454164514111493e-01,6.981454164514111493e-01,1.691109158194741280e+00,7.498676623779045869e-01,1.463626884688854712e+00,1.693717119053999090e-02,2.105451023153465107e-01
1.280000000000000071e+01,5.000000000000000000e+00,3.615027389721925388e+00,4.958124045328458074e+00,4.958124045328458074e+00,7.199531873840823160e-01,7.199531873840823160e-01,9.162231257781229266e-01,1.384972610278074612e+00,9.523319312199388653e-01,1.700165980950449005e-02,-5.311046525132046003e-02
1.282000000000000028e+01,5.000000000000000000e+00,3.945258569541250981e+00,4.975193484543142475e+00,4.975193484543142475e+00,8.534719607342244885e-01,8.534719607342244885e-01,2.055140920885503597e+00,1.054741430458749019e+00,1.758915215053154846e+00,1.712076745398840444e-02,2.791049383783603122e-01
1.283999999999999986e+01,5.000000000000000000e+00,4.272088698950089913e+00,4.993331282678787453e+00,4.993331282678787453e+00,9.068899067822467908e-01,9.068899067822467908e-01,1.387651421214447289e+00,7.279113010499100866e-01,1.339521616682611382e+00,1.721147521700785651e-02,3.091832931482810243e-02
1.285999999999999943e+01,5.000000000000000000e+00,4.336650285586250320e+00,5.011256506708861913e+00,5.011256506708861913e+00,8.962612015037283442e-01,8.962612015037283442e-01,8.006028539970618807e-01,6.633497144137496804e-01,9.244473523333858189e-01,1.727407558889814884e-02,-1.411185739252220905e-01
1.288000000000000078e+01,5.000000000000000000e+00,4.427375234145856986e+00,5.028846909514083308e+00,5.028846909514083308e+00,8.795201402610891561e-01,8.795201402610891561e-01,7.288505890773365747e-01,5.726247658541430141e-01,8.424541373054621474e-01,1.733112366433773102e-02,-1.309346718924633557e-01
1.290000000000000036e+01,5.000000000000000000e+00,4.656409718986960655e+00,5.045893829093426319e+00,5.045893829093426319e+00,8.523459789671357090e-01,8.523459789671357090e-01,6.077785273215543516e-01,3.435902810130393448e-01,7.272334526347616901e-01,1.738036939420118873e-02,-1.368352947074084613e-01
1.291999999999999993e+01,5.000000000000000000e+00,4.684760068446623293e+00,5.061723908105432379e+00,5.061723908105432379e+00,7.915039506003094250e-01,7.915039506003094250e-01,2.439256952988727023e-01,3.152399315533767066e-01,4.363596568865599767e-01,1.740991815836831144e-02,-2.098438797460555616e-01
1.293999999999999950e+01,5.000000000000000000e+00,4.825439219733707930e+00,5.076484544320262415e+00,5.076484544320262415e+00,7.380318107414903794e-01,7.380318107414903794e-01,2.567825520121194138e-01,1.745607802662920705e-01,4.003547130727884151e-01,1.743702879248190327e-02,-1.610091898531508803e-01
1.296000000000000085e+01,5.000000000000000000e+00,5.378477351476362855e+00,5.089881876077048339e+00,5.089881876077048339e+00,6.698665878393015305e-01,6.698665878393015305e-01,5.637958171960197329e-02,-3.784773514763628555e-01,2.216921909381909250e-01,1.745204101958480400e-02,-1.827646502381737592e-01
1.298000000000000043e+01,5.000000000000000000e+00,4.823723118742430316e+00,5.100206284679791757e+00,5.100206284679791757e+00,5.162204301371526860e-01,5.162204301371526860e-01,-8.665949891821868034e-01,1.762768812575696842e-01,-4.806662363749808486e-01,1.741949196735783842e-02,-4.033482447745637689e-01
1.300000000000000000e+01,5.000000000000000000e+00,7.725966790429009023e+00,5.109968712677331659e+00,5.109968712677331659e+00,4.881213998769937668e-01,4.881213998769937668e-01,2.352301275355632715e-01,-2.725966790429009023e+00,2.238716391971135034e-01,1.743465177914598971e-02,-6.076163440696225049e-03
1.301999999999999957e+01,5.000000000000000000e+00,5.046925900317797087e+00,5.108966201338881241e+00,5.108966201338881241e+00,-5.012556692251313173e-02,-5.012556692251313173e-02,-4.894348268118076106e+00,-4.692590031779708681e-02,-3.461977823844841318e+00,1.720021863516909416e-02,-1.449570662908403529e+00
1.304000000000000092e+01,5.000000000000000000e+00,5.015445886938636910e+00,5.108618075583217788e+00,5.108618075583217788e+00,-1.740628778315504027e-02,-1.740628778315504027e-02,2.770672244710677967e-01,-1.544588693863691020e-02,-5.959589340360230136e-02,1.720021863516909416e-02,3.194628992395009970e-01
1.306000000000000050e+01,5.000000000000000000e+00,5.108139598447370311e+00,5.108778532439828268e+00,5.108778532439828268e+00,8.022842830517729756e-03,8.022842830517729756e-03,2.368850183535726739e-01,-1.081395984473703109e-01,-1.961627641206887748e-02,1.720021863516909416e-02,2.393010761304724676e-01
1.308000000000000007e+01,5.000000000000000000e+00,5.606000972165666063e+00,5.108925349437900998e+00,5.108925349437900998e+00,7.340849903618338126e-03,7.340849903618338126e-03,1.202913561523813457e-03,-6.060009721656660631e-01,-1.373372900281603082e-01,1.719091862970261939e-02,1.213492849599814988e-01
1.309999999999999964e+01,5.000000000000000000e+00,5.850509156417582624e+00,5.107226538942677863e+00,5.107226538942677863e+00,-8.494052476114585803e-02,-8.494052476114585803e-02,-9.154728967440237675e-01,-8.505091564175826235e-01,-7.696212346503958912e-01,1.713880254609637110e-02,-1.629904646397242751e-01
1.312000000000000099e+01,5.000000000000000000e+00,5.797324144759251396e+00,5.103099730755183749e+00,5.103099730755183749e+00,-2.063404093747259471e-01,-2.063404093747259471e-01,-1.298939370896946777e+00,-7.973241447592513964e-01,-1.080146628650329843e+00,1.706565875864446066e-02,-2.358584010052614532e-01
1.314000000000000057e+01,5.000000000000000000e+00,5.689165474096699704e+00,5.097117164746719276e+00,5.097117164746719276e+00,-2.991283004232421217e-01,-2.991283004232421217e-01,-1.134219319859887998e+00,-6.891654740966997039e-01,-1.012601663844249211e+00,1.699708888219516462e-02,-1.386147448978340690e-01
1.316000000000000014e+01,5.000000000000000000e+00,6.014015912564362409e+00,5.089929916069321436e+00,5.089929916069321436e+00,-3.593624338699097920e-01,-3.593624338699097920e-01,-9.014696348899189360e-01,-1.014015912564362409e+00,-8.752401521028085885e-01,1.693782065142284896e-02,-4.316730343853310281e-02
1.317999999999999972e+01,5.000000000000000000e+00,8.738733287908258873e+00,5.080535507810787443e+00,5.080535507810787443e+00,-4.697204129266855377e-01,-4.697204129266855377e-01,-1.462942224437667083e+00,-3.738733287908258873e+00,-1.287800208956740189e+00,1.685061528294231475e-02,-1.919926307638691876e-01
1.320000000000000107e+01,5.000000000000000000e+00,5.189478877475747431e+00,5.059634607806348328e+00,5.059634607806348328e+00,-1.045045000221944687e+00,-1.045045000221944687e+00,-6.222966285879275361e+00,-1.894788774757474314e-01,-4.748191275643488751e+00,1.652908422018220524e-02,-1.491304094455968787e+00
1.322000000000000064e+01,5.000000000000000000e+00,6.216513954958591270e+00,5.041822778692190532e+00,5.041822778692190532e+00,-8.905914557078770111e-01,-8.905914557078770111e-01,4.994904449187324014e-01,-1.216513954958591270e+00,-2.406381743941992390e-01,1.651278903671929074e-02,7.236158302762123462e-01
1.324000000000000021e+01,5.000000000000000000e+00,5.954648617986104675e+00,5.022725138606740636e+00,5.022725138606740636e+00,-9.548820042724818213e-01,-9.548820042724818213e-01,-1.533496941353925447e+00,-9.546486179861046750e-01,-1.544972722797410825e+00,1.640816883659285130e-02,-4.932387393107529050e-03
1.325999999999999979e+01,5.000000000000000000e+00,5.769126889584318185e+00,5.003399019711536333e+00,5.003399019711536333e+00,-9.663059447602120322e-01,-9.663059447602120322e-01,-1.069121409149783819e+00,-7.691268895843181852e-01,-1.212403744842353026e+00,1.632606905544604567e-02,1.269562666371230608e-01
1.328000000000000114e+01,5.000000000000000000e+00,6.059803324230417232e+00,4.984446968669374201e+00,4.984446968669374201e+00,-9.476025521080975178e-01,-9.476025521080975178e-01,-7.792720182390665551e-01,-1.059803324230417232e+00,-9.767911497720841441e-01,1.625992414294179580e-02,1.812592073900758105e-01
1.330000000000000071e+01,5.000000000000000000e+00,6.171092578854315391e+00,4.964694809011436227e+00,4.964694809011436227e+00,-9.876079828969154262e-01,-9.876079828969154262e-01,-1.347656859996276157e+00,-1.171092578854315391e+00,-1.345950221772629796e+00,1.616878105705797999e-02,-1.787541928070426889e-02
1.332000000000000028e+01,5.000000000000000000e+00,5.094096698479896546e+00,4.943839556618593534e+00,4.943839556618593534e+00,-1.042762619642113808e+00,-1.042762619642113808e+00,-1.539154350348898470e+00,-9.409669847989654556e-02,-1.487287575144980556e+00,1.606806709527650728e-02,-6.793484229919427575e-02
1.333999999999999986e+01,5.000000000000000000e+00,5.689160746830324911e+00,4.925840522918089270e+00,4.925840522918089270e+00,-8.999516850252260447e-01,-8.999516850252260447e-01,3.853467265267632724e-01,-6.891607468303249107e-01,-1.195028070694686140e-01,1.605997477920723462e-02,4.887895588170246275e-01
1.335999999999999943e+01,5.000000000000000000e+00,5.921578416335678163e+00,4.908014547294783370e+00,4.908014547294783370e+00,-8.912987811653163561e-01,-8.912987811653163561e-01,-8.134226464261289369e-01,-9.215784163356781633e-01,-8.752341484745126410e-01,1.600070695497982781e-02,4.581079509340391098e-02
1.338000000000000078e+01,5.000000000000000000e+00,5.672083178107115486e+00,4.889494850073040411e+00,4.889494850073040411e+00,-9.259848610871266317e-01,-9.259848610871266317e-01,-1.238159580383419556e+00,-6.720831781071154865e-01,-1.170404588746311259e+00,1.592145121117495912e-02,-8.367644284828318346e-02
1.340000000000000036e+01,5.000000000000000000e+00,5.441389799723026499e+00,4.871283108842483500e+00,4.871283108842483500e+00,-9.105870615278293112e-01,-9.105870615278293112e-01,-7.720068654941528719e-01,-4.413897997230264991e-01,-8.535456361960366278e-01,1.586365205785774876e-02,6.567511864402597599e-02
1.341999999999999993e+01,5.000000000000000000e+00,5.149847482386037179e+00,4.854124778799728368e+00,4.854124778799728368e+00,-8.579165021377531675e-01,-8.579165021377531675e-01,-3.838814676270675408e-01,-1.498474823860371785e-01,-5.605650456482436095e-01,1.582569253508156817e-02,1.608578854860944762e-01
1.343999999999999950e+01,5.000000000000000000e+00,5.138941563430085679e+00,4.838848871955039321e+00,4.838848871955039321e+00,-7.637953422344362364e-01,-7.637953422344362364e-01,8.329509689541597650e-02,-1.389415634300856794e-01,-1.903063026302672101e-01,1.581280565159636983e-02,2.577885938740868133e-01
1.346000000000000085e+01,5.000000000000000000e+00,4.898095431079373618e+00,4.825151012263765082e+00,4.825151012263765082e+00,-6.848929845637068414e-01,-6.848929845637068414e-01,2.522823447285718612e-02,1.019045689206263816e-01,-1.764557855562088051e-01,1.580085667714138317e-02,1.858831633519246185e-01
1.348000000000000043e+01,5.000000000000000000e+00,5.446360240177305023e+00,4.813613514564131002e+00,4.813613514564131002e+00,-5.768748849817095792e-01,-5.768748849817095792e-01,3.952880112562658921e-01,-4.463602401773050232e-01,1.294188025291955202e-01,1.580962047006855692e-02,2.500595882570018080e-01
1.350000000000000000e+01,5.000000000000000000e+00,4.768559601989854180e+00,4.801931565765086951e+00,4.801931565765086951e+00,-5.840974399522018690e-01,-5.840974399522018690e-01,-6.491004346866326991e-01,2.314403980101458203e-01,-5.668775050251774195e-01,1.577123348941330758e-02,-9.799416315086856288e-02
1.351999999999999957e+01,5.000000000000000000e+00,4.585208801859281813e+00,4.792575150338843848e+00,4.792575150338843848e+00,-4.678207713121547151e-01,-4.678207713121547151e-01,5.786692464482698917e-01,4.147911981407181869e-01,2.939293054728852050e-01,1.579113736364217910e-02,2.689488036117425040e-01
1.354000000000000092e+01,5.000000000000000000e+00,4.951433388523850176e+00,4.785798745439302060e+00,4.785798745439302060e+00,-3.388202449770753022e-01,-3.388202449770753022e-01,8.221844920386391919e-01,4.856661147614982355e-02,5.267848216387120974e-01,1.582680940668228231e-02,2.795728609932447983e-01
1.356000000000000050e+01,5.000000000000000000e+00,5.038687222108509722e+00,4.779881636158750169e+00,4.779881636158750169e+00,-2.958554640275968817e-01,-2.958554640275968817e-01,9.082756451770887529e-02,-3.868722210850972232e-02,6.167959657471027562e-02,1.582680940668228231e-02,1.332115853631632429e-02
1.358000000000000007e+01,5.000000000000000000e+00,3.911142541043325593e+00,4.774421370684611254e+00,4.774421370684611254e+00,-2.730132737069236315e-01,-2.730132737069236315e-01,-6.743356082086410241e-02,1.088857458956674407e+00,-4.913277207780734901e-02,1.582680940668228231e-02,-3.412759814973902878e-02
1.359999999999999964e+01,5.000000000000000000e+00,4.545510396798734476e+00,4.773379926470863843e+00,4.773379926470863843e+00,-5.207221068735393144e-02,-5.207221068735393144e-02,1.936397356488773536e+00,4.544896032012655240e-01,1.382848972874976434e+00,1.592045114815255485e-02,5.376279324656444425e-01
1.362000000000000099e+01,5.000000000000000000e+00,4.265378724957310297e+00,4.773749798066249994e+00,4.773749798066249994e+00,1.849357976932071435e-02,1.849357976932071435e-02,6.535856938793924709e-01,7.346212750426897031e-01,5.772017960656071756e-01,1.595953725402786405e-02,6.042436055975747289e-02
1.364000000000000057e+01,5.000000000000000000e+00,4.221858945807880126e+00,4.776344271220011706e+00,4.776344271220011706e+00,1.297236576880643477e-01,1.297236576880643477e-01,1.130794358956757062e+00,7.781410541921198742e-01,9.329690193042159407e-01,1.602271468368153540e-02,1.818026249688594609e-01
1.366000000000000014e+01,5.000000000000000000e+00,4.238710818881500586e+00,4.780985823980662630e+00,4.780985823980662630e+00,2.320776380325531574e-01,2.320776380325531574e-01,1.153263461132952195e+00,7.612891811184994140e-01,9.882391388239922803e-01,1.608963481434205756e-02,1.489346874946178567e-01
1.367999999999999972e+01,5.000000000000000000e+00,3.992369954123061060e+00,4.787320930293568644e+00,4.787320930293568644e+00,3.167553156452960206e-01,3.167553156452960206e-01,1.078854414159982067e+00,1.007630045876938940e+00,9.668372600204943046e-01,1.615510568391824789e-02,9.586204845556950405e-02
1.370000000000000107e+01,5.000000000000000000e+00,4.098643825106487171e+00,4.795993952184584685e+00,4.795993952184584685e+00,4.336510945507842107e-01,4.336510945507842107e-01,1.485713104700177700e+00,9.013561748935128293e-01,1.279690158263712574e+00,1.624176186786366327e-02,1.897811845686015186e-01
1.372000000000000064e+01,5.000000000000000000e+00,4.300525124964200252e+00,4.806281600010622768e+00,4.806281600010622768e+00,5.143823913018998883e-01,5.143823913018998883e-01,1.240964062061940654e+00,6.994748750357997480e-01,1.144722342114761204e+00,1.631927849890450408e-02,7.992244144827487240e-02
1.374000000000000021e+01,5.000000000000000000e+00,4.403079480553469871e+00,4.817260725746693950e+00,4.817260725746693950e+00,5.489562868035373633e-01,5.489562868035373633e-01,8.601213463182746377e-01,5.969205194465301290e-01,8.883330912954656711e-01,1.637943333815758407e-02,-4.459117831534870069e-02
1.375999999999999979e+01,5.000000000000000000e+00,4.132555318292445712e+00,4.828526406777749358e+00,4.828526406777749358e+00,5.632840515527559599e-01,5.632840515527559599e-01,6.922339342957228858e-01,8.674446817075542882e-01,7.580890596970932815e-01,1.643076850282998436e-02,-8.228589390420035232e-02
1.378000000000000114e+01,5.000000000000000000e+00,4.011556664999831767e+00,4.841056081748873474e+00,4.841056081748873474e+00,6.264837485561903785e-01,6.264837485561903785e-01,1.195281021587100589e+00,9.884433350001682328e-01,1.101654745768593902e+00,1.650536874545683458e-02,7.712090707304977699e-02
1.380000000000000071e+01,5.000000000000000000e+00,4.161024866147474022e+00,4.855105099972111482e+00,4.855105099972111482e+00,7.024509111619050561e-01,7.024509111619050561e-01,1.386155374613337043e+00,8.389751338525259783e-01,1.255323035450213620e+00,1.659037487226685051e-02,1.142419642908565902e-01
1.382000000000000028e+01,5.000000000000000000e+00,4.131636339861474383e+00,4.869924606688142532e+00,4.869924606688142532e+00,7.409753358015704894e-01,7.409753358015704894e-01,1.087695157558559833e+00,8.683636601385256171e-01,1.065498419992708001e+00,1.666252673377816712e-02,5.534210832073768738e-03
1.383999999999999986e+01,5.000000000000000000e+00,4.314657294739948412e+00,4.885538299708685805e+00,4.885538299708685805e+00,7.806846510271491235e-01,7.806846510271491235e-01,1.138068488057357053e+00,6.853427052600515879e-01,1.102821848375927560e+00,1.673720600855008178e-02,1.850943367287945923e-02
1.385999999999999943e+01,5.000000000000000000e+00,4.187845447189777026e+00,4.901208610525580767e+00,4.901208610525580767e+00,7.835155408447345149e-01,7.835155408447345149e-01,8.089935492030034814e-01,8.121545528102229738e-01,8.703852356802654899e-01,1.679614548120244785e-02,-7.818783195846443212e-02
1.388000000000000078e+01,5.000000000000000000e+00,4.416501181520716912e+00,4.917425336441887396e+00,4.917425336441887396e+00,8.108362958153398914e-01,8.108362958153398914e-01,1.056723090550787836e+00,5.834988184792830879e-01,1.031436282068983301e+00,1.686599077274412647e-02,8.420817709060252065e-03
1.390000000000000036e+01,5.000000000000000000e+00,4.163269584939869539e+00,4.933320357142242152e+00,4.933320357142242152e+00,7.947510350177415805e-01,7.947510350177415805e-01,6.499836878393570050e-01,8.367304150601304613e-01,7.410434994686895260e-01,1.691617167113334402e-02,-1.079759833004658998e-01
1.391999999999999993e+01,5.000000000000000000e+00,4.750732456747106092e+00,4.949886199581361446e+00,4.949886199581361446e+00,8.282921219559804538e-01,8.282921219559804538e-01,1.130161904400129869e+00,2.492675432528939083e-01,1.062647627126365624e+00,1.698813048682851559e-02,5.052614678693584382e-02
1.393999999999999950e+01,5.000000000000000000e+00,4.739614255126978648e+00,4.964948240056604511e+00,4.964948240056604511e+00,7.531020237621398605e-01,7.531020237621398605e-01,7.639114001757479899e-02,2.603857448730213520e-01,3.165697799311752436e-01,1.700956749554826536e-02,-2.571882074091487169e-01
1.396000000000000085e+01,5.000000000000000000e+00,4.613819523951867119e+00,4.978850530436080390e+00,4.978850530436080390e+00,6.951145189738022756e-01,6.951145189738022756e-01,1.732269758787637892e-01,3.861804760481328813e-01,3.306898959887371037e-01,1.703196066960734403e-02,-1.744948807795806411e-01
1.398000000000000043e+01,5.000000000000000000e+00,4.722655044543696334e+00,4.992258619250311114e+00,4.992258619250311114e+00,6.704044407115395954e-01,6.704044407115395954e-01,4.480137363511754178e-01,2.773449554563036656e-01,4.904492045811287837e-01,1.706517219054748402e-02,-5.950064042050091928e-02
1.400000000000000000e+01,5.000000000000000000e+00,5.730804961745203485e+00,5.004872832342592837e+00,5.004872832342592837e+00,6.307106546140996972e-01,6.307106546140996972e-01,2.734665797371408358e-01,-7.308049617452034852e-01,3.522280934295056731e-01,1.708902385671672713e-02,-9.585053754908159918e-02
1.401999999999999957e+01,5.000000000000000000e+00,4.835103584270402877e+00,5.013265123801972756e+00,5.013265123801972756e+00,4.196145729689787496e-01,4.196145729689787496e-01,-1.480250161837109335e+00,1.648964157295971233e-01,-9.281223014164083907e-01,1.702617463000663869e-02,-5.691540350507076074e-01
1.404000000000000092e+01,5.000000000000000000e+00,5.175313781656143419e+00,5.021366406645705105e+00,5.021366406645705105e+00,4.050641421866111869e-01,4.050641421866111869e-01,2.741102651453030115e-01,-1.753137816561434192e-01,2.094184479765883455e-01,1.704035572175938498e-02,4.765146144695531216e-02
1.406000000000000050e+01,5.000000000000000000e+00,5.560932885414190174e+00,5.027974177446560056e+00,5.027974177446560056e+00,3.303885400427505337e-01,3.303885400427505337e-01,-3.416918792519952897e-01,-5.609328854141901743e-01,-2.226485027033021369e-01,1.702527873653695775e-02,-1.360686552852300724e-01
1.408000000000000007e+01,5.000000000000000000e+00,5.365392808863454377e+00,5.031955782970651825e+00,5.031955782970651825e+00,1.990802762045956187e-01,1.990802762045956187e-01,-9.826940983387983941e-01,-3.653928088634543769e-01,-7.123847644760215037e-01,1.697703850839133582e-02,-2.872863723711682749e-01
1.409999999999999964e+01,5.000000000000000000e+00,5.868302593711606008e+00,5.034437578432199523e+00,5.034437578432199523e+00,1.240897730774051383e-01,1.240897730774051383e-01,-5.508247550673093240e-01,-8.683025937116060078e-01,-4.640488672565870609e-01,1.694561472682907730e-02,-1.037215025375513577e-01
1.412000000000000099e+01,5.000000000000000000e+00,5.545072622154829212e+00,5.033853339391711756e+00,5.033853339391711756e+00,-2.921195202439889893e-02,-2.921195202439889893e-02,-1.408927477940635331e+00,-5.450726221548292116e-01,-1.102744294013739745e+00,1.687094070376988011e-02,-3.230541246306655179e-01
1.414000000000000057e+01,5.000000000000000000e+00,5.491401869202024777e+00,5.031846349201103408e+00,5.031846349201103408e+00,-1.003495095304149792e-01,-1.003495095304149792e-01,-7.405875270845596603e-01,-4.914018692020247769e-01,-6.922422301366331077e-01,1.682406445826456487e-02,-6.516936140619106199e-02
1.416000000000000014e+01,5.000000000000000000e+00,5.449367041227914932e+00,5.028787679853549797e+00,5.028787679853549797e+00,-1.529334673776630016e-01,-1.529334673776630016e-01,-6.261890880028954109e-01,-4.493670412279149318e-01,-6.240803738865714489e-01,1.678180389751319015e-02,-1.889051801383714174e-02
1.417999999999999972e+01,5.000000000000000000e+00,6.162667874196714024e+00,5.024942391436139744e+00,5.024942391436139744e+00,-1.922644208705030777e-01,-1.922644208705030777e-01,-5.462430023060637074e-01,-1.162667874196714024e+00,-5.706961423594519855e-01,1.674315833196758987e-02,7.709981721420702122e-03
1.420000000000000107e+01,5.000000000000000000e+00,5.528611015753118529e+00,5.017862088142573285e+00,5.017862088142573285e+00,-3.540151646783035178e-01,-3.540151646783035178e-01,-1.809771858948507672e+00,-5.286110157531185294e-01,-1.476588200229826731e+00,1.664316889478667169e-02,-3.498268276134674504e-01
1.422000000000000064e+01,5.000000000000000000e+00,5.879978306570251334e+00,5.010322101687396668e+00,5.010322101687396668e+00,-3.769993227588276929e-01,-3.769993227588276929e-01,-5.838567454835452697e-01,-8.799783065702513341e-01,-6.713359900064604924e-01,1.659770834743190190e-02,7.088153617548331731e-02
1.424000000000000021e+01,5.000000000000000000e+00,6.084986447051681679e+00,5.001083285368467024e+00,5.001083285368467024e+00,-4.619408159464695185e-01,-4.619408159464695185e-01,-1.226414254635246115e+00,-1.084986447051681679e+00,-1.117572449344219176e+00,1.652203021306685934e-02,-1.253638355040938013e-01
1.425999999999999979e+01,5.000000000000000000e+00,5.918840683491086274e+00,4.989665645071051259e+00,4.989665645071051259e+00,-5.708820148707858255e-01,-5.708820148707858255e-01,-1.551352805189633255e+00,-9.188406834910862742e-01,-1.377932787755635768e+00,1.642872137862041310e-02,-1.898487388126179620e-01
1.428000000000000114e+01,5.000000000000000000e+00,5.750984581658754813e+00,4.976988305815638114e+00,4.976988305815638114e+00,-6.338669627706567944e-01,-6.338669627706567944e-01,-1.200731493869495514e+00,-7.509845816587548128e-01,-1.166927668033679533e+00,1.634970107984018081e-02,-5.015352691565605481e-02
1.430000000000000071e+01,5.000000000000000000e+00,5.196825931369973617e+00,4.963800739620907621e+00,4.963800739620907621e+00,-6.593783097365170098e-01,-6.593783097365170098e-01,-8.889804324292591708e-01,-1.968259313699736168e-01,-9.537504187066185857e-01,1.628511640581752767e-02,4.848486987154182470e-02
1.432000000000000028e+01,5.000000000000000000e+00,5.064218203524760042e+00,4.952084349392229967e+00,4.952084349392229967e+00,-5.858195114338907716e-01,-5.858195114338907716e-01,7.620967328974553867e-02,-6.421820352476004246e-02,-2.499689328398664867e-01,1.626818937571971116e-02,3.099104167538923038e-01
1.433999999999999986e+01,5.000000000000000000e+00,6.367895022029308905e+00,4.941974961163076330e+00,4.941974961163076330e+00,-5.054694114576604447e-01,-5.054694114576604447e-01,2.176814883284122759e-01,-1.367895022029308905e+00,-8.155711847644525614e-02,1.626266661021658066e-02,2.829759401946409514e-01
1.435999999999999943e+01,5.000000000000000000e+00,5.997622677937252789e+00,4.928532052661202201e+00,4.928532052661202201e+00,-6.721454250936860220e-01,-6.721454250936860220e-01,-2.172229547817916551e+00,-9.976226779372527886e-01,-1.737226677977222300e+00,1.614502763832206117e-02,-4.511478974790165686e-01
1.438000000000000078e+01,5.000000000000000000e+00,5.772224580488506618e+00,4.913668776069976651e+00,4.913668776069976651e+00,-7.431638295612933431e-01,-7.431638295612933431e-01,-1.382329469769759012e+00,-7.722245804885066178e-01,-1.266980800980310962e+00,1.605923208801945598e-02,-1.314079008774676760e-01
1.440000000000000036e+01,5.000000000000000000e+00,5.462650376338712199e+00,4.898402887788811277e+00,4.898402887788811277e+00,-7.632944140582698100e-01,-7.632944140582698100e-01,-9.444696745310576791e-01,-4.626503763387121992e-01,-9.807252172204034002e-01,1.599282077409744374e-02,2.026272191524819410e-02
1.441999999999999993e+01,5.000000000000000000e+00,5.134871969460469643e+00,4.883857066163559857e+00,4.883857066163559857e+00,-7.272910812625589250e-01,-7.272910812625589250e-01,-4.032610861011608483e-01,-1.348719694604696429e-01,-5.875659779501645197e-01,1.595303284173231473e-02,1.683518590072713428e-01
1.443999999999999950e+01,5.000000000000000000e+00,4.933752556651146648e+00,4.871017294661969643e+00,4.871017294661969643e+00,-6.419885750795013557e-01,-6.419885750795013557e-01,1.257339805680169897e-01,6.624744334885335206e-02,-1.712874012147964364e-01,1.594143385235871277e-02,2.810799479304547099e-01
1.446000000000000085e+01,5.000000000000000000e+00,5.195041924827142665e+00,4.860255489941170737e+00,4.860255489941170737e+00,-5.380902360399620887e-01,-5.380902360399620887e-01,3.969948153158916471e-01,-1.950419248271426653e-01,8.413425305304375601e-02,1.594713113248671585e-02,2.969134311303611717e-01
1.448000000000000043e+01,5.000000000000000000e+00,5.149304434896420091e+00,4.850261754511323353e+00,4.850261754511323353e+00,-4.996867714923571846e-01,-4.996867714923571846e-01,-1.540555905639127976e-01,-1.493044348964200907e-01,-2.477032445304711838e-01,1.593035752695158222e-02,7.771729643960681444e-02
1.450000000000000000e+01,5.000000000000000000e+00,4.355207112549216220e+00,4.841074353149501519e+00,4.841074353149501519e+00,-4.593700680910893230e-01,-4.593700680910893230e-01,-9.651973747967841633e-02,6.447928874507837804e-01,-1.896166323184535207e-01,1.591751734555049008e-02,7.717937749322460739e-02
1.451999999999999957e+01,5.000000000000000000e+00,4.719670714699725877e+00,4.835374383858603409e+00,4.835374383858603409e+00,-2.849984645449272769e-01,-2.849984645449272769e-01,1.284345967370531527e+00,2.803292853002741225e-01,8.188869670624954189e-01,1.597296953387125629e-02,4.494860307741647687e-01
1.454000000000000092e+01,5.000000000000000000e+00,4.801940699998282547e+00,4.831254716732503951e+00,4.831254716732503951e+00,-2.059833563049628946e-01,-2.059833563049628946e-01,5.051526178547167678e-01,1.980593000017174532e-01,3.560181923313481267e-01,1.599707785240708086e-02,1.331373476709615256e-01
1.456000000000000050e+01,5.000000000000000000e+00,5.062629342490938100e+00,4.828186566544305336e+00,4.828186566544305336e+00,-1.534075094099285885e-01,-1.534075094099285885e-01,3.197751126453802772e-01,-6.262934249093810024e-02,2.515353110021811833e-01,1.601411095220722780e-02,5.222569069099185224e-02
1.458000000000000007e+01,5.000000000000000000e+00,4.647635388890263286e+00,4.825111640373702215e+00,4.825111640373702215e+00,-1.537463085301743748e-01,-1.537463085301743748e-01,-1.567955006123865624e-01,3.523646111097367140e-01,-7.953926496349138231e-02,1.600872482875300568e-02,-9.326496047764816499e-02
1.459999999999999964e+01,5.000000000000000000e+00,4.434518033669005987e+00,4.823554054021865767e+00,4.823554054021865767e+00,-7.787931759181129787e-02,-7.787931759181129787e-02,6.049236008534564224e-01,5.654819663309940125e-01,4.475030561093656378e-01,1.603902818530844251e-02,1.413815165587823386e-01
1.462000000000000099e+01,5.000000000000000000e+00,4.528924315168652903e+00,4.824030924827945377e+00,4.824030924827945377e+00,2.384354030398075364e-02,2.384354030398075364e-02,9.393492613661091895e-01,4.710756848313470968e-01,7.181620972403623959e-01,1.608765963441290830e-02,2.050995044913337950e-01
1.464000000000000057e+01,5.000000000000000000e+00,3.774817098574884344e+00,4.825882007787089201e+00,4.825882007787089201e+00,9.255414795720554033e-02,9.255414795720554033e-02,7.109496168362287039e-01,1.225182901425115656e+00,5.982661197358107863e-01,1.612817214330840299e-02,9.655532495710950069e-02
1.466000000000000014e+01,5.000000000000000000e+00,4.391361455297142946e+00,4.831578682338351527e+00,4.831578682338351527e+00,2.848337275631250831e-01,2.848337275631250831e-01,2.015349944016401107e+00,6.086385447028570539e-01,1.555982284809896976e+00,1.623353787283096303e-02,4.431341213336734142e-01
1.467999999999999972e+01,5.000000000000000000e+00,3.936130129869853889e+00,4.838290512690179845e+00,4.838290512690179845e+00,3.355915175914316317e-01,3.355915175914316317e-01,7.924116278461905694e-01,1.063869870130146111e+00,7.729709517726284229e-01,1.628588078767541011e-02,3.154795285886635714e-03
1.470000000000000107e+01,5.000000000000000000e+00,4.071104503621956638e+00,4.847523971337674986e+00,4.847523971337674986e+00,4.616729323747587599e-01,4.616729323747587599e-01,1.596405665424702969e+00,9.288954963780433616e-01,1.351114735065285677e+00,1.637737359650660168e-02,2.289135567629105583e-01
1.472000000000000064e+01,5.000000000000000000e+00,4.314624153310412602e+00,4.858412437701650433e+00,4.858412437701650433e+00,5.444233181987628845e-01,5.444233181987628845e-01,1.289176790614800394e+00,6.853758466895873980e-01,1.179697280400115122e+00,1.645725860919511341e-02,9.302225160549024152e-02
1.474000000000000021e+01,5.000000000000000000e+00,3.854310621641178880e+00,4.869873630062842018e+00,4.869873630062842018e+00,5.730596180595644018e-01,5.730596180595644018e-01,8.307863168067786130e-01,1.145689378358821120e+00,8.704273252957760443e-01,1.651620093201041847e-02,-5.615720942100788093e-02
1.475999999999999979e+01,5.000000000000000000e+00,4.431247333804178012e+00,4.883511835853735938e+00,4.883511835853735938e+00,6.819102895446904622e-01,6.819102895446904622e-01,1.661566332910825006e+00,5.687526661958219876e-01,1.455025510515702836e+00,1.661473021854927706e-02,1.899260921765728860e-01
1.478000000000000114e+01,5.000000000000000000e+00,3.894574355279803335e+00,4.896955447687306062e+00,4.896955447687306062e+00,6.721805916785177359e-01,6.721805916785177359e-01,5.846133108829634217e-01,1.105425644720196665e+00,7.223158860686939020e-01,1.666364294784211664e-02,-1.543662181335725692e-01
1.480000000000000071e+01,5.000000000000000000e+00,4.175820276373365836e+00,4.912214410475438164e+00,4.912214410475438164e+00,7.629481394066235378e-01,7.629481394066235378e-01,1.579856068959575310e+00,8.241797236266341642e-01,1.403890568794649685e+00,1.675870955328805437e-02,1.592067906116377551e-01
1.482000000000000028e+01,5.000000000000000000e+00,4.081365352911991984e+00,4.928017321230234948e+00,4.928017321230234948e+00,7.901455377398509672e-01,7.901455377398509672e-01,1.034922122738897832e+00,9.186346470880080162e-01,1.046708249005825486e+00,1.682958900951994630e-02,-2.861571527644771185e-02
1.483999999999999986e+01,5.000000000000000000e+00,3.874786550186436251e+00,4.944661105198714601e+00,4.944661105198714601e+00,8.321891984239849771e-01,8.321891984239849771e-01,1.210582144581190622e+00,1.125213449813563749e+00,1.166666001801770269e+00,1.690859158916951585e-02,2.700755119025078504e-02
1.485999999999999943e+01,5.000000000000000000e+00,4.274745861589646978e+00,4.962776126711945679e+00,4.962776126711945679e+00,9.057510756615446690e-01,9.057510756615446690e-01,1.567807970799581785e+00,7.252541384103530220e-01,1.429021081263226023e+00,1.700535994585348348e-02,1.217815295905023132e-01
1.488000000000000078e+01,5.000000000000000000e+00,4.690974385924865153e+00,4.980728061716288124e+00,4.980728061716288124e+00,8.975967502171360302e-01,8.975967502171360302e-01,8.242078212174578367e-01,3.090256140751348468e-01,9.210727557811483335e-01,1.706773180175677473e-02,-1.139326663654473271e-01
1.490000000000000036e+01,5.000000000000000000e+00,4.842670323627312534e+00,4.997129847552806758e+00,4.997129847552806758e+00,8.200892918259461428e-01,8.200892918259461428e-01,1.225221663052367127e-01,1.573296763726874659e-01,3.924625298754212399e-01,1.709430800456723798e-02,-2.870346715747517652e-01
1.491999999999999993e+01,5.000000000000000000e+00,5.114038408294987015e+00,5.011772350166217471e+00,5.011772350166217471e+00,7.321251306705418571e-01,7.321251306705418571e-01,-5.955231972809663099e-02,-1.140384082949870148e-01,1.998086889933130827e-01,1.710783835673529082e-02,-2.764688470781450080e-01
1.493999999999999950e+01,5.000000000000000000e+00,4.787144588000822765e+00,5.024037802025087096e+00,5.024037802025087096e+00,6.132725929434661438e-01,6.132725929434661438e-01,-4.564002466002149982e-01,2.128554119991772353e-01,-1.448287785346335232e-01,1.709803105362192252e-02,-3.286694991192034010e-01
1.496000000000000085e+01,5.000000000000000000e+00,5.133791713381983257e+00,5.035517043064031917e+00,5.035517043064031917e+00,5.739620519472256044e-01,5.739620519472256044e-01,2.201671829810603609e-01,-1.337917133819832571e-01,2.703263732389550866e-01,1.711633661905385267e-02,-6.727552687694859923e-02
1.498000000000000043e+01,5.000000000000000000e+00,5.232475283710002145e+00,5.045103292433648079e+00,5.045103292433648079e+00,4.793124684807932856e-01,4.793124684807932856e-01,-3.725337827170976945e-01,-2.324752837100021452e-01,-1.699154759951187477e-01,1.710483053170300249e-02,-2.197231372536819216e-01
1.500000000000000000e+01,5.000000000000000000e+00,5.184702630620567021e+00,5.052768698092791944e+00,5.052768698092791944e+00,3.832702829571810188e-01,3.832702829571810188e-01,-4.811093867553295489e-01,-1.847026306205670210e-01,-2.952436103117027089e-01,1.708483765730394247e-02,-2.029506141009307651e-01
1.501999999999999957e+01,5.000000000000000000e+00,4.713827712396264857e+00,5.058996007113442772e+00,5.058996007113442772e+00,3.113654510325467029e-01,3.113654510325467029e-01,-3.357780362891623627e-01,2.861722876037351426e-01,-2.345723408881201233e-01,1.706895323107057369e-02,-1.182746486321128443e-01
1.504000000000000092e+01,5.000000000000000000e+00,5.513869432140197979e+00,5.065665056881104356e+00,5.065665056881104356e+00,3.334524883830691788e-01,3.334524883830691788e-01,5.322358245377716290e-01,-5.138694321401979792e-01,3.634388052567436578e-01,1.709356404780449507e-02,1.517034552332234831e-01
1.506000000000000050e+01,5.000000000000000000e+00,5.959455377137913068e+00,5.069811615341378364e+00,5.069811615341378364e+00,2.073279230136989282e-01,2.073279230136989282e-01,-9.277931653106332721e-01,-9.594553771379130680e-01,-6.526141788180513936e-01,1.704937127664043692e-02,-2.922283577692222911e-01
1.508000000000000007e+01,5.000000000000000000e+00,6.058566360585873056e+00,5.070287511711828010e+00,5.070287511711828010e+00,2.379481852250295293e-02,2.379481852250295293e-02,-1.628003121898260908e+00,-1.058566360585873056e+00,-1.218508328965149712e+00,1.696685811420657608e-02,-4.264616510473177025e-01
1.509999999999999964e+01,5.000000000000000000e+00,5.808537666015772594e+00,5.067365050681178928e+00,5.067365050681178928e+00,-1.461230515324542512e-01,-1.461230515324542512e-01,-1.675383882027069227e+00,-8.085376660157725937e-01,-1.344379277944058870e+00,1.687582140719619261e-02,-3.478804254902064796e-01
1.512000000000000099e+01,5.000000000000000000e+00,5.501983361773605807e+00,5.062476758640356067e+00,5.062476758640356067e+00,-2.444146020411435138e-01,-2.444146020411435138e-01,-1.129038556619346823e+00,-5.019833617736058073e-01,-1.026842835840031221e+00,1.680628716791883470e-02,-1.190020079472345338e-01
1.514000000000000057e+01,5.000000000000000000e+00,5.412567858745292781e+00,5.056974509573807453e+00,5.056974509573807453e+00,-2.751124533274429962e-01,-2.751124533274429962e-01,-5.513931149041382263e-01,-4.125678587452927815e-01,-6.375188694524793753e-01,1.676311659880630467e-02,6.936263794953487216e-02
1.516000000000000014e+01,5.000000000000000000e+00,6.008710071738622815e+00,5.051194183858371822e+00,5.051194183858371822e+00,-2.890162857717780143e-01,-2.890162857717780143e-01,-4.141507777707933435e-01,-1.008710071738622815e+00,-5.239611806065218591e-01,1.672763576295420787e-02,9.308276707277429729e-02
1.517999999999999972e+01,5.000000000000000000e+00,5.521707272198153937e+00,5.042999607135417506e+00,5.042999607135417506e+00,-4.097288361477005036e-01,-4.097288361477005036e-01,-1.496141789531002741e+00,-5.217072721981539374e-01,-1.281061791108051073e+00,1.664088669678468607e-02,-2.317208851197363195e-01
1.520000000000000107e+01,5.000000000000000000e+00,5.747305241413867449e+00,5.034493189202293273e+00,5.034493189202293273e+00,-4.253208966562246340e-01,-4.253208966562246340e-01,-5.656494412329418076e-01,-7.473052414138674493e-01,-6.625682356916554605e-01,1.659601987137564530e-02,8.032277458733805275e-02
1.522000000000000064e+01,5.000000000000000000e+00,5.907277949972911557e+00,5.024860077559615057e+00,5.024860077559615057e+00,-4.816555821339307819e-01,-4.816555821339307819e-01,-9.886677514332863348e-01,-9.072779499729115571e-01,-9.490776565956117183e-01,1.653175162061405398e-02,-5.612184645828868779e-02
1.524000000000000021e+01,5.000000000000000000e+00,5.524733708659383957e+00,5.013680795136940205e+00,5.013680795136940205e+00,-5.589641211337263993e-01,-5.589641211337263993e-01,-1.254740972131887400e+00,-5.247337086593839572e-01,-1.152242996465597802e+00,1.645372571691638280e-02,-1.189517013832060432e-01
1.525999999999999979e+01,5.000000000000000000e+00,5.756333541339178517e+00,5.002533916216186149e+00,5.002533916216186149e+00,-5.573439460377090926e-01,-5.573439460377090926e-01,-5.427623701735534434e-01,-7.563335413391785167e-01,-6.664118099974176701e-01,1.640859861797167724e-02,1.072408412058924732e-01
1.528000000000000114e+01,5.000000000000000000e+00,6.055529685769635684e+00,4.990532788844712186e+00,4.990532788844712186e+00,-6.000563685737134723e-01,-6.000563685737134723e-01,-9.844681713977532223e-01,-1.055529685769635684e+00,-9.605435975007566851e-01,1.634355393341650753e-02,-4.026812783041294752e-02
1.530000000000000071e+01,5.000000000000000000e+00,5.713858128739365050e+00,4.976728859626476265e+00,4.976728859626476265e+00,-6.901964609118075300e-01,-6.901964609118075300e-01,-1.501457291954653828e+00,-7.138581287393650499e-01,-1.340522700927437416e+00,1.625277838044032058e-02,-1.771873694076567252e-01
1.532000000000000028e+01,5.000000000000000000e+00,5.775036654462327945e+00,4.962616749009860051e+00,4.962616749009860051e+00,-7.056055308308177842e-01,-7.056055308308177842e-01,-8.442871601019097394e-01,-7.750366544623279452e-01,-9.065998234989935955e-01,1.619138658136873646e-02,4.612127681571506765e-02
1.533999999999999986e+01,5.000000000000000000e+00,5.389743521017837047e+00,4.947983141795351258e+00,4.947983141795351258e+00,-7.316803607254466213e-01,-7.316803607254466213e-01,-9.663538297771065988e-01,-3.897435210178370468e-01,-9.842965511671565304e-01,1.612473342908497462e-02,1.817987960965029848e-03
1.535999999999999943e+01,5.000000000000000000e+00,5.548862434315353198e+00,4.934241426333936253e+00,4.934241426333936253e+00,-6.870857730707363720e-01,-6.870857730707363720e-01,-2.857344841783436284e-01,-5.488624343153531981e-01,-4.949742716926530672e-01,1.609121548627744092e-02,1.931485720280319840e-01
1.538000000000000078e+01,5.000000000000000000e+00,5.361759502733039362e+00,4.920623785425330965e+00,4.920623785425330965e+00,-6.808820454302739744e-01,-6.808820454302739744e-01,-6.250484966661129516e-01,-3.617595027330393620e-01,-6.970552915804986149e-01,1.604401331692632132e-02,5.596278159745934899e-02
1.540000000000000036e+01,5.000000000000000000e+00,4.998182113716392649e+00,4.907745767688735938e+00,4.907745767688735938e+00,-6.439008868297521060e-01,-6.439008868297521060e-01,-3.110704594250548460e-01,1.817886283607350606e-03,-4.594345684709599809e-01,1.601290199969128067e-02,1.323512070462138368e-01
1.541999999999999993e+01,5.000000000000000000e+00,5.311477511765602344e+00,4.896739609730285103e+00,4.896739609730285103e+00,-5.503078979225256573e-01,-5.503078979225256573e-01,2.920290022425123255e-01,-3.114775117656023440e-01,2.308715580181335512e-03,1.601290199969128067e-02,2.737073846626397189e-01
1.543999999999999950e+01,5.000000000000000000e+00,5.407079457166563685e+00,4.886146035039732993e+00,4.886146035039732993e+00,-5.296787345276025016e-01,-5.296787345276025016e-01,-3.440162639732941563e-01,-4.070794571665636852e-01,-3.955764399423150057e-01,1.598611493367943850e-02,3.557406103534138664e-02
1.546000000000000085e+01,5.000000000000000000e+00,5.374788993843869989e+00,4.875564322357063496e+00,4.875564322357063496e+00,-5.290856341334535529e-01,-5.290856341334535529e-01,-5.237477305861125698e-01,-3.747889938438699886e-01,-5.169909106015359024e-01,1.595110610036311327e-02,-2.270792608493977377e-02
1.548000000000000043e+01,5.000000000000000000e+00,4.796364457304163942e+00,4.865121024851742249e+00,4.865121024851742249e+00,-5.221648752660660309e-01,-5.221648752660660309e-01,-4.598780454595787215e-01,2.036355426958360582e-01,-4.759820221817148700e-01,1.591887424689254066e-02,1.851024752436182530e-04
1.550000000000000000e+01,5.000000000000000000e+00,4.863308581998222913e+00,4.856847534131066624e+00,4.856847534131066624e+00,-4.136745360337873989e-01,-4.136745360337873989e-01,5.627385170567202888e-01,1.366914180017770875e-01,2.586171392237118227e-01,1.593638690356438334e-02,2.881849909294441070e-01
1.551999999999999957e+01,5.000000000000000000e+00,4.900250426633384393e+00,4.850117267608020200e+00,4.850117267608020200e+00,-3.365133261523347574e-01,-3.365133261523347574e-01,3.579375627807389604e-01,9.974957336661560703e-02,1.735981008622569099e-01,1.594814236551253539e-02,1.683913195529695150e-01
1.554000000000000092e+01,5.000000000000000000e+00,4.984537694240209760e+00,4.844544258865404629e+00,4.844544258865404629e+00,-2.786504371307820804e-01,-2.786504371307820804e-01,2.421155640631921235e-01,1.546230575979024024e-02,1.266819581756018220e-01,1.595672082882206369e-02,9.947688505876824128e-02
1.556000000000000050e+01,5.000000000000000000e+00,4.024629635087531909e+00,4.839655056215883988e+00,4.839655056215883988e+00,-2.444601324760344307e-01,-2.444601324760344307e-01,6.325260941669440251e-02,9.753703649124680908e-01,1.963712831493360372e-02,1.595672082882206369e-02,2.765876027293873163e-02
1.558000000000000007e+01,5.000000000000000000e+00,4.225193660314293886e+00,4.838759086454851754e+00,4.838759086454851754e+00,-4.479848805161804060e-02,-4.479848805161804060e-02,1.752156311768129582e+00,7.748063396857061136e-01,1.238720363438834404e+00,1.604060268020453608e-02,4.973953456490906588e-01
1.559999999999999964e+01,5.000000000000000000e+00,4.335818300874588083e+00,4.840449527959558296e+00,4.840449527959558296e+00,8.452207523531379829e-02,8.452207523531379829e-02,1.248407144817700321e+00,6.641816991254119174e-01,9.840040514008467909e-01,1.610723602541750538e-02,2.482958573914360312e-01
1.562000000000000099e+01,5.000000000000000000e+00,3.862547816641816123e+00,4.843927707599225307e+00,4.843927707599225307e+00,1.739089819833618544e-01,1.739089819833618544e-01,9.783911427157940821e-01,1.137452183358183877e+00,8.435107578892730995e-01,1.616435565154229065e-02,1.187160291749786989e-01
1.564000000000000057e+01,5.000000000000000000e+00,3.974949110217884662e+00,4.850617302016875243e+00,4.850617302016875243e+00,3.344797208824866752e-01,3.344797208824866752e-01,1.779616370974610229e+00,1.025050889782115338e+00,1.444564272864893528e+00,1.626217653931109550e-02,3.187899215704055322e-01
1.566000000000000014e+01,5.000000000000000000e+00,4.496331007690566040e+00,4.859608621116435323e+00,4.859608621116435323e+00,4.495659549779900677e-01,4.495659549779900677e-01,1.485342061837520600e+00,5.036689923094339605e-01,1.301814630023286457e+00,1.635033091583235759e-02,1.671771008984017370e-01
1.567999999999999972e+01,5.000000000000000000e+00,3.886439005691485704e+00,4.868727666410778809e+00,4.868727666410778809e+00,4.559522647171548870e-01,4.559522647171548870e-01,5.134290523696380948e-01,1.113560994308514296e+00,6.396596202329811742e-01,1.639364644917096908e-02,-1.426242143125140693e-01
1.570000000000000107e+01,5.000000000000000000e+00,4.013925647974509126e+00,4.880204009460574532e+00,4.880204009460574532e+00,5.738171524897670572e-01,5.738171524897670572e-01,1.634601142443276922e+00,9.860743520254908745e-01,1.414222462771813182e+00,1.648941269468150173e-02,2.038892669767821408e-01
1.572000000000000064e+01,5.000000000000000000e+00,4.445001759870809366e+00,4.893228963767766615e+00,4.893228963767766615e+00,6.512477153596034629e-01,6.512477153596034629e-01,1.348122781188130892e+00,5.549982401291906342e-01,1.252314427072373393e+00,1.657421508895569329e-02,7.923413902680184751e-02
1.574000000000000021e+01,5.000000000000000000e+00,4.251994560159745085e+00,4.906075938051231766e+00,4.906075938051231766e+00,6.423487141732513450e-01,6.423487141732513450e-01,5.622577034960827280e-01,7.480054398402549154e-01,7.048477649640720877e-01,1.662194493760680430e-02,-1.592120064055962125e-01
1.575999999999999979e+01,5.000000000000000000e+00,3.631777431385699195e+00,4.919540859632300034e+00,4.919540859632300034e+00,6.732460790534011696e-01,6.732460790534011696e-01,9.513223629747493693e-01,1.368222568614300805e+00,9.499669085971237381e-01,1.668627340543306706e-02,-1.533081902780736305e-02
1.578000000000000114e+01,5.000000000000000000e+00,3.834166508670211471e+00,4.935764455374254567e+00,4.935764455374254567e+00,8.111797870977115466e-01,8.111797870977115466e-01,2.052583159496505605e+00,1.165833491329788529e+00,1.737642662140161942e+00,1.680394054633389811e-02,2.981365568100097230e-01
1.580000000000000071e+01,5.000000000000000000e+00,3.727632525600974134e+00,4.953576528673003132e+00,4.953576528673003132e+00,8.906036649374143854e-01,8.906036649374143854e-01,1.605418565494739491e+00,1.272367474399025866e+00,1.480608533988831521e+00,1.690420222658825869e-02,1.079058292793197149e-01
1.582000000000000028e+01,5.000000000000000000e+00,4.190344256443942150e+00,4.973130411286637020e+00,4.973130411286637020e+00,9.776941306816883115e-01,9.776941306816883115e-01,1.761508322380153313e+00,8.096557435560578497e-01,1.615906692486762886e+00,1.701362582938657428e-02,1.285880040640040023e-01
1.583999999999999986e+01,5.000000000000000000e+00,4.287404461551581392e+00,4.992538760061756342e+00,4.992538760061756342e+00,9.704174387559725279e-01,9.704174387559725279e-01,9.049272114245305865e-01,7.125955384484186084e-01,1.028262794316193496e+00,1.708325622333239577e-02,-1.404188391149952531e-01
1.586000000000000121e+01,5.000000000000000000e+00,4.377595437423793534e+00,5.011557297366853625e+00,5.011557297366853625e+00,9.509268652548782397e-01,9.509268652548782397e-01,7.755117037450296458e-01,6.224045625762064660e-01,9.049963338294916282e-01,1.714453943963896096e-02,-1.466291695241010162e-01
1.588000000000000078e+01,5.000000000000000000e+00,4.660172980277674348e+00,5.029994173613546948e+00,5.029994173613546948e+00,9.218438123346474056e-01,9.218438123346474056e-01,6.600963360525703427e-01,3.398270197223256517e-01,7.904537944717822118e-01,1.719806623202051535e-02,-1.475555246512323671e-01
1.590000000000000036e+01,5.000000000000000000e+00,1.750589924440128176e+00,5.046996952481182852e+00,5.046996952481182852e+00,8.501389433817801988e-01,8.501389433817801988e-01,2.047951228059749218e-01,3.249410075559871824e+00,4.315803150473535577e-01,1.722729135571663545e-02,-2.440124835970952921e-01
1.591999999999999993e+01,5.000000000000000000e+00,5.036953437828568525e+00,5.073144295781800039e+00,5.073144295781800039e+00,1.307367165030840495e+00,1.307367165030840495e+00,5.422421159872383711e+00,-3.695343782856852499e-02,4.126750795961036999e+00,1.750674062221478297e-02,1.278163623289131134e+00
1.593999999999999950e+01,5.000000000000000000e+00,4.555669264463673152e+00,5.095134267514785265e+00,5.095134267514785265e+00,1.099498586649244602e+00,1.099498586649244602e+00,-7.713186187851185371e-01,4.443307355363268485e-01,-4.693086604228202674e-02,1.750674062221478297e-02,-7.418944933650513107e-01
1.596000000000000085e+01,5.000000000000000000e+00,4.580379277924667036e+00,5.115529638794825473e+00,5.115529638794825473e+00,1.019768564001998890e+00,1.019768564001998890e+00,3.021983601767879168e-01,4.196207220753329636e-01,5.643000341311350532e-01,1.754495306547090849e-02,-2.796466270198180171e-01
1.598000000000000043e+01,5.000000000000000000e+00,5.668016403469754216e+00,5.134570355210593462e+00,5.134570355210593462e+00,9.520358207883784507e-01,9.520358207883784507e-01,3.424411318657946124e-01,-6.680164034697542164e-01,5.329183170356728283e-01,1.758104044756938697e-02,-2.080582256174475786e-01
1.600000000000000000e+01,5.000000000000000000e+00,4.722293942902052066e+00,5.148670717409137509e+00,5.148670717409137509e+00,7.050181099272022633e-01,7.050181099272022633e-01,-1.518141287823383756e+00,2.777060570979479337e-01,-8.483808324065879036e-01,1.752359103687098699e-02,-6.872840464536666971e-01
1.601999999999999957e+01,5.000000000000000000e+00,8.649756537214484453e+00,5.162081253626062072e+00,5.162081253626062072e+00,6.705268108462144605e-01,6.705268108462144605e-01,3.601051191173242350e-01,-3.649756537214484453e+00,3.526866925143938847e-01,1.754747375778141147e-02,-1.012904715485107854e-02
1.603999999999999915e+01,5.000000000000000000e+00,5.094506247324058990e+00,5.160988888396208729e+00,5.160988888396208729e+00,-5.461826149268711461e-02,-5.461826149268711461e-02,-6.580923912542800736e+00,-9.450624732405898953e-02,-4.635190802262394882e+00,1.723359469558096574e-02,-1.962966704975987131e+00
1.605999999999999872e+01,5.000000000000000000e+00,4.937162537771426329e+00,5.160593040657218467e+00,5.160593040657218467e+00,-1.979238694951872268e-02,-1.979238694951872268e-02,2.936404839389968324e-01,6.283746222857367059e-02,-1.200229341015549150e-01,1.722546715831109812e-02,3.964379508822406528e-01
1.608000000000000185e+01,5.000000000000000000e+00,5.537847124270832921e+00,5.161142574054497167e+00,5.161142574054497167e+00,2.747666986394622923e-02,2.747666986394622923e-02,4.528981811851308104e-01,-5.378471242708329214e-01,7.980357703028856386e-02,1.723087118006275467e-02,3.558637329747795230e-01
1.610000000000000142e+01,5.000000000000000000e+00,5.888690328388086925e+00,5.160205319027066473e+00,5.160205319027066473e+00,-4.686275137154251313e-02,-4.686275137154251313e-02,-7.159175424909411944e-01,-8.886903283880869253e-01,-6.830658478239578502e-01,1.718461632737546332e-02,-5.003631099435879026e-02
1.612000000000000099e+01,5.000000000000000000e+00,5.734991902820206988e+00,5.156719241779498475e+00,5.156719241779498475e+00,-1.743038623784062824e-01,-1.743038623784062824e-01,-1.321273861440179997e+00,-7.349919028202069882e-01,-1.128636717052870386e+00,1.710818895913408799e-02,-2.097453333464436576e-01
1.614000000000000057e+01,5.000000000000000000e+00,5.734901134491031449e+00,5.151608422948015686e+00,5.151608422948015686e+00,-2.555409415741534129e-01,-2.555409415741534129e-01,-9.866746543358777544e-01,-7.349011344910314492e-01,-9.334397165816629149e-01,1.704497965549155170e-02,-7.027991740970634948e-02
1.616000000000000014e+01,5.000000000000000000e+00,5.199066564427210935e+00,5.145077699195272025e+00,5.145077699195272025e+00,-3.265361876371930538e-01,-3.265361876371930538e-01,-9.654934022045497111e-01,-1.990665644272109347e-01,-9.333244408036099893e-01,1.698177815792532158e-02,-4.915073955886502255e-02
1.617999999999999972e+01,5.000000000000000000e+00,6.306689317999476074e+00,5.139193228257425083e+00,5.139193228257425083e+00,-2.942235468923333763e-01,-2.942235468923333763e-01,-3.409780188596223116e-03,-1.306689317999476074e+00,-2.528145368225578893e-01,1.696465843338458221e-02,2.324400982005770944e-01
1.619999999999999929e+01,5.000000000000000000e+00,5.977196047157350201e+00,5.129834141986870932e+00,5.129834141986870932e+00,-4.679543135276882371e-01,-4.679543135276882371e-01,-2.031531213245882039e+00,-9.771960471573502005e-01,-1.659495433859334623e+00,1.685228315203662897e-02,-3.888880625385839895e-01
1.621999999999999886e+01,5.000000000000000000e+00,5.551907274157692918e+00,5.118746154882381383e+00,5.118746154882381383e+00,-5.543993552244678158e-01,-5.543993552244678158e-01,-1.332404730495483580e+00,-5.519072741576929175e-01,-1.241038979889834692e+00,1.676824429198109714e-02,-1.081339948976301479e-01
1.624000000000000199e+01,5.000000000000000000e+00,5.545489104002505165e+00,5.107670763597564445e+00,5.107670763597564445e+00,-5.537695642408588803e-01,-5.537695642408588803e-01,-5.481014453883782389e-01,-5.454891040025051652e-01,-7.009222381802699964e-01,1.672078026640353571e-02,1.361000125254882009e-01
1.626000000000000156e+01,5.000000000000000000e+00,5.694996026420316326e+00,5.096547649368480037e+00,5.096547649368480037e+00,-5.561557114542327040e-01,-5.561557114542327040e-01,-5.776310363745970067e-01,-6.949960264203163263e-01,-6.927711620831815686e-01,1.667386820345932025e-02,9.846625750512524866e-02
1.628000000000000114e+01,5.000000000000000000e+00,5.746624361324447428e+00,5.084793728718065786e+00,5.084793728718065786e+00,-5.876960325207191138e-01,-5.876960325207191138e-01,-8.715589221190969127e-01,-7.466243613244474275e-01,-8.826449535538017921e-01,1.661409854518717394e-02,-5.528067110482273727e-03
1.630000000000000071e+01,5.000000000000000000e+00,5.055614952284529728e+00,5.072292712917109370e+00,5.072292712917109370e+00,-6.250507900478001755e-01,-6.250507900478001755e-01,-9.612436077915298416e-01,-5.561495228452972839e-02,-9.482129388820482729e-01,1.654988885011327016e-02,-2.958055775959487696e-02
1.632000000000000028e+01,5.000000000000000000e+00,5.672702334118068457e+00,5.061580459519914754e+00,5.061580459519914754e+00,-5.356126698597174496e-01,-5.356126698597174496e-01,2.693304118330266395e-01,-6.727023341180684568e-01,-7.063098940135276171e-02,1.654510596421680108e-02,3.234162952701625793e-01
1.633999999999999986e+01,5.000000000000000000e+00,6.114942038255925638e+00,5.050101905821978931e+00,5.050101905821978931e+00,-5.739276848967910238e-01,-5.739276848967910238e-01,-9.187628202304527480e-01,-1.114942038255925638e+00,-8.543319643299469579e-01,1.648725356348264628e-02,-8.091810946398847459e-02
1.635999999999999943e+01,5.000000000000000000e+00,5.923311712880330759e+00,5.036418281355191873e+00,5.036418281355191873e+00,-6.841812233393397280e-01,-6.841812233393397280e-01,-1.676463069322277732e+00,-9.233117128803307594e-01,-1.415976388585025614e+00,1.639136854819263703e-02,-2.768780492854447939e-01
1.637999999999999901e+01,5.000000000000000000e+00,5.529407269485728804e+00,5.021593666046923587e+00,5.021593666046923587e+00,-7.412307654133958312e-01,-7.412307654133958312e-01,-1.254676644079900427e+00,-5.294072694857288042e-01,-1.172605875358020189e+00,1.631196374088492856e-02,-9.838273246276510453e-02
1.639999999999999858e+01,5.000000000000000000e+00,5.402469332912515299e+00,5.007193943674593584e+00,5.007193943674593584e+00,-7.199861186165152915e-01,-7.199861186165152915e-01,-5.287842974445902122e-01,-4.024693329125152985e-01,-6.723472322468755369e-01,1.626643471570915489e-02,1.272965000865761975e-01
1.642000000000000171e+01,5.000000000000000000e+00,5.257529292381315500e+00,4.993549030363553243e+00,4.993549030363553243e+00,-6.822456655520390267e-01,-6.822456655520390267e-01,-3.425815879717520884e-01,-2.575292923813154999e-01,-5.111360527988944025e-01,1.623182235307867732e-02,1.523226424740636575e-01
1.644000000000000128e+01,5.000000000000000000e+00,5.293961232606396727e+00,4.981004515310468506e+00,4.981004515310468506e+00,-6.272257526542306394e-01,-6.272257526542306394e-01,-1.320465365739547370e-01,-2.939612326063967274e-01,-3.270622013242706627e-01,1.620967483393388406e-02,1.788059899163820521e-01
1.646000000000000085e+01,5.000000000000000000e+00,4.947972721081019820e+00,4.969214201193627112e+00,4.969214201193627112e+00,-5.895157058420892326e-01,-5.895157058420892326e-01,-2.501252845328171270e-01,5.202727891898017987e-02,-3.733307654101238326e-01,1.618439416792973387e-02,1.070210867093769891e-01
1.648000000000000043e+01,5.000000000000000000e+00,5.129835725558351101e+00,4.959261879592824052e+00,4.959261879592824052e+00,-4.976160800401580042e-01,-4.976160800401580042e-01,3.294805521772231627e-01,-1.298357255583511005e-01,6.607464422710482288e-02,1.618886851391676540e-02,2.472170394362015744e-01
1.650000000000000000e+01,5.000000000000000000e+00,5.138194884394783557e+00,4.950172331117217439e+00,4.950172331117217439e+00,-4.544774237803378969e-01,-4.544774237803378969e-01,-6.622951744195701429e-02,-1.381948843947835570e-01,-1.648913714591059010e-01,1.617770264151874651e-02,8.248415137563014365e-02
1.651999999999999957e+01,5.000000000000000000e+00,4.723144463065284349e+00,4.941780206208296278e+00,4.941780206208296278e+00,-4.196062454460557367e-01,-4.196062454460557367e-01,-1.057656404375165865e-01,2.768555369347156514e-01,-1.755075031813751185e-01,1.616581788146079571e-02,5.357604486239773978e-02
1.653999999999999915e+01,5.000000000000000000e+00,4.871709547502635296e+00,4.935451282791448513e+00,4.935451282791448513e+00,-3.164461708424006758e-01,-3.164461708424006758e-01,6.119945005904950941e-01,1.282904524973647042e-01,3.516065319070889039e-01,1.618962745763717972e-02,2.441983412257690000e-01
1.655999999999999872e+01,5.000000000000000000e+00,4.894681072195662175e+00,4.930307417640118040e+00,4.930307417640118040e+00,-2.571932575665163423e-01,-2.571932575665163423e-01,2.760829619164426596e-01,1.053189278043378252e-01,1.629288746716531788e-01,1.620066043655195298e-02,9.695342680823754167e-02
1.658000000000000185e+01,5.000000000000000000e+00,4.946341175857556394e+00,4.926090723675209837e+00,4.926090723675209837e+00,-2.108346982454156193e-01,-2.108346982454156193e-01,2.063923356444910540e-01,5.365882414244360632e-02,1.337550383115090336e-01,1.620971786434312681e-02,5.642757946863889013e-02
1.660000000000000142e+01,5.000000000000000000e+00,4.187052468338631428e+00,4.922491966333169877e+00,4.922491966333169877e+00,-1.799378671020193943e-01,-1.799378671020193943e-01,9.813361318854664506e-02,8.129475316613685720e-01,6.814670666090337503e-02,1.621433252321937551e-02,1.377257400442390145e-02
1.662000000000000099e+01,5.000000000000000000e+00,4.618464484461660469e+00,4.922126073104069910e+00,4.922126073104069910e+00,-1.829466145497729568e-02,-1.829466145497729568e-02,1.436494189368401564e+00,3.815355155383395314e-01,1.032443365209938069e+00,1.628424601094225280e-02,3.877665781475213014e-01
1.664000000000000057e+01,5.000000000000000000e+00,4.415081265004604738e+00,4.922911690364826676e+00,4.922911690364826676e+00,3.928086303781705424e-02,3.928086303781705424e-02,5.574605834729662313e-01,5.849187349953952619e-01,4.845501047336912004e-01,1.631705806527854880e-02,5.659342067399653065e-02
1.666000000000000014e+01,5.000000000000000000e+00,4.114747965694592224e+00,4.925418974684071749e+00,4.925418974684071749e+00,1.253642159622404828e-01,1.253642159622404828e-01,9.001143922820513676e-01,8.852520343054077756e-01,7.428467934441519427e-01,1.636736107648815303e-02,1.409002377614113066e-01
1.667999999999999972e+01,5.000000000000000000e+00,4.397438670064296673e+00,4.930453350023009662e+00,4.930453350023009662e+00,2.517187669468844424e-01,2.517187669468844424e-01,1.388909725808680440e+00,6.025613299357033270e-01,1.124270083567867839e+00,1.644349275143841896e-02,2.481961494893741293e-01
1.669999999999999929e+01,5.000000000000000000e+00,1.311802279937760662e+00,4.936613698899875224e+00,4.936613698899875224e+00,3.080174438432565220e-01,3.080174438432565220e-01,8.147055359106051275e-01,3.688197720062239338e+00,7.652528890183432075e-01,1.649531302581289105e-02,3.295733386644908447e-02
1.671999999999999886e+01,5.000000000000000000e+00,4.684062919060953512e+00,4.954679094206050571e+00,4.954679094206050571e+00,9.032697653087620182e-01,9.032697653087620182e-01,6.260540658498311650e+00,3.159370809390464885e-01,4.684011104479044008e+00,1.681249802973824523e-02,1.559717055989529477e+00
1.674000000000000199e+01,5.000000000000000000e+00,4.499358425552752117e+00,4.970598941786249725e+00,4.970598941786249725e+00,7.959923790099466823e-01,7.959923790099466823e-01,-1.695040976793909526e-01,5.006415744472478835e-01,4.012400927925890426e-01,1.683966861869900383e-02,-5.875838590906790060e-01
1.676000000000000156e+01,5.000000000000000000e+00,4.358059376775660354e+00,4.985593547927920532e+00,4.985593547927920532e+00,7.497303070835235062e-01,7.497303070835235062e-01,3.333716597457153097e-01,6.419406232243396460e-01,6.358147995480047943e-01,1.688272379410146740e-02,-3.193258635963909797e-01
1.678000000000000114e+01,5.000000000000000000e+00,4.276572396451156166e+00,5.000446776143336436e+00,5.000446776143336436e+00,7.426614107707839585e-01,7.426614107707839585e-01,6.790413439561281406e-01,7.234276035488438339e-01,8.152645914949113726e-01,1.693793068769875940e-02,-1.531611782264819810e-01
1.680000000000000071e+01,5.000000000000000000e+00,4.367578531848090861e+00,5.015552923324033685e+00,5.015552923324033685e+00,7.553073590348756694e-01,7.553073590348756694e-01,8.691208934117014007e-01,6.324214681519091386e-01,9.187530565070316513e-01,1.700014546160396114e-02,-6.663230855693429155e-02
1.682000000000000028e+01,5.000000000000000000e+00,4.406602875593779167e+00,5.030604988040347614e+00,5.030604988040347614e+00,7.526032358157143110e-01,7.526032358157143110e-01,7.282661268432621959e-01,5.933971244062208328e-01,8.031752645529246504e-01,1.705453370786502373e-02,-9.196367141752748164e-02
1.683999999999999986e+01,5.000000000000000000e+00,3.953030429462886630e+00,5.045525668726388524e+00,5.045525668726388524e+00,7.460340343020270826e-01,7.460340343020270826e-01,6.869112206788423602e-01,1.046969570537113370e+00,7.536143479959004354e-01,1.710556586056396003e-02,-8.380869317762201787e-02
1.685999999999999943e+01,5.000000000000000000e+00,4.672419177896816045e+00,5.061982401249374597e+00,5.061982401249374597e+00,8.228366261492856548e-01,8.228366261492856548e-01,1.514059952774613249e+00,3.275808221031839551e-01,1.329651354582134015e+00,1.719560524363015347e-02,1.672129929488490041e-01
1.687999999999999901e+01,5.000000000000000000e+00,4.449908071485329408e+00,5.077177550359280644e+00,5.077177550359280644e+00,7.597574554953042680e-01,7.597574554953042680e-01,1.920449196094721755e-01,5.500919285146705917e-01,4.160276440710436452e-01,1.722377719433102611e-02,-2.412065016559025166e-01
1.689999999999999858e+01,5.000000000000000000e+00,4.646469707373516833e+00,5.092168892186490936e+00,5.092168892186490936e+00,7.495670913605342323e-01,7.495670913605342323e-01,6.578538141476035772e-01,3.535302926264831669e-01,6.986167492136317048e-01,1.727108510018328727e-02,-5.803402016621142523e-02
1.692000000000000171e+01,5.000000000000000000e+00,4.314222511668091009e+00,5.106316646734085474e+00,5.106316646734085474e+00,7.073877273797125609e-01,7.073877273797125609e-01,3.277734515523174075e-01,6.857774883319089909e-01,4.489834716356336242e-01,1.730148870534916478e-02,-1.385115087886653329e-01
1.694000000000000128e+01,5.000000000000000000e+00,4.934661527076395160e+00,5.120963223673040687e+00,5.120963223673040687e+00,7.323288469477519103e-01,7.323288469477519103e-01,9.567989230601064987e-01,6.533847292360484005e-02,8.709374101815244851e-01,1.736046556934570800e-02,6.850104730923631258e-02
1.696000000000000085e+01,5.000000000000000000e+00,5.591685347046091437e+00,5.133823779015568078e+00,5.133823779015568078e+00,6.430277671263893158e-01,6.430277671263893158e-01,-1.606819512658747007e-01,-5.916853470460914366e-01,8.297986061297814298e-02,1.736608467801713934e-02,-2.610278965568699761e-01
1.698000000000000043e+01,5.000000000000000000e+00,4.307167757111409756e+00,5.142910193661952789e+00,5.142910193661952789e+00,4.543207323192421376e-01,4.543207323192421376e-01,-1.244042580945082577e+00,6.928322428885902440e-01,-7.514403907485360801e-01,1.731519973817117683e-02,-5.099173899347176908e-01
1.700000000000000000e+01,5.000000000000000000e+00,4.657096312769271940e+00,5.153448005480924188e+00,5.153448005480924188e+00,5.268905909485916972e-01,5.268905909485916972e-01,1.180019318612738122e+00,3.429036872307280603e-01,8.798969484685096321e-01,1.737478331105959603e-02,2.827475868331690290e-01
1.701999999999999957e+01,5.000000000000000000e+00,5.568963797790250858e+00,5.163885137809752557e+00,5.163885137809752557e+00,5.218566164414114583e-01,5.218566164414114583e-01,4.765508458767890310e-01,-5.689637977902508581e-01,4.354876827830246322e-01,1.740427302816143981e-02,2.365889006560295549e-02
1.703999999999999915e+01,5.000000000000000000e+00,5.096282884517323808e+00,5.170993001974604653e+00,5.170993001974604653e+00,3.553932082426111139e-01,3.553932082426111139e-01,-1.142777465546592541e+00,-9.628288451732380793e-02,-7.225840231936185853e-01,1.735534214155147817e-02,-4.375487844945253890e-01
1.705999999999999872e+01,5.000000000000000000e+00,5.785978217237540022e+00,5.177038437211251676e+00,5.177038437211251676e+00,3.022717618323731426e-01,3.022717618323731426e-01,-1.758212558597683217e-01,-7.859782172375400222e-01,-1.222792633370012316e-01,1.734706181348298973e-02,-7.088905433625009023e-02
1.708000000000000185e+01,5.000000000000000000e+00,5.626976459029664923e+00,5.179731321960364454e+00,5.179731321960364454e+00,1.346442374556440225e-01,1.346442374556440225e-01,-1.374003481934918058e+00,-6.269764590296649232e-01,-9.981923358916758859e-01,1.727946768680056061e-02,-3.930906137300427261e-01
1.710000000000000142e+01,5.000000000000000000e+00,6.110855247212631625e+00,5.180204888016006315e+00,5.180204888016006315e+00,2.367830278209376305e-02,2.367830278209376305e-02,-9.750151092798585717e-01,-1.110855247212631625e+00,-7.962601029676744657e-01,1.722554771132401089e-02,-1.959805540235081134e-01
1.712000000000000099e+01,5.000000000000000000e+00,5.907093309306801210e+00,5.177087469117821250e+00,5.177087469117821250e+00,-1.558709449092707533e-01,-1.558709449092707533e-01,-1.771814174131551400e+00,-9.070933093068012099e-01,-1.410786163960042083e+00,1.713001416006372513e-02,-3.781580243315730838e-01
1.714000000000000057e+01,5.000000000000000000e+00,5.803141061296695824e+00,5.171685404768176397e+00,5.171685404768176397e+00,-2.701032174822608489e-01,-2.701032174822608489e-01,-1.298193670639171904e+00,-8.031410612966958240e-01,-1.152008502819637625e+00,1.705200413546334101e-02,-1.632371719549976230e-01
1.716000000000000014e+01,5.000000000000000000e+00,5.652887728663110067e+00,5.164692538824091628e+00,5.164692538824091628e+00,-3.496432972042425313e-01,-3.496432972042425313e-01,-1.065504014702077784e+00,-6.528877286631100674e-01,-1.019989147846803723e+00,1.698293400419182558e-02,-6.249780085946586572e-02
1.717999999999999972e+01,5.000000000000000000e+00,5.915636190233175995e+00,5.156836633613029797e+00,5.156836633613029797e+00,-3.927952605530906083e-01,-3.927952605530906083e-01,-7.811629306927234673e-01,-9.156361902331759950e-01,-8.291674154021497767e-01,1.692678565952679751e-02,3.107769904989959864e-02
1.719999999999999929e+01,5.000000000000000000e+00,5.317492279961374635e+00,5.147256110392722128e+00,5.147256110392722128e+00,-4.790261610153745409e-01,-4.790261610153745409e-01,-1.255104265175930101e+00,-3.174922799613746349e-01,-1.162857961596133638e+00,1.684804094716674597e-02,-1.090943445269631218e-01
1.721999999999999886e+01,5.000000000000000000e+00,5.957510745149018128e+00,5.138303869828858339e+00,5.138303869828858339e+00,-4.476120281931743605e-01,-4.476120281931743605e-01,-1.648848327933728763e-01,-9.575107451490181276e-01,-4.032151955509458152e-01,1.682073661109006676e-02,2.215096261464828686e-01
1.724000000000000199e+01,5.000000000000000000e+00,2.128939791916853341e+00,5.127520907895354974e+00,5.127520907895354974e+00,-5.391480966751722725e-01,-5.391480966751722725e-01,-1.362972713013154147e+00,2.871060208083146659e+00,-1.216038646339252960e+00,1.673839068700725199e-02,-1.636724573609084910e-01
1.726000000000000156e+01,5.000000000000000000e+00,6.007776946545820174e+00,5.128726820916576834e+00,5.128726820916576834e+00,6.029565106109291417e-02,6.029565106109291417e-02,5.455289380687480261e+00,-1.007776946545820174e+00,3.646246464265596288e+00,1.698530186490240096e-02,1.792057614556981981e+00
1.728000000000000114e+01,5.000000000000000000e+00,5.998308137299398268e+00,5.125931745311914867e+00,5.125931745311914867e+00,-1.397537802331193790e-01,-1.397537802331193790e-01,-1.940198661881030295e+00,-9.983081372993982683e-01,-1.279876722113191700e+00,1.689863304749945894e-02,-6.772205728153379845e-01
1.730000000000000071e+01,5.000000000000000000e+00,5.765205237610595113e+00,5.119975422288141509e+00,5.119975422288141509e+00,-2.978161511886636692e-01,-2.978161511886636692e-01,-1.720377489788562642e+00,-7.652052376105951126e-01,-1.267851334370235783e+00,1.681277854769171187e-02,-4.693389339660184456e-01
1.732000000000000028e+01,5.000000000000000000e+00,5.785636225275393230e+00,5.112279700185546893e+00,5.112279700185546893e+00,-3.847861051297360446e-01,-3.847861051297360446e-01,-1.167515690599387534e+00,-7.856362252753932296e-01,-9.718106517654557797e-01,1.674697089725719901e-02,-2.124520097311889399e-01
1.733999999999999986e+01,5.000000000000000000e+00,5.302213743593942041e+00,5.103073611016037958e+00,5.103073611016037958e+00,-4.603044584754392154e-01,-4.603044584754392154e-01,-1.139969638586767697e+00,-3.022137435939420413e-01,-9.977580060997494060e-01,1.667940618188351598e-02,-1.588910386689017240e-01
1.735999999999999943e+01,5.000000000000000000e+00,5.116825947354376680e+00,5.094312856023969438e+00,5.094312856023969438e+00,-4.380377496034193463e-01,-4.380377496034193463e-01,-2.376373697552404962e-01,-1.168259473543766802e-01,-3.838114543643064147e-01,1.665341579993443594e-02,1.295206688091314617e-01
1.737999999999999901e+01,5.000000000000000000e+00,5.232778559005981656e+00,5.086530700543751671e+00,5.086530700543751671e+00,-3.891077740108674909e-01,-3.891077740108674909e-01,5.126200632209915176e-02,-2.327785590059816556e-01,-1.483689531400583794e-01,1.664336876846195939e-02,1.829875906936955787e-01
1.740000000000000213e+01,5.000000000000000000e+00,5.519215868119260016e+00,5.079109443597071838e+00,5.079109443597071838e+00,-3.710628473339929179e-01,-3.710628473339929179e-01,-2.086585072421215936e-01,-5.192158681192600156e-01,-2.956287699375966804e-01,1.662334981238744458e-02,7.034691288308762835e-02
1.742000000000000171e+01,5.000000000000000000e+00,5.549803127311510487e+00,5.070957855552691740e+00,5.070957855552691740e+00,-4.075794022189918597e-01,-4.075794022189918597e-01,-7.362283961839822810e-01,-5.498031273115104867e-01,-6.594041525114602287e-01,1.657869724772918774e-02,-9.340294092025126782e-02
1.744000000000000128e+01,5.000000000000000000e+00,5.839990040944487149e+00,5.062096760170292420e+00,5.062096760170292420e+00,-4.430547691199681060e-01,-4.430547691199681060e-01,-7.623330712287545996e-01,-8.399900409444871485e-01,-6.982499716856183092e-01,1.653141417878039796e-02,-8.061451372191662246e-02
1.746000000000000085e+01,5.000000000000000000e+00,5.476660907435656256e+00,5.051619231487014972e+00,5.051619231487014972e+00,-5.238764341638516564e-01,-5.238764341638516564e-01,-1.251271419558803499e+00,-4.766609074356562559e-01,-1.066787351999498590e+00,1.645917503525917355e-02,-2.009432425945640310e-01
1.748000000000000043e+01,5.000000000000000000e+00,4.454727921490278852e+00,5.041092128608916312e+00,5.041092128608916312e+00,-5.263551439049525271e-01,-5.263551439049525271e-01,-5.486635315748608077e-01,5.452720785097211476e-01,-6.053593524432834272e-01,1.641818219721970576e-02,4.027763867120293106e-02
1.750000000000000000e+01,5.000000000000000000e+00,5.175358863935463738e+00,5.034109891197375397e+00,5.034109891197375397e+00,-3.491118705770615005e-01,-3.491118705770615005e-01,1.246077589373957295e+00,-1.753588639354637380e-01,6.924955397073458974e-01,1.646507559597154211e-02,5.371169740706399631e-01
1.751999999999999957e+01,5.000000000000000000e+00,4.692728878637412393e+00,5.027447581347082917e+00,5.027447581347082917e+00,-3.331154925146173618e-01,-3.331154925146173618e-01,-1.891480899526199189e-01,3.072711213625876070e-01,-2.227057571980389505e-01,1.644999473367309353e-02,1.710767251174594161e-02
1.753999999999999915e+01,5.000000000000000000e+00,4.649375969413961585e+00,5.022769574177054608e+00,5.022769574177054608e+00,-2.339003585014308162e-01,-2.339003585014308162e-01,6.590358476172482050e-01,3.506240305860384154e-01,3.902343241304862542e-01,1.647642005011027561e-02,2.523251034366517098e-01
1.755999999999999872e+01,5.000000000000000000e+00,4.645986389158013097e+00,5.019879400551548798e+00,5.019879400551548798e+00,-1.445086812752933159e-01,-1.445086812752933159e-01,6.600164137599442427e-01,3.540136108419869032e-01,4.452925188442687920e-01,1.650657371674067384e-02,1.982173211989347039e-01
1.758000000000000185e+01,5.000000000000000000e+00,4.481419726176804730e+00,5.018491393169520087e+00,5.018491393169520087e+00,-6.940036910143267124e-02,-6.940036910143267124e-02,6.065744404633131026e-01,5.185802738231952702e-01,4.495972857693233959e-01,1.653701888727308542e-02,1.404401358067166594e-01
1.760000000000000142e+01,5.000000000000000000e+00,4.908558685739047078e+00,5.018953068241245319e+00,5.018953068241245319e+00,2.308375358627293150e-02,2.308375358627293150e-02,8.554408577756232868e-01,9.144131426095292170e-02,6.585969477554579621e-01,1.658161679082188061e-02,1.802622932293434233e-01
1.762000000000000099e+01,5.000000000000000000e+00,4.779414364059517695e+00,5.019460952512305951e+00,5.019460952512305951e+00,2.539421355302586350e-02,2.539421355302586350e-02,4.618835325380224455e-02,2.205856359404823053e-01,1.161304691114102144e-01,1.658948074384832341e-02,-8.653159660145628984e-02
1.764000000000000057e+01,5.000000000000000000e+00,3.862620426611536928e+00,5.020519036282917291e+00,5.020519036282917291e+00,5.290418853055707527e-02,5.290418853055707527e-02,3.004939633283379430e-01,1.137379573388463072e+00,2.801437576444125166e-01,1.660845110853920517e-02,3.741754575386210813e-03
1.766000000000000014e+01,5.000000000000000000e+00,4.672199662105841256e+00,5.025312033542481238e+00,5.025312033542481238e+00,2.396498629782077283e-01,2.396498629782077283e-01,1.920360933007063453e+00,3.278003378941587442e-01,1.444472058203348119e+00,1.670626575185061441e-02,4.591826090518647541e-01
1.767999999999999972e+01,5.000000000000000000e+00,3.763847872382419357e+00,5.030328327581622183e+00,5.030328327581622183e+00,2.508147019570502456e-01,2.508147019570502456e-01,3.512982527666330124e-01,1.236152127617580643e+00,4.163064291255816340e-01,1.673445658090951318e-02,-8.174263293985811751e-02
1.769999999999999929e+01,5.000000000000000000e+00,4.757256702911772273e+00,5.038806778848774037e+00,5.038806778848774037e+00,4.239225633576027552e-01,4.239225633576027552e-01,1.981893315962575564e+00,2.427432970882277274e-01,1.569913202074327385e+00,1.684076566388462495e-02,3.951393482243633626e-01
1.771999999999999886e+01,5.000000000000000000e+00,4.038964909900760958e+00,5.046651436139296898e+00,5.046651436139296898e+00,3.922328645261344837e-01,3.922328645261344837e-01,1.070255750429200958e-01,9.610350900992390422e-01,3.082839873020492005e-01,1.686164158743421251e-02,-2.181200538465632999e-01
1.774000000000000199e+01,5.000000000000000000e+00,4.234007711858357226e+00,5.056596595961283747e+00,5.056596595961283747e+00,4.972579910993315533e-01,4.972579910993315533e-01,1.442484130258105512e+00,7.659922881416427742e-01,1.220514564426033566e+00,1.694429060518274840e-02,2.050252752268892920e-01
1.776000000000000156e+01,5.000000000000000000e+00,4.518962440923138146e+00,5.067619653299403559e+00,5.067619653299403559e+00,5.511528669059773122e-01,5.511528669059773122e-01,1.036206749165788921e+00,4.810375590768618537e-01,9.728102059398863188e-01,1.701016594196292850e-02,4.638637728393957271e-02
1.778000000000000114e+01,5.000000000000000000e+00,4.557071249983169814e+00,5.078577469392159038e+00,5.078577469392159038e+00,5.478908046377950480e-01,5.478908046377950480e-01,5.185322442241548924e-01,4.429287500168301861e-01,6.109177000276145852e-01,1.705153517204353875e-02,-1.094369909755032177e-01
1.780000000000000071e+01,5.000000000000000000e+00,3.966207393662084968e+00,5.089407553993582134e+00,5.089407553993582134e+00,5.415042300711326861e-01,5.415042300711326861e-01,4.840250589711712625e-01,1.033792606337915032e+00,5.625195125213743319e-01,1.708962704454498535e-02,-9.558408059474803042e-02
1.782000000000000028e+01,5.000000000000000000e+00,4.802994649857680542e+00,5.102269503109440940e+00,5.102269503109440940e+00,6.430974557929612923e-01,6.430974557929612923e-01,1.557436487289418636e+00,1.970053501423194575e-01,1.312916610049152055e+00,1.717853320869004718e-02,2.273413440315766310e-01
1.783999999999999986e+01,5.000000000000000000e+00,4.407783607966160311e+00,5.113864879628886584e+00,5.113864879628886584e+00,5.797688259722896253e-01,5.797688259722896253e-01,9.811157586245122797e-03,5.922163920338396892e-01,2.501967946807457377e-01,1.719547566880228612e-02,-2.575811127633029218e-01
1.785999999999999943e+01,5.000000000000000000e+00,5.060987825891634095e+00,5.125872457584566000e+00,5.125872457584566000e+00,6.003788977839764618e-01,6.003788977839764618e-01,7.858695440891585449e-01,-6.098782589163409540e-02,7.521148178829764053e-01,1.724640627851719774e-02,1.650831992766499390e-02
1.787999999999999901e+01,5.000000000000000000e+00,4.313780037004227630e+00,5.135931371236408971e+00,5.135931371236408971e+00,5.029456825921383434e-01,5.029456825921383434e-01,-3.739532541344052219e-01,6.862199629957723701e-01,-7.745453888237530116e-02,1.724116132549051786e-02,-3.137398765775204490e-01
1.790000000000000213e+01,5.000000000000000000e+00,4.560868624087454748e+00,5.147066975712085046e+00,5.147066975712085046e+00,5.567802237837847779e-01,5.567802237837847779e-01,1.041291094508602910e+00,4.391313759125452520e-01,8.714993530046308834e-01,1.730017624230815315e-02,1.524915652616639639e-01
1.792000000000000171e+01,5.000000000000000000e+00,4.735445322782005029e+00,5.158206477276723767e+00,5.158206477276723767e+00,5.569750782319349280e-01,5.569750782319349280e-01,5.587287682652867238e-01,2.645546772179949713e-01,5.576968474089324390e-01,1.733794154063663176e-02,-1.630602068428230189e-02
1.794000000000000128e+01,5.000000000000000000e+00,4.513799490345588694e+00,5.168742012130659980e+00,5.168742012130659980e+00,5.267767426968261724e-01,5.267767426968261724e-01,2.549917228808473157e-01,4.862005096544113059e-01,3.359844400668536291e-01,1.736069324287737789e-02,-9.835341042888366692e-02
1.796000000000000085e+01,5.000000000000000000e+00,4.888952202868773078e+00,5.179576812281204923e+00,5.179576812281204923e+00,5.417400075272362781e-01,5.417400075272362781e-01,6.764093910009266741e-01,1.110477971312269219e-01,6.174746472611023496e-01,1.740250648670765843e-02,4.153223725311676329e-02
1.798000000000000043e+01,5.000000000000000000e+00,4.974505652008705425e+00,5.189329510965084324e+00,5.189329510965084324e+00,4.876349341939681392e-01,4.876349341939681392e-01,6.892741945550562299e-04,2.549434799129457474e-02,1.410307023566581830e-01,1.741205659726094424e-02,-1.577534847593640710e-01
1.800000000000000000e+01,5.000000000000000000e+00,5.381307120513999287e+00,5.197900453423661915e+00,5.197900453423661915e+00,4.285471229288677075e-01,4.285471229288677075e-01,-1.032431784570360944e-01,-3.813071205139992870e-01,3.237782194894411186e-02,1.741205659726094424e-02,-1.530330570032411575e-01
1.801999999999999957e+01,5.000000000000000000e+00,5.227335179626370731e+00,5.204061119536209645e+00,5.204061119536209645e+00,3.080333056274021652e-01,3.080333056274021652e-01,-7.765910500857875487e-01,-2.273351796263707314e-01,-4.842600430527790878e-01,1.737926418489673872e-02,-3.097102712179051753e-01
1.803999999999999915e+01,5.000000000000000000e+00,8.291445024882181158e+00,5.208782768781389905e+00,5.208782768781389905e+00,2.360824622590083077e-01,2.360824622590083077e-01,-4.114751280565365210e-01,-3.291445024882181158e+00,-2.887156781254908156e-01,1.735971335944887228e-02,-1.401191632904945916e-01
1.805999999999999872e+01,5.000000000000000000e+00,5.792749940159400701e+00,5.201458115802544135e+00,5.201458115802544135e+00,-3.662326489422726983e-01,-3.662326489422726983e-01,-5.787068649753801530e+00,-7.927499401594007011e-01,-4.180135181600370231e+00,1.707664908730900308e-02,-1.624010117240739959e+00
1.808000000000000185e+01,5.000000000000000000e+00,4.955246423519249710e+00,5.193101446359009721e+00,5.193101446359009721e+00,-4.178334721767011373e-01,-4.178334721767011373e-01,-8.822408812865569772e-01,4.475357648075029005e-02,-1.006792424002438846e+00,1.700847259245529333e-02,1.075430701234265651e-01
1.810000000000000142e+01,5.000000000000000000e+00,6.149298722835014885e+00,5.186712848690021360e+00,5.186712848690021360e+00,-3.194298834494108119e-01,-3.194298834494108119e-01,5.662024150962019498e-01,-1.149298722835014885e+00,5.683704213055287141e-02,1.700847259245529333e-02,4.923569003731937399e-01
1.812000000000000099e+01,5.000000000000000000e+00,6.242381822446519735e+00,5.177577734868139991e+00,5.177577734868139991e+00,-4.567556910940890336e-01,-4.567556910940890336e-01,-1.692687959896192806e+00,-1.242381822446519735e+00,-1.459609378000468860e+00,1.690963290229148194e-02,-2.499882147980154179e-01
1.814000000000000057e+01,5.000000000000000000e+00,6.002181228676854552e+00,5.165791393907633200e+00,5.165791393907633200e+00,-5.893170480253460131e-01,-5.893170480253460131e-01,-1.782369260406659439e+00,-1.002181228676854552e+00,-1.577824914507080178e+00,1.680278806556107993e-02,-2.213471339651402192e-01
1.816000000000000014e+01,5.000000000000000000e+00,5.595715379913584364e+00,5.152600933727140564e+00,5.152600933727140564e+00,-6.595230090246129162e-01,-6.595230090246129162e-01,-1.291376658018015267e+00,-5.957153799135843641e-01,-1.272770160419605334e+00,1.671660047989487197e-02,-3.532309807830488757e-02
1.817999999999999972e+01,5.000000000000000000e+00,5.853637267445286341e+00,5.139605120885690326e+00,5.139605120885690326e+00,-6.497906420725251264e-01,-6.497906420725251264e-01,-5.621993395037347963e-01,-8.536372674452863407e-01,-7.565585324902521780e-01,1.666536895722230474e-02,1.776938240292951499e-01
1.819999999999999929e+01,5.000000000000000000e+00,5.877941953859475710e+00,5.125765715735037809e+00,5.125765715735037809e+00,-6.919702575326298621e-01,-6.919702575326298621e-01,-1.071586796673572373e+00,-8.779419538594757100e-01,-1.084119329655513608e+00,1.659195615222201076e-02,-4.059423170280962445e-03
1.821999999999999886e+01,5.000000000000000000e+00,5.755836639624627438e+00,5.111083420782828846e+00,5.111083420782828846e+00,-7.341147476104475933e-01,-7.341147476104475933e-01,-1.113415158310806952e+00,-7.558366396246274377e-01,-1.114986281401534107e+00,1.651645314419009428e-02,-1.494533005346297856e-02
1.824000000000000199e+01,5.000000000000000000e+00,6.151316107050107007e+00,5.096083126594483481e+00,5.096083126594483481e+00,-7.500147094172592288e-01,-7.500147094172592288e-01,-8.931143656785641705e-01,-1.151316107050107007e+00,-9.599125323232768903e-01,1.645145119318237523e-02,5.034671545153035499e-02
1.826000000000000156e+01,5.000000000000000000e+00,5.664547073712222769e+00,5.079367811641158248e+00,5.079367811641158248e+00,-8.357657476662810891e-01,-8.357657476662810891e-01,-1.607525091907477499e+00,-6.645470737122227689e-01,-1.462171455953635846e+00,1.635243800797606464e-02,-1.617060739618175758e-01
1.828000000000000114e+01,5.000000000000000000e+00,5.361248845670537833e+00,5.062927102643513422e+00,5.062927102643513422e+00,-8.220354498822421974e-01,-8.220354498822421974e-01,-6.984627698258920603e-01,-3.612488456705378326e-01,-8.439747836145229387e-01,1.629528695963681356e-02,1.292167268289940441e-01
1.830000000000000071e+01,5.000000000000000000e+00,6.295230632539327686e+00,5.047728409369438118e+00,5.047728409369438118e+00,-7.599346637037798224e-01,-7.599346637037798224e-01,-2.010275880976189478e-01,-1.295230632539327686e+00,-4.587860340015830762e-01,1.626421955890914803e-02,2.414942263450549631e-01
1.832000000000000028e+01,5.000000000000000000e+00,5.408575971467477927e+00,5.030199851332731065e+00,5.030199851332731065e+00,-8.764279018353572370e-01,-8.764279018353572370e-01,-1.924867045019553968e+00,-4.085759714674779275e-01,-1.644942903324946082e+00,1.615282972451076438e-02,-2.960769714191187618e-01
1.833999999999999986e+01,5.000000000000000000e+00,5.990580239492261150e+00,5.013887201798990390e+00,5.013887201798990390e+00,-8.156324766870549636e-01,-8.156324766870549636e-01,-2.684736503523344475e-01,-9.905802394922611498e-01,-5.188914837636969812e-01,1.611769219096455957e-02,2.343001412203979394e-01
1.835999999999999943e+01,5.000000000000000000e+00,5.535346573058331998e+00,4.996470152361649930e+00,4.996470152361649930e+00,-8.708524718670361819e-01,-8.708524718670361819e-01,-1.367832428486867036e+00,-5.353465730583319981e-01,-1.258036904155171776e+00,1.603250229036822655e-02,-1.258280266220634935e-01
1.837999999999999901e+01,5.000000000000000000e+00,5.246828709460069184e+00,4.979744253991942315e+00,4.979744253991942315e+00,-8.362949184853669671e-01,-8.362949184853669671e-01,-5.252769380503441443e-01,-2.468287094600691844e-01,-6.798901477840816332e-01,1.598646248508521148e-02,1.386267472486522601e-01
1.840000000000000213e+01,5.000000000000000000e+00,5.349419165956004640e+00,4.964577372245901010e+00,4.964577372245901010e+00,-7.583440873020527162e-01,-7.583440873020527162e-01,-5.678660665222479142e-02,-3.494191659560046403e-01,-3.134724610142878842e-01,1.596523521607164445e-02,2.407206191459914657e-01
1.842000000000000171e+01,5.000000000000000000e+00,5.460957527894477970e+00,4.950306353135405679e+00,4.950306353135405679e+00,-7.135509555247583346e-01,-7.135509555247583346e-01,-3.104127695291083455e-01,-4.609575278944779697e-01,-4.437623407641259066e-01,1.593518516779942815e-02,1.174143860672181711e-01
1.844000000000000128e+01,5.000000000000000000e+00,5.354669746367174632e+00,4.936376682832752216e+00,4.936376682832752216e+00,-6.964835151326718155e-01,-6.964835151326718155e-01,-5.428765516038935868e-01,-3.546697463671746320e-01,-5.854160604259870393e-01,1.589554282040050309e-02,2.664396600169299800e-02
1.846000000000000085e+01,5.000000000000000000e+00,5.098410712661551436e+00,4.923114012669839390e+00,4.923114012669839390e+00,-6.631335081456363190e-01,-6.631335081456363190e-01,-3.629834452623167396e-01,-9.841071266155143604e-02,-4.504305778863118004e-01,1.586504122221292501e-02,7.158209140178214969e-02
1.848000000000000043e+01,5.000000000000000000e+00,4.995930959109714742e+00,4.911314808394393161e+00,4.911314808394393161e+00,-5.899602137723325423e-01,-5.899602137723325423e-01,6.859943558740155822e-02,4.069040890285258172e-03,-1.249816050801703243e-01,1.585657790092402999e-02,1.777244627666478560e-01
1.850000000000000000e+01,5.000000000000000000e+00,4.669105113238971150e+00,4.901088457148564892e+00,4.901088457148564892e+00,-5.113175622913938012e-01,-5.113175622913938012e-01,1.964663010370544804e-01,3.308948867610288502e-01,5.167681930662277635e-03,1.585657790092402999e-02,1.754420412054681633e-01
1.851999999999999957e+01,5.000000000000000000e+00,4.925031341144015862e+00,4.893328121509590289e+00,4.893328121509590289e+00,-3.880167819487393976e-01,-3.880167819487393976e-01,7.216902411351502344e-01,7.496865885598413826e-02,4.202365061865066531e-01,1.588503486118547983e-02,2.855687000874580495e-01
1.853999999999999915e+01,5.000000000000000000e+00,4.691221845516603040e+00,4.886710916449468201e+00,4.886710916449468201e+00,-3.308602530061199309e-01,-3.308602530061199309e-01,1.835485074774553249e-01,3.087781544833969605e-01,9.521019674709985114e-02,1.589148216584709492e-02,7.244682856450837538e-02
1.855999999999999872e+01,5.000000000000000000e+00,4.332887121874903436e+00,4.881905864299555198e+00,4.881905864299555198e+00,-2.402526074956425339e-01,-2.402526074956425339e-01,5.752162020986542057e-01,6.671128781250965645e-01,3.921482561939141354e-01,1.591803708713266860e-02,1.671499088176074399e-01
1.858000000000000185e+01,5.000000000000000000e+00,4.217842421741863745e+00,4.879898646149752217e+00,4.879898646149752217e+00,-1.003609074901367082e-01,-1.003609074901367082e-01,1.158664392559415557e+00,7.821575782581362546e-01,8.472333552188726635e-01,1.597540879465142796e-02,2.954556285458915799e-01
1.860000000000000142e+01,5.000000000000000000e+00,4.954717595819277953e+00,4.880639137813695072e+00,4.880639137813695072e+00,3.702458319713625157e-02,3.702458319713625157e-02,1.273493999382592667e+00,4.528240418072204676e-02,9.933401243878330344e-01,1.604267434638162806e-02,2.641112006483778973e-01
1.862000000000000099e+01,5.000000000000000000e+00,3.813668406873509831e+00,4.881088510974081807e+00,4.881088510974081807e+00,2.246865801934370965e-02,2.246865801934370965e-02,-1.085346685807891259e-01,1.186331593126490169e+00,5.750865330951700216e-02,1.604267434638162806e-02,-1.820859962366877527e-01
1.864000000000000057e+01,5.000000000000000000e+00,4.331923035939727384e+00,4.885420083060156848e+00,4.885420083060156848e+00,2.165786043037437048e-01,2.165786043037437048e-01,1.963568120863343980e+00,6.680769640602726156e-01,1.506641123270642479e+00,1.614469886339050739e-02,4.407822987293110728e-01
1.866000000000000014e+01,5.000000000000000000e+00,4.481513358520347268e+00,4.891148731340972944e+00,4.891148731340972944e+00,2.864324140408081032e-01,2.864324140408081032e-01,9.151167016743873006e-01,5.184866414796527323e-01,8.484577443565461952e-01,1.620215348229969016e-02,5.045680383554146387e-02
1.867999999999999972e+01,5.000000000000000000e+00,3.860151690579259665e+00,4.897575611913811855e+00,4.897575611913811855e+00,3.213440286419629310e-01,3.213440286419629310e-01,6.355485600523562706e-01,1.139848309420740335e+00,6.584780346791589967e-01,1.624674333346693908e-02,-3.917621796026966863e-02
1.869999999999999929e+01,5.000000000000000000e+00,4.072822133532860711e+00,4.906851738191996937e+00,4.906851738191996937e+00,4.638063139092556408e-01,4.638063139092556408e-01,1.745966881314890085e+00,9.271778664671392889e-01,1.447607352964340288e+00,1.634477028807712271e-02,2.820147580624728922e-01
1.871999999999999886e+01,5.000000000000000000e+00,4.132737033081573585e+00,4.917771133538464845e+00,4.917771133538464845e+00,5.459697673233998572e-01,5.459697673233998572e-01,1.285440848050698026e+00,8.672629669184264145e-01,1.177515890413266986e+00,1.642450758459329530e-02,9.150045005283771737e-02
1.874000000000000199e+01,5.000000000000000000e+00,4.230090871418592080e+00,4.929902860860781999e+00,4.929902860860781999e+00,6.065863661158475972e-01,6.065863661158475972e-01,1.152135755247877258e+00,7.699091285814079200e-01,1.101423967986401520e+00,1.649909219974828034e-02,3.421269506172738839e-02
1.876000000000000156e+01,5.000000000000000000e+00,3.624468947881908321e+00,4.942761048596336693e+00,4.942761048596336693e+00,6.429093867777196936e-01,6.429093867777196936e-01,9.698165727345683385e-01,1.375531052118091679e+00,9.777845932983880717e-01,1.656530438480628004e-02,-2.453332494862604102e-02
1.878000000000000114e+01,5.000000000000000000e+00,4.187250314103409643e+00,4.958429486411740861e+00,4.958429486411740861e+00,7.834218907701973045e-01,7.834218907701973045e-01,2.048034426702495026e+00,8.127496858965903570e-01,1.746924436189976504e+00,1.668360005528843684e-02,2.844263904572303381e-01
1.880000000000000071e+01,5.000000000000000000e+00,4.298466191149371340e+00,4.974466638346721759e+00,4.974466638346721759e+00,8.018575967490474410e-01,8.018575967490474410e-01,9.677789505586991137e-01,7.015338088506286596e-01,1.032192101088669878e+00,1.675349652827554450e-02,-8.116664705824638837e-02
1.882000000000000028e+01,5.000000000000000000e+00,4.025686899184608869e+00,4.990491194300137323e+00,4.990491194300137323e+00,8.012277976707901095e-01,8.012277976707901095e-01,7.955596059664736819e-01,9.743131008153911310e-01,8.909479372402984154e-01,1.681382843583669948e-02,-1.122021597096613948e-01
1.883999999999999986e+01,5.000000000000000000e+00,4.391656732884004377e+00,5.007536450324210797e+00,5.007536450324210797e+00,8.522628012036853606e-01,8.522628012036853606e-01,1.311577832999742288e+00,6.083432671159956229e-01,1.237377638035546790e+00,1.689761936250682231e-02,5.730257560168870723e-02
1.885999999999999943e+01,5.000000000000000000e+00,4.146324635769063960e+00,5.024171990169596924e+00,5.024171990169596924e+00,8.317769922692844764e-01,8.317769922692844764e-01,6.474047118596764072e-01,8.536753642309360401e-01,7.725959492373144499e-01,1.694993688347879932e-02,-1.421411742611168871e-01
1.887999999999999901e+01,5.000000000000000000e+00,4.739080426039294025e+00,5.041391711286281385e+00,5.041391711286281385e+00,8.609860558342110615e-01,8.609860558342110615e-01,1.123867627918549994e+00,2.609195739607059750e-01,1.084167712573288700e+00,1.702335296480265991e-02,2.267656238045853700e-02
1.890000000000000213e+01,5.000000000000000000e+00,4.551945979768779793e+00,5.057027650013477427e+00,5.057027650013477427e+00,7.817969363597905286e-01,7.817969363597905286e-01,6.909486109000617660e-02,4.480540202312202069e-01,3.313678589300965704e-01,1.704579204816327950e-02,-2.793187898882536491e-01
1.892000000000000171e+01,5.000000000000000000e+00,4.400944279001205217e+00,5.072067560331370295e+00,5.072067560331370295e+00,7.519955158946606266e-01,7.519955158946606266e-01,4.837827317084913981e-01,5.990557209987947829e-01,5.690286056936496584e-01,1.708432469390316552e-02,-1.023301986790614848e-01
1.894000000000000128e+01,5.000000000000000000e+00,4.757609951657176595e+00,5.087166488251596341e+00,5.087166488251596341e+00,7.549463960113232952e-01,7.549463960113232952e-01,7.815043170612875345e-01,2.423900483428234054e-01,7.608007656684694364e-01,1.713584348590906081e-02,3.567707906909078908e-03
1.896000000000000085e+01,5.000000000000000000e+00,5.304438538385465307e+00,5.101055263261755179e+00,5.101055263261755179e+00,6.944387505079524514e-01,6.944387505079524514e-01,1.498699409776149127e-01,-3.044385383854653071e-01,3.078353613953857537e-01,1.715668903006654228e-02,-1.751221094478374041e-01
1.898000000000000043e+01,5.000000000000000000e+00,5.138260027627215010e+00,5.112026335672422483e+00,5.112026335672422483e+00,5.485536205333622073e-01,5.485536205333622073e-01,-7.644125492379495457e-01,-1.382600276272150097e-01,-3.866369437495409400e-01,1.713050731576539268e-02,-3.949061128041739810e-01
1.900000000000000000e+01,5.000000000000000000e+00,5.053982774381743148e+00,5.121196002844546236e+00,5.121196002844546236e+00,4.584833586061772825e-01,4.584833586061772825e-01,-3.521489987384867626e-01,-5.398277438174314824e-02,-1.755902350865630734e-01,1.711861695338945388e-02,-1.936773806053131430e-01
1.901999999999999957e+01,5.000000000000000000e+00,5.377659137423895785e+00,5.129158606812782573e+00,5.129158606812782573e+00,3.981301984118100212e-01,3.981301984118100212e-01,-1.450482433374953861e-01,-3.776591374238957854e-01,-6.855812346481379715e-02,1.711397443479262259e-02,-9.360409430747422543e-02
1.903999999999999915e+01,5.000000000000000000e+00,5.481296835548285173e+00,5.134946431777016151e+00,5.134946431777016151e+00,2.893912482116692830e-01,2.893912482116692830e-01,-6.892593035895975273e-01,-4.812968355482851734e-01,-4.796271045283476697e-01,1.708149574897416603e-02,-2.267136948102239646e-01
1.905999999999999872e+01,5.000000000000000000e+00,6.123191848496133183e+00,5.138546438170909170e+00,5.138546438170909170e+00,1.800003196946715900e-01,1.800003196946715900e-01,-8.045180369583078139e-01,-1.123191848496133183e+00,-6.112469811463221436e-01,1.704010422111701395e-02,-2.103111600331026843e-01
1.908000000000000185e+01,5.000000000000000000e+00,5.472657387632811954e+00,5.138033660592735252e+00,5.138033660592735252e+00,-2.563887890870986119e-02,-2.563887890870986119e-02,-1.876391666339142894e+00,-4.726573876328119539e-01,-1.426453647590089080e+00,1.694350972214634515e-02,-4.668815284712002356e-01
1.910000000000000142e+01,5.000000000000000000e+00,5.392450700383758289e+00,5.136399714913324921e+00,5.136399714913324921e+00,-8.169728397051562174e-02,-8.169728397051562174e-02,-5.862229295267674667e-01,-3.924507003837582886e-01,-6.002748822936712081e-01,1.690286118680992336e-02,-2.850908419906206248e-03
1.912000000000000099e+01,5.000000000000000000e+00,5.250815720302489886e+00,5.134041971832446372e+00,5.134041971832446372e+00,-1.178871540439342391e-01,-1.178871540439342391e-01,-4.435959847047017401e-01,-2.508157203024898863e-01,-4.984123894873730420e-01,1.686911042657691928e-02,3.794729435609438262e-02
1.914000000000000057e+01,5.000000000000000000e+00,5.481951049114845986e+00,5.131510820862896338e+00,5.131510820862896338e+00,-1.265575484775201542e-01,-1.265575484775201542e-01,-2.045910983797935290e-01,-4.819510491148459863e-01,-3.185359647841621844e-01,1.684754027463090595e-02,9.709732612973773214e-02
1.916000000000000014e+01,5.000000000000000000e+00,5.543927906895929958e+00,5.127947966979602867e+00,5.127947966979602867e+00,-1.781426941646865880e-01,-1.781426941646865880e-01,-6.424090053491844365e-01,-5.439279068959299579e-01,-6.120778323758544470e-01,1.680609248440703002e-02,-4.713726545773694321e-02
1.917999999999999972e+01,5.000000000000000000e+00,6.084135012867781356e+00,5.123265619108501312e+00,5.123265619108501312e+00,-2.341173935550991958e-01,-2.341173935550991958e-01,-7.378896880688128324e-01,-1.084135012867781356e+00,-6.907884417578310510e-01,1.675931468441398120e-02,-6.386056099539567932e-02
1.919999999999999929e+01,5.000000000000000000e+00,5.776383881162903577e+00,5.115703684187030476e+00,5.115703684187030476e+00,-3.780967460735427110e-01,-3.780967460735427110e-01,-1.673910918739534015e+00,-7.763838811629035774e-01,-1.376851466342082331e+00,1.666607907330735355e-02,-3.137255314707589338e-01
1.921999999999999886e+01,5.000000000000000000e+00,6.464190054418476272e+00,5.106826430702790631e+00,5.106826430702790631e+00,-4.438626742119746726e-01,-4.438626742119746726e-01,-1.035756027457862327e+00,-1.464190054418476272e+00,-9.860075290768876011e-01,1.659931005952734392e-02,-6.634780844050208737e-02
1.924000000000000199e+01,5.000000000000000000e+00,6.197434941710265655e+00,5.094372864727803041e+00,5.094372864727803041e+00,-6.226782987494016153e-01,-6.226782987494016153e-01,-2.232018919586244099e+00,-1.197434941710265655e+00,-1.859521369111464928e+00,1.647338971484735640e-02,-3.889709401896266905e-01
1.926000000000000156e+01,5.000000000000000000e+00,6.116436585639184464e+00,5.079877040194981319e+00,5.079877040194981319e+00,-7.247912266410840854e-01,-7.247912266410840854e-01,-1.643807577666226871e+00,-1.116436585639184464e+00,-1.520742375972037319e+00,1.637041030986027476e-02,-1.394356120040498026e-01
1.928000000000000114e+01,5.000000000000000000e+00,5.930567072470285694e+00,5.063913062487286787e+00,5.063913062487286787e+00,-7.981988853847462595e-01,-7.981988853847462595e-01,-1.458867814077705383e+00,-9.305670724702856944e-01,-1.417874463761764181e+00,1.627439676349530517e-02,-5.726774707943643739e-02
1.930000000000000071e+01,5.000000000000000000e+00,5.611403466442135723e+00,5.047319182111482228e+00,5.047319182111482228e+00,-8.296940187902209773e-01,-8.296940187902209773e-01,-1.113150219439493771e+00,-6.114034664421357235e-01,-1.181820182037262912e+00,1.619436799526285942e-02,5.247559460250607322e-02
1.932000000000000028e+01,5.000000000000000000e+00,5.725281203805651309e+00,5.031255361327136910e+00,5.031255361327136910e+00,-8.031910392172578739e-01,-8.031910392172578739e-01,-5.646642230605904977e-01,-7.252812038056513089e-01,-7.764824023815123377e-01,1.614178729714883451e-02,1.956763920237729604e-01
1.933999999999999986e+01,5.000000000000000000e+00,5.800604496777328478e+00,5.015148391912206627e+00,5.015148391912206627e+00,-8.053484707465266013e-01,-8.053484707465266013e-01,-8.247653545099452588e-01,-8.006044967773284782e-01,-9.211071288331771356e-01,1.607941311362154693e-02,8.026236120961030562e-02
1.935999999999999943e+01,5.000000000000000000e+00,5.940376095563880909e+00,4.998687950445102501e+00,4.998687950445102501e+00,-8.230220733552215950e-01,-8.230220733552215950e-01,-9.820844968334763170e-01,-9.403760955638809094e-01,-1.016767710907207078e+00,1.601056112689869596e-02,1.867265294683198573e-02
1.937999999999999901e+01,5.000000000000000000e+00,5.205436621845942469e+00,4.981403786421275903e+00,4.981403786421275903e+00,-8.642082011913363448e-01,-8.642082011913363448e-01,-1.234883351716369093e+00,-2.054366218459424687e-01,-1.194277641366128684e+00,1.592968878268020277e-02,-5.653539913292071617e-02
1.940000000000000213e+01,5.000000000000000000e+00,5.756325765907174485e+00,4.966010903979846347e+00,4.966010903979846347e+00,-7.696441220714683729e-01,-7.696441220714683729e-01,8.143259000734337505e-02,-7.563257659071744854e-01,-2.609045097443469241e-01,1.591202123320145309e-02,3.264250785184888426e-01
1.942000000000000171e+01,5.000000000000000000e+00,5.493450304619431179e+00,4.950176245814031262e+00,4.950176245814031262e+00,-7.917329082907544890e-01,-7.917329082907544890e-01,-9.905319842643295347e-01,-4.934503046194311793e-01,-9.605337227021115698e-01,1.584697721733343764e-02,-4.584523877955137827e-02
1.944000000000000128e+01,5.000000000000000000e+00,8.512308689463210953e+00,4.934900939397198094e+00,4.934900939397198094e+00,-7.637653208416721462e-01,-7.637653208416721462e-01,-5.120570337999312827e-01,-3.512308689463210953e+00,-6.266818868666775844e-01,1.580454049113616533e-02,9.882031257561019189e-02
1.946000000000000085e+01,5.000000000000000000e+00,4.848883832649352854e+00,4.909394470001000599e+00,4.909394470001000599e+00,-1.275323469809875876e+00,-1.275323469809875876e+00,-5.879346810523710332e+00,1.511161673506471459e-01,-4.460632035618277591e+00,1.550248194384232919e-02,-1.434217256849275257e+00
1.948000000000000043e+01,5.000000000000000000e+00,4.611933718411965977e+00,4.888494380563159325e+00,4.888494380563159325e+00,-1.045004471892051701e+00,-1.045004471892051701e+00,1.027866509368364989e+00,3.880662815880340233e-01,1.919175325353218720e-01,1.551547793423448465e-02,8.204334988988086774e-01
1.950000000000000000e+01,5.000000000000000000e+00,4.706070052661371683e+00,4.872085695339843703e+00,4.872085695339843703e+00,-8.204342611657826634e-01,-8.204342611657826634e-01,1.200697635370639116e+00,2.939299473386283168e-01,4.928441776168032140e-01,1.554885163445105488e-02,6.923046061193847134e-01
1.951999999999999957e+01,5.000000000000000000e+00,4.746758919941753696e+00,4.858971075623974123e+00,4.858971075623974123e+00,-6.557309857934698893e-01,-6.557309857934698893e-01,8.265984925573454101e-01,2.532410800582463040e-01,3.732910331200579579e-01,1.557412960992217606e-02,4.377333298273652917e-01
1.953999999999999915e+01,5.000000000000000000e+00,4.438280764976849646e+00,4.848414642589672141e+00,4.848414642589672141e+00,-5.278216517150923215e-01,-5.278216517150923215e-01,6.233623549903055672e-01,5.617192350231503539e-01,3.216161716739728282e-01,1.559590834280718576e-02,2.861502749735255202e-01
1.955999999999999872e+01,5.000000000000000000e+00,4.685671826839566734e+00,4.841079762775461148e+00,4.841079762775461148e+00,-3.667439907105420893e-01,-3.667439907105420893e-01,1.082954958330410111e+00,3.143281731604332663e-01,7.133834284794009495e-01,1.564421619701917773e-02,3.539273136539901055e-01
1.958000000000000185e+01,5.000000000000000000e+00,4.443867767049537676e+00,4.835557203740838972e+00,4.835557203740838972e+00,-2.761279517311057696e-01,-2.761279517311057696e-01,5.394163990838212186e-01,5.561322329504623241e-01,3.991967799137502437e-01,1.567124841991097625e-02,1.245483707501600090e-01
1.960000000000000142e+01,5.000000000000000000e+00,4.468341150684367769e+00,4.832446119195558332e+00,4.832446119195558332e+00,-1.555542272640373369e-01,-1.555542272640373369e-01,9.296092929395783910e-01,5.316588493156322315e-01,7.062879358470871560e-01,1.571907579194471716e-02,2.076022813005464762e-01
1.962000000000000099e+01,5.000000000000000000e+00,4.326905919971552272e+00,4.831294353882693571e+00,4.831294353882693571e+00,-5.758826564322601371e-02,-5.758826564322601371e-02,8.241053889440759228e-01,6.730940800284477277e-01,6.752067386308528985e-01,1.576479845298586063e-02,1.331338518602371568e-01
1.964000000000000057e+01,5.000000000000000000e+00,4.780644714886364000e+00,4.832326326315869558e+00,4.832326326315869558e+00,5.159862165881107243e-02,5.159862165881107243e-02,1.034280607377144889e+00,2.193552851136360005e-01,8.548294816361285964e-01,1.582268454386830808e-02,1.636284411971481167e-01
1.966000000000000014e+01,5.000000000000000000e+00,4.138075645664406998e+00,4.833621103006054298e+00,4.833621103006054298e+00,6.473883450924329541e-02,6.473883450924329541e-02,1.830007501631333022e-01,8.619243543355930015e-01,2.785812120943177428e-01,1.584154909838808231e-02,-1.114220110295725263e-01
1.967999999999999972e+01,5.000000000000000000e+00,3.857926519896478279e+00,4.837491529213922448e+00,4.837491529213922448e+00,1.935213103934087520e-01,1.935213103934087520e-01,1.352563593350897930e+00,1.142073480103521721e+00,1.094643930006203192e+00,1.591567459286094208e-02,2.420039887518337929e-01
1.969999999999999929e+01,5.000000000000000000e+00,3.860301653866065053e+00,4.844525641339808786e+00,4.844525641339808786e+00,3.517056062943013650e-01,3.517056062943013650e-01,1.775364269402334827e+00,1.139698346133934947e+00,1.450433319731472714e+00,1.601389291214984356e-02,3.089170567587121718e-01
1.971999999999999886e+01,5.000000000000000000e+00,4.338705137944469215e+00,4.854213518112254988e+00,4.854213518112254988e+00,4.843938386222971237e-01,4.843938386222971237e-01,1.678587929574258952e+00,6.612948620555307855e-01,1.447416899590097339e+00,1.611190696991736046e-02,2.150591230142442911e-01
1.974000000000000199e+01,5.000000000000000000e+00,3.990110799261373575e+00,4.864469226615811159e+00,4.864469226615811159e+00,5.127854251778177774e-01,5.127854251778177774e-01,7.683097041775041047e-01,1.009889200738626425e+00,8.398444748105241553e-01,1.616877832805413764e-02,-8.770354896107424025e-02
1.976000000000000156e+01,5.000000000000000000e+00,3.128309798379696360e+00,4.876521409089269454e+00,4.876521409089269454e+00,6.026091236729163025e-01,6.026091236729163025e-01,1.411022410128802917e+00,1.871690201620303640e+00,1.282559284938055599e+00,1.625562879931765833e-02,1.122074963914296841e-01
1.978000000000000114e+01,5.000000000000000000e+00,4.544772676960392666e+00,4.893170743907637288e+00,4.893170743907637288e+00,8.324667409183765798e-01,8.324667409183765798e-01,2.901185296127518853e+00,4.552273230396073345e-01,2.377046556057785587e+00,1.641659415665700297e-02,5.077221459130760728e-01
1.980000000000000071e+01,5.000000000000000000e+00,4.157867241456616014e+00,4.908644348109313604e+00,4.908644348109313604e+00,7.736802100838096052e-01,7.736802100838096052e-01,2.446014325727062788e-01,8.421327585433839857e-01,5.781387002603013414e-01,1.645574370643840961e-02,-3.499930113940334930e-01
1.982000000000000028e+01,5.000000000000000000e+00,4.774289494067676998e+00,4.924638033029579809e+00,4.924638033029579809e+00,7.996842460133114505e-01,7.996842460133114505e-01,1.033720569378828280e+00,2.257105059323230023e-01,1.069508603350097786e+00,1.652816712367314103e-02,-5.231620109494272697e-02
1.983999999999999986e+01,5.000000000000000000e+00,4.416418388676174089e+00,4.938951550054208717e+00,4.938951550054208717e+00,7.156758512314268517e-01,7.156758512314268517e-01,-4.039970180553476009e-02,5.835816113238259106e-01,2.866523425340501974e-01,1.654757822718332105e-02,-3.435996225667682924e-01
1.985999999999999943e+01,5.000000000000000000e+00,4.163222045890263345e+00,4.953224608351004754e+00,4.953224608351004754e+00,7.136529148398088607e-01,7.136529148398088607e-01,6.954464873152466087e-01,8.367779541097366547e-01,7.411486463812588799e-01,1.659776624575717147e-02,-6.229992531176936632e-02
1.987999999999999901e+01,5.000000000000000000e+00,4.025177196208253427e+00,4.968394079941838015e+00,4.968394079941838015e+00,7.584735795416600590e-01,7.584735795416600590e-01,1.161859561858321177e+00,9.748228037917465727e-01,1.062708001719365525e+00,1.666972914981060955e-02,8.248183098914499412e-02
1.990000000000000213e+01,5.000000000000000000e+00,4.317479870734294956e+00,4.984809128656708666e+00,4.984809128656708666e+00,8.207524357435438400e-01,8.207524357435438400e-01,1.381262141560497314e+00,6.825201292657050445e-01,1.238024960815518272e+00,1.675356391093670017e-02,1.264836168340424394e-01
1.992000000000000171e+01,5.000000000000000000e+00,5.319639864335698576e+00,5.001235841749450906e+00,5.001235841749450906e+00,8.213356546371254341e-01,8.213356546371254341e-01,8.265846246793600027e-01,-3.196398643356985758e-01,8.668005641674454420e-01,1.681226064205355170e-02,-5.702820013013898404e-02
1.994000000000000128e+01,5.000000000000000000e+00,4.134806557514704828e+00,5.014163576986924831e+00,5.014163576986924831e+00,6.463867618736915954e-01,6.463867618736915954e-01,-9.281532729972128415e-01,8.651934424852951722e-01,-4.059426277063372113e-01,1.678477161372068233e-02,-5.389954169045962917e-01
1.996000000000000085e+01,5.000000000000000000e+00,4.577109111955182108e+00,5.028455348790990875e+00,5.028455348790990875e+00,7.145885902032961257e-01,7.145885902032961257e-01,1.328405045169736898e+00,4.228908880448178920e-01,1.098795671956324993e+00,1.685917824977441887e-02,2.127501949636374512e-01
1.998000000000000043e+01,5.000000000000000000e+00,4.698114959691420012e+00,5.042283194292743076e+00,5.042283194292743076e+00,6.913922750875918233e-01,6.913922750875918233e-01,4.826254390462535460e-01,3.018850403085799883e-01,5.370714278169187450e-01,1.689554686614627363e-02,-7.134153563681144838e-02
2.000000000000000000e+01,5.000000000000000000e+00,5.469054152188715712e+00,5.055308486290425840e+00,5.055308486290425840e+00,6.512645998841420925e-01,6.512645998841420925e-01,2.901155230530949036e-01,-4.690541521887157117e-01,3.833940011918965940e-01,1.692150897961281278e-02,-1.101999871184144858e-01
