t_s,x_ref_cm,x_meas_cm,x_meas_raw_cm,x_true_cm,v_true_cmps,v_obs_cmps,v_cmd_cmps,err_cm,p_term,i_term,d_term
0.000000000000000000e+00,5.186464487024091241e+00,1.317451186893295843e-02,1.317451186893295843e-02,1.317451186893295843e-02,6.587255934466479390e-01,6.587255934466479390e-01,6.587255934466480056e+00,5.173289975155157983e+00,6.586809898520596285e+00,4.460359458840718679e-04,0.000000000000000000e+00
2.000000000000000042e-02,4.855558572818075014e+00,3.731983121391223984e-02,3.731983121391223984e-02,3.731983121391223984e-02,1.207265967248964067e+00,1.207265967248964067e+00,6.144129331469808442e+00,4.818238741604162989e+00,6.149827757405410544e+00,8.624809751256980661e-04,-6.560906910728613213e-03
4.000000000000000083e-02,4.844508595303338438e+00,7.123019587585580070e-02,7.123019587585580070e-02,7.123019587585580070e-02,1.695518233097177641e+00,1.695518233097177641e+00,6.089788625731099359e+00,4.773278399427482555e+00,6.105129730393571208e+00,1.275899208837388832e-03,-1.661700387130971013e-02
5.999999999999999778e-02,5.236065195761392843e+00,1.148146065927287962e-01,1.148146065927287962e-01,1.148146065927287962e-01,2.179220535843649387e+00,2.179220535843649387e+00,6.532541260561894880e+00,5.121250589168663936e+00,6.559340449854632382e+00,1.720075018827545155e-03,-2.851926431156468975e-02
8.000000000000000167e-02,5.221194347466003194e+00,1.669317621839754850e-01,1.669317621839754850e-01,1.669317621839754850e-01,2.605857779562334553e+00,2.605857779562334553e+00,6.445592973030502826e+00,5.054262585282027764e+00,6.485102270909058220e+00,2.159223676542646603e-03,-4.166852155509803701e-02
1.000000000000000056e-01,5.362650225763296419e+00,2.269292946073717676e-01,2.269292946073717676e-01,2.269292946073717676e-01,2.999876621169814683e+00,2.999876621169814683e+00,6.546046195637138077e+00,5.135720931155924873e+00,6.598562448745737719e+00,2.606055464410468332e-03,-5.512230857300947501e-02
1.199999999999999956e-01,5.358202117890469296e+00,2.938296726751259969e-01,2.938296726751259969e-01,2.938296726751259969e-01,3.345018903387712239e+00,3.345018903387712239e+00,6.451299443348789353e+00,5.064372445215343355e+00,6.516716485569534534e+00,3.047344927212814782e-03,-6.846438714795798075e-02
1.400000000000000133e-01,5.670622959345172909e+00,3.675416044639838731e-01,3.675416044639838731e-01,3.675416044639838731e-01,3.685596589442892590e+00,3.685596589442892590e+00,6.750795763939514416e+00,5.303081354881189036e+00,6.828527474070959613e+00,3.509749149866438645e-03,-8.124145928131219774e-02
1.600000000000000033e-01,5.738577299000948706e+00,4.473455619274634976e-01,4.473455619274634976e-01,4.473455619274634976e-01,3.990197873173980447e+00,3.990197873173980447e+00,6.731609426753772496e+00,5.291231737073485597e+00,6.821215332061945524e+00,3.971658219596618106e-03,-9.357756352776976094e-02
1.799999999999999933e-01,5.619904741962638894e+00,5.321057636279301617e-01,5.321057636279301617e-01,5.321057636279301617e-01,4.238010085023332429e+00,4.238010085023332429e+00,6.468319991667500268e+00,5.087798978334708622e+00,6.569150158644672999e+00,4.416498309079643428e-03,-1.052466652862516922e-01
2.000000000000000111e-01,5.439981966738304919e+00,6.206338613732811371e-01,6.206338613732811371e-01,6.206338613732811371e-01,4.426404887267550770e+00,4.426404887267550770e+00,6.121958107465514942e+00,4.819348105365024004e+00,6.233002777950176210e+00,4.838575662547135552e-03,-1.158832461472085740e-01
2.200000000000000011e-01,5.583581352005658083e+00,7.126751562186363076e-01,7.126751562186363076e-01,7.126751562186363076e-01,4.602064742267758746e+00,4.602064742267758746e+00,6.183003437269629643e+00,4.870906195787021886e+00,6.302943313103119394e+00,5.265389146741519637e-03,-1.252052649802307960e-01
2.399999999999999911e-01,5.449117172618493044e+00,8.072872692467936151e-01,8.072872692467936151e-01,8.072872692467936151e-01,4.730605651407865153e+00,4.730605651407865153e+00,5.887473833668821932e+00,4.641829903371699650e+00,6.015281360827818169e+00,5.672723160151907536e-03,-1.334802503191484246e-01
2.600000000000000089e-01,5.655850652775354703e+00,9.044845953504971892e-01,9.044845953504971892e-01,9.044845953504971892e-01,4.859866305185176927e+00,4.859866305185176927e+00,6.023212189180982890e+00,4.751366057424857736e+00,6.157675497081273264e+00,6.089699611135364170e-03,-1.405530075114262423e-01
2.800000000000000266e-01,5.690186994308666257e+00,1.003837292729903741e+00,1.003837292729903741e+00,1.003837292729903741e+00,4.967634868970327133e+00,4.967634868970327133e+00,5.937551943036678104e+00,4.686349701578762961e+00,6.077842046676875221e+00,6.501270017445767019e-03,-1.467913736576427486e-01
2.999999999999999889e-01,5.336037586538826538e+00,1.103967793586419166e+00,1.103967793586419166e+00,1.103967793586419166e+00,5.006525042825769489e+00,5.006525042825769489e+00,5.356536607524750693e+00,4.232069792952406928e+00,5.501894373137331762e+00,6.873839242713334317e-03,-1.522316048552943835e-01
3.200000000000000067e-01,5.298481401021144954e+00,1.204440923829342536e+00,1.204440923829342536e+00,1.204440923829342536e+00,5.023656512146173370e+00,5.023656512146173370e+00,5.177839736029803852e+00,4.094040477191802196e+00,5.327032281442101613e+00,7.234567412952720537e-03,-1.564271128252507637e-01
3.400000000000000244e-01,5.100924096841007227e+00,1.304459878441677656e+00,1.304459878441677656e+00,1.304459878441677656e+00,5.000947730616755571e+00,5.000947730616755571e+00,4.796568696851994495e+00,3.796464218399329571e+00,4.948533629724813920e+00,7.569664965831723880e-03,-1.595345978386513708e-01
3.599999999999999867e-01,5.038677796132543740e+00,1.403654665403359481e+00,1.403654665403359481e+00,1.403654665403359481e+00,4.959739348084095667e+00,4.959739348084095667e+00,4.588863905290154754e+00,3.635023130729184260e+00,4.742456755467400420e+00,7.890807706753138334e-03,-1.614836578839988490e-01
3.800000000000000044e-01,5.225790075111090616e+00,1.502329761503383487e+00,1.502329761503383487e+00,1.502329761503383487e+00,4.933754805001195010e+00,4.933754805001195010e+00,4.699893917255089981e+00,3.723460313607707128e+00,4.854111970328818693e+00,8.219511351988003506e-03,-1.624375644257167461e-01
4.000000000000000222e-01,5.211196104414275609e+00,1.600249252466201977e+00,1.600249252466201977e+00,1.600249252466201977e+00,4.895974548140925364e+00,4.895974548140925364e+00,4.555952236398497668e+00,3.610946851948073633e+00,4.710260255496833359e+00,8.538473857478339618e-03,-1.628464929558136876e-01
4.199999999999999845e-01,4.838529851864156406e+00,1.696294148084050324e+00,1.696294148084050324e+00,1.696294148084050324e+00,4.802244780892420906e+00,4.802244780892420906e+00,3.958676875655876337e+00,3.142235703780106082e+00,4.112616361235402529e+00,8.816965989026563297e-03,-1.627564515685531732e-01
4.400000000000000022e-01,4.884350922720223309e+00,1.790526880877201688e+00,1.790526880877201688e+00,1.790526880877201688e+00,4.711636639657569958e+00,4.711636639657569958e+00,3.896163368543909655e+00,3.093824041843021622e+00,4.048832103787940007e+00,9.091138871645273664e-03,-1.617598741156756892e-01
4.600000000000000200e-01,4.792454159318194407e+00,1.882659614661889247e+00,1.882659614661889247e+00,1.882659614661889247e+00,4.606636689234381521e+00,4.606636689234381521e+00,3.661637135425689582e+00,2.909794544656305160e+00,3.812447643620060944e+00,9.349304617591199656e-03,-1.601598128119623710e-01
4.799999999999999822e-01,4.974281779393985303e+00,1.973135037793988911e+00,1.973135037793988911e+00,1.973135037793988911e+00,4.523771156604980526e+00,4.523771156604980526e+00,3.777981362940372456e+00,3.001146741599996393e+00,3.926360149209762174e+00,9.615184123758160548e-03,-1.579939703931480532e-01
5.000000000000000000e-01,5.023447939163325771e+00,2.062019163324433357e+00,2.062019163324433357e+00,2.062019163324433357e+00,4.444206276522217003e+00,4.444206276522217003e+00,3.728122355777344854e+00,2.961428775838892413e+00,3.873897384739057870e+00,9.877511033275923960e-03,-1.556525399949892641e-01
5.200000000000000178e-01,4.770362365223665968e+00,2.148607846746733330e+00,2.148607846746733330e+00,2.148607846746733330e+00,4.329434171114996843e+00,4.329434171114996843e+00,3.296485222450010966e+00,2.621754518476932638e+00,3.439595866412025416e+00,1.011042854863925845e-02,-1.532210725106538107e-01
5.400000000000000355e-01,4.702135393650016759e+00,2.232743530029569268e+00,2.232743530029569268e+00,2.232743530029569268e+00,4.206784164141804894e+00,4.206784164141804894e+00,3.102934101383080012e+00,2.469391863620447491e+00,3.242979984567170071e+00,1.033003191767294104e-02,-1.503759151017630413e-01
5.600000000000000533e-01,4.764864267704974843e+00,2.314624001824727273e+00,2.314624001824727273e+00,2.314624001824727273e+00,4.094023589757903814e+00,4.094023589757903814e+00,3.079178420302791874e+00,2.450240265880247570e+00,3.215793336847764916e+00,1.054779430111302610e-02,-1.471627108460864253e-01
5.799999999999999600e-01,4.766574484510113230e+00,2.394278317245383203e+00,2.394278317245383203e+00,2.394278317245383203e+00,3.982715771032794727e+00,3.982715771032794727e+00,2.980945402506815167e+00,2.372296167264730027e+00,3.113977113010440334e+00,1.075866204262396902e-02,-1.437903725462491844e-01
5.999999999999999778e-01,4.463296262097675715e+00,2.470963737679346295e+00,2.470963737679346295e+00,2.470963737679346295e+00,3.834271021698158588e+00,3.834271021698158588e+00,2.498268277686431560e+00,1.992332524418329420e+00,2.627652789962411362e+00,1.093659758588126640e-02,-1.403211098618610819e-01
6.199999999999999956e-01,4.510900551265379477e+00,2.544911451408166325e+00,2.544911451408166325e+00,2.544911451408166325e+00,3.697385686441012176e+00,3.697385686441012176e+00,2.465417669126695355e+00,1.965989099857213152e+00,2.590719753254262070e+00,1.111203215184966564e-02,-1.364141162794163809e-01
6.400000000000000133e-01,4.816816937731197790e+00,2.616993016845747366e+00,2.616993016845747366e+00,2.616993016845747366e+00,3.604078271879048945e+00,3.604078271879048945e+00,2.764311540821379420e+00,2.199823920885450423e+00,2.885319967630250115e+00,1.130741602367344584e-02,-1.323158428325438285e-01
6.600000000000000311e-01,4.399213079077922472e+00,2.686159150652396743e+00,2.686159150652396743e+00,2.686159150652396743e+00,3.458306690332463074e+00,3.458306690332463074e+00,2.146362456413191566e+00,1.713053928425525729e+00,2.263419479034862292e+00,1.146068694902541325e-02,-1.285177095706960260e-01
6.800000000000000488e-01,4.625413167547379523e+00,2.753108816944212833e+00,2.753108816944212833e+00,2.753108816944212833e+00,3.347483314590807613e+00,3.347483314590807613e+00,2.350072932915908464e+00,1.872304350603166689e+00,2.462852601456628321e+00,1.162746279447838225e-02,-1.244071313351986091e-01
7.000000000000000666e-01,4.450197989920360087e+00,2.817456818079637770e+00,2.817456818079637770e+00,2.817456818079637770e+00,3.217400056771236638e+00,3.217400056771236638e+00,2.046650736395097869e+00,1.632741171840722316e+00,2.155303249679707100e+00,1.177341246335433106e-02,-1.204259257479634443e-01
7.199999999999999734e-01,4.545191590123404346e+00,2.879549622512640461e+00,2.879549622512640461e+00,2.879549622512640461e+00,3.104640221650144749e+00,3.104640221650144749e+00,2.089801705560317302e+00,1.665641967610763885e+00,2.194223160495583524e+00,1.192199765375009414e-02,-1.163434525890160304e-01
7.399999999999999911e-01,4.558682682977513778e+00,2.939497552015277737e+00,2.939497552015277737e+00,2.939497552015277737e+00,2.997396475131869575e+00,2.997396475131869575e+00,2.032202756467392568e+00,1.619185130962236041e+00,2.132498986790388962e+00,1.206640309695007282e-02,-1.123626334199465671e-01
7.600000000000000089e-01,4.739132171902752155e+00,2.997829187020941699e+00,2.997829187020941699e+00,2.997829187020941699e+00,2.916581750283190555e+00,2.916581750283190555e+00,2.189249226645077151e+00,1.741302984881810456e+00,2.285535967257092516e+00,1.222117167426039520e-02,-1.085079122862759593e-01
7.800000000000000266e-01,4.850801913218601769e+00,3.054848960919572143e+00,3.054848960919572143e+00,3.054848960919572143e+00,2.850988694931524403e+00,2.850988694931524403e+00,2.260651196766527704e+00,1.795952952299029626e+00,2.353275362271028293e+00,1.238052732871339386e-02,-1.050046928332138280e-01
8.000000000000000444e-01,5.015810538131181495e+00,3.110968899909736241e+00,3.110968899909736241e+00,3.110968899909736241e+00,2.805996949508204885e+00,2.805996949508204885e+00,2.401071240698330111e+00,1.904841638221445255e+00,2.490421203058744037e+00,1.254917002435359218e-02,-1.018991323847676378e-01
8.200000000000000622e-01,4.908296912527730704e+00,3.165868911388827645e+00,3.165868911388827645e+00,3.165868911388827645e+00,2.745000573954569756e+00,2.745000573954569756e+00,2.196033193971852704e+00,1.742428001138903060e+00,2.282606576024853062e+00,1.270374023343874038e-02,-9.927712228643906234e-02
8.399999999999999689e-01,5.111498314829807654e+00,3.220052894150839951e+00,3.220052894150839951e+00,3.220052894150839951e+00,2.709199138100621074e+00,2.709199138100621074e+00,2.386986215415084711e+00,1.891445420678967704e+00,2.470949342370044821e+00,1.287106436213466404e-02,-9.683419131709486427e-02
8.599999999999999867e-01,5.074323139729262522e+00,3.273364851008952137e+00,3.273364851008952137e+00,3.273364851008952137e+00,2.665597842905599091e+00,2.665597842905599091e+00,2.273186186150402577e+00,1.800958288720310385e+00,2.354923211884596856e+00,1.303053160325440794e-02,-9.476755733744852972e-02
8.800000000000000044e-01,5.237692814069819569e+00,3.326175630845740638e+00,3.326175630845740638e+00,3.326175630845740638e+00,2.640538991839421534e+00,2.640538991839421534e+00,2.415009332243825302e+00,1.911517183224078931e+00,2.494696513087301781e+00,1.319946380807764282e-02,-9.288664465155384298e-02
9.000000000000000222e-01,5.141305882757148282e+00,3.378159833829494918e+00,3.378159833829494918e+00,3.378159833829494918e+00,2.599210149187721530e+00,2.599210149187721530e+00,2.227250565322421494e+00,1.763146048927653364e+00,2.305215419927487908e+00,1.335556500974202469e-02,-9.132041961480835690e-02
9.200000000000000400e-01,5.077803065290496853e+00,3.429110088937807443e+00,3.429110088937807443e+00,3.429110088937807443e+00,2.547512755415633823e+00,2.547512755415633823e+00,2.082236211466844900e+00,1.648692976352689410e+00,2.158546903955472551e+00,1.350173432764767076e-02,-8.981242681627547852e-02
9.400000000000000577e-01,5.433333018491808275e+00,3.479906909119724556e+00,3.479906909119724556e+00,3.479906909119724556e+00,2.539841009095854307e+00,2.539841009095854307e+00,2.470795292217837780e+00,1.953426109372083719e+00,2.545363120533580936e+00,1.367409749958931400e-02,-8.824192581533246704e-02
9.599999999999999645e-01,2.765696251320243437e+00,3.523663045234362468e+00,3.523663045234362468e+00,3.523663045234362468e+00,2.187806805731904003e+00,2.187806805731904003e+00,-9.805010245436498462e-01,-7.579667939141190303e-01,-9.070475354053409989e-01,1.361267538301855901e-02,-8.706616452132745487e-02
9.799999999999999822e-01,5.276487561192368503e+00,3.567357795102752860e+00,3.567357795102752860e+00,3.567357795102752860e+00,2.184737493419517396e+00,2.184737493419517396e+00,2.157113682608039706e+00,1.709129766089615643e+00,2.226087135266667794e+00,1.376341829139094732e-02,-8.273687095001890091e-02
1.000000000000000000e+00,5.352095050068200521e+00,3.611084784833108241e+00,3.611084784833108241e+00,3.611084784833108241e+00,2.186349486517761953e+00,2.186349486517761953e+00,2.200857424401964746e+00,1.741010265235092280e+00,2.266616313806118388e+00,1.391690569531797532e-02,-7.967579509947164684e-02
1.020000000000000018e+00,5.638500721593043608e+00,3.655461796401819452e+00,3.655461796401819452e+00,3.655461796401819452e+00,2.218850578435550780e+00,2.218850578435550780e+00,2.511360405695650222e+00,1.983038925191224155e+00,2.574818239685118026e+00,1.409126346587932961e-02,-7.754909745534713239e-02
1.040000000000000036e+00,5.671270327146179291e+00,3.700397021487789040e+00,3.700397021487789040e+00,3.700397021487789040e+00,2.246761254298485611e+00,2.246761254298485611e+00,2.497957337064899086e+00,1.970873305658390251e+00,2.560076834045336813e+00,1.426462299952334541e-02,-7.638411997996118197e-02
1.060000000000000053e+00,5.387861464430012681e+00,3.745002009987960623e+00,3.745002009987960623e+00,3.745002009987960623e+00,2.230249425008582698e+00,2.230249425008582698e+00,2.081642961399455150e+00,1.642859454442052058e+00,2.143079842536624202e+00,1.440974494161637726e-02,-7.584662607878568663e-02
1.080000000000000071e+00,5.866163295958001456e+00,3.790412821789046927e+00,3.790412821789046927e+00,3.790412821789046927e+00,2.270540590054316965e+00,2.270540590054316965e+00,2.633161075465926260e+00,2.075750474168954529e+00,2.693874833181951978e+00,1.459216481220980063e-02,-7.530592252823542498e-02
1.100000000000000089e+00,5.961580235752350632e+00,3.836676217951817680e+00,3.836676217951817680e+00,3.836676217951817680e+00,2.313169808138535455e+00,2.313169808138535455e+00,2.696832770896500531e+00,2.124904017800532952e+00,2.757382615733395603e+00,1.477888520981064484e-02,-7.532873004670577466e-02
1.120000000000000107e+00,5.315773559333298870e+00,3.881948455355939132e+00,3.881948455355939132e+00,3.881948455355939132e+00,2.263611870206071686e+00,2.263611870206071686e+00,1.817590428813896652e+00,1.433825103977359738e+00,1.878453623554481089e+00,1.490608758116945300e-02,-7.576928232175388078e-02
1.140000000000000124e+00,5.399627466350921168e+00,3.926427278779823116e+00,3.926427278779823116e+00,3.926427278779823116e+00,2.223941171194190769e+00,2.223941171194190769e+00,1.866904880087262075e+00,1.473200187571098052e+00,1.927452343963627301e+00,1.503660797611502085e-02,-7.558407185248020022e-02
1.159999999999999920e+00,4.995685932406083829e+00,3.969054275361246109e+00,3.969054275361246109e+00,3.969054275361246109e+00,2.131349829071156332e+00,2.131349829071156332e+00,1.298027749963847732e+00,1.026631657044837720e+00,1.357958490105351190e+00,1.512856422032687886e-02,-7.505930436183036458e-02
1.179999999999999938e+00,5.350836608156193108e+00,4.010811254690126226e+00,4.010811254690126226e+00,4.010811254690126226e+00,2.087848966444010745e+00,2.087848966444010745e+00,1.696341202799700021e+00,1.340025353466066882e+00,1.754863562649582764e+00,1.524739750094724483e-02,-7.376975735082991203e-02
1.199999999999999956e+00,5.188724715246573638e+00,4.051270266060345904e+00,4.051270266060345904e+00,4.051270266060345904e+00,2.022950568510997638e+00,2.022950568510997638e+00,1.438864987113880112e+00,1.137454449186227734e+00,1.495950094906688177e+00,1.534869805855509917e-02,-7.243380585136323380e-02
1.219999999999999973e+00,4.904645115032731262e+00,4.089740088083008374e+00,4.089740088083008374e+00,4.089740088083008374e+00,1.923491101133115055e+00,1.923491101133115055e+00,1.028355894732172482e+00,8.149050269497228882e-01,1.083786058194929458e+00,1.542208829556672434e-02,-7.085225175832365885e-02
1.239999999999999991e+00,5.321303921899451339e+00,4.127384646951672842e+00,4.127384646951672842e+00,4.127384646951672842e+00,1.882227943433208095e+00,1.882227943433208095e+00,1.510859524134045007e+00,1.193919274947778497e+00,1.564086068946882513e+00,1.552800278527493791e-02,-6.875454759811247540e-02
1.260000000000000009e+00,4.724911274262776573e+00,4.162679875999720558e+00,4.162679875999720558e+00,4.162679875999720558e+00,1.764761452402392461e+00,1.764761452402392461e+00,7.075630331250518656e-01,5.622313982630560147e-01,7.588588166851018002e-01,1.557939007522369211e-02,-6.687517363527363534e-02
1.280000000000000027e+00,4.997854278465943878e+00,4.196469448264154245e+00,4.196469448264154245e+00,4.196469448264154245e+00,1.689478613221685244e+00,1.689478613221685244e+00,1.011933060595320066e+00,8.013848302017896330e-01,1.060671491132103572e+00,1.565121507383578775e-02,-6.438964561061930048e-02
1.300000000000000044e+00,4.400399626808368048e+00,4.227305583543954803e+00,4.227305583543954803e+00,4.227305583543954803e+00,1.541806763990038798e+00,1.541806763990038798e+00,2.127601209052206455e-01,1.730940432644132443e-01,2.589913267511515516e-01,1.566875306919059130e-02,-6.189995891512149045e-02
1.320000000000000062e+00,4.637684945271693948e+00,4.256014504232732421e+00,4.256014504232732421e+00,4.256014504232732421e+00,1.435446034438895069e+00,1.435446034438895069e+00,4.781994684786022298e-01,3.816704410389615276e-01,5.211817893942287672e-01,1.570404569429917699e-02,-5.868636660992572474e-02
1.340000000000000080e+00,4.413462756940393028e+00,4.282173131588738357e+00,4.282173131588738357e+00,4.282173131588738357e+00,1.307931367800285738e+00,1.307931367800285738e+00,1.602993680528017606e-01,1.312896253516546707e-01,1.999592809387289727e-01,1.571758624403203630e-02,-5.537749912995926227e-02
1.360000000000000098e+00,4.859656349590771640e+00,4.307110655590841830e+00,4.307110655590841830e+00,4.307110655590841830e+00,1.246876200105167198e+00,1.246876200105167198e+00,6.973796908491001201e-01,5.525456939999298100e-01,7.334036868625822825e-01,1.576724980078021005e-02,-5.179124581426244184e-02
1.380000000000000115e+00,4.572487770854698041e+00,4.330162719691924345e+00,4.330162719691924345e+00,4.330162719691924345e+00,1.152603205054126390e+00,1.152603205054126390e+00,3.041462495947590550e-01,2.423250511627736969e-01,3.370289363850973996e-01,1.579007223269290189e-02,-4.867275902303123958e-02
1.400000000000000133e+00,7.444286563087453068e+00,4.358760466000412670e+00,4.358760466000412670e+00,4.358760466000412670e+00,1.429887315424422267e+00,1.429887315424422267e+00,3.925444308757085832e+00,3.085526097087040398e+00,3.954937281112321568e+00,1.605788688322491720e-02,-4.555085923846095841e-02
1.419999999999999929e+00,4.730240228579113193e+00,4.385381921385030246e+00,4.385381921385030246e+00,4.385381921385030246e+00,1.331072769230900787e+00,1.331072769230900787e+00,4.417418534892064708e-01,3.448583071940829470e-01,4.717792984749496488e-01,1.608983414280668392e-02,-4.612727912854985846e-02
1.439999999999999947e+00,4.469857107230417625e+00,4.409496899240908263e+00,4.409496899240908263e+00,4.409496899240908263e+00,1.205748892793901295e+00,1.205748892793901295e+00,7.783400486090691350e-02,6.036020798950936239e-02,1.072834860236419746e-01,1.609709900878938602e-02,-4.554658017152445060e-02
1.459999999999999964e+00,4.303713953042908713e+00,4.430876082901021640e+00,4.430876082901021640e+00,4.430876082901021640e+00,1.068959183005677493e+00,1.068959183005677493e+00,-1.621482050883374382e-01,-1.271621298581129267e-01,-1.343443416714594218e-01,1.608800167541635934e-02,-4.389186509229436872e-02
1.479999999999999982e+00,4.408091573446317746e+00,4.450008909266404800e+00,4.450008909266404800e+00,4.450008909266404800e+00,9.566413182691697603e-01,9.566413182691697603e-01,-5.421946435940010189e-02,-4.191733582008705383e-02,-2.893632700747394634e-02,1.608800167541635934e-02,-4.137113902734251836e-02
1.500000000000000000e+00,4.697514281343781128e+00,4.467812359324902616e+00,4.467812359324902616e+00,4.467812359324902616e+00,8.901725029249110133e-01,8.901725029249110133e-01,2.919531648265824009e-01,2.297019220188785127e-01,3.143318225382679687e-01,1.610928713741501331e-02,-3.848794484910057767e-02
1.520000000000000018e+00,4.593891938318996893e+00,4.484116331409111034e+00,4.484116331409111034e+00,4.484116331409111034e+00,8.151986042104405472e-01,8.151986042104405472e-01,1.404335157802059086e-01,1.097756069098858589e-01,1.601210653224997282e-01,1.612012998120850374e-02,-3.580767952350231986e-02
1.540000000000000036e+00,4.806992367473277739e+00,4.499575937703613526e+00,4.499575937703613526e+00,4.499575937703613526e+00,7.729803147251379514e-01,7.729803147251379514e-01,3.930157093574143667e-01,3.074164297696642123e-01,4.100525658014917418e-01,1.614789732031002290e-02,-3.318475376438741881e-02
1.560000000000000053e+00,4.983229450580528130e+00,4.514688585851279079e+00,4.514688585851279079e+00,4.514688585851279079e+00,7.556324073832607624e-01,7.556324073832607624e-01,5.995012413063655066e-01,4.685408647292490514e-01,6.142399613536815295e-01,1.618949152241743600e-02,-3.092821156973343463e-02
1.580000000000000071e+00,5.103046323138412887e+00,4.529758526323710122e+00,4.529758526323710122e+00,4.529758526323710122e+00,7.534970236215480233e-01,7.534970236215480233e-01,7.342785697661331490e-01,5.732877968147027659e-01,7.472143263546598968e-01,1.624009028782412781e-02,-2.917584687635085133e-02
1.600000000000000089e+00,4.717589563284314558e+00,4.543775220223954747e+00,4.543775220223954747e+00,4.543775220223954747e+00,7.008346950122186225e-01,7.008346950122186225e-01,2.268737375282540991e-01,1.738143430603598105e-01,2.385454169399676416e-01,1.625624375700273835e-02,-2.792792316871625657e-02
1.620000000000000107e+00,4.967103066788930654e+00,4.557445023044792265e+00,4.557445023044792265e+00,4.557445023044792265e+00,6.834901410418871004e-01,6.834901410418871004e-01,5.273891553089035122e-01,4.096580437441383893e-01,5.376263651375193797e-01,1.629264995180732672e-02,-2.652985978042320461e-02
1.640000000000000124e+00,4.937129181808695755e+00,4.570694137025083315e+00,4.570694137025083315e+00,4.570694137025083315e+00,6.624556990145529234e-01,6.624556990145529234e-01,4.731457207685451638e-01,3.664350447836124403e-01,4.821988816301574499e-01,1.632530278946102073e-02,-2.537846365107332761e-02
1.660000000000000142e+00,5.095393145076671182e+00,4.583935089974969124e+00,4.583935089974969124e+00,4.583935089974969124e+00,6.620476474942710299e-01,6.620476474942710299e-01,6.583751838117337662e-01,5.114580551017020582e-01,6.663677402255165916e-01,1.637042690415345739e-02,-2.436298331793627231e-02
1.679999999999999938e+00,5.139160081029826799e+00,4.597247759293868974e+00,4.597247759293868974e+00,4.597247759293868974e+00,6.656334659449893998e-01,6.656334659449893998e-01,6.979058320014549510e-01,5.419123217359578248e-01,7.051357386396692739e-01,1.641817625338417436e-02,-2.364808289159852500e-02
1.699999999999999956e+00,7.489187583281049498e+00,4.616561655865273117e+00,4.616561655865273117e+00,4.616561655865273117e+00,9.656948285701939527e-01,9.656948285701939527e-01,3.666247092197035151e+00,2.872625927415776381e+00,3.672763576463719204e+00,1.666688307824707241e-02,-2.318336734493109397e-02
1.719999999999999973e+00,5.203936417356359811e+00,4.635417836113071566e+00,4.635417836113071566e+00,4.635417836113071566e+00,9.428090123899149910e-01,9.428090123899149910e-01,7.368366667674043358e-01,5.685185812432882457e-01,7.459659470936801373e-01,1.671739730773530441e-02,-2.584667763401102963e-02
1.739999999999999991e+00,5.241270920619411022e+00,4.653905838067867506e+00,4.653905838067867506e+00,4.653905838067867506e+00,9.244000977398078023e-01,9.244000977398078023e-01,7.587198658888426595e-01,5.873650825515435159e-01,7.694334173230511498e-01,1.676950067300285105e-02,-2.748305210721134831e-02
1.760000000000000009e+00,5.058252632594686382e+00,4.671548798911380196e+00,4.671548798911380196e+00,4.671548798911380196e+00,8.821480421756126011e-01,8.821480421756126011e-01,5.018795420978557908e-01,3.867038336833061862e-01,5.135204290490600343e-01,1.680427449733215908e-02,-2.844516144853632272e-02
1.780000000000000027e+00,5.273061966069372275e+00,4.688931623509353663e+00,4.688931623509353663e+00,4.688931623509353663e+00,8.691412298986825880e-01,8.691412298986825880e-01,7.520799194063129134e-01,5.841303425600186117e-01,7.639217222906499183e-01,1.685600462970774510e-02,-2.869780751404474653e-02
1.800000000000000044e+00,5.320113002416016812e+00,4.706155696698590241e+00,4.706155696698590241e+00,4.706155696698590241e+00,8.612036594618277530e-01,8.612036594618277530e-01,7.897655255301337940e-01,6.139573057174265713e-01,8.016003512114622254e-01,1.691028622829371733e-02,-2.874511190962211055e-02
1.820000000000000062e+00,5.226492495093415513e+00,4.722955529773641636e+00,4.722955529773641636e+00,4.722955529773641636e+00,8.399916537525858873e-01,8.399916537525858873e-01,6.490836023694085410e-01,5.035369653197738771e-01,6.608277339614281320e-01,1.695503519295567252e-02,-2.869916678497529475e-02
1.840000000000000080e+00,5.381154669128282109e+00,4.739724317168545475e+00,4.739724317168545475e+00,4.739724317168545475e+00,8.384393697451748562e-01,8.384393697451748562e-01,8.244688136784753540e-01,6.414303519597366332e-01,8.359129069803934442e-01,1.701164031894017090e-02,-2.845573362085830268e-02
1.860000000000000098e+00,5.135680901357148720e+00,4.755799507193653852e+00,4.755799507193653852e+00,4.755799507193653852e+00,8.037595012554017426e-01,8.037595012554017426e-01,4.916406848474436653e-01,3.798813941634948677e-01,5.028648619195261738e-01,1.704569258518039143e-02,-2.826986965726292420e-02
1.880000000000000115e+00,5.497112124013646017e+00,4.772128742447129035e+00,4.772128742447129035e+00,4.772128742447129035e+00,8.164617626737644684e-01,8.164617626737644684e-01,9.307821154390288898e-01,7.249833815665169823e-01,9.414670233613900985e-01,1.710944547022691040e-02,-2.779435339258801846e-02
1.900000000000000133e+00,5.719944713739197439e+00,4.789211712644563690e+00,4.789211712644563690e+00,4.789211712644563690e+00,8.541485098717522817e-01,8.541485098717522817e-01,1.193329234653642601e+00,9.307330010946337495e-01,1.203726283540926811e+00,1.719095764375802929e-02,-2.758800653104225356e-02
1.919999999999999929e+00,5.235054667311258569e+00,4.805697647679924245e+00,4.805697647679924245e+00,4.805697647679924245e+00,8.242967517680280798e-01,8.242967517680280798e-01,5.556309288345099295e-01,4.293570196313343246e-01,5.662205524267025503e-01,1.722930013785936576e-02,-2.781892373005203506e-02
1.939999999999999947e+00,5.458198368360895003e+00,4.822171545388160396e+00,4.822171545388160396e+00,4.822171545388160396e+00,8.236948854118277819e-01,8.236948854118277819e-01,8.182780882060248784e-01,6.360268229727346068e-01,8.286759152648328630e-01,1.728541519983792935e-02,-2.768324225864597990e-02
1.959999999999999964e+00,5.399818244956179569e+00,4.838444781586828114e+00,4.838444781586828114e+00,4.838444781586828114e+00,8.136618099334080867e-01,8.136618099334080867e-01,7.233641306276312744e-01,5.613734633693514553e-01,7.336113084513843363e-01,1.733509281600078070e-02,-2.758227063975379062e-02
1.979999999999999982e+00,5.477537108820383693e+00,4.854693945464165772e+00,4.854693945464165772e+00,4.854693945464165772e+00,8.124581938668666847e-01,8.124581938668666847e-01,8.016256492679941781e-01,6.228431633562179215e-01,8.116472555866155458e-01,1.739005475614286561e-02,-2.741166107476417785e-02
2.000000000000000000e+00,5.414147808098476844e+00,4.870719521607711044e+00,4.870719521607711044e+00,4.870719521607711044e+00,8.012788071772455334e-01,8.012788071772455334e-01,7.006643269706553934e-01,5.434282864907657995e-01,7.105064055455750927e-01,1.743816778832941658e-02,-2.728024636324907770e-02
2.020000000000000018e+00,5.348234212313034419e+00,4.886336232100648935e+00,4.886336232100648935e+00,4.886336232100648935e+00,7.808355246468940969e-01,7.808355246468940969e-01,5.968459818737308353e-01,4.618979802123854839e-01,6.064436571957606548e-01,1.747923405173007483e-02,-2.707690937375990120e-02
2.040000000000000036e+00,5.226382048413118042e+00,4.901236542956936226e+00,4.901236542956936226e+00,4.901236542956936226e+00,7.450155428143701020e-01,7.450155428143701020e-01,4.226357063216537591e-01,3.251455054561818159e-01,4.318581867168357902e-01,1.750847799193294696e-02,-2.673095838711500236e-02
2.060000000000000053e+00,4.820951351714573008e+00,4.914425637437415340e+00,4.914425637437415340e+00,4.914425637437415340e+00,6.594547240239604369e-01,6.594547240239604369e-01,-1.105926450897267571e-01,-9.347428572284233184e-02,-1.019621928778012832e-01,1.750157346548610396e-02,-2.613202567741157098e-02
2.080000000000000071e+00,4.949720055510890226e+00,4.926370752264633168e+00,4.926370752264633168e+00,4.926370752264633168e+00,5.972557413608976518e-01,5.972557413608976518e-01,3.746489739333250246e-02,2.334930324625705822e-02,4.482391095331310360e-02,1.750157346548610396e-02,-2.486058702546669816e-02
2.100000000000000089e+00,5.022650085679465803e+00,4.937354222666775705e+00,4.937354222666775705e+00,4.937354222666775705e+00,5.491735201071294981e-01,5.491735201071294981e-01,1.164335288232160592e-01,8.529586301269009851e-02,1.222747534368374550e-01,1.750985348815977879e-02,-2.335107810178116763e-02
2.120000000000000107e+00,4.898662182787732355e+00,4.947132456908524212e+00,4.947132456908524212e+00,4.947132456908524212e+00,4.889117120874426625e-01,4.889117120874426625e-01,-5.344456008973907934e-02,-4.847027412079185638e-02,-4.913889064638505416e-02,1.750985348815977879e-02,-2.181552293151380051e-02
2.140000000000000124e+00,4.846749643941564933e+00,4.955672616968885613e+00,4.955672616968885613e+00,4.955672616968885613e+00,4.270080030180740116e-01,4.270080030180740116e-01,-1.301253786062440687e-01,-1.089229730273206798e-01,-1.274861724680382835e-01,1.750122056624462200e-02,-2.014042670445041761e-02
2.160000000000000142e+00,4.937282470348044683e+00,4.963310349895119877e+00,4.963310349895119877e+00,4.963310349895119877e+00,3.818866463117267518e-01,3.818866463117267518e-01,-2.420556404539862816e-02,-2.602787954707519447e-02,-2.335548620846798068e-02,1.750122056624462200e-02,-1.835129840317526947e-02
2.180000000000000160e+00,4.408722044907798399e+00,4.968777263286248136e+00,4.968777263286248136e+00,4.968777263286248136e+00,2.733456695564170369e-01,2.733456695564170369e-01,-7.035231212413700641e-01,-5.600552183784497373e-01,-7.043271473338983402e-01,1.745352597201571196e-02,-1.664949987948735263e-02
2.200000000000000178e+00,4.798907270461212349e+00,4.973272139045224804e+00,4.973272139045224804e+00,4.973272139045224804e+00,2.247437879488167756e-01,2.247437879488167756e-01,-2.126731465195857151e-01,-1.743648685840124557e-01,-2.157348908877954607e-01,1.743891715263275882e-02,-1.437717278442302016e-02
2.220000000000000195e+00,4.276909607938537583e+00,4.975558919521088086e+00,4.975558919521088086e+00,4.975558919521088086e+00,1.143390237931749404e-01,1.143390237931749404e-01,-8.793038536076016598e-01,-6.986493115825505029e-01,-8.843804145054927623e-01,1.737902997495758411e-02,-1.230246907706649545e-02
2.240000000000000213e+00,4.646210969099892729e+00,4.976795678477335727e+00,4.976795678477335727e+00,4.976795678477335727e+00,6.183794781239512067e-02,6.183794781239512067e-02,-4.106717360146232565e-01,-3.305847093774429979e-01,-4.182718970349181276e-01,1.735070605122136095e-02,-9.750545030926460396e-03
2.260000000000000231e+00,4.327566192696996161e+00,4.976279425813744162e+00,4.976279425813744162e+00,4.976279425813744162e+00,-2.581263317958906039e-02,-2.581263317958906039e-02,-8.146678621074467941e-01,-6.487132331167480004e-01,-8.245214469410312441e-01,1.729487231544425338e-02,-7.441287481859847584e-03
2.280000000000000249e+00,4.528092917829058095e+00,4.974701013727960586e+00,4.974701013727960586e+00,4.974701013727960586e+00,-7.892060428919286941e-02,-7.892060428919286941e-02,-5.568923442756271713e-01,-4.466080958989024907e-01,-5.691968651405513446e-01,1.725632827575757089e-02,-4.951807410833293510e-03
2.300000000000000266e+00,4.480723756419832782e+00,4.972054807877717586e+00,4.972054807877717586e+00,4.972054807877717586e+00,-1.323102925121291962e-01,-1.323102925121291962e-01,-6.128174865185562759e-01,-4.913310514578848043e-01,-6.273511167813222711e-01,1.721384623162907149e-02,-2.680215968863084927e-03
2.319999999999999840e+00,4.619926100478723541e+00,4.968812066140701589e+00,4.968812066140701589e+00,4.968812066140701589e+00,-1.621370868507875651e-01,-1.621370868507875651e-01,-4.305782358987128577e-01,-3.488859656619780480e-01,-4.472034583967224308e-01,1.718356316279275736e-02,-5.583406647831456841e-04
2.339999999999999858e+00,4.309569797318076212e+00,4.964255825045072790e+00,4.964255825045072790e+00,4.964255825045072790e+00,-2.278120547814462549e-01,-2.278120547814462549e-01,-8.188867661573744350e-01,-6.546860277269965778e-01,-8.372376814047342020e-01,1.712686832767401288e-02,1.224046919685764512e-03
2.359999999999999876e+00,4.789924557019726414e+00,4.959752882071718716e+00,4.959752882071718716e+00,4.959752882071718716e+00,-2.251471486677179279e-01,-2.251471486677179279e-01,-2.011629936441628741e-01,-1.698283250519923016e-01,-2.214007103921898922e-01,1.711187583862383219e-02,3.125840909403177284e-03
2.379999999999999893e+00,4.684862513146432761e+00,4.955045049437638127e+00,4.955045049437638127e+00,4.955045049437638127e+00,-2.353916317040365691e-01,-2.353916317040365691e-01,-3.275919790309044233e-01,-2.701825362912053663e-01,-3.491107685351131917e-01,1.708823526689625880e-02,4.430554237312553031e-03
2.399999999999999911e+00,4.278884882248749300e+00,4.949135505190526807e+00,4.949135505190526807e+00,4.949135505190526807e+00,-2.954772123555808871e-01,-2.954772123555808871e-01,-8.362474382194797773e-01,-6.702506229417775074e-01,-8.587234123298888022e-01,1.703008549251801285e-02,5.445888617890920144e-03
2.419999999999999929e+00,4.996811473256590475e+00,4.943985582648134702e+00,4.943985582648134702e+00,4.943985582648134702e+00,-2.574961271196223866e-01,-2.574961271196223866e-01,8.433364000400395133e-02,5.282589060845577222e-02,6.054847944390085585e-02,1.703008549251801285e-02,6.755075067585081770e-03
2.439999999999999947e+00,4.623834767449177541e+00,4.938586060822367507e+00,4.938586060822367507e+00,4.938586060822367507e+00,-2.699760912883445441e-01,-2.699760912883445441e-01,-3.822957688068439053e-01,-3.147512933731899665e-01,-4.065915353026756107e-01,1.700255252241090337e-02,7.293213973420825495e-03
2.459999999999999964e+00,5.191917011195018361e+00,4.934419588894393804e+00,4.934419588894393804e+00,4.934419588894393804e+00,-2.083235963987064565e-01,-2.083235963987064565e-01,3.465488576080362204e-01,2.574974223006245566e-01,3.217303069732665999e-01,1.702433898414295113e-02,7.794211650626640779e-03
2.479999999999999982e+00,4.921384671717351722e+00,4.930685765849906588e+00,4.930685765849906588e+00,4.930685765849906588e+00,-1.866911522243488997e-01,-1.866911522243488997e-01,8.000845344869059877e-03,-9.301094132554865723e-03,-1.655434481484344481e-02,1.702433898414295113e-02,7.530851175569552684e-03
2.500000000000000000e+00,5.227536635339435911e+00,4.928127688134087414e+00,4.928127688134087414e+00,4.928127688134087414e+00,-1.279038857909465532e-01,-1.279038857909465532e-01,4.011815121096746206e-01,2.994089472053484968e-01,3.770006042517022316e-01,1.704986815891905080e-02,7.131039699053320913e-03
2.520000000000000018e+00,4.972057964884946557e+00,4.925983632130098933e+00,4.925983632130098933e+00,4.925983632130098933e+00,-1.072028001994193569e-01,-1.072028001994193569e-01,7.910697012432542363e-02,4.607433275484762447e-02,5.579145147359110962e-02,1.704986815891905080e-02,6.265650491815272748e-03
2.540000000000000036e+00,5.219409369277127730e+00,4.924844340694876088e+00,4.924844340694876088e+00,4.924844340694876088e+00,-5.696457176114769899e-02,-5.696457176114769899e-02,3.951794841832972360e-01,2.945650285822516423e-01,3.726506861767265866e-01,1.707510277231369389e-02,5.453695234256954703e-03
2.560000000000000053e+00,5.028104437471586863e+00,4.924124196922867291e+00,4.924124196922867291e+00,4.924124196922867291e+00,-3.600718860045493130e-02,-3.600718860045493130e-02,1.526092598457800265e-01,1.039802405487195713e-01,1.311403229064226905e-01,1.708398314063649254e-02,4.384953798720845133e-03
2.580000000000000071e+00,5.027733042575219358e+00,4.923780275981534338e+00,4.923780275981534338e+00,4.923780275981534338e+00,-1.719604706666797225e-02,-1.719604706666797225e-02,1.521042267374146661e-01,1.039527665936850198e-01,1.315832339784871186e-01,1.709289350136259517e-02,3.428099257564972378e-03
2.600000000000000089e+00,5.588819453503622192e+00,4.925199388703199510e+00,4.925199388703199510e+00,4.925199388703199510e+00,7.095563608327486171e-02,7.095563608327486171e-02,8.643207844327602807e-01,6.636200648004226821e-01,8.445997554530515483e-01,1.715008687062949400e-02,2.570942109079291712e-03
2.620000000000000107e+00,5.400505396095997668e+00,4.927720435220532380e+00,4.927720435220532380e+00,4.927720435220532380e+00,1.260523258666559065e-01,1.260523258666559065e-01,6.219225339170852962e-01,4.727849608754652877e-01,6.036386293888537091e-01,1.719096318726527628e-02,1.092941340966248559e-03
2.640000000000000124e+00,5.608222496153969949e+00,4.931751370449178218e+00,4.931751370449178218e+00,4.931751370449178218e+00,2.015467614322918877e-01,2.015467614322918877e-01,8.809966815230158010e-01,6.764711257047917314e-01,8.642376173854656729e-01,1.724948636450555212e-02,-4.904222269553951390e-04
2.660000000000000142e+00,5.507077630354904940e+00,4.936870437381360333e+00,4.936870437381360333e+00,4.936870437381360333e+00,2.559533466091022946e-01,2.559533466091022946e-01,7.456126132003959572e-01,5.702071929735446076e-01,7.306643500802729729e-01,1.729896442285744351e-02,-2.350701302734403697e-03
2.680000000000000160e+00,5.315740297090367328e+00,4.942466200585958092e+00,4.942466200585958092e+00,4.942466200585958092e+00,2.797881602299011061e-01,2.797881602299011061e-01,4.943014828170905761e-01,3.732740965044092363e-01,4.811647218304389018e-01,1.733154723079241913e-02,-4.194786244140775999e-03
2.700000000000000178e+00,5.609734087245158207e+00,4.949220579685855270e+00,4.949220579685855270e+00,4.949220579685855270e+00,3.377189549948551028e-01,3.377189549948551028e-01,8.590961078794411288e-01,6.605135075593029370e-01,8.474302160571841602e-01,1.738893226904511188e-02,-5.723040446788226626e-03
2.720000000000000195e+00,5.592306204205002018e+00,4.956953107219097987e+00,4.956953107219097987e+00,4.956953107219097987e+00,3.866263766621265141e-01,3.866263766621265141e-01,8.267931716675694931e-01,6.353530969859040312e-01,8.167187431393163610e-01,1.744423763275375697e-02,-7.369809104500553779e-03
2.740000000000000213e+00,6.065068607605825335e+00,4.966744055110960510e+00,4.966744055110960510e+00,4.966744055110960510e+00,4.895473945931363979e-01,4.895473945931363979e-01,1.415836555972225463e+00,1.098324552494864825e+00,1.407306685491143794e+00,1.753953556578701639e-02,-9.009665084705260202e-03
2.760000000000000231e+00,5.138798882674407764e+00,4.976005670824990901e+00,4.976005670824990901e+00,4.976005670824990901e+00,4.630807857015322160e-01,4.630807857015322160e-01,2.248813056770943009e-01,1.627932118494168634e-01,2.185096310055780200e-01,1.755433228095747145e-02,-1.118265760944121834e-02
2.780000000000000249e+00,5.414319802094104794e+00,4.985464746625730470e+00,4.985464746625730470e+00,4.985464746625730470e+00,4.729537900369615300e-01,4.729537900369615300e-01,5.618108290558252449e-01,4.288550554683743243e-01,5.566589467117746270e-01,1.759202729624661371e-02,-1.244014495219598719e-02
2.800000000000000266e+00,5.299093406139488316e+00,4.994782932197852077e+00,4.994782932197852077e+00,4.994782932197852077e+00,4.659092786060785585e-01,4.659092786060785585e-01,4.025086757281317595e-01,3.043104739416362392e-01,3.983083975824724954e-01,1.761899936096479602e-02,-1.341872121530549716e-02
2.819999999999999840e+00,5.348231038828919814e+00,5.004074289072869774e+00,5.004074289072869774e+00,5.004074289072869774e+00,4.645678437508667935e-01,4.645678437508667935e-01,4.524949300539606867e-01,3.441567497560500399e-01,4.488790954214560425e-01,1.764939589813506807e-02,-1.403356126563040825e-02
2.839999999999999858e+00,5.124285216730044112e+00,5.012748264307490764e+00,5.012748264307490764e+00,5.012748264307490764e+00,4.336987617310625875e-01,4.336987617310625875e-01,1.558770235528249004e-01,1.115369524225533482e-01,1.526678781246114114e-01,1.765973403791358531e-02,-1.445058860970009976e-02
2.859999999999999876e+00,5.356657268127360538e+00,5.021434879405389573e+00,5.021434879405389573e+00,5.021434879405389573e+00,4.343307548949408847e-01,4.343307548949408847e-01,4.400186933698453373e-01,3.352223887219709653e-01,4.367644348512346175e-01,1.768931021224209518e-02,-1.443505169363132334e-02
2.879999999999999893e+00,5.102608350760771572e+00,5.029465545251993852e+00,5.029465545251993852e+00,5.029465545251993852e+00,4.015332923302286083e-01,4.015332923302286083e-01,1.063561292478182596e-01,7.314280550877771958e-02,1.030903086213351416e-01,1.769629113077865815e-02,-1.443047050429553321e-02
2.899999999999999911e+00,4.903403126959129388e+00,5.036380115669110147e+00,5.036380115669110147e+00,5.036380115669110147e+00,3.457285208558309453e-01,3.457285208558309453e-01,-1.565144224137481888e-01,-1.329769887099807590e-01,-1.600992712319378730e-01,1.768544976280547049e-02,-1.410060094461580357e-02
2.919999999999999929e+00,4.743519567834929340e+00,5.041868056027070111e+00,5.041868056027070111e+00,5.041868056027070111e+00,2.743970178979805441e-01,2.743970178979805441e-01,-3.675865087226728445e-01,-2.983484881921407705e-01,-3.719328957494096310e-01,1.766026375569173038e-02,-1.331387672895497677e-02
2.939999999999999947e+00,5.051265766376812572e+00,5.046842287645016079e+00,5.046842287645016079e+00,5.046842287645016079e+00,2.487115808973157094e-01,2.487115808973157094e-01,1.754264789133211030e-02,4.423478731796492980e-03,1.193509214417292491e-02,1.766026375569173038e-02,-1.205270800853254498e-02
2.959999999999999964e+00,4.950926412953214673e+00,5.051088945683527953e+00,5.051088945683527953e+00,5.051088945683527953e+00,2.123329019256011974e-01,2.123329019256011974e-01,-1.150752088198294387e-01,-1.001625327303132806e-01,-1.218131608585877879e-01,1.765201499046823580e-02,-1.091406295170987278e-02
2.979999999999999982e+00,4.704953550155510200e+00,5.054047489148701722e+00,5.054047489148701722e+00,5.054047489148701722e+00,1.479271732586905364e-01,1.479271732586905364e-01,-4.317243847435055515e-01,-3.490939389931915215e-01,-4.395919523205825685e-01,1.762224734645282537e-02,-9.754679769375823942e-03
3.000000000000000000e+00,4.538126450523174427e+00,5.055418291324555113e+00,5.055418291324555113e+00,5.055418291324555113e+00,6.854010879267066758e-02,6.854010879267066758e-02,-6.459434714015082069e-01,-5.172918408013806868e-01,-6.552197190544196692e-01,1.757787813713103039e-02,-8.301630484219613137e-03
3.020000000000000018e+00,4.650559215456897100e+00,5.055645769748987384e+00,5.055645769748987384e+00,5.055645769748987384e+00,1.137392122161879487e-02,1.137392122161879487e-02,-5.031217669178480456e-01,-4.050865542920902840e-01,-5.141710263519256863e-01,1.754306025660641241e-02,-6.493800822528717973e-03
3.040000000000000036e+00,4.722139315274939797e+00,5.055029104804352968e+00,5.055029104804352968e+00,5.055029104804352968e+00,-3.083324723170870196e-02,-3.083324723170870196e-02,-4.106977633116561943e-01,-3.328897895294131715e-01,-4.235531971820404307e-01,1.751437870152164344e-02,-4.658944831137373267e-03
3.060000000000000053e+00,4.734643874249833573e+00,5.053689393195238466e+00,5.053689393195238466e+00,5.053689393195238466e+00,-6.698558045572922115e-02,-6.698558045572922115e-02,-3.923565794719139355e-01,-3.190455189454048934e-01,-4.068892428042396592e-01,1.748682557169395357e-02,-2.954162239368222920e-03
3.080000000000000071e+00,4.794018929827900344e+00,5.051856217283533290e+00,5.051856217283533290e+00,5.051856217283533290e+00,-9.165879558524568649e-02,-9.165879558524568649e-02,-3.137177317508938468e-01,-2.578372874556329464e-01,-3.297814884765194465e-01,1.746449391184436151e-02,-1.400737186218733998e-03
3.100000000000000089e+00,4.200095051633257803e+00,5.048077532898298081e+00,5.048077532898298081e+00,5.048077532898298081e+00,-1.889342192617786687e-01,-1.889342192617786687e-01,-1.064413032350575383e+00,-8.479824812650402777e-01,-1.081736680375849913e+00,1.739124245159843693e-02,-6.759442632393603684e-05
3.120000000000000107e+00,4.358536118569446671e+00,5.042963614580421527e+00,5.042963614580421527e+00,5.042963614580421527e+00,-2.556959158938262866e-01,-2.556959158938262866e-01,-8.565511855822548481e-01,-6.844274960109748562e-01,-8.757175961976413348e-01,1.733194188996615634e-02,1.834468725420378837e-03
3.140000000000000124e+00,4.529808268887815181e+00,5.037099910856194462e+00,5.037099910856194462e+00,5.037099910856194462e+00,-2.931851862113713514e-01,-2.931851862113713514e-01,-6.305886190692767679e-01,-5.072916419683792810e-01,-6.517072890296100596e-01,1.728781053023659142e-02,3.830859430096788740e-03
3.160000000000000142e+00,4.140020417499022720e+00,5.029589620366762048e+00,5.029589620366762048e+00,5.029589620366762048e+00,-3.755145244716409647e-01,-3.755145244716409647e-01,-1.116478568814067485e+00,-8.895692028677393282e-01,-1.139290956563608237e+00,1.721066169380787436e-02,5.601726055732830258e-03
3.180000000000000160e+00,4.774684509439677704e+00,5.022232600090031696e+00,5.022232600090031696e+00,5.022232600090031696e+00,-3.678510138365147508e-01,-3.678510138365147508e-01,-2.988794181203786038e-01,-2.475480906503539913e-01,-3.237294908773971081e-01,1.718873985426814383e-02,7.661332902750323144e-03
3.200000000000000178e+00,4.430952222979199995e+00,5.014161758920856471e+00,5.014161758920856471e+00,5.014161758920856471e+00,-4.035420584587815496e-01,-4.035420584587815496e-01,-7.247614600591827383e-01,-5.832095359416564762e-01,-7.509260789307562467e-01,1.713788974183661287e-02,9.026729129736942372e-03
3.220000000000000195e+00,4.635583791204228810e+00,5.005991300473257688e+00,5.005991300473257688e+00,5.005991300473257688e+00,-4.085229223799473064e-01,-4.085229223799473064e-01,-4.533506976704390623e-01,-3.704075092690288784e-01,-4.807940190001171454e-01,1.710533203661298435e-02,1.033798929306512134e-02
3.240000000000000213e+00,4.491124507884187267e+00,4.997386859285851024e+00,4.997386859285851024e+00,4.997386859285851024e+00,-4.302220593703144913e-01,-4.302220593703144913e-01,-6.255142922836193220e-01,-5.062623514016637571e-01,-6.538808265881194126e-01,1.706105349245032321e-02,1.130548081204977955e-02
3.260000000000000231e+00,4.971732159717063837e+00,4.989636219083824820e+00,4.989636219083824820e+00,4.989636219083824820e+00,-3.875320101012976748e-01,-3.875320101012976748e-01,-3.321566680146041672e-03,-1.790405936676098264e-02,-3.258146845235972838e-02,1.706105349245032321e-02,1.219884827976336350e-02
3.280000000000000249e+00,4.891799553930091804e+00,4.982471041076822260e+00,4.982471041076822260e+00,4.982471041076822260e+00,-3.582589003501229774e-01,-3.582589003501229774e-01,-9.480091258955042344e-02,-9.067148714673045617e-02,-1.242525647452409343e-01,1.705263953924710321e-02,1.239901261644340419e-02
3.300000000000000266e+00,4.871051900676209634e+00,4.975797957503846902e+00,4.975797957503846902e+00,4.975797957503846902e+00,-3.336541786487714489e-01,-3.336541786487714489e-01,-1.122116833366077204e-01,-1.047460568276372683e-01,-1.415023083087780242e-01,1.704305749317264890e-02,1.224756747899765665e-02
3.320000000000000284e+00,4.805880969843185468e+00,4.969418443014484765e+00,4.969418443014484765e+00,4.969418443014484765e+00,-3.189757244681108994e-01,-3.189757244681108994e-01,-1.868696368421661202e-01,-1.635374731712992968e-01,-2.157945743290400342e-01,1.702844463223383148e-02,1.189649285464008770e-02
3.339999999999999858e+00,4.685413549106512754e+00,4.963012524670383563e+00,4.963012524670383563e+00,4.963012524670383563e+00,-3.202959172050814374e-01,-3.202959172050814374e-01,-3.321776518378162790e-01,-2.775989755638708090e-01,-3.606862152631244434e-01,1.700402021135774544e-02,1.150454321395040502e-02
3.359999999999999876e+00,5.492921414694307281e+00,4.958649752581274939e+00,4.958649752581274939e+00,4.958649752581274939e+00,-2.181386044554322334e-01,-2.181386044554322334e-01,7.012772102914105465e-01,5.342716621130323418e-01,6.729842903303830948e-01,1.704959237589980317e-02,1.124332758512768329e-02
3.379999999999999893e+00,4.729363751734783072e+00,4.954195016986107092e+00,4.954195016986107092e+00,4.954195016986107092e+00,-2.227367797584142162e-01,-2.227367797584142162e-01,-2.641203574852521996e-01,-2.248312652513240195e-01,-2.911932210750446948e-01,1.702987377982700598e-02,1.004298980996547359e-02
3.399999999999999911e+00,5.216433817341656898e+00,4.950904443458378879e+00,4.950904443458378879e+00,4.950904443458378879e+00,-1.645286763864152735e-01,-1.645286763864152735e-01,3.593442539615752662e-01,2.655293738832780193e-01,3.330432764515482424e-01,1.705242631665758457e-02,9.248551193369420123e-03
3.419999999999999929e+00,5.103607719027541734e+00,4.948381150103870141e+00,4.948381150103870141e+00,4.948381150103870141e+00,-1.261646677254376903e-01,-1.261646677254376903e-01,2.191114102233606142e-01,1.552265689236715929e-01,1.939331599728368327e-01,1.706555879835653169e-02,8.112691452167244618e-03
3.439999999999999947e+00,5.366850712520631284e+00,4.947221172835926772e+00,4.947221172835926772e+00,4.947221172835926772e+00,-5.799886339718657302e-02,-5.799886339718657302e-02,5.554933755570735654e-01,4.196295396847045112e-01,5.314563442692866735e-01,1.710154718072437463e-02,6.935484107062422736e-03
3.459999999999999964e+00,5.903676193609664224e+00,4.948651821667276351e+00,4.948651821667276351e+00,4.948651821667276351e+00,7.153244156748578275e-02,7.153244156748578275e-02,1.237314186249536929e+00,9.550243719423878730e-01,1.214697876382646591e+00,1.718380231251091447e-02,5.432507554379493314e-03
3.479999999999999982e+00,5.158488086799521533e+00,4.950512974009729561e+00,4.950512974009729561e+00,4.950512974009729561e+00,9.305761712266892582e-02,9.305761712266892582e-02,2.867841971193172412e-01,2.079751127897919716e-01,2.664920567179513977e-01,1.720184823131228752e-02,3.090292170053554697e-03
3.500000000000000000e+00,5.532154532229152544e+00,4.953702357115930432e+00,4.953702357115930432e+00,4.953702357115930432e+00,1.594691553100502646e-01,1.594691553100502646e-01,7.571729989964822716e-01,5.784521751132221112e-01,7.386847789386672414e-01,1.725186940531915625e-02,1.236350652495790247e-03
3.520000000000000018e+00,5.529919804073641032e+00,4.958069551340335224e+00,4.958069551340335224e+00,4.958069551340335224e+00,2.183597112202361468e-01,2.183597112202361468e-01,7.483747144119090589e-01,5.718502527333058083e-01,7.317961576362924658e-01,1.730142410575752007e-02,-7.228673301409808266e-04
3.540000000000000036e+00,5.187157753698493856e+00,4.962611190687962193e+00,4.962611190687962193e+00,4.962611190687962193e+00,2.270819673813294914e-01,2.270819673813294914e-01,3.055822728311695102e-01,2.245465630105316635e-01,2.909420169948614410e-01,1.732112569116032313e-02,-2.680869854852272523e-03
3.560000000000000053e+00,5.595348866570525992e+00,4.968332294189242937e+00,4.968332294189242937e+00,4.968332294189242937e+00,2.860551750640593083e-01,2.860551750640593083e-01,8.168140442086274655e-01,6.270165723812830549e-01,8.035768483708560783e-01,1.737554113128622277e-02,-4.138345293514821693e-03
3.580000000000000071e+00,5.332986732146592246e+00,4.974430831513135587e+00,4.974430831513135587e+00,4.974430831513135587e+00,3.049268661946219483e-01,3.049268661946219483e-01,4.747720863696859306e-01,3.585559006334566590e-01,4.631111362058336067e-01,1.740690141295055463e-02,-5.745951249098185665e-03
3.600000000000000089e+00,5.260071212268548457e+00,4.980665786129805817e+00,4.980665786129805817e+00,4.980665786129805817e+00,3.117477308335000474e-01,3.117477308335000474e-01,3.731355125834026620e-01,2.794054261387426408e-01,3.627632835593743721e-01,1.743146648569552162e-02,-7.059237461667269842e-03
3.620000000000000107e+00,5.374004707172114870e+00,4.987295163784277285e+00,4.987295163784277285e+00,4.987295163784277285e+00,3.314688827235869328e-01,3.314688827235869328e-01,5.089592497343687905e-01,3.867095433878375843e-01,4.995404297237325264e-01,1.746529363290515863e-02,-8.046473622268863340e-03
3.640000000000000124e+00,5.534316353943609990e+00,4.994668194248002457e+00,4.994668194248002457e+00,4.994668194248002457e+00,3.686515231862378950e-01,3.686515231862378950e-01,7.032952873500963875e-01,5.396481596956075322e-01,6.947169115023525965e-01,1.751233745525886121e-02,-8.933961607514995587e-03
3.660000000000000142e+00,5.322467931005962605e+00,5.002151762968592763e+00,5.002151762968592763e+00,5.002151762968592763e+00,3.741784360295175027e-01,3.741784360295175027e-01,4.239206516190338059e-01,3.203161680373698417e-01,4.163056656826094049e-01,1.754052823262004443e-02,-9.925542296195632996e-03
3.680000000000000160e+00,5.111039738040851432e+00,5.009177300665344390e+00,5.009177300665344390e+00,5.009177300665344390e+00,3.512768848375711350e-01,3.512768848375711350e-01,1.451629241100538259e-01,1.018624373755070422e-01,1.382877283417685010e-01,1.754989259847625910e-02,-1.067469683019091516e-02
3.700000000000000178e+00,5.360834256731808800e+00,5.016406711519914907e+00,5.016406711519914907e+00,5.016406711519914907e+00,3.614705427285132000e-01,3.614705427285132000e-01,4.532134637469918403e-01,3.444275452118938929e-01,4.466043342044098141e-01,1.758013509669797622e-02,-1.097100555411595173e-02
3.720000000000000195e+00,5.062487278912863431e+00,5.023042826299413122e+00,5.023042826299413122e+00,5.023042826299413122e+00,3.318057389748904074e-01,3.318057389748904074e-01,6.482250519228531516e-02,3.944445261345030929e-02,5.852232058904462825e-02,1.758013509669797622e-02,-1.127995049345728411e-02
3.740000000000000213e+00,4.825682128013898620e+00,5.028526758250458251e+00,5.028526758250458251e+00,5.028526758250458251e+00,2.741965975522445698e-01,2.741965975522445698e-01,-2.442856752515681906e-01,-2.028446302365596310e-01,-2.506480868226034220e-01,1.756316207664542287e-02,-1.120075050561020885e-02
3.760000000000000231e+00,5.051434935401351467e+00,5.033534467053583761e+00,5.033534467053583761e+00,5.033534467053583761e+00,2.503854401562933263e-01,2.503854401562933263e-01,3.608502359273218357e-02,1.790046834776770623e-02,2.909338498163438480e-02,1.756316207664542287e-02,-1.057152346554762062e-02
3.780000000000000249e+00,4.654163360496704982e+00,5.037093075627246286e+00,5.037093075627246286e+00,5.037093075627246286e+00,1.779304286831045467e-01,1.779304286831045467e-01,-4.741646745755943582e-01,-3.829297151305413038e-01,-4.818013053272360291e-01,1.753053616148153235e-02,-9.893905409839838863e-03
3.800000000000000266e+00,4.744526020161242030e+00,5.039570317931734600e+00,5.039570317931734600e+00,5.039570317931734600e+00,1.238621152244255286e-01,1.238621152244255286e-01,-3.627527059036857460e-01,-2.950442977704925696e-01,-3.715601604418253823e-01,1.750537539471145460e-02,-8.697920856571825232e-03
3.820000000000000284e+00,5.260016838141071460e+00,5.042380174412162575e+00,5.042380174412162575e+00,5.042380174412162575e+00,1.404928240213901558e-01,1.404928240213901558e-01,2.901692031940717453e-01,2.176366637289088857e-01,2.799670806658577926e-01,1.752433379544945588e-02,-7.322211267235458065e-03
3.839999999999999858e+00,4.723606430475405737e+00,5.044121304060626976e+00,5.044121304060626976e+00,5.044121304060626976e+00,8.705648242319832808e-02,8.705648242319832808e-02,-3.938705919605282046e-01,-3.205148735852212383e-01,-4.048426547996811786e-01,1.749691925347089325e-02,-6.524856414317952227e-03
3.859999999999999876e+00,4.649829987361376205e+00,5.044710877856118714e+00,5.044710877856118714e+00,5.044710877856118714e+00,2.947868977460133683e-02,2.947868977460133683e-02,-4.887214440627715706e-01,-3.948808904947425091e-01,-5.007499722080485105e-01,1.746301020023475689e-02,-5.434482054957838655e-03
3.879999999999999893e+00,4.726080835098104949e+00,5.044458849689111624e+00,5.044458849689111624e+00,5.044458849689111624e+00,-1.260140835033332629e-02,-1.260140835033332629e-02,-3.913222914747452874e-01,-3.183780145910066750e-01,-4.046601543026774883e-01,1.743560801655756609e-02,-4.097745188625372993e-03
3.899999999999999911e+00,4.568420498345542313e+00,5.043052190440620031e+00,5.043052190440620031e+00,5.043052190440620031e+00,-7.033296242458592085e-02,-7.033296242458592085e-02,-5.899169490928592996e-01,-4.746316920950777174e-01,-6.045687062063330730e-01,1.739466871834201983e-02,-2.742911604868230376e-03
3.919999999999999929e+00,4.370695675012192360e+00,5.040110646216270140e+00,5.040110646216270140e+00,5.040110646216270140e+00,-1.470772112175020296e-01,-1.470772112175020296e-01,-8.377754503537468977e-01,-6.694149712040777800e-01,-8.538927745941031766e-01,1.733684605801517550e-02,-1.219521817658948031e-03
3.939999999999999947e+00,4.249951126606882568e+00,5.035492011466728535e+00,5.035492011466728535e+00,5.035492011466728535e+00,-2.309317374770746834e-01,-2.309317374770746834e-01,-9.856224738132285390e-01,-7.855408848598459670e-01,-1.003502589903922271e+00,1.726889233932876744e-02,6.112237513649814487e-04
3.959999999999999964e+00,4.490691400186112681e+00,5.029991346591924817e+00,5.029991346591924817e+00,5.029991346591924817e+00,-2.750332437402068231e-01,-2.750332437402068231e-01,-6.719468001083963582e-01,-5.392999464058121362e-01,-6.918967763263821347e-01,1.722203948675863489e-02,2.727936731227206639e-03
3.979999999999999982e+00,4.321460952992594251e+00,5.023284700990243934e+00,5.023284700990243934e+00,5.023284700990243934e+00,-3.353322800840590756e-01,-3.353322800840590756e-01,-8.780236071787295149e-01,-7.018237479976496829e-01,-8.998335998711498585e-01,1.716110587290909165e-02,4.648886819511296141e-03
4.000000000000000000e+00,4.538145657869641525e+00,5.016063893807601204e+00,5.016063893807601204e+00,5.016063893807601204e+00,-3.610403591321200700e-01,-3.610403591321200700e-01,-5.924130705646692974e-01,-4.779182359379596789e-01,-6.161265847631650638e-01,1.711938391520071920e-02,6.594130283294986558e-03
4.020000000000000462e+00,4.666912579811737238e+00,5.008728925425828038e+00,5.008728925425828038e+00,5.008728925425828038e+00,-3.667484190886368123e-01,-3.667484190886368123e-01,-4.181209586972875480e-01,-3.418163456140907996e-01,-4.434221687747472163e-01,1.708935690219707398e-02,8.211853175262569943e-03
4.040000000000000036e+00,4.794574031239381640e+00,5.001636444553115624e+00,5.001636444553115624e+00,5.001636444553115624e+00,-3.546240436356414283e-01,-3.546240436356414283e-01,-2.455046645586830834e-01,-2.070624133137339840e-01,-2.719767156167869349e-01,1.707093958129703853e-02,9.401111476806835524e-03
4.060000000000000497e+00,4.732079404024410962e+00,4.994622858067099713e+00,4.994622858067099713e+00,4.994622858067099713e+00,-3.506793243008040628e-01,-3.506793243008040628e-01,-3.151768502872678290e-01,-2.625434540426887509e-01,-3.423374414714549507e-01,1.704775767581157009e-02,1.011283350837556723e-02
4.080000000000000071e+00,4.795880862355997643e+00,4.987861030391359307e+00,4.987861030391359307e+00,4.987861030391359307e+00,-3.380913837870256899e-01,-3.380913837870256899e-01,-2.247999191630203897e-01,-1.919801680353616646e-01,-2.524023345530996276e-01,1.703066586418041511e-02,1.057174952589882110e-02
4.099999999999999645e+00,5.011250327139878280e+00,4.981890390858363382e+00,4.981890390858363382e+00,4.981890390858363382e+00,-2.985319766497783744e-01,-2.985319766497783744e-01,5.750268758544740955e-02,2.935993628151489787e-02,2.970440687061909682e-02,1.703066586418041511e-02,1.076761485064789761e-02
4.120000000000000107e+00,4.828492114796765655e+00,4.976182240022461123e+00,4.976182240022461123e+00,4.976182240022461123e+00,-2.854075417950909799e-01,-2.854075417950909799e-01,-1.672876281029045120e-01,-1.476901252256954677e-01,-1.948158105982291111e-01,1.701747361243911849e-02,1.051070888288549963e-02
4.139999999999999680e+00,4.747820500511414465e+00,4.970519261431465274e+00,4.970519261431465274e+00,4.970519261431465274e+00,-2.831489295497707781e-01,-2.831489295497707781e-01,-2.628214193418889066e-01,-2.226987609200508089e-01,-2.900194091790292417e-01,1.699783450284116787e-02,1.020015533429917409e-02
4.160000000000000142e+00,5.163708996587653921e+00,4.965967232068650539e+00,4.965967232068650539e+00,4.965967232068650539e+00,-2.276014681407187434e-01,-2.276014681407187434e-01,2.723256845407495685e-01,1.977417645190033824e-01,2.453509636483595935e-01,1.701444882006460102e-02,9.960272072325354956e-03
4.179999999999999716e+00,4.961730919162805620e+00,4.961912152507123253e+00,4.961912152507123253e+00,4.961912152507123253e+00,-2.027539780763517596e-01,-2.027539780763517596e-01,2.087343250295103925e-02,-1.812333443176328274e-04,-5.380117390423047423e-03,1.701444882006460102e-02,9.239101073309486517e-03
4.200000000000000178e+00,4.761988440470291017e+00,4.957805742784683112e+00,4.957805742784683112e+00,4.957805742784683112e+00,-2.053204861220156163e-01,-2.053204861220156163e-01,-2.284190585329902434e-01,-1.958173023143920943e-01,-2.539031142867769208e-01,1.699725538082943327e-02,8.486800372957228542e-03
4.219999999999999751e+00,5.243039182825083522e+00,4.954884482047708261e+00,4.954884482047708261e+00,4.954884482047708261e+00,-1.460630368487313979e-01,-1.460630368487313979e-01,3.872540066108267065e-01,2.881547007773752611e-01,3.622464688513085118e-01,1.702178545667290890e-02,7.985752302845251088e-03
4.240000000000000213e+00,4.816712409259732652e+00,4.951952499753784487e+00,4.951952499753784487e+00,4.951952499753784487e+00,-1.465991146961893310e-01,-1.465991146961893310e-01,-1.514238153233107287e-01,-1.352400904940518345e-01,-1.754785324407290292e-01,1.700990265841314381e-02,7.044814459005151533e-03
4.259999999999999787e+00,5.719585764474031109e+00,4.951310439014488196e+00,4.951310439014488196e+00,4.951310439014488196e+00,-3.210303696481342506e-02,-3.210303696481342506e-02,9.983616626175698672e-01,7.682753254595429127e-01,9.748942461947132099e-01,1.707591911917908517e-02,6.391497303677644987e-03
4.280000000000000249e+00,5.038770502874920787e+00,4.950998487381418123e+00,4.950998487381418123e+00,4.950998487381418123e+00,-1.559758165351564710e-02,-1.559758165351564710e-02,1.329515161481643615e-01,8.777201549350266419e-02,1.110742811027493893e-01,1.708344068467108207e-02,4.793794360743904026e-03
4.299999999999999822e+00,5.630972117217192263e+00,4.952486169784203085e+00,4.952486169784203085e+00,4.952486169784203085e+00,7.438412013924189381e-02,7.438412013924189381e-02,8.842194362740597446e-01,6.784859474329891782e-01,8.635665098914331317e-01,1.714191841683695983e-02,3.511007965789629710e-03
4.320000000000000284e+00,5.440942789152938275e+00,4.955103565290757572e+00,4.955103565290757572e+00,4.955103565290757572e+00,1.308697753277039411e-01,1.308697753277039411e-01,6.392406720238622553e-01,4.858392238621807024e-01,6.203399065982937444e-01,1.718392568610267040e-02,1.716839739465829667e-03
4.339999999999999858e+00,5.739314357428179747e+00,4.959485416044024042e+00,4.959485416044024042e+00,4.959485416044024042e+00,2.190925376633449939e-01,2.190925376633449939e-01,1.013097398684114525e+00,7.798289413841557050e-01,9.959477060145262017e-01,1.725136781422648841e-02,-1.016751446380539936e-04
4.360000000000000320e+00,5.376523313035441731e+00,4.964518425777916022e+00,4.964518425777916022e+00,4.964518425777916022e+00,2.516504866946199792e-01,2.516504866946199792e-01,5.446720279760949301e-01,4.120048872575257093e-01,5.296381291791004697e-01,1.728723307336775192e-02,-2.253334276373339645e-03
4.379999999999999893e+00,5.316365112238427670e+00,4.969968292560123402e+00,4.969968292560123402e+00,4.969968292560123402e+00,2.724933391103893654e-01,2.724933391103893654e-01,4.600790108523136190e-01,3.463968196783042686e-01,4.468452918048497757e-01,1.731749188840335518e-02,-4.083772840939543097e-03
4.400000000000000355e+00,5.674152623865027500e+00,4.976685411619814481e+00,4.976685411619814481e+00,4.976685411619814481e+00,3.358559529845430713e-01,3.358559529845430713e-01,9.061194778519268134e-01,6.974672122452130196e-01,8.943141007572281698e-01,1.737805174089557605e-02,-5.572674646196955003e-03
4.419999999999999929e+00,5.637745210842864729e+00,4.984430288474241522e+00,4.984430288474241522e+00,4.984430288474241522e+00,3.872438427213726331e-01,3.872438427213726331e-01,8.497348503528385777e-01,6.533149223686232077e-01,8.395459450132738422e-01,1.743490288362875909e-02,-7.245997544064026151e-03
4.440000000000000391e+00,5.136654127089135713e+00,4.991804363887666796e+00,4.991804363887666796e+00,4.991804363887666796e+00,3.687037706712669727e-01,3.687037706712669727e-01,2.018431222203157793e-01,1.448497632014689174e-01,1.933242750409156219e-01,1.744799413374964123e-02,-8.929146954349485507e-03
4.459999999999999964e+00,5.433345526915996260e+00,4.999577672862341338e+00,4.999577672862341338e+00,4.999577672862341338e+00,3.886654487337221076e-01,3.886654487337221076e-01,5.683205512958181549e-01,4.337678540536549221e-01,5.607572770459784417e-01,1.748596667377007655e-02,-9.922692423930425804e-03
4.480000000000000426e+00,5.272416812319820068e+00,5.007280047230317166e+00,5.007280047230317166e+00,5.007280047230317166e+00,3.851187183988121210e-01,3.851187183988121210e-01,3.531981453846221863e-01,2.651367650895029016e-01,3.465057071109979847e-01,1.750943083976342143e-02,-1.081699256613921981e-02
4.500000000000000000e+00,5.419528246829231399e+00,5.015271569002384133e+00,5.015271569002384133e+00,5.015271569002384133e+00,3.995760886033309367e-01,3.995760886033309367e-01,5.296924204440005557e-01,4.042566778268472660e-01,5.235552134906210631e-01,1.754488418492892651e-02,-1.140767723154941654e-02
4.520000000000000462e+00,5.263378002725266569e+00,5.023105331077767133e+00,5.023105331077767133e+00,5.023105331077767133e+00,3.916881037691694045e-01,3.916881037691694045e-01,3.206962402617158925e-01,2.402726716474994362e-01,3.150951708280607111e-01,1.756622133822909396e-02,-1.196515190457394205e-02
4.540000000000000036e+00,5.140405070248330155e+00,5.030464257261643368e+00,5.030464257261643368e+00,5.030464257261643368e+00,3.679463091938194874e-01,3.679463091938194874e-01,1.542701580156703167e-01,1.099408129866867867e-01,1.489706687466150481e-01,1.757630911579776203e-02,-1.227681984674249341e-02
4.560000000000000497e+00,5.477773875524887259e+00,5.038234169774741922e+00,5.038234169774741922e+00,5.038234169774741922e+00,3.884956256549373377e-01,3.884956256549373377e-01,5.734394738049979345e-01,4.395397057501453375e-01,5.680832151943197017e-01,1.761477774296840021e-02,-1.225851913229011013e-02
4.580000000000000071e+00,4.874415538793116731e+00,5.044821292332870577e+00,5.044821292332870577e+00,5.044821292332870577e+00,3.293561279064349812e-01,3.293561279064349812e-01,-2.028993518300861720e-01,-1.704057535397538459e-01,-2.080496613466639999e-01,1.760068934070398161e-02,-1.245037982412615721e-02
4.600000000000000533e+00,5.231103459216076779e+00,5.051234101452462433e+00,5.051234101452462433e+00,5.051234101452462433e+00,3.206404559795806297e-01,3.206404559795806297e-01,2.421994086378914113e-01,1.798693577636143459e-01,2.365783519416718716e-01,1.761670960705593800e-02,-1.199565291083638102e-02
4.620000000000000107e+00,4.774762440817724496e+00,5.056315396436212417e+00,5.056315396436212417e+00,5.056315396436212417e+00,2.540647491875207553e-01,2.540647491875207553e-01,-3.451166119410180588e-01,-2.815529556184879212e-01,-3.511190090061171998e-01,1.759293304424135174e-02,-1.159053597914221079e-02
4.639999999999999680e+00,4.492145815444992252e+00,5.059469372294616463e+00,5.059469372294616463e+00,5.059469372294616463e+00,1.576987929201806304e-01,1.576987929201806304e-01,-7.095948134858804934e-01,-5.673235568496242109e-01,-7.164953678588495967e-01,1.754441446027610665e-02,-1.064386008730703985e-02
4.660000000000000142e+00,4.826064867255527524e+00,5.061732109043648897e+00,5.061732109043648897e+00,5.061732109043648897e+00,1.131368374516225350e-01,1.131368374516225350e-01,-2.879207617654003792e-01,-2.356672417881213732e-01,-2.964237213996429587e-01,1.752434167284274563e-02,-9.021382038600141845e-03
4.679999999999999716e+00,4.734161423949409198e+00,5.062956651298170740e+00,5.062956651298170740e+00,5.062956651298170740e+00,6.122711272608048066e-02,6.122711272608048066e-02,-4.059604098037979947e-01,-3.287952273487615429e-01,-4.160147700696844031e-01,1.749617059392464050e-02,-7.441810328038252036e-03
4.700000000000000178e+00,4.380738677802981762e+00,5.062349142495714105e+00,5.062349142495714105e+00,5.062349142495714105e+00,-3.037544012283401734e-02,-3.037544012283401734e-02,-8.547984157630645896e-01,-6.816104646927323429e-01,-8.664168263388900559e-01,1.743749984820405427e-02,-5.819089272378653865e-03
4.719999999999999751e+00,4.732921891077495502e+00,5.060992916046895829e+00,5.060992916046895829e+00,5.060992916046895829e+00,-6.781132244091034322e-02,-6.781132244091034322e-02,-4.047342633035971859e-01,-3.280710249694003267e-01,-4.183726093011376213e-01,1.740916910458208816e-02,-3.770823107041653289e-03
4.740000000000000213e+00,4.569768506613749892e+00,5.058555407739802945e+00,5.058555407739802945e+00,5.058555407739802945e+00,-1.218754153546335040e-01,-1.218754153546335040e-01,-6.084522515781420893e-01,-4.887869011260530527e-01,-6.238549999800953039e-01,1.736692380537083885e-02,-1.964175403417655480e-03
4.759999999999999787e+00,4.822659363272943089e+00,5.055796845496673519e+00,5.055796845496673519e+00,5.055796845496673519e+00,-1.379281121564527035e-01,-1.379281121564527035e-01,-2.824023833728254163e-01,-2.331374822237304301e-01,-2.995879764729120209e-01,1.734663674554668897e-02,-1.610436454601027207e-04
4.780000000000000249e+00,4.648689259881283675e+00,5.052317231528270725e+00,5.052317231528270725e+00,5.052317231528270725e+00,-1.739806984201179296e-01,-1.739806984201179296e-01,-4.984539747931049369e-01,-4.036279716469870493e-01,-5.170266337315451155e-01,1.731162549318376528e-02,1.261033445256382057e-03
4.799999999999999822e+00,4.688644028685329701e+00,5.048301640863019024e+00,5.048301640863019024e+00,5.048301640863019024e+00,-2.007795332625912921e-01,-2.007795332625912921e-01,-4.419690468448517207e-01,-3.596576121776893231e-01,-4.618649676105350821e-01,1.728034959773927168e-02,2.615571167944059396e-03
4.820000000000000284e+00,4.101188288138503779e+00,5.042324000472008905e+00,5.042324000472008905e+00,5.042324000472008905e+00,-2.988820195505195176e-01,-2.988820195505195176e-01,-1.181804396141873381e+00,-9.411357123335051256e-01,-1.202833957960134370e+00,1.719889784940496422e-02,3.830663968856188629e-03
4.839999999999999858e+00,4.676967902681083089e+00,5.036061771245546659e+00,5.036061771245546659e+00,5.036061771245546659e+00,-3.131114613231233967e-01,-3.131114613231233967e-01,-4.411764372765584752e-01,-3.590938685644635697e-01,-4.640022441944757770e-01,1.716747722499494325e-02,5.658329692922371527e-03
4.860000000000000320e+00,4.750508138132342850e+00,5.029748903394727577e+00,5.029748903394727577e+00,5.029748903394727577e+00,-3.156433925409508623e-01,-3.156433925409508623e-01,-3.384307735013977747e-01,-2.792407652623847270e-01,-3.626531140537688214e-01,1.714291961254720692e-02,7.079420939823858824e-03
4.879999999999999893e+00,4.632681205451882001e+00,5.023109186725491782e+00,5.023109186725491782e+00,5.023109186725491782e+00,-3.319858334617862838e-01,-3.319858334617862838e-01,-4.790678017493051333e-01,-3.904279812736097810e-01,-5.042759763874138379e-01,1.710877179052412364e-02,8.099402847584603535e-03
4.900000000000000355e+00,4.872561376012965795e+00,5.016803194255116338e+00,5.016803194255116338e+00,5.016803194255116338e+00,-3.152996235187592866e-01,-3.152996235187592866e-01,-1.651237340315165059e-01,-1.442418182421505435e-01,-1.911957196049079988e-01,1.709582467880284631e-02,8.976160894588648340e-03
4.919999999999999929e+00,4.423174145459208617e+00,5.009672920186750922e+00,5.009672920186750922e+00,5.009672920186750922e+00,-3.565137034182570552e-01,-3.565137034182570552e-01,-7.274404225137373059e-01,-5.864987747275423047e-01,-7.539088919708027969e-01,1.704477258060639946e-02,9.423696876459023916e-03
4.940000000000000391e+00,5.030338829460101024e+00,5.003362549408536530e+00,5.003362549408536530e+00,5.003362549408536530e+00,-3.155185389106985316e-01,-3.155185389106985316e-01,5.343794165732832641e-02,2.697628005156449404e-02,2.624570477715463049e-02,1.704477258060639946e-02,1.014746429956729472e-02
4.959999999999999964e+00,4.511774749505718773e+00,4.996489079267765199e+00,4.996489079267765199e+00,4.996489079267765199e+00,-3.436735070385802948e-01,-3.436735070385802948e-01,-5.970682201895159968e-01,-4.847143297620464253e-01,-6.243165058765786091e-01,1.700249602981475719e-02,1.024578965724787238e-02
4.980000000000000426e+00,5.285074295477025785e+00,4.991091207300739185e+00,4.991091207300739185e+00,4.991091207300739185e+00,-2.698935983512875669e-01,-2.698935983512875669e-01,3.941255798343473726e-01,2.939830881762865999e-01,3.665032245857609561e-01,1.702731435840875232e-02,1.059504089017763474e-02
5.000000000000000000e+00,4.768927578208326246e+00,4.985723052666819477e+00,4.985723052666819477e+00,4.985723052666819477e+00,-2.684077316959942450e-01,-2.684077316959942450e-01,-2.550349317983544029e-01,-2.167954744584932314e-01,-2.821478089473644646e-01,1.700820828630680501e-02,1.010466886270329837e-02
5.020000000000000462e+00,5.085581172855291321e+00,4.981198879932162704e+00,4.981198879932162704e+00,4.981198879932162704e+00,-2.262086367328361713e-01,-2.262086367328361713e-01,1.535832179355865745e-01,1.043822929231286167e-01,1.268198126393592362e-01,1.701679608464301205e-02,9.746609211584322807e-03
5.040000000000000036e+00,5.421378271596105414e+00,4.978297440757762260e+00,4.978297440757762260e+00,4.978297440757762260e+00,-1.450719587200024197e-01,-1.450719587200024197e-01,5.851581433955014289e-01,4.430808308383431537e-01,5.590278274132072234e-01,1.705465151232611262e-02,9.075664469968099807e-03
5.060000000000000497e+00,5.231922394790055719e+00,4.976380101574236825e+00,4.976380101574236825e+00,4.976380101574236825e+00,-9.586695917628071384e-02,-9.586695917628071384e-02,3.469780367172146662e-01,2.555422932158188942e-01,3.221036916210127110e-01,1.707646325837288911e-02,7.797881837829091257e-03
5.080000000000000071e+00,5.353600747766521728e+00,4.975659681263259415e+00,4.975659681263259415e+00,4.975659681263259415e+00,-3.602101554885030893e-02,-3.602101554885030893e-02,5.025924770980233491e-01,3.779410665032623129e-01,4.790702206642018512e-01,1.710890423394542670e-02,6.413352199876030425e-03
5.100000000000000533e+00,5.180340381908879799e+00,4.975575141208278040e+00,4.975575141208278040e+00,4.975575141208278040e+00,-4.227002749073401067e-03,-4.227002749073401067e-03,2.819191124489188183e-01,2.047652407006017583e-01,2.599444898199378962e-01,1.712650677420094955e-02,4.848115854779971694e-03
5.120000000000000107e+00,5.526846366923361842e+00,4.976940503468401999e+00,4.976940503468401999e+00,4.976940503468401999e+00,6.826811300618348954e-02,6.826811300618348954e-02,7.207241548034956091e-01,5.499058634549598423e-01,7.001144566581564144e-01,1.717391609961244764e-02,3.435782045726704613e-03
5.139999999999999680e+00,5.217910312832381159e+00,4.978819232291357366e+00,4.978819232291357366e+00,4.978819232291357366e+00,9.393644114775896725e-02,9.393644114775896725e-02,3.249513944219382666e-01,2.390910805410237927e-01,3.060316578922535613e-01,1.719463950321774987e-02,1.725097026466961741e-03
5.160000000000000142e+00,5.657860012386281667e+00,4.982269901809408097e+00,4.982269901809408097e+00,4.982269901809408097e+00,1.725334759025385356e-01,1.725334759025385356e-01,8.799067886955548312e-01,6.755901105768735704e-01,8.623817907205538758e-01,1.725303701030591469e-02,2.719609646951006224e-04
5.179999999999999716e+00,5.391141265843129027e+00,4.986445557918705695e+00,4.986445557918705695e+00,4.986445557918705695e+00,2.087828054648582510e-01,2.087828054648582510e-01,5.350267715257356338e-01,4.046957079244233313e-01,5.192666323228255498e-01,1.728819994761281523e-02,-1.528060744702693314e-03
5.200000000000000178e+00,5.565427823254037953e+00,4.991702641117342409e+00,4.991702641117342409e+00,4.991702641117342409e+00,2.628541599318305888e-01,2.628541599318305888e-01,7.494963501345814905e-01,5.737251821366955440e-01,7.353074769758719542e-01,1.733799242243165215e-02,-3.149119263722089442e-03
5.219999999999999751e+00,5.443548328102739475e+00,4.997606812921525865e+00,4.997606812921525865e+00,4.997606812921525865e+00,2.952085902091915459e-01,2.952085902091915459e-01,5.863984627054401599e-01,4.459415151812136102e-01,5.738440224714542737e-01,1.737685115151239509e-02,-4.822410917526546124e-03
5.240000000000000213e+00,5.630449366774520570e+00,5.004550218252898475e+00,5.004550218252898475e+00,5.004550218252898475e+00,3.471702665686419165e-01,3.471702665686419165e-01,8.148253538036951404e-01,6.258991485216220951e-01,8.037100433933033194e-01,1.743127561114375321e-02,-6.315965200751943488e-03
5.259999999999999787e+00,5.466290879024019667e+00,5.011991288317117821e+00,5.011991288317117821e+00,5.011991288317117821e+00,3.720535032109521523e-01,3.720535032109521523e-01,5.960026329917440524e-01,4.542995907069018457e-01,5.864106391793239004e-01,1.747098530797007096e-02,-7.878991495549920662e-03
5.280000000000000249e+00,5.431826431629898089e+00,5.019771204927311992e+00,5.019771204927311992e+00,5.019771204927311992e+00,3.889958305097229174e-01,3.889958305097229174e-01,5.414767761986596373e-01,4.120552267025860971e-01,5.331906320072309358e-01,1.750709113029497166e-02,-9.220946938866178208e-03
5.299999999999999822e+00,5.439599869615049599e+00,5.027853922954926169e+00,5.027853922954926169e+00,5.027853922954926169e+00,4.041359013807307998e-01,4.041359013807307998e-01,5.403965392198017970e-01,4.117459466601234297e-01,5.331824041534267700e-01,1.754319639545811813e-02,-1.032906132908302174e-02
5.320000000000000284e+00,5.164814098237420659e+00,5.035488846901921889e+00,5.035488846901921889e+00,5.035488846901921889e+00,3.817461973497767724e-01,3.817461973497767724e-01,1.802388610711904149e-01,1.293252513354987698e-01,1.739394226087679907e-01,1.755497497053241235e-02,-1.125553650810997598e-02
5.339999999999999858e+00,4.987921639644747884e+00,5.042251205562362948e+00,5.042251205562362948e+00,5.042251205562362948e+00,3.381179330220631662e-01,3.381179330220631662e-01,-5.453644592735942820e-02,-5.432956591761506360e-02,-6.041035321661098606e-02,1.755497497053241235e-02,-1.168106768128085102e-02
5.360000000000000320e+00,4.939046310373917947e+00,5.048087191317701006e+00,5.048087191317701006e+00,5.048087191317701006e+00,2.917992877668993401e-01,2.917992877668993401e-01,-1.250685195295752061e-01,-1.090408809437830584e-01,-1.310702168893251585e-01,1.754609934954620698e-02,-1.154440198979624251e-02
5.379999999999999893e+00,4.975972075891640145e+00,5.053169511094623978e+00,5.053169511094623978e+00,5.053169511094623978e+00,2.541159888461600458e-01,2.541159888461600458e-01,-8.503370144049345047e-02,-7.719743520298383288e-02,-9.158619659109729083e-02,1.753989744961956601e-02,-1.098740229901572218e-02
5.400000000000000355e+00,5.153097484504709946e+00,5.058012068575110654e+00,5.058012068575110654e+00,5.058012068575110654e+00,2.421278740243363869e-01,2.421278740243363869e-01,1.342348406279233741e-01,9.508541592959929289e-02,1.269085262308091711e-01,1.754849125533283413e-02,-1.022217685821864494e-02
5.419999999999999929e+00,4.823409518024725173e+00,5.061790402225170737e+00,5.061790402225170737e+00,5.061790402225170737e+00,1.889166825029987840e-01,1.889166825029987840e-01,-2.899840411890395320e-01,-2.383808842004455641e-01,-2.979452391989895754e-01,1.752831543598550035e-02,-9.567117426035415262e-03
5.440000000000000391e+00,4.683118566714207454e+00,5.064246910362631304e+00,5.064246910362631304e+00,5.064246910362631304e+00,1.228254068730242482e-01,1.228254068730242482e-01,-4.719960737967465181e-01,-3.811283436484238507e-01,-4.809132310989233661e-01,1.749574965813155761e-02,-8.578592355954713089e-03
5.459999999999999964e+00,4.855940015707490787e+00,5.065949167133048547e+00,5.065949167133048547e+00,5.065949167133048547e+00,8.511283852087572765e-02,8.511283852087572765e-02,-2.543002766484608879e-01,-2.100091514255577607e-01,-2.645497562120284751e-01,1.747783526519121680e-02,-7.228355701623661624e-03
5.480000000000000426e+00,4.473857604176870950e+00,5.066000324341571215e+00,5.066000324341571215e+00,5.066000324341571215e+00,2.557860426150887490e-03,2.557860426150887490e-03,-7.404369424263728128e-01,-5.921427201647002647e-01,-7.519562849543455219e-01,1.742691539077698484e-02,-5.907572862804350358e-03
5.500000000000000000e+00,4.664615451652998068e+00,5.065053311490609111e+00,5.065053311490609111e+00,5.065053311490609111e+00,-4.735064254812115098e-02,-4.735064254812115098e-02,-4.965271693165694833e-01,-4.004378598376110432e-01,-5.097587883144879539e-01,1.739239629172576601e-02,-4.160777293807333549e-03
5.520000000000000462e+00,4.528428951276181280e+00,5.062867784679579763e+00,5.062867784679579763e+00,5.062867784679579763e+00,-1.092763405514552422e-01,-1.092763405514552422e-01,-6.666076225814620004e-01,-5.344388334033984833e-01,-6.815129374723233324e-01,1.734624659674732436e-02,-2.440931705886006248e-03
5.540000000000000036e+00,4.571392879684705868e+00,5.059685831730791783e+00,5.059685831730791783e+00,5.059685831730791783e+00,-1.590976474393897000e-01,-1.590976474393897000e-01,-6.074894094307996539e-01,-4.882929520460859152e-01,-6.241731293434898964e-01,1.730397975491776430e-02,-6.202598422275890609e-04
5.560000000000000497e+00,4.478277492531567816e+00,5.055382105713950303e+00,5.055382105713950303e+00,5.055382105713950303e+00,-2.151863008420838164e-01,-2.151863008420838164e-01,-7.199841814663308082e-01,-5.771046131823824865e-01,-7.383885907830144424e-01,1.725397863774662949e-02,1.150430678937101664e-03
5.580000000000000071e+00,4.952821053021724929e+00,5.051288634655792364e+00,5.051288634655792364e+00,5.051288634655792364e+00,-2.046735529079022342e-01,-2.046735529079022342e-01,-1.100588215002680920e-01,-9.846758163406743591e-02,-1.302525369191262217e-01,1.724515838721509681e-02,2.948557031643028563e-03
5.600000000000000533e+00,4.434457864132936855e+00,5.046080349845222024e+00,5.046080349845222024e+00,5.046080349845222024e+00,-2.604142405285083672e-01,-2.604142405285083672e-01,-7.620804291139636755e-01,-6.116224857122851688e-01,-7.833750785640265502e-01,1.719211094095013034e-02,4.102538509112772964e-03
5.620000000000000107e+00,4.486606980495248642e+00,5.040017050155606526e+00,5.040017050155606526e+00,5.040017050155606526e+00,-3.031649844807812744e-01,-3.031649844807812744e-01,-6.879216800512372165e-01,-5.534100696603578839e-01,-7.105311790744661682e-01,1.714399623118603375e-02,5.465502792042970827e-03
5.639999999999999680e+00,4.431511562227793632e+00,5.033062350575534083e+00,5.033062350575534083e+00,5.033062350575534083e+00,-3.477349790036270982e-01,-3.477349790036270982e-01,-7.488649297092395685e-01,-6.015507883477404505e-01,-7.728019696683223749e-01,1.709166475922424197e-02,6.845375199858597451e-03
5.660000000000000142e+00,4.713199930145130168e+00,5.026041309124819279e+00,5.026041309124819279e+00,5.026041309124819279e+00,-3.510520725357412219e-01,-3.510520725357412219e-01,-3.809059143247686130e-01,-3.128413789796891109e-01,-4.062252739466129525e-01,1.706415659106722688e-02,8.255203030777095302e-03
5.679999999999999716e+00,4.330653540421472769e+00,5.018008645834683534e+00,5.018008645834683534e+00,5.018008645834683534e+00,-4.016331645067962031e-01,-4.016331645067962031e-01,-8.568629922462913662e-01,-6.873551054132107652e-01,-8.831424662532501024e-01,1.700435324295873976e-02,9.275120763999939247e-03
5.700000000000000178e+00,4.169878600133670510e+00,5.008679847087305070e+00,5.008679847087305070e+00,5.008679847087305070e+00,-4.664399373689136485e-01,-4.664399373689136485e-01,-1.049700893127970547e+00,-8.388012469536345606e-01,-1.077125158040286523e+00,1.693141405902845106e-02,1.049285085328755841e-02
5.719999999999999751e+00,4.332063621712700652e+00,4.998623050927087696e+00,4.998623050927087696e+00,4.998623050927087696e+00,-5.028398080108829049e-01,-5.028398080108829049e-01,-8.304386437886056571e-01,-6.665594292143870447e-01,-8.593026062257476116e-01,1.687322506364623623e-02,1.199073737349576688e-02
5.740000000000000213e+00,5.010301772719132352e+00,4.989662148387669305e+00,4.989662148387669305e+00,4.989662148387669305e+00,-4.480451269709168072e-01,-4.480451269709168072e-01,4.510700238877823898e-02,2.063962433146304676e-02,1.483197667589671205e-02,1.687322506364623623e-02,1.340180064923528896e-02
5.759999999999999787e+00,4.332353496499973922e+00,4.979989093099275621e+00,4.979989093099275621e+00,4.979989093099275621e+00,-4.836527644196945697e-01,-4.836527644196945697e-01,-8.041215014586942100e-01,-6.476355965993016994e-01,-8.347819878973731234e-01,1.681669651958389577e-02,1.384378991909506092e-02
5.780000000000000249e+00,4.835300509395524138e+00,4.970978458512670173e+00,4.970978458512670173e+00,4.970978458512670173e+00,-4.505317293302643633e-01,-4.505317293302643633e-01,-1.524424135253924228e-01,-1.356779491171460350e-01,-1.837545013037643893e-01,1.680425330138537315e-02,1.450783447698659676e-02
5.799999999999999822e+00,4.955574539687761515e+00,4.962892655497828542e+00,4.962892655497828542e+00,4.962892655497828542e+00,-4.042901507420607610e-01,-4.042901507420607610e-01,1.188405655177150917e-02,-7.318115810067027383e-03,-1.956297690763399502e-02,1.680425330138537315e-02,1.464278015802013104e-02
5.820000000000000284e+00,4.597370520054523624e+00,4.954749105549264954e+00,4.954749105549264954e+00,4.954749105549264954e+00,-4.071774974281801573e-01,-4.071774974281801573e-01,-4.331636176032547803e-01,-3.573785854947413299e-01,-4.642131120129972532e-01,1.677281839773724775e-02,1.427667601200522350e-02
5.839999999999999858e+00,5.340203929996279797e+00,4.948460676106844147e+00,4.948460676106844147e+00,4.948460676106844147e+00,-3.144214721210484842e-01,-3.144214721210484842e-01,5.203827556431368517e-01,3.917432538894356497e-01,4.895276270477088576e-01,1.680596751263969263e-02,1.404916108278832405e-02
5.860000000000000320e+00,5.117331522858753701e+00,4.943289594641466778e+00,4.943289594641466778e+00,4.943289594641466778e+00,-2.585540732688773602e-01,-2.585540732688773602e-01,2.442525164006628946e-01,1.740419282172869231e-01,2.144659753749251496e-01,1.682049040546035670e-02,1.296605062027738828e-02
5.879999999999999893e+00,4.728841021368515030e+00,4.938147828910177672e+00,4.938147828910177672e+00,4.938147828910177672e+00,-2.570882865644433801e-01,-2.570882865644433801e-01,-2.438962062245377538e-01,-2.093068075416626428e-01,-2.723496880566487199e-01,1.680204782815888226e-02,1.165143400395210124e-02
5.900000000000000355e+00,5.261165178488553806e+00,4.934395796680861146e+00,4.934395796680861146e+00,4.934395796680861146e+00,-1.876016114658281553e-01,-1.876016114658281553e-01,4.377784644217088128e-01,3.267693818076926604e-01,4.102320339645377234e-01,1.682982732022262132e-02,1.071660313694844553e-02
5.919999999999999929e+00,5.469707302482793132e+00,4.932431150895924432e+00,4.932431150895924432e+00,4.932431150895924432e+00,-9.823228924682143870e-02,-9.823228924682143870e-02,7.060916107242388717e-01,5.372761515868686999e-01,6.798456123684536445e-01,1.687586410972158682e-02,9.370134246063541519e-03
5.940000000000000391e+00,5.535676689201885381e+00,4.932244143818377502e+00,4.932244143818377502e+00,4.932244143818377502e+00,-9.350353877366351929e-03,-9.350353877366351929e-03,7.905870644477293041e-01,6.034325453835078790e-01,7.661218336485704494e-01,1.692774322601589901e-02,7.537487573142962610e-03
5.959999999999999964e+00,5.524641280309920965e+00,4.933625222295684232e+00,4.933625222295684232e+00,4.933625222295684232e+00,6.905392386535356974e-02,6.905392386535356974e-02,7.746924235498329203e-01,5.910160580142367337e-01,7.523443633442602474e-01,1.697868937975417075e-02,5.369370825818444923e-03
5.980000000000000426e+00,5.565318761743550446e+00,4.936512902110499645e+00,4.936512902110499645e+00,4.936512902110499645e+00,1.443839907407493128e-01,1.443839907407493128e-01,8.223545926193109867e-01,6.288058596330508010e-01,8.022507950987901593e-01,1.703301502414668669e-02,3.070782496374159856e-03
6.000000000000000000e+00,5.194083958625276942e+00,4.939801577726050219e+00,4.939801577726050219e+00,4.939801577726050219e+00,1.644337807775201887e-01,1.644337807775201887e-01,3.448818911084579608e-01,2.542823808992267232e-01,3.271152417737671625e-01,1.705516613500695708e-02,7.114831996838356064e-04
6.020000000000000462e+00,5.815147304911191917e+00,4.945016745374397615e+00,4.945016745374397615e+00,4.945016745374397615e+00,2.607583824173591025e-01,2.607583824173591025e-01,1.127679797175909382e+00,8.701305595367943013e-01,1.111689073525129912e+00,1.713044586754488077e-02,-1.139722216765500645e-03
6.040000000000000036e+00,5.285445613036046986e+00,4.950602615109190197e+00,4.950602615109190197e+00,4.950602615109190197e+00,2.792934867396077436e-01,2.792934867396077436e-01,4.461094256398456248e-01,3.348429979268567891e-01,4.323446619302946936e-01,1.715972275016378404e-02,-3.394959040612854136e-03
6.060000000000000497e+00,5.512321499416422910e+00,4.957080763428879600e+00,4.957080763428879600e+00,4.957080763428879600e+00,3.239074159844513856e-01,3.239074159844513856e-01,7.254327791880440524e-01,5.552407359875433102e-01,7.133829830701855501e-01,1.720803057421420659e-02,-5.158234456355702616e-03
6.080000000000000071e+00,5.589800906011160642e+00,4.964539057203806394e+00,4.964539057203806394e+00,4.964539057203806394e+00,3.729146887463381521e-01,3.729146887463381521e-01,8.139801436033189397e-01,6.252618488073542480e-01,8.035545810794969546e-01,1.726244450647628284e-02,-6.836881982654314203e-03
6.100000000000000533e+00,5.395680150878327197e+00,4.972364218929079094e+00,4.972364218929079094e+00,4.972364218929079094e+00,3.912580862636445556e-01,3.912580862636445556e-01,5.563486639194020755e-01,4.233159319492481032e-01,5.475491889666413980e-01,1.729952264053229161e-02,-8.500047687771563817e-03
6.120000000000000107e+00,5.582606057284421830e+00,4.980971888830283412e+00,4.980971888830283412e+00,4.980971888830283412e+00,4.303834950602091203e-01,4.303834950602091203e-01,7.825121742292902027e-01,6.016341684541384183e-01,7.750071347112852393e-01,1.735200343863085165e-02,-9.846963920625898675e-03
6.140000000000000568e+00,5.568864524296476048e+00,4.990224485171151692e+00,4.990224485171151692e+00,4.990224485171151692e+00,4.626298170433989498e-01,4.626298170433989498e-01,7.528467148921076380e-01,5.786400391253243569e-01,7.466236470420646310e-01,1.740256220528094491e-02,-1.117949435523787893e-02
6.160000000000000142e+00,5.136469005605794891e+00,4.998933246360252269e+00,4.998933246360252269e+00,4.998933246360252269e+00,4.354380594550206762e-01,4.354380594550206762e-01,1.907122411596162692e-01,1.375357592455426214e-01,1.857305409519968697e-01,1.741513923403832306e-02,-1.243343902641891839e-02
6.179999999999999716e+00,4.980691201086137276e+00,5.006733546173133043e+00,5.006733546173133043e+00,5.006733546173133043e+00,3.900149906440433245e-01,3.900149906440433245e-01,-1.879262865475304911e-02,-2.604234508699576622e-02,-2.316739749812603971e-02,1.741513923403832306e-02,-1.304037039066533073e-02
6.200000000000000178e+00,4.805420303347696986e+00,5.013251250403379267e+00,5.013251250403379267e+00,5.013251250403379267e+00,3.258852115122961024e-01,3.258852115122961024e-01,-2.512828006734287856e-01,-2.078309470556822802e-01,-2.556678183883037692e-01,1.739782629515533585e-02,-1.301280858028035746e-02
6.219999999999999751e+00,4.964056969518444440e+00,5.019002316824317411e+00,5.019002316824317411e+00,5.019002316824317411e+00,2.875533210469093937e-01,2.875533210469093937e-01,-5.743369314157076300e-02,-5.494534730587297133e-02,-6.247673672386722804e-02,1.739782629515533585e-02,-1.235478271285886907e-02
6.240000000000000213e+00,5.233874593440589251e+00,5.024735860038435753e+00,5.024735860038435753e+00,5.024735860038435753e+00,2.866771607059165894e-01,2.866771607059165894e-01,2.787917176369811845e-01,2.091387334021534983e-01,2.728877913026652169e-01,1.741630531094433623e-02,-1.151237897662840508e-02
6.259999999999999787e+00,5.026102991911647777e+00,5.029912526117113813e+00,5.029912526117113813e+00,5.029912526117113813e+00,2.588333039338902020e-01,2.588333039338902020e-01,8.238592985652789732e-03,-3.809534205466036383e-03,1.736257478979270691e-03,1.741630531094433623e-02,-1.091396980427081741e-02
6.280000000000000249e+00,4.739489427977688685e+00,5.033848198059358126e+00,5.033848198059358126e+00,5.033848198059358126e+00,1.967835971122274819e-01,1.967835971122274819e-01,-3.616637642827368326e-01,-2.943587700816694408e-01,-3.688373346370699135e-01,1.739132892450434564e-02,-1.021775857017124568e-02
6.299999999999999822e+00,4.903197253155395785e+00,5.037074984801956035e+00,5.037074984801956035e+00,5.037074984801956035e+00,1.613393371298900147e-01,1.613393371298900147e-01,-1.576590027111471060e-01,-1.338777316465602496e-01,-1.659267000280321702e-01,1.738009294324260531e-02,-9.112395626357539316e-03
6.320000000000000284e+00,4.329680946968270661e+00,5.038200979294836124e+00,5.038200979294836124e+00,5.038200979294836124e+00,5.629972464399546350e-02,5.629972464399546350e-02,-8.890567877290556087e-01,-7.085200323265654632e-01,-8.983904280487804428e-01,1.731925705598890905e-02,-7.985616736264036786e-03
6.339999999999999858e+00,4.512682943315656559e+00,5.037901805298105273e+00,5.037901805298105273e+00,5.037901805298105273e+00,-1.495869983655431779e-02,-1.495869983655431779e-02,-6.562845201615024049e-01,-5.252188619824487148e-01,-6.674079056935580123e-01,1.727406250489469872e-02,-6.150676972839110371e-03
6.360000000000000320e+00,4.867933067547149051e+00,5.037227034027085715e+00,5.037227034027085715e+00,5.037227034027085715e+00,-3.373856355098706072e-02,-3.373856355098706072e-02,-2.027573369808817194e-01,-1.692939664799366639e-01,-2.158602969437144192e-01,1.725944519344811690e-02,-4.156485230615413612e-03
6.379999999999999893e+00,4.393029250738924141e+00,5.035012738594847548e+00,5.035012738594847548e+00,5.035012738594847548e+00,-1.107147716119226549e-01,-1.107147716119226549e-01,-8.035006441603429472e-01,-6.419834878559234070e-01,-8.181311847759652478e-01,1.720404418408533545e-02,-2.573503568463049625e-03
6.400000000000000355e+00,4.692944273586733495e+00,5.032183970590558886e+00,5.032183970590558886e+00,5.032183970590558886e+00,-1.414384002144183639e-01,-1.414384002144183639e-01,-4.179510576368797303e-01,-3.392396970038253912e-01,-4.344269505603048365e-01,1.717462629609463678e-02,-6.987333726695278257e-04
6.419999999999999929e+00,4.565675530627969714e+00,5.028489256188545475e+00,5.028489256188545475e+00,5.028489256188545475e+00,-1.847357201006728511e-01,-1.847357201006728511e-01,-5.744115990769632640e-01,-4.628137255605757616e-01,-5.924657187524882129e-01,1.713450657025785556e-02,9.196131052670842264e-04
6.440000000000000391e+00,4.053430874699366804e+00,5.022726433634741916e+00,5.022726433634741916e+00,5.022726433634741916e+00,-2.881411276901972851e-01,-2.881411276901972851e-01,-1.218789795995917524e+00,-9.692955589353751122e-01,-1.238324144491256940e+00,1.705065154944978775e-02,2.483696945889637096e-03
6.459999999999999964e+00,4.423222364561283371e+00,5.016060368136258774e+00,5.016060368136258774e+00,5.016060368136258774e+00,-3.333032749241641723e-01,-3.333032749241641723e-01,-7.397626000298659354e-01,-5.928380035749754029e-01,-7.613701677232923570e-01,1.699909419950947076e-02,4.608473493916918733e-03
6.480000000000000426e+00,4.564203464115700548e+00,5.008960204384551140e+00,5.008960204384551140e+00,5.008960204384551140e+00,-3.550081875853836610e-01,-3.550081875853836610e-01,-5.503524015363588928e-01,-4.447567402688505922e-01,-5.738582681061089596e-01,1.696023450576370287e-02,6.545632063986448097e-03
6.500000000000000000e+00,4.232718194419725855e+00,5.000648424906075640e+00,5.000648424906075640e+00,5.000648424906075640e+00,-4.155889739237733638e-01,-4.155889739237733638e-01,-9.608160509692805773e-01,-7.679302304863497852e-01,-9.858273526553281707e-01,1.689347769290672902e-02,8.117823993140914698e-03
6.520000000000000462e+00,4.572965980609377645e+00,4.992134866846890340e+00,4.992134866846890340e+00,4.992134866846890340e+00,-4.256779029592590025e-01,-4.256779029592590025e-01,-5.164782642786298616e-01,-4.191688862375126945e-01,-5.431567042568065107e-01,1.685669700269721433e-02,9.821742975479439905e-03
6.540000000000000036e+00,4.766259191860183542e+00,4.983954844866539169e+00,4.983954844866539169e+00,4.983954844866539169e+00,-4.090010990175490524e-01,-4.090010990175490524e-01,-2.589098635421593353e-01,-2.176956530063556272e-01,-2.868621072331176136e-01,1.683727169464835707e-02,1.111497199630988655e-02
6.560000000000000497e+00,4.893211558749332113e+00,4.976419704335716787e+00,4.976419704335716787e+00,4.976419704335716787e+00,-3.767570265411120389e-01,-3.767570265411120389e-01,-8.656037425317887612e-02,-8.320814558638467417e-02,-1.152439733688529616e-01,1.682946777204227806e-02,1.185413134363180396e-02
6.580000000000000071e+00,2.498984499861741870e+00,4.963402726039151780e+00,4.963402726039151780e+00,4.963402726039151780e+00,-6.508489148282607939e-01,-6.508489148282607939e-01,-3.117675909412598756e+00,-2.464418226177409910e+00,-3.146342709681948069e+00,1.661640834445751724e-02,1.205039192489180955e-02
6.600000000000000533e+00,4.721816353755544426e+00,4.951136842909553692e+00,4.951136842909553692e+00,4.951136842909553692e+00,-6.132941564798973788e-01,-6.132941564798973788e-01,-2.753013313446265875e-01,-2.293204891540092660e-01,-3.068146928001813656e-01,1.659563191644112742e-02,1.491772953911364025e-02
6.620000000000000107e+00,5.033526632966379033e+00,4.940373125235488772e+00,4.940373125235488772e+00,4.940373125235488772e+00,-5.381858837032602594e-01,-5.381858837032602594e-01,1.377885712864735934e-01,9.315350773089026148e-02,1.046350333721681874e-01,1.660271743838601446e-02,1.655082047591939498e-02
6.640000000000000568e+00,4.536335561808046535e+00,4.929726551669610046e+00,4.929726551669610046e+00,4.929726551669610046e+00,-5.323286782939434802e-01,-5.323286782939434802e-01,-4.796138296100925236e-01,-3.933909898615635115e-01,-5.131277055528516984e-01,1.656797020793125338e-02,1.694590573482790755e-02
6.660000000000000142e+00,4.823257800580245558e+00,4.919941650715642822e+00,4.919941650715642822e+00,4.919941650715642822e+00,-4.892450476983459806e-01,-4.892450476983459806e-01,-1.014923723379681925e-01,-9.668385013539726458e-02,-1.352153138834928936e-01,1.655881389533756659e-02,1.716412765018714148e-02
6.679999999999999716e+00,4.497812158813167649e+00,4.910129851509219101e+00,4.910129851509219101e+00,4.910129851509219101e+00,-4.905899603212016680e-01,-4.905899603212016680e-01,-5.026941739269027432e-01,-4.123176926960514521e-01,-5.361044547161434304e-01,1.652251075903395441e-02,1.688777003020667730e-02
6.700000000000000178e+00,5.417258836726137616e+00,4.902653887523643839e+00,4.902653887523643839e+00,4.902653887523643839e+00,-3.737981992787622332e-01,-3.737981992787622332e-01,6.773276501031928465e-01,5.146049492024937777e-01,6.440538112254865499e-01,1.656612385176261040e-02,1.670771502594368615e-02
6.719999999999999751e+00,5.265728079564211406e+00,4.896911759942039311e+00,4.896911759942039311e+00,4.896911759942039311e+00,-2.871063790802084181e-01,-2.871063790802084181e-01,4.931200027067759728e-01,3.688163196221720952e-01,4.611042238915208369e-01,1.659734823227810088e-02,1.541843058297706105e-02
6.740000000000000213e+00,2.573117745175414584e+00,4.885901508286869976e+00,4.885901508286869976e+00,4.885901508286869976e+00,-5.505125827584758103e-01,-5.505125827584758103e-01,-2.921168415862882561e+00,-2.312783763111455393e+00,-2.951218398753613581e+00,1.639750194700817162e-02,1.365248094372299714e-02
6.759999999999999787e+00,5.642692719808341195e+00,4.877977536330433850e+00,4.877977536330433850e+00,4.877977536330433850e+00,-3.961985978217934523e-01,-3.961985978217934523e-01,9.926272666083478802e-01,7.647151834779073454e-01,9.611248386322684967e-01,1.646258599119901703e-02,1.503984198488042545e-02
6.780000000000000249e+00,5.261654744057966404e+00,4.871882440896579070e+00,4.871882440896579070e+00,4.871882440896579070e+00,-3.047547716927389572e-01,-3.047547716927389572e-01,5.182396634687514991e-01,3.897723031613873346e-01,4.872700538139663751e-01,1.649558223106358315e-02,1.447402742372148887e-02
6.799999999999999822e+00,5.308798731937408810e+00,4.867566023052862789e+00,4.867566023052862789e+00,4.867566023052862789e+00,-2.158208921858039142e-01,-2.158208921858039142e-01,5.845840233766116389e-01,4.412327088845460210e-01,5.548836896218537484e-01,1.653315703209309526e-02,1.316717672266472239e-02
6.820000000000000284e+00,5.400058549920520257e+00,4.865089669114125215e+00,4.865089669114125215e+00,4.865089669114125215e+00,-1.238176969368870589e-01,-1.238176969368870589e-01,7.042110603033646665e-01,5.349688808063950418e-01,6.762655091219249570e-01,1.657895138940371216e-02,1.136659979203601296e-02
6.839999999999999858e+00,5.440779023487614552e+00,4.864374838138949109e+00,4.864374838138949109e+00,4.864374838138949109e+00,-3.574154875878557402e-02,-3.574154875878557402e-02,7.569437848441277206e-01,5.764041853486654432e-01,7.311254800543314225e-01,1.662846067387983157e-02,9.189844115916522005e-03
6.860000000000000320e+00,5.444865483443030563e+00,4.865252871019515979e+00,4.865252871019515979e+00,4.865252871019515979e+00,4.390164402832684443e-02,4.390164402832684443e-02,7.606903791123387215e-01,5.796126124235145838e-01,7.372231195361834688e-01,1.667838286937598294e-02,6.788876706779266301e-03
6.879999999999999893e+00,5.348296309076640220e+00,4.867312100700541322e+00,4.867312100700541322e+00,4.867312100700541322e+00,1.029614840512761420e-01,1.029614840512761420e-01,6.345000442578198063e-01,4.809842083760988984e-01,6.134651663325477733e-01,1.671992460504889699e-02,4.314953320223184619e-03
6.900000000000000355e+00,5.358624336342494132e+00,4.870450854788795247e+00,4.870450854788795247e+00,4.870450854788795247e+00,1.569377044127085175e-01,1.569377044127085175e-01,6.427236876655998410e-01,4.881734815536988847e-01,6.239665392652801179e-01,1.676217745731410635e-02,1.994970943005608486e-03
6.919999999999999929e+00,5.455822380505980007e+00,4.874795868942610966e+00,4.874795868942610966e+00,4.874795868942610966e+00,2.172507076907880530e-01,2.172507076907880530e-01,7.600677371935039561e-01,5.810265115633690414e-01,7.434218376608247025e-01,1.681251940852578411e-02,-1.666198758465287783e-04
6.940000000000000391e+00,5.488350507905149556e+00,4.880293980132301535e+00,4.880293980132301535e+00,4.880293980132301535e+00,2.749055594845299932e-01,2.749055594845299932e-01,7.937992256282077053e-01,6.080565277728480211e-01,7.792143914824239959e-01,1.686528510747656306e-02,-2.280450961692797717e-03
6.959999999999999964e+00,5.246655558193732638e+00,4.886197963445614079e+00,4.886197963445614079e+00,4.886197963445614079e+00,2.951991656656326457e-01,2.951991656656326457e-01,4.778416212955564624e-01,3.604575947481185594e-01,4.652792041380174881e-01,1.689679220318984765e-02,-4.334375045650861250e-03
6.980000000000000426e+00,5.678580262321700545e+00,4.893546180848458604e+00,4.893546180848458604e+00,4.893546180848458604e+00,3.674108701422231227e-01,3.674108701422231227e-01,1.017316210431537638e+00,7.850340814732419403e-01,1.006325519572629723e+00,1.696493708089319083e-02,-5.974246221985249523e-03
7.000000000000000000e+00,5.095270738201283400e+00,4.900690238688236278e+00,4.900690238688236278e+00,4.900690238688236278e+00,3.572028919888914911e-01,3.572028919888914911e-01,2.653310886089068066e-01,1.945804995130471227e-01,2.561901878380875019e-01,1.698228539282553226e-02,-7.841384622006248445e-03
7.020000000000000462e+00,4.964698076946525873e+00,4.907298352813267428e+00,4.907298352813267428e+00,4.907298352813267428e+00,3.304057062515353138e-01,3.304057062515353138e-01,8.923103461532988501e-02,5.739972413325844514e-02,8.128995458802779073e-02,1.698779006691574639e-02,-9.046710039613655580e-03
7.040000000000000036e+00,5.738400215732613496e+00,4.915371525711540457e+00,4.915371525711540457e+00,4.915371525711540457e+00,4.036586449136518873e-01,4.036586449136518873e-01,1.062935092872701270e+00,8.230286900210730394e-01,1.055499365907569542e+00,1.705926482712680908e-02,-9.623537861995072260e-03
7.060000000000000497e+00,5.483411829118538527e+00,4.924092906090012711e+00,4.924092906090012711e+00,4.924092906090012711e+00,4.360690189236237635e-01,4.360690189236237635e-01,7.277623850133708716e-01,5.593189230285258162e-01,7.214111853268875274e-01,1.710811629321981261e-02,-1.075691660673651871e-02
7.080000000000000071e+00,4.845975854379347858e+00,4.931754187737640294e+00,4.931754187737640294e+00,4.931754187737640294e+00,3.830640823813647455e-01,3.830640823813647455e-01,-9.398034649896640225e-02,-8.577833335829243566e-02,-9.920865567254436024e-02,1.710139822677269467e-02,-1.187308905319474535e-02
7.100000000000000533e+00,4.552361595959512286e+00,4.937695568617120223e+00,4.937695568617120223e+00,4.937695568617120223e+00,2.970690439740185096e-01,2.970690439740185096e-01,-4.768863016920976139e-01,-3.853339726576079372e-01,-4.818285915582225520e-01,1.706877046387977534e-02,-1.212648059775485801e-02
7.120000000000000107e+00,5.015045599970142653e+00,4.943250536645229509e+00,4.943250536645229509e+00,4.943250536645229509e+00,2.777484014054671935e-01,2.777484014054671935e-01,1.038626182885052235e-01,7.179506332491314424e-02,9.823453981833848991e-02,1.707542256657613652e-02,-1.144734409640940469e-02
7.140000000000000568e+00,4.845506031727616403e+00,4.948014311831224532e+00,4.948014311831224532e+00,4.948014311831224532e+00,2.381887592997504188e-01,2.381887592997504188e-01,-1.178480196517004280e-01,-1.025082801036081293e-01,-1.241355212453686407e-01,1.706701653915322289e-02,-1.077951494548500845e-02
7.160000000000000142e+00,4.516184792776387624e+00,4.951219086237612643e+00,4.951219086237612643e+00,4.951219086237612643e+00,1.602387203194160226e-01,1.602387203194160226e-01,-5.413116305035934328e-01,-4.350342934612250190e-01,-5.484234891996428995e-01,1.702987920051450554e-02,-9.918020504465028392e-03
7.179999999999999716e+00,4.644476259682766894e+00,4.953341186238533034e+00,4.953341186238533034e+00,4.953341186238533034e+00,1.061050000460014159e-01,1.061050000460014159e-01,-3.810984824147300998e-01,-3.088649265557661394e-01,-3.895633897246540966e-01,1.700349931743078830e-02,-8.538592007506798365e-03
7.200000000000000178e+00,4.878323536550330353e+00,4.955080457864340815e+00,4.955080457864340815e+00,4.955080457864340815e+00,8.696358129038397888e-02,8.696358129038397888e-02,-8.530918751017291246e-02,-7.675692131401046225e-02,-9.527241510401740499e-02,1.699704779955760192e-02,-7.033820205713112866e-03
7.219999999999999751e+00,4.833895374895453401e+00,4.956360385805764324e+00,4.956360385805764324e+00,4.956360385805764324e+00,6.399639707117396603e-02,6.399639707117396603e-02,-1.427082609017161774e-01,-1.224650109103109230e-01,-1.539050553704870150e-01,1.698662588242227933e-02,-5.789831413651453859e-03
7.240000000000000213e+00,4.829836766675177806e+00,4.957215521877947673e+00,4.957215521877947673e+00,4.957215521877947673e+00,4.275680360915129485e-02,4.275680360915129485e-02,-1.483995375490527457e-01,-1.273787552027698666e-01,-1.606849962958448730e-01,1.697574485117704993e-02,-4.690286104384925291e-03
7.259999999999999787e+00,4.441879954093014504e+00,4.956702636736649126e+00,4.956702636736649126e+00,4.956702636736649126e+00,-2.564425706491726964e-02,-2.564425706491726964e-02,-6.412538031315343501e-01,-5.148226826436346215e-01,-6.544761710868651772e-01,1.693142599234754436e-02,-3.709058037016755432e-03
7.280000000000000249e+00,4.373693791864591063e+00,4.954789278370317795e+00,4.954789278370317795e+00,4.954789278370317795e+00,-9.566791831656257239e-02,-9.566791831656257239e-02,-7.258808695813702139e-01,-5.810954865057267327e-01,-7.404212329875137222e-01,1.688128723168854858e-02,-2.340923825545052420e-03
7.299999999999999822e+00,4.756322592880454003e+00,4.952595507309245804e+00,4.952595507309245804e+00,4.952595507309245804e+00,-1.096885530535902376e-01,-1.096885530535902376e-01,-2.358742656868391685e-01,-1.962729144287918004e-01,-2.520526905721270361e-01,1.686421909673642069e-02,-6.857942114485344499e-04
7.320000000000000284e+00,4.393832951817937982e+00,4.949236713678447863e+00,4.949236713678447863e+00,4.949236713678447863e+00,-1.679396815398908893e-01,-1.679396815398908893e-01,-6.921998379165968940e-01,-5.554037618605098814e-01,-7.096284454739609782e-01,1.681616551696416689e-02,6.124420403998780387e-04
7.339999999999999858e+00,4.524612643527945899e+00,4.945173016345553840e+00,4.945173016345553840e+00,4.945173016345553840e+00,-2.031848666446806895e-01,-2.031848666446806895e-01,-5.203915325877890297e-01,-4.205603728176079414e-01,-5.392725690911375214e-01,1.677964784693122477e-02,2.101388656417288621e-03
7.360000000000000320e+00,4.751333376661611929e+00,4.941063851403090901e+00,4.941063851403090901e+00,4.941063851403090901e+00,-2.054582471231540808e-01,-2.054582471231540808e-01,-2.259186714294144915e-01,-1.897304747414789716e-01,-2.461763423986062238e-01,1.676297763791840742e-02,3.494693331273325283e-03
7.379999999999999893e+00,4.571992121398341880e+00,4.936470608534547111e+00,4.936470608534547111e+00,4.936470608534547111e+00,-2.296621434272042017e-01,-2.296621434272042017e-01,-4.474972101636554012e-01,-3.644784871362052314e-01,-4.687210971060312703e-01,1.673123746913799878e-02,4.492649473237872101e-03
7.400000000000000355e+00,4.829301458287321047e+00,4.932108788932233701e+00,4.932108788932233701e+00,4.932108788932233701e+00,-2.180909801156796779e-01,-2.180909801156796779e-01,-1.139505103119590468e-01,-1.028073306449126534e-01,-1.361048208139770954e-01,1.672202092221673764e-02,5.432289579801317936e-03
7.419999999999999929e+00,4.968321480835720116e+00,4.928320525147166009e+00,4.928320525147166009e+00,4.928320525147166009e+00,-1.894131892533659767e-01,-1.894131892533659767e-01,6.868692850745747314e-02,4.000095568855410733e-02,4.599011871742774565e-02,1.672202092221673764e-02,5.974788867813001121e-03
7.440000000000000391e+00,4.761012022323798831e+00,4.924531677223360937e+00,4.924531677223360937e+00,4.924531677223360937e+00,-1.894423961902563236e-01,-1.894423961902563236e-01,-1.897052586222695847e-01,-1.635196548995621058e-01,-2.124817985856763125e-01,1.670763239097392688e-02,6.068907572432811343e-03
7.459999999999999964e+00,4.962155325901570713e+00,4.921262963587494710e+00,4.921262963587494710e+00,4.921262963587494710e+00,-1.634356817933248773e-01,-1.634356817933248773e-01,7.062474777905823620e-02,4.089236231407600286e-02,4.778203382132641813e-02,1.670763239097392688e-02,6.135081566757893783e-03
7.480000000000000426e+00,4.579700087328530955e+00,4.917498752878459278e+00,4.917498752878459278e+00,4.917498752878459278e+00,-1.882105354517800144e-01,-1.882105354517800144e-01,-4.111842183778763871e-01,-3.377986655499283231e-01,-4.337848528488839617e-01,1.667825798361565609e-02,5.922376487391906377e-03
7.500000000000000000e+00,4.838258034786804274e+00,4.913955075183886301e+00,4.913955075183886301e+00,4.913955075183886301e+00,-1.771838847286288099e-01,-1.771838847286288099e-01,-7.794402822026809396e-02,-7.569704039708202714e-02,-1.006357119764018510e-01,1.667144328185977270e-02,6.020240474273979084e-03
7.520000000000000462e+00,5.164251191691432652e+00,4.911446861171843814e+00,4.911446861171843814e+00,4.911446861171843814e+00,-1.254107006021306925e-01,-1.254107006021306925e-01,3.405479565363524475e-01,2.528043305195888379e-01,3.178760679645838971e-01,1.669296874787942059e-02,5.978919823889128002e-03
7.540000000000000036e+00,5.012785114050161361e+00,4.909491139759901479e+00,4.909491139759901479e+00,4.909491139759901479e+00,-9.778607059713664840e-02,-9.778607059713664840e-02,1.508355994478098039e-01,1.032939742902598823e-01,1.286995811554632885e-01,1.670168383762695580e-02,5.434334454719548339e-03
7.560000000000000497e+00,5.084911247854725147e+00,4.908219547070410194e+00,4.908219547070410194e+00,4.908219547070410194e+00,-6.357963447454297035e-02,-6.357963447454297035e-02,2.442782906288001599e-01,1.766917007843149534e-01,2.227835372804260750e-01,1.671676996692311040e-02,4.777983381450966703e-03
7.580000000000000071e+00,5.069746335344017751e+00,4.907526808697677545e+00,4.907526808697677545e+00,4.907526808697677545e+00,-3.463691863663081322e-02,-3.463691863663081322e-02,2.258475239045786009e-01,1.622195266463402064e-01,2.051390211074816117e-01,1.673066127071463904e-02,3.977841526382337213e-03
7.600000000000000533e+00,5.491834284165187263e+00,4.908427305918888983e+00,4.908427305918888983e+00,4.908427305918888983e+00,4.502486106057532883e-02,4.502486106057532883e-02,7.619808783354307113e-01,5.834069782462982801e-01,7.420704938437373555e-01,1.678091171360484440e-02,3.129472778088495007e-03
7.620000000000000107e+00,5.301867899670895667e+00,4.910274206387975404e+00,4.910274206387975404e+00,4.910274206387975404e+00,9.234502345433925896e-02,9.234502345433925896e-02,5.182264849982146648e-01,3.915936932829202632e-01,4.996695540650484824e-01,1.681474760466751539e-02,1.742183328498650386e-03
7.640000000000000568e+00,5.102981501478372373e+00,4.912460155524339456e+00,4.912460155524339456e+00,4.912460155524339456e+00,1.092974568182246697e-01,1.092974568182246697e-01,2.618693570931934222e-01,1.905213459540329168e-01,2.447382647648041476e-01,1.683132043204528874e-02,2.997718963440175639e-04
7.660000000000000142e+00,5.517320788141605981e+00,4.915995864906123280e+00,4.915995864906123280e+00,4.915995864906123280e+00,1.767854690891932368e-01,1.767854690891932368e-01,7.841775795279103400e-01,6.013249232354827001e-01,7.681730034239284688e-01,1.688333844645037440e-02,-8.787623424684855907e-04
7.679999999999999716e+00,5.051285094126548358e+00,4.919550676104765152e+00,4.919550676104765152e+00,4.919550676104765152e+00,1.777405599320986129e-01,1.777405599320986129e-01,1.863363775182468873e-01,1.317344180217832061e-01,1.718173211099398578e-01,1.689497332016333050e-02,-2.375916911856284543e-03
7.700000000000000178e+00,5.238678624810701123e+00,4.923587569134273423e+00,4.923587569134273423e+00,4.923587569134273423e+00,2.018446514753955146e-01,2.018446514753955146e-01,4.187814753650676569e-01,3.150910556764277004e-01,4.052924948565386765e-01,1.692241832375204064e-02,-3.433437815223051512e-03
7.719999999999999751e+00,5.689973364669343781e+00,4.929192541878094858e+00,4.929192541878094858e+00,4.929192541878094858e+00,2.802486371910915541e-01,2.802486371910915541e-01,9.858845086323561047e-01,7.607808227912489230e-01,9.733099603295393143e-01,1.698832750216805812e-02,-4.413779199351254741e-03
7.740000000000000213e+00,5.575815054485210531e+00,4.935901764559901039e+00,4.935901764559901039e+00,4.935901764559901039e+00,3.354611340903144168e-01,3.354611340903144168e-01,8.323736061833201250e-01,6.399132899253094919e-01,8.212105910110368834e-01,1.704393703825227147e-02,-5.880921865968952687e-03
7.759999999999999787e+00,5.347608478165187584e+00,4.943005043037311808e+00,4.943005043037311808e+00,4.943005043037311808e+00,3.551639238705448509e-01,3.551639238705448509e-01,5.324890318926185362e-01,4.046034351278757768e-01,5.228675262787139122e-01,1.707934381562232692e-02,-7.457838201717745426e-03
7.780000000000000249e+00,5.311200314625210694e+00,4.950349915835187353e+00,4.950349915835187353e+00,4.950349915835187353e+00,3.672436398937561353e-01,3.672436398937561353e-01,4.759610841026574724e-01,3.608503987900233412e-01,4.676079949166315752e-01,1.711100860897888515e-02,-8.757919422952984562e-03
7.799999999999999822e+00,5.612341039799295217e+00,4.958656518107336098e+00,4.958656518107336098e+00,4.958656518107336098e+00,4.153301136074452615e-01,4.153301136074452615e-01,8.481083770306476755e-01,6.536845216919591195e-01,8.407287274344169559e-01,1.716793984563979789e-02,-9.788290249409111257e-03
7.820000000000000284e+00,5.015740806783324679e+00,4.966289822961483580e+00,4.966289822961483580e+00,4.966289822961483580e+00,3.816652427073862208e-01,3.816652427073862208e-01,7.868140460685497939e-02,4.945098382184109909e-02,7.249704661850550624e-02,1.717284909446593205e-02,-1.098849110611645197e-02
7.839999999999999858e+00,5.332076336295958008e+00,4.974100317028372409e+00,4.974100317028372409e+00,4.974100317028372409e+00,3.905247033444224081e-01,3.905247033444224081e-01,4.702598490777482598e-01,3.579760192675855990e-01,4.645488719347825035e-01,1.720430673461269613e-02,-1.149332959164696237e-02
7.860000000000000320e+00,4.779564862200533781e+00,4.980646146873161761e+00,4.980646146873161761e+00,4.980646146873161761e+00,3.272914922394480897e-01,3.272914922394480897e-01,-2.418074077053210813e-01,-2.010812846726279801e-01,-2.470600276313550669e-01,1.718757668549750206e-02,-1.193495675946351121e-02
7.879999999999999893e+00,4.741046296364658907e+00,4.985939915469388417e+00,4.985939915469388417e+00,4.985939915469388417e+00,2.646884298113258427e-01,2.646884298113258427e-01,-2.987391320417744356e-01,-2.448936191047295097e-01,-3.042918101457986468e-01,1.716697109835376919e-02,-1.161429299432955621e-02
7.900000000000000355e+00,4.878493863232887584e+00,4.990444177091073463e+00,4.990444177091073463e+00,4.990444177091073463e+00,2.252130810842486452e-01,2.252130810842486452e-01,-1.300650574594461872e-01,-1.119503138581858792e-01,-1.364564863403560646e-01,1.715773073786143119e-02,-1.076630185695156422e-02
7.919999999999999929e+00,4.682149534780950084e+00,4.993729647526744309e+00,4.993729647526744309e+00,4.993729647526744309e+00,1.642735217835538664e-01,1.642735217835538664e-01,-3.841825119226991436e-01,-3.115801127457942243e-01,-3.915341957338566714e-01,1.713121739862276047e-02,-9.779533587465248298e-03
7.940000000000000391e+00,4.923102662052103895e+00,4.996524464987121661e+00,4.996524464987121661e+00,4.996524464987121661e+00,1.397408730188873793e-01,1.397408730188873793e-01,-8.105296586311114271e-02,-7.342180293501776589e-02,-8.969627155279333297e-02,1.712514347787194233e-02,-8.481837788189755534e-03
7.959999999999999964e+00,4.761293523156302498e+00,4.998461865725350783e+00,4.998461865725350783e+00,4.998461865725350783e+00,9.687003691147198781e-02,9.687003691147198781e-02,-2.889674880552665637e-01,-2.371683425690482849e-01,-2.987432961251403341e-01,1.710491361687449183e-02,-7.329105547000750072e-03
7.980000000000000426e+00,4.531747813680296666e+00,4.999042011851078549e+00,4.999042011851078549e+00,4.999042011851078549e+00,2.900730628638892306e-02,2.900730628638892306e-02,-5.817572693393586736e-01,-4.672941981707818826e-01,-5.927268460972187070e-01,1.706477620839861806e-02,-6.095199450538628036e-03
8.000000000000000000e+00,4.636664302159736017e+00,4.998668660100296535e+00,4.998668660100296535e+00,4.998668660100296535e+00,-1.866758753911289953e-02,-1.866758753911289953e-02,-4.477416319686293167e-01,-3.620043579405605172e-01,-4.602196913080049967e-01,1.703361172536516088e-02,-4.555552385989466990e-03
8.019999999999999574e+00,4.604801127960878482e+00,4.997360213556197195e+00,4.997360213556197195e+00,4.997360213556197195e+00,-6.542232720497791199e-02,-6.542232720497791199e-02,-4.862149841977629894e-01,-3.925590855953187130e-01,-5.002117658170609493e-01,1.699973911760117168e-02,-3.002957498303183981e-03
8.040000000000000924e+00,4.244216402473596439e+00,4.994300595396118148e+00,4.994300595396118148e+00,4.994300595396118148e+00,-1.529809080039706837e-01,-1.529809080039706837e-01,-9.410081351949055595e-01,-7.500841929225217086e-01,-9.564926400749029778e-01,1.693496874984806722e-02,-1.450463869850757755e-03
8.060000000000000497e+00,4.574278283102360732e+00,4.990514896802752176e+00,4.990514896802752176e+00,4.990514896802752176e+00,-1.892849296682993232e-01,-1.892849296682993232e-01,-5.160211246472571345e-01,-4.162366137003914446e-01,-5.334283366130718740e-01,1.689884683099080256e-02,5.083651348238350277e-04
8.080000000000000071e+00,4.709257298235648648e+00,4.986431605352705354e+00,4.986431605352705354e+00,4.986431605352705354e+00,-2.041645725023528424e-01,-2.041645725023528424e-01,-3.380813580088344872e-01,-2.771743071170567063e-01,-3.571971501802214677e-01,1.687465867751403170e-02,2.241133493872938393e-03
8.099999999999999645e+00,4.540234815832198123e+00,4.981664180318963631e+00,4.981664180318963631e+00,4.981664180318963631e+00,-2.383712516870770126e-01,-2.383712516870770126e-01,-5.462313643495945170e-01,-4.414293644867655075e-01,-5.666699226910442144e-01,1.683628575361526686e-02,3.602272587834374172e-03
8.120000000000000995e+00,4.505189326495987245e+00,4.976206633814674873e+00,4.976206633814674873e+00,4.976206633814674873e+00,-2.728773252144399142e-01,-2.728773252144399142e-01,-5.834319869607060838e-01,-4.710173073186876280e-01,-6.051230643551800403e-01,1.679530891618648963e-02,4.895768478287440897e-03
8.140000000000000568e+00,4.387757284071567732e+00,4.969845959809199520e+00,4.969845959809199520e+00,4.969845959809199520e+00,-3.180337002737659846e-01,-3.180337002737659846e-01,-7.244410758077005630e-01,-5.820886757376317888e-01,-7.473306741737461012e-01,1.674470227210858239e-02,6.144896093937009598e-03
8.160000000000000142e+00,4.705160527394176562e+00,4.963497434170428768e+00,4.963497434170428768e+00,4.963497434170428768e+00,-3.174262819385569312e-01,-3.174262819385569312e-01,-3.119595169216756725e-01,-2.583369067762522064e-01,-3.361504991670791753e-01,1.672193932492089044e-02,7.469042920482632346e-03
8.179999999999999716e+00,4.707027482105343275e+00,4.957182506974732839e+00,4.957182506974732839e+00,4.957182506974732839e+00,-3.157463597848181869e-01,-3.157463597848181869e-01,-3.006270604011695990e-01,-2.501550248693895639e-01,-3.257168391226585857e-01,1.669988290904329473e-02,8.389895812445678086e-03
8.199999999999999289e+00,4.296828396785980608e+00,4.949873094765262493e+00,4.949873094765262493e+00,4.949873094765262493e+00,-3.654706104735343519e-01,-3.654706104735343519e-01,-8.129888666719797818e-01,-6.530446979792818851e-01,-8.386497199397153768e-01,1.664309245556706146e-02,9.017760812168547357e-03
8.220000000000000639e+00,4.558466008440341888e+00,4.942353573680063228e+00,4.942353573680063228e+00,4.942353573680063228e+00,-3.759760542599481226e-01,-3.759760542599481226e-01,-4.705250483376718362e-01,-3.838875652397213400e-01,-4.970869996326491846e-01,1.660943144614311986e-02,9.952519848834214672e-03
8.240000000000000213e+00,4.705634936618780628e+00,4.935039340483324821e+00,4.935039340483324821e+00,4.935039340483324821e+00,-3.657116598369393179e-01,-3.657116598369393179e-01,-2.733321100298599093e-01,-2.294044038645441930e-01,-3.006326690678289282e-01,1.658907364335585055e-02,1.071148539461318390e-02
8.259999999999999787e+00,4.504482424108952721e+00,4.927418301185982230e+00,4.927418301185982230e+00,4.927418301185982230e+00,-3.810519648671154003e-01,-3.810519648671154003e-01,-5.191147101387000307e-01,-4.229358770770295095e-01,-5.468072837954526255e-01,1.655204574854765576e-02,1.114052790820495471e-02
8.279999999999999361e+00,5.020962643098297207e+00,4.920853275922167036e+00,4.920853275922167036e+00,4.920853275922167036e+00,-3.282512631907626433e-01,-3.282512631907626433e-01,1.469550518964122254e-01,1.001093671761301707e-01,1.188013142286400287e-01,1.656009056195211632e-02,1.159364710582007872e-02
8.300000000000000711e+00,4.851589590827034115e+00,4.914824701563472509e+00,4.914824701563472509e+00,4.914824701563472509e+00,-3.014287179347194812e-01,-3.014287179347194812e-01,-6.002581063033084890e-02,-6.323511073643839353e-02,-8.796488007081880445e-02,1.655413388503393368e-02,1.138493555545402186e-02
8.320000000000000284e+00,5.128747023933930116e+00,4.909997435771717100e+00,4.909997435771717100e+00,4.909997435771717100e+00,-2.413632895877788620e-01,-2.413632895877788620e-01,2.992255655346865995e-01,2.187495881622130156e-01,2.716813494104811655e-01,1.657253120475779204e-02,1.097168491944769050e-02
8.339999999999999858e+00,5.157965159848533432e+00,4.906336090606766120e+00,4.906336090606766120e+00,4.906336090606766120e+00,-1.830672582475517118e-01,-1.830672582475517118e-01,3.415970238144926951e-01,2.516290692417673114e-01,3.149190095775567522e-01,1.659385642902839672e-02,1.008415780790757749e-02
8.359999999999999432e+00,5.276896500684726377e+00,4.904033119369872296e+00,4.904033119369872296e+00,4.904033119369872296e+00,-1.151485618446979886e-01,-1.151485618446979886e-01,4.961197057809855759e-01,3.728633813148540810e-01,4.706117207990095364e-01,1.662572462429509970e-02,8.882260357680891311e-03
8.380000000000000782e+00,5.208682154907306128e+00,4.902782286579668636e+00,4.902782286579668636e+00,4.902782286579668636e+00,-6.254163951020397239e-02,-6.254163951020397239e-02,4.109206615002420904e-01,3.058998683276374919e-01,3.869042751325409979e-01,1.665192444135131858e-02,7.364461926349748742e-03
8.400000000000000355e+00,5.014541103083677953e+00,4.901985283609960220e+00,4.901985283609960220e+00,4.901985283609960220e+00,-3.985014848542069860e-02,-3.985014848542069860e-02,1.643732707376287516e-01,1.125558194737177331e-01,1.419336969600918374e-01,1.666153569957066344e-02,5.778038077966246404e-03
8.419999999999999929e+00,5.168472560259540494e+00,4.901987110595390718e+00,4.901987110595390718e+00,4.901987110595390718e+00,9.134927150343530311e-05,9.134927150343530311e-05,3.595648290838206473e-01,2.664854496641497761e-01,3.384388413449669342e-01,1.668445360536252586e-02,4.441534133491163022e-03
8.439999999999999503e+00,5.205461193956783639e+00,4.902799216486878109e+00,4.902799216486878109e+00,4.902799216486878109e+00,4.060529457437309780e-02,4.060529457437309780e-02,4.052308023002000881e-01,3.026619774699055299e-01,3.854120858689690232e-01,1.671055237653160455e-02,3.108164054699426478e-03
8.460000000000000853e+00,5.650359244092049593e+00,4.905466006516620681e+00,4.905466006516620681e+00,4.905466006516620681e+00,1.333395014871160134e-01,1.333395014871160134e-01,9.679473637018022325e-01,7.448932375754289126e-01,9.494012350585677718e-01,1.677484253890565088e-02,1.771286104328877523e-03
8.480000000000000426e+00,5.754640175179162043e+00,4.910056539352503080e+00,4.910056539352503080e+00,4.910056539352503080e+00,2.295266417941100590e-01,2.295266417941100590e-01,1.095210904557056608e+00,8.445836358266589627e-01,1.078451194201427654e+00,1.684787151741062861e-02,-8.816116178158640328e-05
8.500000000000000000e+00,5.710774564162356626e+00,4.916250980558018568e+00,4.916250980558018568e+00,4.916250980558018568e+00,3.097220602757532193e-01,3.097220602757532193e-01,1.031480826610541746e+00,7.945235836043380573e-01,1.016911891508514021e+00,1.691673326754427470e-02,-2.347798165516545681e-03
8.519999999999999574e+00,5.315753427250793806e+00,4.922865159457665563e+00,4.922865159457665563e+00,4.922865159457665563e+00,3.307089449823354954e-01,3.307089449823354954e-01,5.195909073415760915e-01,3.928882677931282430e-01,5.073681072998245112e-01,1.695109047795985424e-02,-4.728290436208294756e-03
8.540000000000000924e+00,5.388675903359847474e+00,4.930021854728468433e+00,4.930021854728468433e+00,4.930021854728468433e+00,3.578347635401356031e-01,3.578347635401356031e-01,6.019671305603364608e-01,4.586540486313790410e-01,5.915796447557710724e-01,1.699115020193544059e-02,-6.603664397370009702e-03
8.560000000000000497e+00,5.486072501651633182e+00,4.937892953857844880e+00,4.937892953857844880e+00,4.937892953857844880e+00,3.935549564688191615e-01,3.935549564688191615e-01,7.150366928269713540e-01,5.481795477937883021e-01,7.061843215924192840e-01,1.703897055757083376e-02,-8.186599323018836638e-03
8.580000000000000071e+00,5.078106183204319279e+00,4.945347885880829075e+00,4.945347885880829075e+00,4.945347885880829075e+00,3.727466011492147069e-01,3.727466011492147069e-01,1.854714032727744488e-01,1.327582973234902042e-01,1.780708012700224774e-01,1.705102889529462942e-02,-9.650426892542656246e-03
8.599999999999999645e+00,5.641964658380424602e+00,4.953840017469595125e+00,4.953840017469595125e+00,4.953840017469595125e+00,4.246065794382922198e-01,4.246065794382922198e-01,8.913463840399898919e-01,6.881246409108294770e-01,8.847033010744863590e-01,1.711093793772959504e-02,-1.046785497222598935e-02
8.620000000000000995e+00,5.378825456593602006e+00,4.962573580728206757e+00,4.962573580728206757e+00,4.962573580728206757e+00,4.366781629305849233e-01,4.366781629305849233e-01,5.453224143612193098e-01,4.162518758653952489e-01,5.397315076874887874e-01,1.714748668549425856e-02,-1.155658001176368584e-02
8.640000000000000568e+00,4.900857201337757374e+00,4.970286434574437529e+00,4.970286434574437529e+00,4.970286434574437529e+00,3.856426923115237049e-01,3.856426923115237049e-01,-7.367654326002720522e-02,-6.942923323668015456e-02,-7.837980182587071798e-02,1.714217907686668013e-02,-1.243892051102317257e-02
8.660000000000000142e+00,5.379702116241688259e+00,4.978277177153984212e+00,4.978277177153984212e+00,4.978277177153984212e+00,3.995371289773472778e-01,3.995371289773472778e-01,5.245870589697593234e-01,4.014249390877040469e-01,5.199579157174084587e-01,1.717738882549006349e-02,-1.254824557313914506e-02
8.679999999999999716e+00,5.514031561750225130e+00,4.986838582216444493e+00,4.986838582216444493e+00,4.986838582216444493e+00,4.280702531230105023e-01,4.280702531230105023e-01,6.848683704339797451e-01,5.271929795337806368e-01,6.804080684372260102e-01,1.722346370256534059e-02,-1.276316170581165074e-02
8.700000000000001066e+00,5.549475848436404846e+00,4.995981093544042295e+00,4.995981093544042295e+00,4.995981093544042295e+00,4.571255663798731161e-01,4.571255663798731161e-01,7.186233856916365292e-01,5.534947548923625504e-01,7.145493280993496787e-01,1.727185050746025616e-02,-1.319779291517337617e-02
8.720000000000000639e+00,5.023550773830645966e+00,5.004286341576459129e+00,5.004286341576459129e+00,5.004286341576459129e+00,4.152624016208539826e-01,4.152624016208539826e-01,3.849391878968184966e-02,1.926443225418683625e-02,3.501349396398666103e-02,1.727185050746025616e-02,-1.379142568176506926e-02
8.740000000000000213e+00,4.728543914404543358e+00,5.011067595290940702e+00,5.011067595290940702e+00,5.011067595290940702e+00,3.390626857240697234e-01,3.390626857240697234e-01,-3.467347573469886646e-01,-2.825236808863973437e-01,-3.501928825083330254e-01,1.724813665872347232e-02,-1.379001149737913226e-02
8.759999999999999787e+00,4.760020084663750595e+00,5.016541455905330515e+00,5.016541455905330515e+00,5.016541455905330515e+00,2.736930307194928580e-01,2.736930307194928580e-01,-3.146338643216990971e-01,-2.565213712415799208e-01,-3.188303384965314180e-01,1.722654657280953475e-02,-1.303007239797721560e-02
8.779999999999999361e+00,4.870352396194101985e+00,5.021107344128712846e+00,5.021107344128712846e+00,5.021107344128712846e+00,2.282944111691299627e-01,2.282944111691299627e-01,-1.802931647841360396e-01,-1.507549479346108612e-01,-1.856601058332602305e-01,1.721397431367436767e-02,-1.184703326455017851e-02
8.800000000000000711e+00,2.162729082592120378e+00,5.017969165581780189e+00,5.017969165581780189e+00,5.017969165581780189e+00,-1.569089273466549583e-01,-1.569089273466549583e-01,-3.623738973988719803e+00,-2.855240082989659811e+00,-3.630140392151472550e+00,1.696815378318222017e-02,-1.056673562042952617e-02
8.820000000000000284e+00,4.777963097101676659e+00,5.014557416698087522e+00,5.014557416698087522e+00,5.014557416698087522e+00,-1.705874441846261247e-01,-1.705874441846261247e-01,-2.936940957263667329e-01,-2.365943195964108625e-01,-3.048077069697314734e-01,1.694751326129293259e-02,-5.833902017928205112e-03
8.839999999999999858e+00,4.723093354524966259e+00,5.010775599518611401e+00,5.010775599518611401e+00,5.010775599518611401e+00,-1.890908589738024004e-01,-1.890908589738024004e-01,-3.556215920763887706e-01,-2.876822449936451420e-01,-3.701593589598640155e-01,1.692244735194604541e-02,-2.384680468470795709e-03
8.859999999999999432e+00,4.805231838639623554e+00,5.006884120582882680e+00,5.006884120582882680e+00,5.006884120582882680e+00,-1.945739467864576189e-01,-1.945739467864576189e-01,-2.439217371003545576e-01,-2.016522819432591263e-01,-2.610405763163145543e-01,1.690477058851045170e-02,2.140686274495515011e-04
8.880000000000000782e+00,4.664805910611847573e+00,5.002550837200223199e+00,5.002550837200223199e+00,5.002550837200223199e+00,-2.166641691329672659e-01,-2.166641691329672659e-01,-4.154761702515540889e-01,-3.377449265883756269e-01,-4.344393266632146089e-01,1.687535186245294264e-02,2.087804549207588657e-03
8.900000000000000355e+00,4.530604074572389450e+00,4.997493045784255017e+00,4.997493045784255017e+00,4.997493045784255017e+00,-2.528895707984177843e-01,-2.528895707984177843e-01,-5.789181857874722281e-01,-4.668889712118655666e-01,-5.993723885373488658e-01,1.683476444086694918e-02,3.619438309009733595e-03
8.919999999999999929e+00,4.889170050949291912e+00,4.992709648774212639e+00,4.992709648774212639e+00,4.992709648774212639e+00,-2.391698505021393195e-01,-2.391698505021393195e-01,-1.156923678356330115e-01,-1.035395978249207261e-01,-1.375702034404031326e-01,1.682544866331114192e-02,5.052386941458968800e-03
8.939999999999999503e+00,4.616191618352996073e+00,4.987493659409270030e+00,4.987493659409270030e+00,4.987493659409270030e+00,-2.607994682471481696e-01,-2.607994682471481696e-01,-4.554660279522277366e-01,-3.713020410562739571e-01,-4.781778986349450311e-01,1.679306811269491717e-02,5.918802570022382512e-03
8.960000000000000853e+00,4.706207110738739985e+00,4.982131820351142437e+00,4.982131820351142437e+00,4.982131820351142437e+00,-2.680919529063640616e-01,-2.680919529063640616e-01,-3.337243148393068681e-01,-2.759247096124024523e-01,-3.572339168115731822e-01,1.676887746950925240e-02,6.740724502757086851e-03
8.980000000000000426e+00,4.865936449572995315e+00,4.977059324132392604e+00,4.977059324132392604e+00,4.977059324132392604e+00,-2.536248109375023319e-01,-2.536248109375023319e-01,-1.234205332177470138e-01,-1.111228745593972889e-01,-1.475681208882468343e-01,1.675888466762233062e-02,7.388703002877501994e-03
9.000000000000000000e+00,4.483904479228495887e+00,4.971290293566601903e+00,4.971290293566601903e+00,4.971290293566601903e+00,-2.884515282895557808e-01,-2.884515282895557808e-01,-6.018919844580365996e-01,-4.873858143381060160e-01,-6.263066530279488564e-01,1.671647335096059644e-02,7.698195218951668119e-03
9.019999999999999574e+00,4.489733420697957555e+00,4.964924885146973388e+00,4.964924885146973388e+00,4.964924885146973388e+00,-3.182704209814256613e-01,-3.182704209814256613e-01,-5.866404552082544743e-01,-4.751914644490158324e-01,-6.115772285431783084e-01,1.667505945989389282e-02,8.261713875029936052e-03
9.040000000000000924e+00,4.686780998744217719e+00,4.958540740722226836e+00,4.958540740722226836e+00,4.958540740722226836e+00,-3.192072212373171514e-01,-3.192072212373171514e-01,-3.276384235403405065e-01,-2.717597419780091172e-01,-3.532427357314997241e-01,1.665113908566325657e-02,8.953173105495955755e-03
9.060000000000000497e+00,4.476974313697870578e+00,4.951623944514254028e+00,4.951623944514254028e+00,4.951623944514254028e+00,-3.458398103986476402e-01,-3.458398103986476402e-01,-5.855331128506222615e-01,-4.746496308163834499e-01,-6.115893623209324170e-01,1.660972437293916151e-02,9.446525097370952334e-03
9.080000000000000071e+00,4.986948419398566479e+00,4.945541885806189697e+00,4.945541885806189697e+00,4.945541885806189697e+00,-3.041029354032082632e-01,-3.041029354032082632e-01,7.152893955574610163e-02,4.140653359237678188e-02,4.486208310307681496e-02,1.660972437293916151e-02,1.005713207973012516e-02
9.099999999999999645e+00,4.857408781615826676e+00,4.939897516889525164e+00,4.939897516889525164e+00,4.939897516889525164e+00,-2.822184458332229751e-01,-2.822184458332229751e-01,-8.525803970335511794e-02,-8.248873527369848802e-02,-1.119290423217610408e-01,1.660214492597878941e-02,1.006885769242712482e-02
9.120000000000000995e+00,4.931086095453613538e+00,4.934848126336142116e+00,4.934848126336142116e+00,4.934848126336142116e+00,-2.524695276691437673e-01,-2.524695276691437673e-01,1.527073580756894804e-02,-3.762030882528577536e-03,-1.119050522360776588e-02,1.660214492597878941e-02,9.859096105197924509e-03
9.140000000000000568e+00,4.945916265456722805e+00,4.930383824128854009e+00,4.930383824128854009e+00,4.930383824128854009e+00,-2.232151103643954249e-01,-2.232151103643954249e-01,4.007464537833957396e-02,1.553244132786879561e-02,1.405653668313747509e-02,1.660214492597878941e-02,9.415963769223305996e-03
9.160000000000000142e+00,5.110059611228230381e+00,4.926873192629890319e+00,4.926873192629890319e+00,4.926873192629890319e+00,-1.755315749481995702e-01,-1.755315749481995702e-01,2.536202437975630941e-01,1.831864185983400617e-01,2.281882496162079832e-01,1.661759704366933682e-02,8.814397137685791445e-03
9.179999999999999716e+00,7.434849590993506396e+00,4.930133387643659937e+00,4.930133387643659937e+00,4.930133387643659937e+00,1.630097506884788106e-01,1.630097506884788106e-01,3.209881681418584431e+00,2.504716203349846460e+00,3.185130025921792285e+00,1.683328301392860923e-02,7.918372482863970940e-03
9.200000000000001066e+00,5.006308752520011396e+00,4.933302566818271728e+00,4.933302566818271728e+00,4.933302566818271728e+00,1.584589587305731129e-01,1.584589587305731129e-01,1.175018311094218199e-01,7.300618570173966759e-02,9.674271339296634797e-02,1.683983409530797476e-02,3.919283621147510131e-03
9.220000000000000639e+00,5.447605504013179889e+00,4.937497256158804859e+00,4.937497256158804859e+00,4.937497256158804859e+00,2.097344670266444722e-01,2.097344670266444722e-01,6.712140416912867336e-01,5.101082478543750298e-01,6.531647302375334085e-01,1.688406414790673618e-02,1.165247305846585368e-03
9.240000000000000213e+00,5.577916391641092986e+00,4.942930472885441517e+00,4.942930472885441517e+00,4.942930472885441517e+00,2.716608363318371300e-01,2.716608363318371300e-01,8.289981600785713001e-01,6.349859187556514684e-01,8.133323020625059518e-01,1.693914019355821296e-02,-1.273282177492889456e-03
9.259999999999999787e+00,7.688689611436680948e+00,4.954821752623385755e+00,4.954821752623385755e+00,4.954821752623385755e+00,5.945639868971971387e-01,5.945639868971971387e-01,3.500692341985437661e+00,2.733867858813295193e+00,3.487114105960074095e+00,1.717527547947362079e-02,-3.597039454110078326e-03
9.279999999999999361e+00,5.227511693025476802e+00,4.966234054719930846e+00,4.966234054719930846e+00,4.966234054719930846e+00,5.706151048272404269e-01,5.706151048272404269e-01,3.550751661976305207e-01,2.612776383055459561e-01,3.463162243106556182e-01,1.719872681434820097e-02,-8.439784927373284590e-03
9.300000000000000711e+00,5.379807161805804760e+00,4.977566888535235989e+00,4.977566888535235989e+00,4.977566888535235989e+00,5.666416907652540580e-01,5.666416907652540580e-01,5.308809642073767376e-01,4.022402732705687711e-01,5.252378459990598714e-01,1.723429410155758595e-02,-1.159117589324075437e-02
9.320000000000000284e+00,3.089926675894353991e+00,4.982978461594258945e+00,4.982978461594258945e+00,4.982978461594258945e+00,2.705786529511346461e-01,2.705786529511346461e-01,-2.393988687375939950e+00,-1.893051785699904954e+00,-2.397303070053919960e+00,1.707195704327046926e-02,-1.375757436529048867e-02
9.339999999999999858e+00,5.778857151726087160e+00,4.989880039494657638e+00,4.989880039494657638e+00,4.989880039494657638e+00,3.450788950199158434e-01,3.450788950199158434e-01,1.015581073638946785e+00,7.889771122314295226e-01,1.010765936467421744e+00,1.714040261062180562e-02,-1.232526543909677474e-02
9.359999999999999432e+00,5.203887170927406380e+00,4.996645225990099526e+00,4.996645225990099526e+00,4.996645225990099526e+00,3.382593247720992458e-01,3.382593247720992458e-01,2.768831925417497009e-01,2.072419449373068545e-01,2.717890569195909323e-01,1.715880722392502250e-02,-1.206467160176629035e-02
9.380000000000000782e+00,5.585395268743308606e+00,5.004240109158053507e+00,5.004240109158053507e+00,5.004240109158053507e+00,3.797441583977104185e-01,3.797441583977104185e-01,7.531076610282109174e-01,5.811551595852550989e-01,7.477125542965755711e-01,1.720943972760179824e-02,-1.181433299596646412e-02
9.400000000000000355e+00,5.295157508913860056e+00,5.011824798552010130e+00,5.011824798552010130e+00,5.011824798552010130e+00,3.792344696978431351e-01,3.792344696978431351e-01,3.746472713990375292e-01,2.833327103618499265e-01,3.694650976898743444e-01,1.723445862398079870e-02,-1.205228491481760700e-02
9.419999999999999929e+00,5.748289567924708798e+00,5.020531807560448812e+00,5.020531807560448812e+00,5.020531807560448812e+00,4.353504504219499749e-01,4.353504504219499749e-01,9.403942769389113110e-01,7.277577603642599868e-01,9.353102571033272694e-01,1.729779459414685153e-02,-1.221377475856272321e-02
9.439999999999999503e+00,5.794318015331829663e+00,5.030342489850564647e+00,5.030342489850564647e+00,5.030342489850564647e+00,4.905341145058021990e-01,4.905341145058021990e-01,9.871870912604724380e-01,7.639755254812650165e-01,9.827084838696537039e-01,1.736434020801519082e-02,-1.288573281719637004e-02
9.460000000000000853e+00,5.341400501286377001e+00,5.039969161977604806e+00,5.039969161977604806e+00,5.039969161977604806e+00,4.813336063520184949e-01,4.813336063520184949e-01,3.985290329679652133e-01,3.014313393087721948e-01,3.950436745234817137e-01,1.739109119699867173e-02,-1.390573275251514446e-02
9.480000000000000426e+00,5.414811640129119752e+00,5.049591057250454540e+00,5.049591057250454540e+00,5.049591057250454540e+00,4.810947636424683371e-01,4.810947636424683371e-01,4.789451792565171395e-01,3.652205828786652120e-01,4.760499472524239994e-01,1.742332765011970347e-02,-1.452809564602659982e-02
9.500000000000000000e+00,5.092162147885746393e+00,5.058363817479937019e+00,5.058363817479937019e+00,5.058363817479937019e+00,4.386380114741057490e-01,4.386380114741057490e-01,5.652724195884256675e-02,3.379833040580937364e-02,5.406528510682065414e-02,1.742332765011970347e-02,-1.496137079809778739e-02
9.519999999999999574e+00,5.109051837605735003e+00,5.066393221042924111e+00,5.066393221042924111e+00,5.066393221042924111e+00,4.014701781493614785e-01,4.014701781493614785e-01,6.695967822666323843e-02,4.265861656281089154e-02,6.437378555976344674e-02,1.742768681985052207e-02,-1.484179415295072517e-02
9.540000000000000924e+00,5.261694008856455440e+00,5.074121861418271706e+00,5.074121861418271706e+00,5.074121861418271706e+00,3.864320187673607743e-01,3.864320187673607743e-01,2.510885843293542141e-01,1.875721474381837339e-01,2.480320005231848035e-01,1.744448268760248610e-02,-1.438789888143307896e-02
9.560000000000000497e+00,5.002440794358346210e+00,5.080902603697735387e+00,5.080902603697735387e+00,5.080902603697735387e+00,3.390371139732050731e-01,3.390371139732050731e-01,-8.751702917419630634e-02,-7.846180933938917690e-02,-9.103495516610538019e-02,1.743831811583533217e-02,-1.392039212392625833e-02
9.580000000000000071e+00,7.380291695057672463e+00,5.092854750004178754e+00,5.092854750004178754e+00,5.092854750004178754e+00,5.976073153221737044e-01,5.976073153221737044e-01,2.924739127462891108e+00,2.287436945053493709e+00,2.920224146027120327e+00,1.763606557769228575e-02,-1.312108414192129403e-02
9.599999999999999645e+00,4.961198122655875231e+00,5.103282249477208765e+00,5.103282249477208765e+00,5.103282249477208765e+00,5.213749736515004285e-01,5.213749736515004285e-01,-1.647161013845588329e-01,-1.420841268213335340e-01,-1.672039167323454700e-01,1.762474310774033229e-02,-1.513692775995370207e-02
9.620000000000000995e+00,4.618742173892674607e+00,5.111439855867934590e+00,5.111439855867934590e+00,5.111439855867934590e+00,4.078803195362848966e-01,4.078803195362848966e-01,-6.135715675006548908e-01,-4.926976819752599823e-01,-6.153658959923583582e-01,1.758307266124006091e-02,-1.578874416953653798e-02
9.640000000000000568e+00,4.722924372108320057e+00,5.117799742393694729e+00,5.117799742393694729e+00,5.117799742393694729e+00,3.179943262880233212e-01,3.179943262880233212e-01,-4.909796129463308012e-01,-3.948753702853746717e-01,-4.934146643747104877e-01,1.754966032963673275e-02,-1.511460890125703761e-02
9.660000000000000142e+00,4.619739999388155383e+00,5.122266087274587321e+00,5.122266087274587321e+00,5.122266087274587321e+00,2.233172440446204721e-01,2.233172440446204721e-01,-6.287764961460052815e-01,-5.025260878864319380e-01,-6.325358736170350049e-01,1.750682719173825633e-02,-1.374744972070847567e-02
9.679999999999999716e+00,4.633143409194281581e+00,5.125054660681239049e+00,5.125054660681239049e+00,5.125054660681239049e+00,1.394286703325838817e-01,1.394286703325838817e-01,-6.155684930757453488e-01,-4.919112514869574682e-01,-6.211858011619882936e-01,1.746476264142335019e-02,-1.184745455518044360e-02
9.700000000000001066e+00,4.478844734639466196e+00,5.125938458056764624e+00,5.125938458056764624e+00,5.125938458056764624e+00,4.418986877628482135e-02,4.418986877628482135e-02,-8.129593452304066936e-01,-6.470937234172984276e-01,-8.206866060730515500e-01,1.740918858778375822e-02,-9.681927745138870639e-03
9.720000000000000639e+00,4.339347632818614464e+00,5.124756183121156994e+00,5.124756183121156994e+00,5.124756183121156994e+00,-5.911374678036827868e-02,-5.911374678036827868e-02,-9.888462867902463316e-01,-7.854085503025425297e-01,-9.989703480524506629e-01,1.734154177681327888e-02,-7.217480514608945810e-03
9.740000000000000213e+00,4.407689803711029697e+00,5.121896419896660113e+00,5.121896419896660113e+00,5.121896419896660113e+00,-1.429881612248286027e-01,-1.429881612248286027e-01,-8.978578912249713939e-01,-7.142066161856304163e-01,-9.106743018508617338e-01,1.727987406818400767e-02,-4.463463442293662611e-03
9.759999999999999787e+00,4.652242923072305913e+00,5.118160791555766309e+00,5.118160791555766309e+00,5.118160791555766309e+00,-1.867814170446736310e-01,-1.867814170446736310e-01,-5.809207194232789417e-01,-4.659178684834603956e-01,-5.964599409669298913e-01,1.723948386745711298e-02,-1.700262323806117030e-03
9.779999999999999361e+00,4.646861510410750462e+00,5.113637364097686877e+00,5.113637364097686877e+00,5.113637364097686877e+00,-2.261713729039853127e-01,-2.261713729039853127e-01,-5.806809756377906417e-01,-4.667758536869364150e-01,-5.985500870541701213e-01,1.719895212927864334e-02,6.701592871008322898e-04
9.800000000000000711e+00,4.361344987099096571e+00,5.107695168814558428e+00,5.107695168814558428e+00,5.107695168814558428e+00,-2.971097641564126590e-01,-2.971097641564126590e-01,-9.355552854282588315e-01,-7.463501817154618578e-01,-9.554113187882097291e-01,1.713425498485676365e-02,2.721778375094139561e-03
9.820000000000000284e+00,4.479517315128251020e+00,5.100795510690986134e+00,5.100795510690986134e+00,5.100795510690986134e+00,-3.449829061786320872e-01,-3.449829061786320872e-01,-7.758411843786068296e-01,-6.212781955627351138e-01,-7.977858741816103993e-01,1.708023168943974268e-02,4.864458113563865232e-03
9.839999999999999858e+00,4.440470161788351078e+00,5.092956321181826951e+00,5.092956321181826951e+00,5.092956321181826951e+00,-3.919594754579567297e-01,-3.919594754579567297e-01,-8.147485989718786792e-01,-6.524861593934758730e-01,-8.386131931063465217e-01,1.702344370943411483e-02,6.841150425033708585e-03
9.859999999999999432e+00,4.667517295388364573e+00,5.084871794653320620e+00,5.084871794653320620e+00,5.084871794653320620e+00,-4.042263264253007082e-01,-4.042263264253007082e-01,-5.146279851313964038e-01,-4.173544992649560470e-01,-5.403075627576972018e-01,1.698685595321587638e-02,8.692721673084869566e-03
9.880000000000000782e+00,4.595972984749369772e+00,5.076408029420584889e+00,5.076408029420584889e+00,5.076408029420584889e+00,-4.231882616367804162e-01,-4.231882616367804162e-01,-5.938456785400978433e-01,-4.804350446712151168e-01,-6.209014885780176352e-01,1.694481065556413535e-02,1.011099938235556113e-02
9.900000000000000355e+00,4.629070790165844329e+00,5.067710802112029178e+00,5.067710802112029178e+00,5.067710802112029178e+00,-4.348613654278004614e-01,-4.348613654278004614e-01,-5.399192995469809242e-01,-4.386400119461848490e-01,-5.681182938535205285e-01,1.690633965298822886e-02,1.129265465355128693e-02
9.919999999999999929e+00,4.546082116368959092e+00,5.058616555786628055e+00,5.058616555786628055e+00,5.058616555786628055e+00,-4.547123162700742460e-01,-4.547123162700742460e-01,-6.333708738505380298e-01,-5.125344394176689633e-01,-6.624684308936990007e-01,1.686147958601432600e-02,1.223607745714664491e-02
9.939999999999999503e+00,4.644469973575980681e+00,5.049439641878691987e+00,5.049439641878691987e+00,5.049439641878691987e+00,-4.588456953968193530e-01,-4.588456953968193530e-01,-4.960461075375255380e-01,-4.049696683027113053e-01,-5.259661594075222268e-01,1.682586297994420957e-02,1.309418889005240991e-02
9.960000000000000853e+00,4.647856406547150598e+00,5.040221452668149027e+00,5.040221452668149027e+00,5.040221452668149027e+00,-4.609094605271537026e-01,-4.609094605271537026e-01,-4.794833467001630711e-01,-3.923650461209984286e-01,-5.100107088710575942e-01,1.679132682170569532e-02,1.373603534918884858e-02
9.980000000000000426e+00,4.817965151887421804e+00,5.031422507566179370e+00,5.031422507566179370e+00,5.031422507566179370e+00,-4.399472550984785957e-01,-4.399472550984785957e-01,-2.512874062404024111e-01,-2.134573556787575654e-01,-2.822655019915235597e-01,1.677221277983855299e-02,1.420588297128258862e-02
1.000000000000000000e+01,5.313160640442428750e+00,5.024281316701912026e+00,5.024281316701912026e+00,5.024281316701912026e+00,-3.570595432133525926e-01,-3.570595432133525926e-01,3.889298637527813240e-01,2.888793237405167247e-01,3.578074287528367203e-01,1.679644225926590906e-02,1.432599274067870160e-02
1.001999999999999957e+01,5.280231324865778397e+00,5.018565163868665913e+00,5.018565163868665913e+00,5.018565163868665913e+00,-2.858076416623214766e-01,-2.858076416623214766e-01,3.554594722969585119e-01,2.616661609971124847e-01,3.250565103681102852e-01,1.681845395996800149e-02,1.358450796888022866e-02
1.004000000000000092e+01,4.880802078628637020e+00,5.013129032894282133e+00,5.013129032894282133e+00,5.013129032894282133e+00,-2.718065487191919649e-01,-2.718065487191919649e-01,-1.457967122310266372e-01,-1.323269542656451137e-01,-1.749591182548367041e-01,1.680660633463735773e-02,1.235579968917272474e-02
1.006000000000000050e+01,5.302346225759467124e+00,5.009027502151256250e+00,5.009027502151256250e+00,5.009027502151256250e+00,-2.050765371513054713e-01,-2.050765371513054713e-01,3.954935669596726933e-01,2.933187236082108740e-01,3.673058349387849364e-01,1.683147901322376225e-02,1.135625300766402931e-02
1.008000000000000007e+01,5.220200772774394871e+00,5.005926187748575451e+00,5.005926187748575451e+00,5.005926187748575451e+00,-1.550657201340474023e-01,-1.550657201340474023e-01,2.950316330212751081e-01,2.142745850258194196e-01,2.681900536913860433e-01,1.684963991449735243e-02,9.991939415391710641e-03
1.009999999999999964e+01,5.924460525100211150e+00,5.005519016895097373e+00,5.005519016895097373e+00,5.005519016895097373e+00,-2.035854267390305172e-02,-2.035854267390305172e-02,1.192006054467396270e+00,9.189415082051137773e-01,1.166538608436577418e+00,1.692863386750959390e-02,8.538812163309235717e-03
1.012000000000000099e+01,5.380268236036284790e+00,5.006150707747385020e+00,5.006150707747385020e+00,5.006150707747385020e+00,3.158454261438848470e-02,3.158454261438848470e-02,4.990723102090123264e-01,3.741175282888997700e-01,4.759315083093080267e-01,1.696086230035573697e-02,6.179939599348547967e-03
1.014000000000000057e+01,5.640652522321914830e+00,5.008372917733725949e+00,5.008372917733725949e+00,5.008372917733725949e+00,1.111104993170663191e-01,1.111104993170663191e-01,8.268441096411667246e-01,6.322796045881888816e-01,8.058173045096528320e-01,1.701542945640914517e-02,4.011375675104735319e-03
1.016000000000000014e+01,5.606264251538033427e+00,5.011929087010317474e+00,5.011929087010317474e+00,5.011929087010317474e+00,1.778084638295559239e-01,1.778084638295559239e-01,7.780901444419623392e-01,5.943351645277159534e-01,7.593219939314704847e-01,1.706684811111631658e-02,1.701302399375532667e-03
1.017999999999999972e+01,5.444241744915159664e+00,5.016260761443087191e+00,5.016260761443087191e+00,5.016260761443087191e+00,2.165837216384669250e-01,2.165837216384669250e-01,5.655610419186660742e-01,4.279809834720724737e-01,5.490370755391495994e-01,1.710402699969613277e-02,-5.800606201797064987e-04
1.020000000000000107e+01,5.594781073238401348e+00,5.021657891151429354e+00,5.021657891151429354e+00,5.021657891151429354e+00,2.698564854171116578e-01,2.698564854171116578e-01,7.493113594249144471e-01,5.731231820869719940e-01,7.347207959800490240e-01,1.715377974651053142e-02,-2.563216301645113507e-03
1.022000000000000064e+01,5.312403267384137706e+00,5.027279194668254014e+00,5.027279194668254014e+00,5.027279194668254014e+00,2.810651758412505141e-01,2.810651758412505141e-01,3.819433896585002208e-01,2.851240727158836918e-01,3.692466278155396298e-01,1.717878384886654605e-02,-4.482022005905976665e-03
1.024000000000000021e+01,5.356692062849869096e+00,5.033197617096178078e+00,5.033197617096178078e+00,5.033197617096178078e+00,2.959211213961923104e-01,2.959211213961923104e-01,4.296246313906684766e-01,3.234944457536910178e-01,4.183543425906511848e-01,1.720711335553016391e-02,-5.936824555512865143e-03
1.025999999999999979e+01,5.704417488952875814e+00,5.040249419129239072e+00,5.040249419129239072e+00,5.040249419129239072e+00,3.525901016530281762e-01,3.525901016530281762e-01,8.626109239645508575e-01,6.641680698236367419e-01,8.524492372580061428e-01,1.726483826450983874e-02,-7.103151557965189933e-03
1.027999999999999936e+01,5.453578526578616525e+00,5.047663529654044190e+00,5.047663529654044190e+00,5.047663529654044190e+00,3.707055262402673690e-01,3.707055262402673690e-01,5.337443475254198821e-01,4.059149969245723355e-01,5.249279664607093832e-01,1.730038456775048403e-02,-8.484003503040007596e-03
1.030000000000000071e+01,5.527411026650197456e+00,5.055570208995456838e+00,5.055570208995456838e+00,5.055570208995456838e+00,3.953339670706532138e-01,3.953339670706532138e-01,6.169899345441258731e-01,4.718408176547406185e-01,6.092793211851146307e-01,1.734164285249215412e-02,-9.631029493480953302e-03
1.032000000000000028e+01,5.255422686826065615e+00,5.063207204862834487e+00,5.063207204862834487e+00,5.063207204862834487e+00,3.818497933688877466e-01,3.818497933688877466e-01,2.604922300529985968e-01,1.922154819632311273e-01,2.538126468448731465e-01,1.735883016558558561e-02,-1.067924695746016658e-02
1.033999999999999986e+01,5.295566625749478895e+00,5.070682894305053701e+00,5.070682894305053701e+00,5.070682894305053701e+00,3.737844721109633839e-01,3.737844721109633839e-01,3.011965807896440084e-01,2.248837314444251945e-01,2.950964645260383823e-01,1.737881307578183557e-02,-1.127869681217618519e-02
1.035999999999999943e+01,5.326860456090729556e+00,5.078073271536457156e+00,5.078073271536457156e+00,5.078073271536457156e+00,3.695188615701825441e-01,3.695188615701825441e-01,3.311283667031552080e-01,2.487871845542724003e-01,3.253455034678083280e-01,1.740084434609540445e-02,-1.161798111074849836e-02
1.038000000000000078e+01,5.187960435948972382e+00,5.085014919042334824e+00,5.085014919042334824e+00,5.085014919042334824e+00,3.470823752939009021e-01,3.470823752939009021e-01,1.451539988073663467e-01,1.029455169066375575e-01,1.395566988038943468e-01,1.741029464223487963e-02,-1.181299463876286926e-02
1.040000000000000036e+01,4.972942118281237889e+00,5.090989086123044238e+00,5.090989086123044238e+00,5.090989086123044238e+00,2.987083540354823485e-01,2.987083540354823485e-01,-1.366578372902847727e-01,-1.180469678418063495e-01,-1.423324569665931072e-01,1.740065638136942608e-02,-1.172603670506108808e-02
1.041999999999999993e+01,4.916300274990049957e+00,5.095934531459892725e+00,5.095934531459892725e+00,5.095934531459892725e+00,2.472722668424314207e-01,2.472722668424314207e-01,-2.156525178950267907e-01,-1.796342564698427680e-01,-2.218547901389027466e-01,1.738563314361198792e-02,-1.118336089973604938e-02
1.043999999999999950e+01,7.278057198301320696e+00,5.105942588059404486e+00,5.105942588059404486e+00,5.105942588059404486e+00,5.004028299755891585e-01,5.004028299755891585e-01,2.778577898174008354e+00,2.172114610241916210e+00,2.771295786888613666e+00,1.757329569296035149e-02,-1.029118440756578157e-02
1.046000000000000085e+01,5.070040459778385689e+00,5.114869418501973186e+00,5.114869418501973186e+00,5.114869418501973186e+00,4.463415221284515733e-01,4.463415221284515733e-01,-4.021024849578642979e-02,-4.482895872358749756e-02,-4.559570291689387517e-02,1.757329569296035149e-02,-1.218784127185290264e-02
1.048000000000000043e+01,7.309923113066274070e+00,5.128488572324198635e+00,5.128488572324198635e+00,5.128488572324198635e+00,6.809576911112723563e-01,6.809576911112723563e-01,2.792503211956658848e+00,2.181434540742075434e+00,2.787718192096662051e+00,1.776207031069288247e-02,-1.297705045069624460e-02
1.050000000000000000e+01,4.817863964464908832e+00,5.139960562425589963e+00,5.139960562425589963e+00,5.139960562425589963e+00,5.735995050695614772e-01,5.735995050695614772e-01,-3.926241693058366566e-01,-3.220965979606811302e-01,-3.944932519812980320e-01,1.773535659441698512e-02,-1.586627391895564440e-02
1.051999999999999957e+01,4.524886398041170210e+00,5.148724791174110749e+00,5.148724791174110749e+00,5.148724791174110749e+00,4.382114374260358547e-01,4.382114374260358547e-01,-7.802811713656949699e-01,-6.238383931329405385e-01,-7.811441887682131213e-01,1.768246021627992506e-02,-1.681944281376183264e-02
1.054000000000000092e+01,4.543570952249577743e+00,5.155078490739110286e+00,5.155078490739110286e+00,5.155078490739110286e+00,3.176849782499902020e-01,3.176849782499902020e-01,-7.670531543344211167e-01,-6.115075384895325428e-01,-7.685453754341569077e-01,1.763041698613241476e-02,-1.613819588639663419e-02
1.056000000000000050e+01,4.428869302700917387e+00,5.158958463176976927e+00,5.158958463176976927e+00,5.158958463176976927e+00,1.939986218933520412e-01,1.939986218933520412e-01,-9.191785853163914055e-01,-7.300891604760595399e-01,-9.222856688085050436e-01,1.756796299596112901e-02,-1.446087950384741458e-02
1.058000000000000007e+01,4.463009335509871001e+00,5.160693634125671281e+00,5.160693634125671281e+00,5.160693634125671281e+00,8.675854743471748953e-02,8.675854743471748953e-02,-8.784021226929935589e-01,-6.976842986158002802e-01,-8.838553921372245270e-01,1.750811137098175901e-02,-1.205484192675077698e-02
1.059999999999999964e+01,4.635208725426745779e+00,5.160936877141776513e+00,5.160936877141776513e+00,5.160936877141776513e+00,1.216215080524804537e-02,1.216215080524804537e-02,-6.592054188599770770e-01,-5.257281517150307337e-01,-6.673658340476353867e-01,1.746291966883365201e-02,-9.302504481175331852e-03
1.062000000000000099e+01,4.625453555798217486e+00,5.159817236179947031e+00,5.159817236179947031e+00,5.159817236179947031e+00,-5.598204809147326599e-02,-5.598204809147326599e-02,-6.692798381619650128e-01,-5.343636803817295444e-01,-6.800638181063199950e-01,1.741686810319810486e-02,-6.632888158843138274e-03
1.064000000000000057e+01,4.464090964083426094e+00,5.157068957773438989e+00,5.157068957773438989e+00,5.157068957773438989e+00,-1.374139203254242381e-01,-1.374139203254242381e-01,-8.703007704309829728e-01,-6.929779936900128945e-01,-8.835723655625815631e-01,1.735703564379780309e-02,-4.085440512199114797e-03
1.066000000000000014e+01,4.661723530951462635e+00,5.153368976363903897e+00,5.153368976363903897e+00,5.153368976363903897e+00,-1.849990704767735528e-01,-1.849990704767735528e-01,-6.132654218389171907e-01,-4.916454454124412621e-01,-6.290886920639099378e-01,1.731443593709111259e-02,-1.491165712098375517e-03
1.067999999999999972e+01,4.587843680279294567e+00,5.148638687994277596e+00,5.148638687994277596e+00,5.148638687994277596e+00,-2.365144184813308403e-01,-2.365144184813308403e-01,-7.001525505223464840e-01,-5.607950077149830292e-01,-7.182171260274539115e-01,1.726580076162783500e-02,7.987747434796128691e-04
1.070000000000000107e+01,4.507333330740327604e+00,5.142792763803047507e+00,5.142792763803047507e+00,5.142792763803047507e+00,-2.922962095615080358e-01,-2.922962095615080358e-01,-7.943323292831028226e-01,-6.354594330627199028e-01,-8.144578037125165260e-01,1.721064850090399390e-02,2.914825928509626619e-03
1.072000000000000064e+01,4.252791930305470203e+00,5.135315001427509074e+00,5.135315001427509074e+00,5.135315001427509074e+00,-3.738881187769083070e-01,-3.738881187769083070e-01,-1.108215301715510526e+00,-8.825230711220388713e-01,-1.130301058541923087e+00,1.713410842922320071e-02,4.951648397189323432e-03
1.074000000000000021e+01,4.526107878863498968e+00,5.127086172790527918e+00,5.127086172790527918e+00,5.127086172790527918e+00,-4.114414318490734468e-01,-4.114414318490734468e-01,-7.494212494985594830e-01,-6.009782939270289503e-01,-7.736930456562928216e-01,1.708171661668269475e-02,7.190079541050665470e-03
1.075999999999999979e+01,5.032364817396909551e+00,5.119492043940384818e+00,5.119492043940384818e+00,5.119492043940384818e+00,-3.797064425071485227e-01,-3.797064425071485227e-01,-9.409153842982440064e-02,-8.712722654347526685e-02,-1.202961213498953269e-01,1.707357058011884504e-02,9.131012339952081225e-03
1.077999999999999936e+01,4.652025922142303926e+00,5.111524377932487262e+00,5.111524377932487262e+00,5.111524377932487262e+00,-3.983833003948917817e-01,-3.983833003948917817e-01,-5.664750213845808346e-01,-4.594984557901833355e-01,-5.936819746835627631e-01,1.703336849364420896e-02,1.017358480533772126e-02
1.080000000000000071e+01,5.199641639708851848e+00,5.104633557077518979e+00,5.104633557077518979e+00,5.104633557077518979e+00,-3.445410427484216775e-01,-3.445410427484216775e-01,1.400392760698093708e-01,9.500808263133286857e-02,1.119089224559830231e-01,1.704094657815697494e-02,1.108940703566938663e-02
1.082000000000000028e+01,5.346766649663551085e+00,5.099103348330685570e+00,5.099103348330685570e+00,5.099103348330685570e+00,-2.765104373416672479e-01,-2.765104373416672479e-01,3.357650113191228969e-01,2.476633013328655153e-01,3.075090275842607968e-01,1.706177002411937357e-02,1.119421371074277513e-02
1.083999999999999986e+01,5.393973263747620095e+00,5.094930484288474837e+00,5.094930484288474837e+00,5.094930484288474837e+00,-2.086432021105210088e-01,-2.086432021105210088e-01,4.021619149697950313e-01,2.990427794591452582e-01,3.744847925795068422e-01,1.708712883684522857e-02,1.058999355344298135e-02
1.085999999999999943e+01,5.023065585430284585e+00,5.091045513867857863e+00,5.091045513867857863e+00,5.091045513867857863e+00,-1.942485210308616261e-01,-1.942485210308616261e-01,-6.469639131392716791e-02,-6.797992843757327819e-02,-9.126842154990162659e-02,1.708094845554342447e-02,9.491081780431032469e-03
1.088000000000000078e+01,5.192628958253540539e+00,5.087858398752336697e+00,5.087858398752336697e+00,5.087858398752336697e+00,-1.593557557760408028e-01,-1.593557557760408028e-01,1.546791315173465797e-01,1.047705595012038415e-01,1.290109743698170108e-01,1.708968463176059258e-02,8.578472515768976320e-03
1.090000000000000036e+01,5.239179721875361295e+00,5.085423740933809000e+00,5.085423740933809000e+00,5.085423740933809000e+00,-1.217328909264008968e-01,-1.217328909264008968e-01,2.168728927203582291e-01,1.537559809415522949e-01,1.921780803662412329e-01,1.710269826554917244e-02,7.592114088567824583e-03
1.091999999999999993e+01,5.331747014025230769e+00,5.083905511653830978e+00,5.083905511653830978e+00,5.083905511653830978e+00,-7.591146399888432095e-02,-7.591146399888432095e-02,3.364813783487649590e-01,2.478415023713997911e-01,3.128305568261056657e-01,1.712388206703503377e-02,6.526939455624269915e-03
1.093999999999999950e+01,5.533783155154368139e+00,5.083726769531032197e+00,5.083726769531032197e+00,5.083726769531032197e+00,-8.937106139953451822e-03,-8.937106139953451822e-03,5.938321145904243981e-01,4.500563856233359417e-01,5.713446072456822566e-01,1.716257154437608040e-02,5.324935800366044532e-03
1.096000000000000085e+01,5.558760719746818957e+00,5.084814527640264537e+00,5.084814527640264537e+00,5.084814527640264537e+00,5.438790546159727457e-02,5.438790546159727457e-02,6.243130098755538260e-01,4.739461921065544203e-01,6.032931167740491762e-01,1.720342446409463960e-02,3.816468637410024012e-03
1.098000000000000043e+01,5.643814952531046814e+00,5.087252133663812792e+00,5.087252133663812792e+00,5.087252133663812792e+00,1.218803011774093475e-01,1.218803011774093475e-01,7.293118626197180321e-01,5.565628188672340215e-01,7.099305396112934874e-01,1.725149850063524559e-02,2.129824507789311681e-03
1.100000000000000000e+01,5.706648867331859165e+00,5.091054410220474225e+00,5.091054410220474225e+00,5.091054410220474225e+00,1.901138278330559150e-01,1.901138278330559150e-01,8.042155677338751474e-01,6.155944571113849406e-01,7.866338517584189338e-01,1.730476661973069652e-02,2.769493557254869027e-04
1.101999999999999957e+01,5.625988626496027045e+00,5.095866494234381427e+00,5.095866494234381427e+00,5.095866494234381427e+00,2.406042006953575951e-01,2.406042006953575951e-01,6.950175564560728825e-01,5.301221322616456177e-01,6.793664546699520468e-01,1.735077096233039393e-02,-1.699669176209552381e-03
1.104000000000000092e+01,5.519029362409591855e+00,5.101299805485476568e+00,5.101299805485476568e+00,5.101299805485476568e+00,2.716655625547456654e-01,2.716655625547456654e-01,5.512178192892381867e-01,4.177295569241152862e-01,5.374168425825172068e-01,1.738716296899346300e-02,-3.586186262272473592e-03
1.106000000000000050e+01,5.773662731896082256e+00,5.107922045178132642e+00,5.107922045178132642e+00,5.107922045178132642e+00,3.311119846328208771e-01,3.311119846328208771e-01,8.661297833354979492e-01,6.657406867179496146e-01,8.539009165414692681e-01,1.744498618066477394e-02,-5.216119386636111979e-03
1.108000000000000007e+01,5.491215108277926582e+00,5.114876682862689705e+00,5.114876682862689705e+00,5.114876682862689705e+00,3.477318842278629418e-01,3.477318842278629418e-01,4.973109805832415797e-01,3.763384254152368769e-01,4.867821901367382909e-01,1.747794938409135551e-02,-6.949158937588002447e-03
1.109999999999999964e+01,5.317393775924339039e+00,5.121668585285229724e+00,5.121668585285229724e+00,5.121668585285229724e+00,3.395951211269934711e-01,3.395951211269934711e-01,2.663642532191682899e-01,1.957251906391093144e-01,2.571967081882946538e-01,1.749536585409465841e-02,-8.327820823221018798e-03
1.112000000000000099e+01,5.375681751783353057e+00,5.128443101646428026e+00,5.128443101646428026e+00,5.128443101646428026e+00,3.387258180599291846e-01,3.387258180599291846e-01,3.309020904563504950e-01,2.472386501369250311e-01,3.225967214526166416e-01,1.751721098641349783e-02,-9.211841982679642646e-03
1.114000000000000057e+01,5.298053074612417035e+00,5.134986395300656703e+00,5.134986395300656703e+00,5.134986395300656703e+00,3.271646827114504941e-01,3.271646827114504941e-01,2.231144645751421129e-01,1.630666793117603319e-01,2.154046656668060500e-01,1.753179744408857321e-02,-9.821998535752503312e-03
1.116000000000000014e+01,5.159456153746157625e+00,5.140952308452372499e+00,5.140952308452372499e+00,5.140952308452372499e+00,2.982956575858096704e-01,2.982956575858096704e-01,3.847443145504210460e-02,1.850384529378512610e-02,3.107659322578617059e-02,1.753179744408857321e-02,-1.013395921483263400e-02
1.117999999999999972e+01,5.534390089504960919e+00,5.147335963926577662e+00,5.147335963926577662e+00,5.147335963926577662e+00,3.191827737102396201e-01,3.191827737102396201e-01,5.071668188301091673e-01,3.870541255783832568e-01,4.996659819367872957e-01,1.756563309325909553e-02,-1.006479619993731062e-02
1.120000000000000107e+01,5.671695333632021274e+00,5.154427899272879365e+00,5.154427899272879365e+00,5.154427899272879365e+00,3.545967673151013688e-01,3.545967673151013688e-01,6.733227097588568855e-01,5.172674343591419088e-01,6.659363995259134361e-01,1.761072799905376296e-02,-1.022441776611028932e-02
1.122000000000000064e+01,5.378661278750465513e+00,5.161394076140085829e+00,5.161394076140085829e+00,5.161394076140085829e+00,3.483088433603400147e-01,3.483088433603400147e-01,2.917175277674878275e-01,2.172672026103796838e-01,2.847763919365344232e-01,1.763001206968883502e-02,-1.068887623873545148e-02
1.124000000000000021e+01,4.844868993686318071e+00,5.166872964454070960e+00,5.166872964454070960e+00,5.166872964454070960e+00,2.739444156992389412e-01,2.739444156992389412e-01,-3.953354332506708868e-01,-3.220039707677528895e-01,-4.019868547162850358e-01,1.760279091259780992e-02,-1.095136944698363486e-02
1.125999999999999979e+01,4.920143258767812000e+00,5.171191644738543758e+00,5.171191644738543758e+00,5.171191644738543758e+00,2.159340142236257087e-01,2.159340142236257087e-01,-3.061595990568932724e-01,-2.510483859707317578e-01,-3.133467262215489102e-01,1.758157215790879038e-02,-1.039444499325314041e-02
1.127999999999999936e+01,4.765618046792905460e+00,5.174064539812889940e+00,5.174064539812889940e+00,5.174064539812889940e+00,1.436447537173211608e-01,1.436447537173211608e-01,-5.069585908394198537e-01,-4.084464930199844801e-01,-5.150784693909606915e-01,1.754669282848546688e-02,-9.426814276944651613e-03
1.130000000000000071e+01,5.088131378570548868e+00,5.176450894811917891e+00,5.176450894811917891e+00,5.176450894811917891e+00,1.193177499513850270e-01,1.193177499513850270e-01,-9.962528394204019089e-02,-8.831951624136902268e-02,-1.091351147777731567e-01,1.753930257661862405e-02,-8.029471740885654740e-03
1.132000000000000028e+01,4.938616398695413245e+00,5.178015934318510816e+00,5.178015934318510816e+00,5.178015934318510816e+00,7.825197532963210079e-02,7.825197532963210079e-02,-2.913399962661442077e-01,-2.393995356230975702e-01,-3.020498100679608888e-01,1.751884880995260504e-02,-6.809035008135877996e-03
1.133999999999999986e+01,4.750466999457816364e+00,5.178362368310740926e+00,5.178362368310740926e+00,5.178362368310740926e+00,1.732169961151831111e-02,1.732169961151831111e-02,-5.310507818515057821e-01,-4.278953688529245625e-01,-5.429871472730819493e-01,1.748207960155458499e-02,-5.545714179978390897e-03
1.135999999999999943e+01,4.687987898917893581e+00,5.177455378518176943e+00,5.177455378518176943e+00,5.177455378518176943e+00,-4.534948962821799129e-02,-4.534948962821799129e-02,-6.093901927858447198e-01,-4.894674796002833617e-01,-6.227755761289160974e-01,1.743990739718680183e-02,-4.054524054115468505e-03
1.138000000000000078e+01,4.250428240302236205e+00,5.174314386168084923e+00,5.174314386168084923e+00,5.174314386168084923e+00,-1.570496175046090237e-01,-1.570496175046090237e-01,-1.162350768392128364e+00,-9.238861458658487180e-01,-1.177324465534244746e+00,1.736018306330023089e-02,-2.386485921183964000e-03
1.140000000000000036e+01,4.642556768248080168e+00,5.170171244955392709e+00,5.170171244955392709e+00,5.170171244955392709e+00,-2.071570606346210819e-01,-2.071570606346210819e-01,-6.581240488047297443e-01,-5.276144767073125408e-01,-6.753321747584060120e-01,1.731445190815911195e-02,-1.063259544829488375e-04
1.141999999999999993e+01,5.101188299456092423e+00,5.166305795933462619e+00,5.166305795933462619e+00,5.166305795933462619e+00,-1.932724510965072307e-01,-1.932724510965072307e-01,-6.831096525348252790e-02,-6.511749647737019586e-02,-8.760834078411136594e-02,1.730851937484617284e-02,1.988856155782658258e-03
1.143999999999999950e+01,6.896065205328181236e+00,5.167262029656799704e+00,5.167262029656799704e+00,5.167262029656799704e+00,4.781168616687508921e-02,4.781168616687508921e-02,2.217568921537316218e+00,1.728803175671381531e+00,2.196794449931292803e+00,1.745727868405411859e-02,3.317192921969045437e-03
1.146000000000000085e+01,4.440465218487735122e+00,5.166315057317053316e+00,5.166315057317053316e+00,5.166315057317053316e+00,-4.734861698733860980e-02,-4.734861698733860980e-02,-9.037913453752619564e-01,-7.258498388293181947e-01,-9.230319501847120689e-01,1.739477415829357790e-02,1.845830651156463295e-03
1.148000000000000043e+01,4.467489937095619368e+00,5.163725963103676264e+00,5.163725963103676264e+00,5.163725963103676264e+00,-1.294547106688310745e-01,-1.294547106688310745e-01,-8.684095538022633676e-01,-6.962360260080568963e-01,-8.875079026812211502e-01,1.733467519795453549e-02,1.763673681003225489e-03
1.150000000000000000e+01,4.528240886411867727e+00,5.159821254144793201e+00,5.159821254144793201e+00,5.159821254144793201e+00,-1.952354479441753554e-01,-1.952354479441753554e-01,-7.872620834222737729e-01,-6.315803677329254739e-01,-8.070660473985968864e-01,1.728002348135904143e-02,2.523940494964029523e-03
1.151999999999999957e+01,4.783098697993683146e+00,5.155392058646673270e+00,5.155392058646673270e+00,5.155392058646673270e+00,-2.214597749059959431e-01,-2.214597749059959431e-01,-4.574787175623811208e-01,-3.722933606529901240e-01,-4.784376463119097700e-01,1.724762534153004637e-02,3.711303407998585869e-03
1.154000000000000092e+01,4.423139596379328076e+00,5.149589838050952828e+00,5.149589838050952828e+00,5.149589838050952828e+00,-2.901110297860054477e-01,-2.901110297860054477e-01,-9.079723237060907115e-01,-7.264502416716247524e-01,-9.299606270795284235e-01,1.718465162977505373e-02,4.803651743662736354e-03
1.156000000000000050e+01,4.956990758871894442e+00,5.143925478154062425e+00,5.143925478154062425e+00,5.143925478154062425e+00,-2.832179948445254780e-01,-2.832179948445254780e-01,-2.211806803712057790e-01,-1.869347192821679826e-01,-2.446008305574041419e-01,1.716808810896565396e-02,6.252062077232695136e-03
1.158000000000000007e+01,4.615288091702332451e+00,5.137533455125226745e+00,5.137533455125226745e+00,5.137533455125226745e+00,-3.196011514417981259e-01,-3.196011514417981259e-01,-6.470495608172519564e-01,-5.222453634228942931e-01,-6.713694807936970710e-01,1.712262529373080600e-02,7.197294682714306877e-03
1.159999999999999964e+01,4.653776623049416195e+00,5.130602496757706632e+00,5.130602496757706632e+00,5.130602496757706632e+00,-3.465479183760030168e-01,-3.465479183760030168e-01,-5.890688207838469248e-01,-4.768258737082904375e-01,-6.143711767362793896e-01,1.708102220617228537e-02,8.221333746260182929e-03
1.162000000000000099e+01,4.929430750535276573e+00,5.123906198536184675e+00,5.123906198536184675e+00,5.123906198536184675e+00,-3.348149110761108882e-01,-3.348149110761108882e-01,-2.292178453770818969e-01,-1.944754480009081021e-01,-2.554881177024861949e-01,1.706372143599715549e-02,9.206550889407144264e-03
1.164000000000000057e+01,5.190345383480474695e+00,5.118101983221258422e+00,5.118101983221258422e+00,5.118101983221258422e+00,-2.902107657462944523e-01,-2.902107657462944523e-01,1.112265422220536093e-01,7.224340025921627273e-02,8.437776487924832092e-02,1.706943520590236546e-02,9.779342136902935065e-03
1.166000000000000014e+01,4.900811737383687472e+00,5.112379845787332400e+00,5.112379845787332400e+00,5.112379845787332400e+00,-2.861068716962939518e-01,-2.861068716962939518e-01,-2.491718252462894467e-01,-2.115681084036449278e-01,-2.759586122137150932e-01,1.705074824476033452e-02,9.736038722665329298e-03
1.167999999999999972e+01,5.589804817204726994e+00,5.108496094840879742e+00,5.108496094840879742e+00,5.108496094840879742e+00,-1.941875473226291338e-01,-1.941875473226291338e-01,6.330863720403543393e-01,4.813087223638472523e-01,6.063297137000911441e-01,1.709180679230223182e-02,9.664851547960888814e-03
1.170000000000000107e+01,4.869679432649610007e+00,5.104445666212335198e+00,5.104445666212335198e+00,5.104445666212335198e+00,-2.025214314272315019e-01,-2.025214314272315019e-01,-2.775263883686527877e-01,-2.347662335627251906e-01,-3.032971609829125947e-01,1.707126855935378260e-02,8.699504054906045253e-03
1.172000000000000064e+01,5.341358376698372545e+00,5.101452435549975739e+00,5.101452435549975739e+00,5.101452435549975739e+00,-1.496615331179911301e-01,-1.496615331179911301e-01,3.260775516651724382e-01,2.399059411483968063e-01,3.008791423172674229e-01,1.709164305245558166e-02,8.106766295449414558e-03
1.174000000000000021e+01,5.069930048501692710e+00,5.098726975107407355e+00,5.098726975107407355e+00,5.098726975107407355e+00,-1.362730221284114418e-01,-1.362730221284114418e-01,-1.577642322219426768e-02,-2.879692660571464558e-02,-4.003343155131944969e-02,1.709164305245558166e-02,7.165365276669600353e-03
1.175999999999999979e+01,5.417504329042514222e+00,5.097130739373889163e+00,5.097130739373889163e+00,5.097130739373889163e+00,-7.981178667591555531e-02,-7.981178667591555531e-02,4.283393323965474786e-01,3.203735896686250584e-01,4.048472394975857203e-01,1.711905790489400003e-02,6.373034994067775655e-03
1.177999999999999936e+01,5.315621579497055826e+00,5.096293881743652499e+00,5.096293881743652499e+00,5.096293881743652499e+00,-4.184288151185342614e-02,-4.184288151185342614e-02,2.998772649647057364e-01,2.193276977534033279e-01,2.774833669564216732e-01,1.713784811714459330e-02,5.256049891139502953e-03
1.180000000000000071e+01,5.896616535103048840e+00,5.097616134747750216e+00,5.097616134747750216e+00,5.097616134747750216e+00,6.611265020487414046e-02,6.611265020487414046e-02,1.037712435655422372e+00,7.990004003552986234e-01,1.016409769766433380e+00,1.720667586533350044e-02,4.095990023655511451e-03
1.182000000000000028e+01,5.486466264668727888e+00,5.099832739437431428e+00,5.099832739437431428e+00,5.099832739437431428e+00,1.108302344840533804e-01,1.108302344840533804e-01,5.132884929966665677e-01,3.866335252312964599e-01,4.938396649996416587e-01,1.724011697650670513e-02,2.208711020518194269e-03
1.183999999999999986e+01,5.329049092818451072e+00,5.102445297312056205e+00,5.102445297312056205e+00,5.102445297312056205e+00,1.306278937312174426e-01,1.306278937312174426e-01,3.088068269556938916e-01,2.266037955063948672e-01,2.911047687938949635e-01,1.725982958289747418e-02,4.422285789014925202e-04
1.185999999999999943e+01,5.888771723510648037e+00,5.106826540441440798e+00,5.106826540441440798e+00,5.106826540441440798e+00,2.190621564692387113e-01,2.190621564692387113e-01,1.014970521111430157e+00,7.819451830692072392e-01,9.986345612722116183e-01,1.732745365555055442e-02,-9.914938163320939114e-04
1.188000000000000078e+01,5.684664280981820639e+00,5.112266369604762772e+00,5.112266369604762772e+00,5.112266369604762772e+00,2.719914581660801689e-01,2.719914581660801689e-01,7.483551734376534537e-01,5.723979113770578664e-01,7.338539304862824464e-01,1.737714770123702582e-02,-2.875904749865992958e-03
1.190000000000000036e+01,5.442307842924893890e+00,5.118025887920024886e+00,5.118025887920024886e+00,5.118025887920024886e+00,2.879759157630989996e-01,2.879759157630989996e-01,4.318360341362684762e-01,3.242819550048690047e-01,4.191526711165665109e-01,1.740553126794255542e-02,-4.722168248240538047e-03
1.191999999999999993e+01,5.832604097504503038e+00,5.125047069510303643e+00,5.125047069510303643e+00,5.125047069510303643e+00,3.510590795139376108e-01,3.510590795139376108e-01,9.188075532714851112e-01,7.075570279941993945e-01,9.075143261722872223e-01,1.746698499396681994e-02,-6.173757894768908475e-03
1.193999999999999950e+01,5.412512344866592606e+00,5.132115641797057926e+00,5.132115641797057926e+00,5.132115641797057926e+00,3.534286143377275979e-01,3.534286143377275979e-01,3.747544277518373712e-01,2.803967030695346807e-01,3.650808997024869718e-01,1.749170700764746123e-02,-7.818178958297056572e-03
1.196000000000000085e+01,5.591297476880314754e+00,5.139660755361000533e+00,5.139660755361000533e+00,5.139660755361000533e+00,3.772556781971137529e-01,3.772556781971137529e-01,5.916992529315892035e-01,4.516367215193142215e-01,5.831609305557361456e-01,1.753119664546462161e-02,-8.992874269611572310e-03
1.198000000000000043e+01,5.670692377957066377e+00,5.147815226663585264e+00,5.147815226663585264e+00,5.147815226663585264e+00,4.077235651292464014e-01,4.077235651292464014e-01,6.819345475184400707e-01,5.228771512934811128e-01,6.744101606970036578e-01,1.757686536500788210e-02,-1.005247854357151950e-02
1.200000000000000000e+01,5.107803816102637562e+00,5.155065580260438374e+00,5.155065580260438374e+00,5.155065580260438374e+00,3.625176798426634761e-01,3.625176798426634761e-01,-4.433528773658296229e-02,-4.726176415780081186e-02,-5.081449141240357986e-02,1.757686536500788210e-02,-1.109766168918726106e-02
1.201999999999999957e+01,5.296925710413511013e+00,5.161963643280319758e+00,5.161963643280319758e+00,5.161963643280319758e+00,3.449031509940910789e-01,3.449031509940910789e-01,1.863723913569393653e-01,1.349620671331912547e-01,1.801623652944022436e-01,1.758906533620104712e-02,-1.137903927366393057e-02
1.204000000000000092e+01,5.014975497926704051e+00,5.167810901831975556e+00,5.167810901831975556e+00,5.167810901831975556e+00,2.923629275827962504e-01,2.923629275827962504e-01,-1.804990831188569844e-01,-1.528354039052715052e-01,-1.866749445990919520e-01,1.757642435570063583e-02,-1.140056287546568035e-02
1.206000000000000050e+01,5.107387076296845407e+00,5.172933315809877364e+00,5.172933315809877364e+00,5.172933315809877364e+00,2.561206988950704977e-01,2.561206988950704977e-01,-7.005935929446123478e-02,-6.554623951303195639e-02,-7.673825842961529142e-02,1.757122790670461593e-02,-1.089232877155056449e-02
1.208000000000000007e+01,4.994768809074016325e+00,5.177105711169796010e+00,5.177105711169796010e+00,5.177105711169796010e+00,2.086197679959135853e-01,2.086197679959135853e-01,-2.188886100964987091e-01,-1.823369020957796849e-01,-2.262689235545435329e-01,1.755590575912533216e-02,-1.017559230108049453e-02
1.209999999999999964e+01,4.742014641701162603e+00,5.179772371118126273e+00,5.179772371118126273e+00,5.179772371118126273e+00,1.333329974165213261e-01,1.333329974165213261e-01,-5.442479377980092847e-01,-4.377577294169636701e-01,-5.525656582251644577e-01,1.751848792715102882e-02,-9.200767499995831517e-03
1.212000000000000099e+01,4.726024408031193502e+00,5.181039267108778823e+00,5.181039267108778823e+00,5.181039267108778823e+00,6.334479953263473517e-02,6.334479953263473517e-02,-5.665489814223445553e-01,-4.550148590775853208e-01,-5.762599131204045877e-01,1.747946560232555360e-02,-7.768533904265553271e-03
1.214000000000000057e+01,4.808842257065990999e+00,5.181256850232303535e+00,5.181256850232303535e+00,5.181256850232303535e+00,1.087915617625030695e-02,1.087915617625030695e-02,-4.613116340312095609e-01,-3.724145931663125353e-01,-4.726902027543405382e-01,1.744745665946187407e-02,-6.068887936330856839e-03
1.216000000000000014e+01,2.433603274086790336e+00,5.174499344121068489e+00,5.174499344121068489e+00,5.174499344121068489e+00,-3.378753055617583212e-01,-3.378753055617583212e-01,-3.476665461203835683e+00,-2.740896070034278154e+00,-3.489520041704802011e+00,1.721115845191336161e-02,-4.356577950946906655e-03
1.217999999999999972e+01,4.702864063601601252e+00,5.167254607471028827e+00,5.167254607471028827e+00,5.167254607471028827e+00,-3.622368325020027258e-01,-3.622368325020027258e-01,-5.814905749642024224e-01,-4.643905438694275745e-01,-5.989768062597233822e-01,1.717059781778868671e-02,3.156334777322175600e-04
1.220000000000000107e+01,4.658493510848319197e+00,5.159484002633869970e+00,5.159484002633869970e+00,5.159484002633869970e+00,-3.885302418579254513e-01,-3.885302418579254513e-01,-6.251709260612298147e-01,-5.009904917855507733e-01,-6.461265927108412743e-01,1.712684436347913439e-02,3.828822286132304437e-03
1.222000000000000064e+01,4.484062473470695309e+00,5.150822124986195405e+00,5.150822124986195405e+00,5.150822124986195405e+00,-4.330938823837391927e-01,-4.330938823837391927e-01,-8.341666471160630314e-01,-6.667596515155000958e-01,-8.577853420372317794e-01,1.706875811197110238e-02,6.549936809197723711e-03
1.224000000000000021e+01,4.480216889022234028e+00,5.141374917117732757e+00,5.141374917117732757e+00,5.141374917117732757e+00,-4.723603934231225265e-01,-4.723603934231225265e-01,-8.257589927775723648e-01,-6.611580280954987288e-01,-8.516686496742309487e-01,1.701108606167820239e-02,8.898570834980339822e-03
1.225999999999999979e+01,4.760305839600537325e+00,5.131960338625670914e+00,5.131960338625670914e+00,5.131960338625670914e+00,-4.707289246030948449e-01,-4.707289246030948449e-01,-4.560457052228458208e-01,-3.716544990251335889e-01,-4.839577284468382090e-01,1.697831412101172277e-02,1.093370910298063596e-02
1.228000000000000114e+01,4.413894314108462780e+00,5.121721847514349335e+00,5.121721847514349335e+00,5.121721847514349335e+00,-5.119245555660671965e-01,-5.119245555660671965e-01,-8.826852342328178613e-01,-7.078275334058865553e-01,-9.119438511368543887e-01,1.691656044290324248e-02,1.234205646113324326e-02
1.230000000000000071e+01,4.856853030579398656e+00,5.111895702698786792e+00,5.111895702698786792e+00,5.111895702698786792e+00,-4.913072407781113871e-01,-4.913072407781113871e-01,-3.057514076865091024e-01,-2.550426721193881363e-01,-3.363833975073873828e-01,1.689378172464683567e-02,1.373820809623141695e-02
1.232000000000000028e+01,4.739635212446652979e+00,5.102169374585756145e+00,5.102169374585756145e+00,5.102169374585756145e+00,-4.863164056515215106e-01,-4.863164056515215106e-01,-4.413988895122126777e-01,-3.625341621391031666e-01,-4.727708226202099739e-01,1.686176732248515289e-02,1.451016578551213819e-02
1.233999999999999986e+01,4.398408672102599226e+00,5.091691731242425689e+00,5.091691731242425689e+00,5.091691731242425689e+00,-5.238821671665083723e-01,-5.238821671665083723e-01,-8.619740208013899618e-01,-6.932830591398264630e-01,-8.937760921536093139e-01,1.680124390207160187e-02,1.500082745014775891e-02
1.235999999999999943e+01,4.553337149670844575e+00,5.080959378378253177e+00,5.080959378378253177e+00,5.080959378378253177e+00,-5.366176432086344761e-01,-5.366176432086344761e-01,-6.512369275877696317e-01,-5.276222287074086026e-01,-6.837103185959080287e-01,1.675494540805644653e-02,1.571844560008199901e-02
1.238000000000000078e+01,4.812489262022853431e+00,5.070684505666203989e+00,5.070684505666203989e+00,5.070684505666203989e+00,-5.137436356024602802e-01,-5.137436356024602802e-01,-3.078775671468925168e-01,-2.581952436433505582e-01,-3.409570477713576575e-01,1.673185697804988048e-02,1.634762364641530880e-02
1.240000000000000036e+01,4.505098213068859714e+00,5.060067017921602073e+00,5.060067017921602073e+00,5.060067017921602073e+00,-5.308743872300791811e-01,-5.308743872300791811e-01,-6.850511518786494003e-01,-5.549688048527423589e-01,-7.182945915986271856e-01,1.668321655688650984e-02,1.656022316309121306e-02
1.241999999999999993e+01,4.754229698747853838e+00,5.049801525320075868e+00,5.049801525320075868e+00,5.049801525320075868e+00,-5.132746300762959235e-01,-5.132746300762959235e-01,-3.548768156922471051e-01,-2.955718265722220295e-01,-3.884133953506602732e-01,1.665691454743756586e-02,1.687966511097560227e-02
1.243999999999999950e+01,4.814684925816353100e+00,5.040032515166789295e+00,5.040032515166789295e+00,5.040032515166789295e+00,-4.884505076643267940e-01,-4.884505076643267940e-01,-2.650334059566046840e-01,-2.253475893504361949e-01,-2.985980813697279301e-01,1.663669451988024697e-02,1.692798089324297137e-02
1.246000000000000085e+01,4.796109693203195690e+00,5.030687502602721572e+00,5.030687502602721572e+00,5.030687502602721572e+00,-4.672506282033906944e-01,-4.672506282033906944e-01,-2.764517130549656865e-01,-2.345778093995258828e-01,-3.097819838937638792e-01,1.661571715719137657e-02,1.671455368160679189e-02
1.248000000000000043e+01,4.679474549940183081e+00,5.021450789428651973e+00,5.021450789428651973e+00,5.021450789428651973e+00,-4.618356587034647132e-01,-4.618356587034647132e-01,-4.131009332041310489e-01,-3.419762394884688916e-01,-4.460404498814238838e-01,1.658551284326239758e-02,1.635400383403047900e-02
1.250000000000000000e+01,4.869558302153502716e+00,5.012817180926178118e+00,5.012817180926178118e+00,5.012817180926178118e+00,-4.316804251236757151e-01,-4.316804251236757151e-01,-1.602833229055748154e-01,-1.432588787726754020e-01,-1.929034588394395455e-01,1.657245008935673627e-02,1.604768584450799729e-02
1.251999999999999957e+01,4.733233644878242607e+00,5.004400953738451285e+00,5.004400953738451285e+00,5.004400953738451285e+00,-4.208113593863315183e-01,-4.208113593863315183e-01,-3.229897677502339137e-01,-2.711673088602086779e-01,-3.550710907808781180e-01,1.654840590525661487e-02,1.553291712538757731e-02
1.254000000000000092e+01,4.836920888697863852e+00,4.996464146555788410e+00,4.996464146555788410e+00,4.996464146555788410e+00,-3.968403591331607361e-01,-3.968403591331607361e-01,-1.811013568546236407e-01,-1.595432578579245586e-01,-2.126996826015460362e-01,1.653400261966312540e-02,1.506432312725926662e-02
1.256000000000000050e+01,5.699953312304468334e+00,4.991170066690100882e+00,4.991170066690100882e+00,4.991170066690100882e+00,-2.647039932843657795e-01,-2.647039932843657795e-01,9.245232993547887190e-01,7.087832456143674520e-01,8.934312405008235647e-01,1.659450268791751171e-02,1.449755616604759753e-02
1.258000000000000007e+01,5.378220917823535174e+00,4.987447329033162013e+00,4.987447329033162013e+00,4.987447329033162013e+00,-1.861368828469369685e-01,-1.861368828469369685e-01,5.209671110899222191e-01,3.907735887903731609e-01,4.915545809394615828e-01,1.662778906111498853e-02,1.278474108934570669e-02
1.259999999999999964e+01,5.406160784506381489e+00,4.985215331399887262e+00,4.985215331399887262e+00,4.985215331399887262e+00,-1.115998816637460839e-01,-1.115998816637460839e-01,5.592331289849719056e-01,4.209454531064942273e-01,5.317660884509887165e-01,1.666379841828568437e-02,1.080324211569755159e-02
1.262000000000000099e+01,5.197482056766013159e+00,4.983796402727687536e+00,4.983796402727687536e+00,4.983796402727687536e+00,-7.094643360997086867e-02,-7.094643360997086867e-02,2.949345988740061375e-01,2.136856540383256231e-01,2.695787412149798778e-01,1.668205335666717026e-02,8.673804302359111942e-03
1.264000000000000057e+01,5.221871516923178191e+00,4.983171039347378262e+00,4.983171039347378262e+00,4.983171039347378262e+00,-3.126816901545698829e-02,-3.126816901545698829e-02,3.258362123351679074e-01,2.387004775757999298e-01,3.023553950282731329e-01,1.670252781648798313e-02,6.778289490406841714e-03
1.266000000000000014e+01,5.481160301095933107e+00,4.983916708206940882e+00,4.983916708206940882e+00,4.983916708206940882e+00,3.728344297812289515e-02,3.728344297812289515e-02,6.542479509203418253e-01,4.972435928889922252e-01,6.324463624206646539e-01,1.674535489299835977e-02,5.056233606678808140e-03
1.267999999999999972e+01,5.539011479748834788e+00,4.986037673127215797e+00,4.986037673127215797e+00,4.986037673127215797e+00,1.060482460137275040e-01,1.060482460137275040e-01,7.249314733341691852e-01,5.529738066216189907e-01,7.049703598582052200e-01,1.679309304335096370e-02,3.168020432612980719e-03
1.270000000000000107e+01,5.551443687656749226e+00,4.989418679015834357e+00,4.989418679015834357e+00,4.989418679015834357e+00,1.690502944309187627e-01,1.690502944309187627e-01,7.360687301856402298e-01,5.620250086409148693e-01,7.180656384525074820e-01,1.684171796060050449e-02,1.161373772532178685e-03
1.272000000000000064e+01,5.626695253153705778e+00,4.994112318302809328e+00,4.994112318302809328e+00,4.994112318302809328e+00,2.346819643487582652e-01,2.346819643487582652e-01,8.253669936093136483e-01,6.325829348508964500e-01,8.093412491550967536e-01,1.689652374597636064e-02,-8.707792917595174979e-04
1.274000000000000021e+01,5.081057473447787132e+00,4.998585348401475947e+00,4.998585348401475947e+00,4.998585348401475947e+00,2.236515049333119842e-01,2.236515049333119842e-01,1.243773701942954418e-01,8.247212504631118435e-02,1.104203470341218185e-01,1.690400102931883045e-02,-2.946977869145198017e-03
1.275999999999999979e+01,5.504735048392085162e+00,5.003922009881063282e+00,5.003922009881063282e+00,5.003922009881063282e+00,2.668330739793861595e-01,2.668330739793861595e-01,6.554671953940540696e-01,5.008130385110218796e-01,6.428101189880737198e-01,1.694752990351802366e-02,-4.290453497537614902e-03
1.278000000000000114e+01,5.083669489746659664e+00,5.008950150638193932e+00,5.008950150638193932e+00,5.008950150638193932e+00,2.514070378565458341e-01,2.514070378565458341e-01,1.125727127509830450e-01,7.471933910846573212e-02,1.012792994293074123e-01,1.695438818678646556e-02,-5.660974865110823297e-03
1.280000000000000071e+01,5.478082912091506884e+00,5.014688130607906302e+00,5.014688130607906302e+00,5.014688130607906302e+00,2.868989984856262776e-01,2.868989984856262776e-01,6.063266441473501578e-01,4.633947814836005819e-01,5.957986070457074179e-01,1.699473360427145030e-02,-6.466696502628640174e-03
1.282000000000000028e+01,5.500794178070787410e+00,5.021106326615498716e+00,5.021106326615498716e+00,5.021106326615498716e+00,3.209098003796092002e-01,3.209098003796092002e-01,6.270070174254555040e-01,4.796878514552886941e-01,6.173546802778590026e-01,1.703653872435325831e-02,-7.384201576756808938e-03
1.283999999999999986e+01,5.488343754926675366e+00,5.028086909127097215e+00,5.028086909127097215e+00,5.028086909127097215e+00,3.490291255799354286e-01,3.490291255799354286e-01,6.021030523828716507e-01,4.602568457995781515e-01,5.933915339551943946e-01,1.707672114318802004e-02,-8.365202715510788173e-03
1.285999999999999943e+01,5.324935162268934263e+00,5.035138968506719159e+00,5.035138968506719159e+00,5.035138968506719159e+00,3.526029689810876722e-01,3.526029689810876722e-01,3.847675595914576974e-01,2.897961937622151041e-01,3.769972814901330627e-01,1.710225009295821691e-02,-9.331971991633604760e-03
1.288000000000000078e+01,4.851366562678921746e+00,5.041033124316977698e+00,5.041033124316977698e+00,5.041033124316977698e+00,2.947077905129348308e-01,2.947077905129348308e-01,-2.263488157004409640e-01,-1.896665616380559527e-01,-2.333909554013027243e-01,1.708644566605702769e-02,-1.004430596519525175e-02
1.290000000000000036e+01,4.924048236345965890e+00,5.046054943093157164e+00,5.046054943093157164e+00,5.046054943093157164e+00,2.510909388089774819e-01,2.510909388089774819e-01,-1.414607265266389080e-01,-1.220067067471912736e-01,-1.485708077231850111e-01,1.707638496569151981e-02,-9.966303769145428912e-03
1.291999999999999993e+01,5.051171424655895414e+00,5.050602774068041256e+00,5.050602774068041256e+00,5.050602774068041256e+00,2.273915487442227379e-01,2.273915487442227379e-01,1.409703816142992422e-02,5.686505878541581183e-04,6.497931584677579114e-03,1.707638496569151981e-02,-9.477278388939174708e-03
1.293999999999999950e+01,4.894230193050825406e+00,5.054314963634105595e+00,5.054314963634105595e+00,5.054314963634105595e+00,1.856094783032114781e-01,1.856094783032114781e-01,-1.904291556658897766e-01,-1.600847705832801893e-01,-1.985931778918641200e-01,1.706293692372403900e-02,-8.898914697749700856e-03
1.296000000000000085e+01,4.444410556054251948e+00,5.056124642197215024e+00,5.056124642197215024e+00,5.056124642197215024e+00,9.048392815548364498e-02,9.048392815548364498e-02,-7.656460231740668254e-01,-6.117140861429630760e-01,-7.745785976264141226e-01,1.701048514467217235e-02,-8.077910692324831790e-03
1.298000000000000043e+01,4.877431945716791617e+00,5.057320352175280753e+00,5.057320352175280753e+00,5.057320352175280753e+00,5.978549890329340477e-02,5.978549890329340477e-02,-2.165003643664187294e-01,-1.798884064584891362e-01,-2.269397245301377208e-01,1.699511757277485588e-02,-6.555757409055878310e-03
1.300000000000000000e+01,4.956734661293134003e+00,5.058164607447594996e+00,5.058164607447594996e+00,5.058164607447594996e+00,4.221276361572573466e-02,4.221276361572573466e-02,-1.159418539723832270e-01,-1.014299461544609926e-01,-1.277438274203263613e-01,1.698646720335899099e-02,-5.184493755415848018e-03
1.301999999999999957e+01,4.647073315808573746e+00,5.057906068369110386e+00,5.057906068369110386e+00,5.057906068369110386e+00,-1.292695392421508438e-02,-1.292695392421508438e-02,-5.091844117836824557e-01,-4.108327525605366404e-01,-5.220859403815569788e-01,1.695111335227803689e-02,-4.049584754403586645e-03
1.304000000000000092e+01,4.576356045460804545e+00,5.056478653626654385e+00,5.056478653626654385e+00,5.056478653626654385e+00,-7.137073712281735705e-02,-7.137073712281735705e-02,-5.973647859102376723e-01,-4.801226081658498401e-01,-6.115685290935484186e-01,1.690970005030792422e-02,-2.705956866997175254e-03
1.306000000000000050e+01,4.438406621765433435e+00,5.053655423854697126e+00,5.053655423854697126e+00,5.053655423854697126e+00,-1.411614885978693945e-01,-1.411614885978693945e-01,-7.692782518733377595e-01,-6.152488020892636911e-01,-7.849514804637506282e-01,1.685654585556786017e-02,-1.183317265154933953e-03
1.308000000000000007e+01,4.487599174992810802e+00,5.049711505210543905e+00,5.049711505210543905e+00,5.049711505210543905e+00,-1.971959322076428101e-01,-1.971959322076428101e-01,-7.015059246956035777e-01,-5.621123302177331027e-01,-7.188914360545956006e-01,1.680786501816573797e-02,5.776463408262608960e-04
1.309999999999999964e+01,4.864634858516627247e+00,5.045730204492903326e+00,5.045730204492903326e+00,5.045730204492903326e+00,-1.990650358820142685e-01,-1.990650358820142685e-01,-2.158869689513574219e-01,-1.810953459762760787e-01,-2.350473413012741652e-01,1.679194842655006015e-02,2.368423923366687073e-03
1.312000000000000099e+01,4.405569003322618471e+00,5.040561779354188587e+00,5.040561779354188587e+00,5.040561779354188587e+00,-2.584212569357399181e-01,-2.584212569357399181e-01,-7.926272464192706257e-01,-6.349927760315701164e-01,-8.130047254862617923e-01,1.673689456324941455e-02,3.640584503741689081e-03
1.314000000000000057e+01,4.253590107410456511e+00,5.033954871682350785e+00,5.033954871682350785e+00,5.033954871682350785e+00,-3.303453835919037962e-01,-3.303453835919037962e-01,-9.776625234973783662e-01,-7.803647642718942734e-01,-9.994540233685397235e-01,1.666921499946225418e-02,5.122284871699122125e-03
1.316000000000000014e+01,4.365869262498285330e+00,5.026358692528504868e+00,5.026358692528504868e+00,5.026358692528504868e+00,-3.798089576923060484e-01,-3.798089576923060484e-01,-8.249811245959260964e-01,-6.604894300302195376e-01,-8.484687236637631358e-01,1.661175963707242284e-02,6.875839430764611390e-03
1.317999999999999972e+01,4.488239273869091939e+00,5.018205630899022829e+00,5.018205630899022829e+00,5.018205630899022829e+00,-4.076530814740990660e-01,-4.076530814740990660e-01,-6.582501955102362245e-01,-5.299663570299308901e-01,-6.834116616974543756e-01,1.656548136706771299e-02,8.595984820150493616e-03
1.320000000000000107e+01,4.701224839866238625e+00,5.010115975493435236e+00,5.010115975493435236e+00,5.010115975493435236e+00,-4.044827702793901136e-01,-4.044827702793901136e-01,-3.759499695270096531e-01,-3.088911356271966113e-01,-4.025656046116359299e-01,1.653822101903889424e-02,1.007741406558740165e-02
1.322000000000000064e+01,4.190404076674960621e+00,5.000808318533474406e+00,5.000808318533474406e+00,5.000808318533474406e+00,-4.653828479980339772e-01,-4.653828479980339772e-01,-1.013483547465828583e+00,-8.104042418585137852e-01,-1.041034111499462789e+00,1.646772579574050377e-02,1.108283823789380299e-02
1.324000000000000021e+01,4.553042442085962982e+00,4.991351746779058907e+00,4.991351746779058907e+00,4.991351746779058907e+00,-4.728285877207693000e-01,-4.728285877207693000e-01,-5.398402452253874273e-01,-4.383093046930959247e-01,-5.686626630883395705e-01,1.642921793036601630e-02,1.239319993258615644e-02
1.325999999999999979e+01,4.911151619989182926e+00,4.982696737744850779e+00,4.982696737744850779e+00,4.982696737744850779e+00,-4.327504517104094894e-01,-4.327504517104094894e-01,-7.204722761717118062e-02,-7.154511775566785303e-02,-1.018541610231425004e-01,1.642232071946208780e-02,1.338461268650922853e-02
1.328000000000000114e+01,5.029994426014581244e+00,4.975087569230466578e+00,4.975087569230466578e+00,4.975087569230466578e+00,-3.804584257192073493e-01,-3.804584257192073493e-01,9.016980820161188404e-02,5.490685678411466597e-02,6.006806410255768891e-02,1.642232071946208780e-02,1.367942337959210733e-02
1.330000000000000071e+01,4.945085315284263316e+00,4.968222686408507727e+00,4.968222686408507727e+00,4.968222686408507727e+00,-3.432441410979204521e-01,-3.432441410979204521e-01,-8.315579506338250868e-03,-2.313737112424441023e-02,-3.810286251167814553e-02,1.642232071946208780e-02,1.336496228587780687e-02
1.332000000000000028e+01,5.171956070810034056e+00,4.962620202719197238e+00,4.962620202719197238e+00,4.962620202719197238e+00,-2.801241844655374957e-01,-2.801241844655374957e-01,2.879554252259090563e-01,2.093358680908368186e-01,2.587413981899384652e-01,1.643984179052061789e-02,1.277418524544997325e-02
1.333999999999999986e+01,5.282640143917959996e+00,4.958447216709571670e+00,4.958447216709571670e+00,4.958447216709571670e+00,-2.086493004812853269e-01,-2.086493004812853269e-01,4.346246553769840260e-01,3.241929272083883262e-01,4.064253253224286988e-01,1.646736350546371130e-02,1.173196654909160544e-02
1.335999999999999943e+01,7.344702519869329649e+00,4.960806543981091998e+00,4.960806543981091998e+00,4.960806543981091998e+00,1.179663635760018203e-01,1.179663635760018203e-01,3.057507340091585757e+00,2.383895975888237651e+00,3.030544235012892607e+00,1.667258146153545104e-02,1.029052361715765591e-02
1.338000000000000078e+01,5.374662438603602155e+00,4.964026605687039684e+00,4.964026605687039684e+00,4.964026605687039684e+00,1.610030852973870497e-01,1.610030852973870497e-01,5.483335807898540581e-01,4.106358329165624710e-01,5.255969861705879209e-01,1.670817306847298747e-02,6.028421550793235627e-03
1.340000000000000036e+01,5.135339281215803631e+00,4.967398473838865236e+00,4.967398473838865236e+00,4.967398473838865236e+00,1.685934075912575436e-01,1.685934075912575436e-01,2.369063082360919892e-01,1.679408073769383947e-01,2.175670979215302281e-01,1.672290595856846043e-02,2.616304355993317576e-03
1.341999999999999993e+01,5.303459705854886685e+00,4.971320558764697140e+00,4.971320558764697140e+00,4.971320558764697140e+00,1.961042462915772999e-01,1.961042462915772999e-01,4.437017945944553010e-01,3.321391470901895460e-01,4.267977646603472452e-01,1.675180722452183912e-02,1.522227095861971267e-04
1.343999999999999950e+01,5.549511327027379259e+00,4.976348949527801047e+00,4.976348949527801047e+00,4.976348949527801047e+00,2.514195381552040698e-01,2.514195381552040698e-01,7.492571649278447765e-01,5.731623774995782128e-01,7.343022756936062878e-01,1.680153163059243046e-02,-1.846642396353949996e-03
1.346000000000000085e+01,5.171853343920677304e+00,4.981397125489814393e+00,4.981397125489814393e+00,4.981397125489814393e+00,2.524087981006826187e-01,2.524087981006826187e-01,2.613121376099895588e-01,1.904562184308629114e-01,2.482905808789528379e-01,1.681834500851021874e-02,-3.796788277473510474e-03
1.348000000000000043e+01,5.263250464794734462e+00,4.986679733019405703e+00,4.986679733019405703e+00,4.986679733019405703e+00,2.641303764795768227e-01,2.641303764795768227e-01,3.696245818896248259e-01,2.765707317753287597e-01,3.579537409172485196e-01,1.684258439569044294e-02,-5.171743423314103735e-03
1.350000000000000000e+01,5.603967420033190372e+00,4.993023279945434822e+00,4.993023279945434822e+00,4.993023279945434822e+00,3.171773463014415095e-01,3.171773463014415095e-01,7.946000746982238017e-01,6.109441400877555495e-01,7.839553625075065257e-01,1.689567113677362814e-02,-6.250958946056345278e-03
1.351999999999999957e+01,5.378805773553783531e+00,4.999731147894225458e+00,4.999731147894225458e+00,4.999731147894225458e+00,3.353933974395398310e-01,3.353933974395398310e-01,4.993378576824249460e-01,3.790746256595580732e-01,4.899437668826028824e-01,1.692884843122394525e-02,-7.534757631401943316e-03
1.354000000000000092e+01,5.663782878282136224e+00,5.007471662659921385e+00,5.007471662659921385e+00,5.007471662659921385e+00,3.870257382848063532e-01,3.870257382848063532e-01,8.517168058922048868e-01,6.563112156222148386e-01,8.433456975926466592e-01,1.698595688003730689e-02,-8.614848580479096685e-03
1.356000000000000050e+01,5.216190086716515850e+00,5.014982508218761126e+00,5.014982508218761126e+00,5.014982508218761126e+00,3.755422779419986257e-01,3.755422779419986257e-01,2.721911348567292444e-01,2.012075784977547244e-01,2.650723985518749770e-01,1.700390666450617497e-02,-9.885170359651938854e-03
1.358000000000000007e+01,5.492391414194315757e+00,5.022967657729875413e+00,5.022967657729875413e+00,5.022967657729875413e+00,3.992574755557303789e-01,3.992574755557303789e-01,6.126942540793159919e-01,4.694237564644403449e-01,6.063093105889544310e-01,1.704496383042007276e-02,-1.066002034005854825e-02
1.359999999999999964e+01,5.150124127263371321e+00,5.030488504283677997e+00,5.030488504283677997e+00,5.030488504283677997e+00,3.760423276901337375e-01,3.760423276901337375e-01,1.671059968997638534e-01,1.196356229796933235e-01,1.614887163075398036e-01,1.705589928679995468e-02,-1.143861869457589789e-02
1.362000000000000099e+01,5.266529640676055557e+00,5.037867458236846119e+00,5.037867458236846119e+00,5.037867458236846119e+00,3.689476976584056267e-01,3.689476976584056267e-01,3.050960273728524075e-01,2.286621824392094382e-01,2.997722432183195229e-01,1.707619882452969876e-02,-1.175241466999681593e-02
1.364000000000000057e+01,5.120870543387058937e+00,5.044729708486483055e+00,5.044729708486483055e+00,5.044729708486483055e+00,3.431125124818598104e-01,3.431125124818598104e-01,1.105958458929473948e-01,7.614083490057588222e-02,1.054139181407702797e-01,1.708333708985261545e-02,-1.190140933767549515e-02
1.366000000000000014e+01,5.296784538794958586e+00,5.051556666233429027e+00,5.051556666233429027e+00,5.051556666233429027e+00,3.413478873473069219e-01,3.413478873473069219e-01,3.254662611363310365e-01,2.452278725615295585e-01,3.201096344917639391e-01,1.710501380525914286e-02,-1.174838716069204030e-02
1.367999999999999972e+01,5.264587221753161295e+00,5.058253025093625510e+00,5.058253025093625510e+00,5.058253025093625510e+00,3.348179430098392473e-01,3.348179430098392473e-01,2.760484439726302863e-01,2.063341966595357846e-01,2.705488055100599976e-01,1.712333443303383843e-02,-1.162369597046352190e-02
1.370000000000000107e+01,5.465905487027729492e+00,5.065326559358421576e+00,5.065326559358421576e+00,5.065326559358421576e+00,3.536767132397923286e-01,3.536767132397923286e-01,5.234056453093699490e-01,4.005789276693079159e-01,5.177186266563120753e-01,1.715839254476017248e-02,-1.147137389170231440e-02
1.372000000000000064e+01,5.145348373594621272e+00,5.071907220990163445e+00,5.071907220990163445e+00,5.071907220990163445e+00,3.290330815870828873e-01,3.290330815870828873e-01,1.072403967126980273e-01,7.344115260445782667e-02,1.016277040799736103e-01,1.716527442078448484e-02,-1.155258178806006092e-02
1.374000000000000021e+01,7.669030314000549353e+00,5.084438558415502740e+00,5.084438558415502740e+00,5.084438558415502740e+00,6.265668712669469897e-01,6.265668712669469897e-01,3.304370978385724023e+00,2.584591755585046613e+00,3.298346328123189952e+00,1.738862700678337966e-02,-1.136397674424949322e-02
1.375999999999999979e+01,2.476967172977938336e+00,5.089099722768714251e+00,5.089099722768714251e+00,5.089099722768714251e+00,2.330582176605657807e-01,2.330582176605657807e-01,-3.308519664796864657e+00,-2.612132549790775915e+00,-3.311488659505706700e+00,1.716438446763574738e-02,-1.419538975879361398e-02
1.378000000000000114e+01,5.365597394142456622e+00,5.094006935033070782e+00,5.094006935033070782e+00,5.094006935033070782e+00,2.453606132178063892e-01,2.453606132178063892e-01,3.560821732329718659e-01,2.715904591093858400e-01,3.511520426446528287e-01,1.718816326737388975e-02,-1.225803267905486299e-02
1.380000000000000071e+01,4.687978804560518853e+00,5.097404372280121443e+00,5.097404372280121443e+00,5.097404372280121443e+00,1.698718623525282134e-01,1.698718623525282134e-01,-5.095268954349756463e-01,-4.094255677196025900e-01,-5.156557257001409544e-01,1.715324484815325054e-02,-1.102441458298795626e-02
1.382000000000000028e+01,4.689431315988388249e+00,5.099441232529902557e+00,5.099441232529902557e+00,5.099441232529902557e+00,1.018430124890442046e-01,1.018430124890442046e-01,-5.104166362823118197e-01,-4.100099165415143077e-01,-5.181257814905011472e-01,1.711815916531216064e-02,-9.409013957122798477e-03
1.383999999999999986e+01,4.905099915373765107e+00,5.100799781368404062e+00,5.100799781368404062e+00,5.100799781368404062e+00,6.792744192507629841e-02,6.792744192507629841e-02,-2.373126931506348014e-01,-1.956998659946389552e-01,-2.468134727882945745e-01,1.710144581203673284e-02,-7.600666174376953695e-03
1.385999999999999943e+01,4.616711395684077957e+00,5.100815016404551372e+00,5.100815016404551372e+00,5.100815016404551372e+00,7.617518073822771019e-04,7.617518073822771019e-04,-6.037294592518639424e-01,-4.841036207204734154e-01,-6.147922498190941942e-01,1.705981421086788172e-02,-5.997023643637617793e-03
1.388000000000000078e+01,4.459529568576682479e+00,5.099225461219728750e+00,5.099225461219728750e+00,5.099225461219728750e+00,-7.947775924111460943e-02,-7.947775924111460943e-02,-8.016333586775865605e-01,-6.396958926430462711e-01,-8.144325187413935518e-01,1.700466366235468471e-02,-4.205503598547692505e-03
1.390000000000000036e+01,4.857908303894106439e+00,5.097211579286481609e+00,5.097211579286481609e+00,5.097211579286481609e+00,-1.006940966623688788e-01,-1.006940966623688788e-01,-2.916411334536573308e-01,-2.393032753923751699e-01,-3.064727898035403131e-01,1.698391038682468129e-02,-2.152254036941718927e-03
1.391999999999999993e+01,4.669484470579466695e+00,5.094345545612908310e+00,5.094345545612908310e+00,5.094345545612908310e+00,-1.433016836786855097e-01,-1.433016836786855097e-01,-5.267699668255352297e-01,-4.248610750334416153e-01,-5.432134280579089536e-01,1.694712585547587802e-02,-5.036646231021267746e-04
1.393999999999999950e+01,4.376172591567463854e+00,5.089977876168445547e+00,5.089977876168445547e+00,5.089977876168445547e+00,-2.183834722231188241e-01,-2.183834722231188241e-01,-8.941195691230184872e-01,-7.138052846009816932e-01,-9.120796516377144281e-01,1.688536298142797112e-02,1.074719533268013970e-03
1.396000000000000085e+01,4.342804392235029454e+00,5.084188650037475554e+00,5.084188650037475554e+00,5.084188650037475554e+00,-2.894613065485067693e-01,-2.894613065485067693e-01,-9.291618154769986093e-01,-7.413842578024461005e-01,-9.489103245954384480e-01,1.682110606180969858e-02,2.927403056630065517e-03
1.398000000000000043e+01,4.450744050841527688e+00,5.077412794930802775e+00,5.077412794930802775e+00,5.077412794930802775e+00,-3.387927553336271824e-01,-3.387927553336271824e-01,-7.827757943997107892e-01,-6.266687440892750871e-01,-8.044746409788537944e-01,1.676662982627884560e-02,4.932216752864102341e-03
1.400000000000000000e+01,4.446637164467162506e+00,5.069759433854803987e+00,5.069759433854803987e+00,5.069759433854803987e+00,-3.826680537999280762e-01,-3.826680537999280762e-01,-7.775457399966362315e-01,-6.231222693876414809e-01,-8.010850506888231859e-01,1.671238312205897136e-02,6.826927570127915360e-03
1.401999999999999957e+01,4.543214981959334153e+00,5.061584500625419203e+00,5.061584500625419203e+00,5.061584500625419203e+00,-4.087466614692466527e-01,-4.087466614692466527e-01,-6.434541304931138406e-01,-5.183695186660850496e-01,-6.687114539072467334e-01,1.666710029919596034e-02,8.590223114936937701e-03
1.404000000000000092e+01,4.610487368713292788e+00,5.053134699161665466e+00,5.053134699161665466e+00,5.053134699161665466e+00,-4.224900731877079263e-01,-4.224900731877079263e-01,-5.461807786538595000e-01,-4.426473304483726778e-01,-5.728933575284005375e-01,1.662830594585151811e-02,1.008427292868947951e-02
1.406000000000000050e+01,4.681385340472171031e+00,5.044641361128575419e+00,5.044641361128575419e+00,5.044641361128575419e+00,-4.246669016544993291e-01,-4.246669016544993291e-01,-4.442583578556217327e-01,-3.632560206564043881e-01,-4.721216855356579201e-01,1.659633550100422100e-02,1.126699217903199754e-02
1.408000000000000007e+01,4.710992577388207536e+00,5.036207257425236783e+00,5.036207257425236783e+00,5.036207257425236783e+00,-4.217051851669357254e-01,-4.217051851669357254e-01,-3.950497367788634029e-01,-3.252146800370292468e-01,-4.237339553502671996e-01,1.656764170560254962e-02,1.211657686580124189e-02
1.409999999999999964e+01,4.883695252196182501e+00,5.028287656225197466e+00,5.028287656225197466e+00,5.028287656225197466e+00,-3.959800600019844352e-01,-3.959800600019844352e-01,-1.644539335174225736e-01,-1.445924040290149648e-01,-1.936902466408989276e-01,1.655452567315284992e-02,1.268178745032350931e-02
1.412000000000000099e+01,4.911666567128152749e+00,5.020922528996599965e+00,5.020922528996599965e+00,5.020922528996599965e+00,-3.682563614298769994e-01,-3.682563614298769994e-01,-1.187430742809102574e-01,-1.092559618684472156e-01,-1.481087831532467980e-01,1.654449625949050429e-02,1.282121261284603631e-02
1.414000000000000057e+01,4.818878020759214564e+00,5.013839061045180401e+00,5.013839061045180401e+00,5.013839061045180401e+00,-3.541733975709756566e-01,-3.541733975709756566e-01,-2.274267228408636266e-01,-1.949610402859658365e-01,-2.565965254614794855e-01,1.652712043178208856e-02,1.264268218883378078e-02
1.416000000000000014e+01,4.781346095050573730e+00,5.006931176896493696e+00,5.006931176896493696e+00,5.006931176896493696e+00,-3.453942074343234192e-01,-3.453942074343234192e-01,-2.663814962044533385e-01,-2.255850818459199658e-01,-2.952660668131504851e-01,1.650712603670655143e-02,1.237744457199058991e-02
1.417999999999999972e+01,5.189003321010607905e+00,5.001233798652220841e+00,5.001233798652220841e+00,5.001233798652220841e+00,-2.848689122136445762e-01,-2.848689122136445762e-01,2.598587447724648447e-01,1.877695223583870643e-01,2.312316230249250593e-01,1.652278424110036406e-02,1.210433750643939189e-02
1.420000000000000107e+01,5.058047569883547645e+00,4.996306141212993879e+00,4.996306141212993879e+00,4.996306141212993879e+00,-2.463828719613434526e-01,-2.463828719613434526e-01,9.999149030936674287e-02,6.174142867055376627e-02,7.215348946378503936e-02,1.652767022542625877e-02,1.131033062015545515e-02
1.422000000000000064e+01,5.120139064247447358e+00,4.992239604191588853e+00,4.992239604191588853e+00,4.992239604191588853e+00,-2.033268510702684051e-01,-2.033268510702684051e-01,1.841773369494069945e-01,1.278994600558585049e-01,1.572678122537559120e-01,1.653831985680722164e-02,1.037120483884384527e-02
1.424000000000000021e+01,5.259642655292848801e+00,4.989310617212807664e+00,4.989310617212807664e+00,4.989310617212807664e+00,-1.464493489390763237e-01,-1.464493489390763237e-01,3.654481702416524924e-01,2.703320380800411371e-01,3.396018748986001645e-01,1.656131651920193099e-02,9.284978823850395177e-03
1.425999999999999979e+01,5.062411928068292433e+00,4.986909257709325693e+00,4.986909257709325693e+00,4.986909257709325693e+00,-1.200679751741157431e-01,-1.200679751741157431e-01,1.173643887105294686e-01,7.550267035896673917e-02,9.283866478646565779e-02,1.656760323193550224e-02,7.958120692128308610e-03
1.428000000000000114e+01,5.506364235095814408e+00,4.986114207474507509e+00,4.986114207474507509e+00,4.986114207474507509e+00,-3.975251174089865225e-02,-3.975251174089865225e-02,6.830866591580553315e-01,5.202500276213068986e-01,6.597078212808407116e-01,1.661227635999074081e-02,6.766561517223837474e-03
1.430000000000000071e+01,5.530491204166698260e+00,4.986824963076490924e+00,4.986824963076490924e+00,4.986824963076490924e+00,3.553778009916967739e-02,3.553778009916967739e-02,7.131504066597846858e-01,5.436662410902073361e-01,6.913587857990822760e-01,1.665909278170626950e-02,5.132528078996142010e-03
1.432000000000000028e+01,5.480617937913045523e+00,4.988758758019047335e+00,4.988758758019047335e+00,4.988758758019047335e+00,9.668974712780031844e-02,9.668974712780031844e-02,6.470574503854761295e-01,4.918591798939981885e-01,6.271170780424243363e-01,1.670155897754221214e-02,3.238813365509558926e-03
1.433999999999999986e+01,5.419818802265845115e+00,4.991630151518966052e+00,4.991630151518966052e+00,4.991630151518966052e+00,1.435696749959447238e-01,1.435696749959447238e-01,5.654890258092443167e-01,4.281886507468790626e-01,5.474462561934332339e-01,1.673863014134743810e-02,1.304139474463599001e-03
1.435999999999999943e+01,5.466208911167024453e+00,4.995452360493566779e+00,4.995452360493566779e+00,4.995452360493566779e+00,1.911104487300378796e-01,1.911104487300378796e-01,6.189774123368763092e-01,4.707565506734576743e-01,6.027150247530341787e-01,1.677944391467717233e-02,-5.170563308350016509e-04
1.438000000000000078e+01,5.394177964835071393e+00,4.999934208275366387e+00,4.999934208275366387e+00,4.999934208275366387e+00,2.240923890899766679e-01,2.240923890899766679e-01,5.209298523294257910e-01,3.942437565597050053e-01,5.063815175137108548e-01,1.681373431665054291e-02,-2.265399500935663148e-03
1.440000000000000036e+01,5.659931621950292424e+00,5.005670370218216370e+00,5.005670370218216370e+00,5.005670370218216370e+00,2.868080971425181480e-01,2.868080971425181480e-01,8.512494696153914964e-01,6.542612517320760546e-01,8.381967153671561199e-01,1.687049409422658811e-02,-3.817739845991169161e-03
1.441999999999999993e+01,5.329325692873595699e+00,5.011677739090150574e+00,5.011677739090150574e+00,5.011677739090150574e+00,3.003684435967237110e-01,3.003684435967237110e-01,4.224115616845736665e-01,3.176479537834451250e-01,4.110422597723317750e-01,1.689832845197495118e-02,-5.529026539733110021e-03
1.443999999999999950e+01,5.160601701792508322e+00,5.017482736235429286e+00,5.017482736235429286e+00,5.017482736235429286e+00,2.902498572639238827e-01,2.902498572639238827e-01,1.991825802687252900e-01,1.431189655570790364e-01,1.891334326319943360e-01,1.691113591276735550e-02,-6.861988276036411032e-03
1.446000000000000085e+01,5.256318929722930022e+00,5.023332352388545807e+00,5.023332352388545807e+00,5.023332352388545807e+00,2.924808076558274017e-01,2.924808076558274017e-01,3.125593611829589613e-01,2.329865773343842150e-01,3.033219657291259530e-01,1.693167582540728092e-02,-7.694280371574286487e-03
1.448000000000000043e+01,5.307651388746344345e+00,5.029336491323015856e+00,5.029336491323015856e+00,5.029336491323015856e+00,3.002069467235030653e-01,3.002069467235030653e-01,3.697421983325841488e-01,2.783148974233284889e-01,3.610851761744041655e-01,1.695612726253405145e-02,-8.299105104354028220e-03
1.450000000000000000e+01,5.497472978739964766e+00,5.035945676946553817e+00,5.035945676946553817e+00,5.035945676946553817e+00,3.304592811769090921e-01,3.304592811769090921e-01,6.027302912575631666e-01,4.615273017934109490e-01,5.945333390195250978e-01,1.699638700045190756e-02,-8.799434762413904654e-03
1.451999999999999957e+01,4.939924810114548315e+00,5.041665125306848516e+00,5.041665125306848516e+00,5.041665125306848516e+00,2.859724180147227846e-01,2.859724180147227846e-01,-1.144093504449542748e-01,-1.017403151923002014e-01,-1.219465008766469905e-01,1.698812920590435371e-02,-9.450978774211638012e-03
1.454000000000000092e+01,5.226320484122880750e+00,5.047296733520789225e+00,5.047296733520789225e+00,5.047296733520789225e+00,2.815804106970253851e-01,2.815804106970253851e-01,2.420523448377485398e-01,1.790237506020915248e-01,2.345123056963609454e-01,1.700400956676253322e-02,-9.463970425374905807e-03
1.456000000000000050e+01,5.078843017887586520e+00,5.052460457854384579e+00,5.052460457854384579e+00,5.052460457854384579e+00,2.581862166797518898e-01,2.581862166797518898e-01,4.763847052429019679e-02,2.638256003320194054e-02,4.006378114583256794e-02,1.700400956676253322e-02,-9.429320188304907840e-03
1.458000000000000007e+01,5.346095366887324118e+00,5.057869356830202001e+00,5.057869356830202001e+00,5.057869356830202001e+00,2.704449487908595628e-01,2.704449487908595628e-01,3.807735377908286201e-01,2.882260100571221173e-01,3.729163344718331996e-01,1.702926216893936584e-02,-9.172058849943922829e-03
1.459999999999999964e+01,5.121568597965381997e+00,5.062915003315758611e+00,5.062915003315758611e+00,5.062915003315758611e+00,2.522823242778173825e-01,2.522823242778173825e-01,8.881870366043777276e-02,5.865359464962338620e-02,8.089803624167860030e-02,1.703474030367699288e-02,-9.114072884917822151e-03
1.462000000000000099e+01,4.901263649725716043e+00,5.067061747225277024e+00,5.067061747225277024e+00,5.067061747225277024e+00,2.073371954759020974e-01,2.073371954759020974e-01,-1.971689637413354679e-01,-1.657980974995609813e-01,-2.052972190593540525e-01,1.702083828726825079e-02,-8.892582969249666208e-03
1.464000000000000057e+01,4.857738817457666336e+00,5.070279562402173035e+00,5.070279562402173035e+00,5.070279562402173035e+00,1.608907588448146575e-01,1.608907588448146575e-01,-2.571271708349722740e-01,-2.125407449445066987e-01,-2.658401208048655762e-01,1.700283651530823739e-02,-8.289886545414936955e-03
1.466000000000000014e+01,4.786741570101633592e+00,5.072474555680352104e+00,5.072474555680352104e+00,5.072474555680352104e+00,1.097496639089732551e-01,1.097496639089732551e-01,-3.505201905135993390e-01,-2.857329855787185124e-01,-3.600932502216850906e-01,1.697845224797039226e-02,-7.405392539884669313e-03
1.467999999999999972e+01,5.118343291329647826e+00,5.074587959360897571e+00,5.074587959360897571e+00,5.074587959360897571e+00,1.056701840272882831e-01,1.056701840272882831e-01,6.895486509212350734e-02,4.375533196875025510e-02,5.825329427460556458e-02,1.697845224797039226e-02,-6.276881430452445169e-03
1.470000000000000107e+01,4.658180026545286623e+00,5.075455339222299855e+00,5.075455339222299855e+00,5.075455339222299855e+00,4.336899307012886257e-02,4.336899307012886257e-02,-5.173417255443059082e-01,-4.172753126770132326e-01,-5.288380746758258866e-01,1.694264116574824980e-02,-5.446292034228354673e-03
1.472000000000000064e+01,4.377107623523793123e+00,5.074487454347022641e+00,5.074487454347022641e+00,5.074487454347022641e+00,-4.839424376386838172e-02,-4.839424376386838172e-02,-8.742633752698435456e-01,-6.973798308232295184e-01,-8.869015989371035191e-01,1.688258326219817945e-02,-4.244359594938186021e-03
1.474000000000000021e+01,4.286430728568200621e+00,5.071643345406465109e+00,5.071643345406465109e+00,5.071643345406465109e+00,-1.422054470278706906e-01,-1.422054470278706906e-01,-9.865062764038914356e-01,-7.852126168382644877e-01,-1.000832041739103895e+00,1.681481038378120074e-02,-2.489045048568677351e-03
1.475999999999999979e+01,4.456777400411272794e+00,5.067554759792937347e+00,5.067554759792937347e+00,5.067554759792937347e+00,-2.044292806763819137e-01,-2.044292806763819137e-01,-7.644437835129830328e-01,-6.107773593816645530e-01,-7.808797501438942135e-01,1.676193191251161563e-02,-3.259652816004232102e-04
1.478000000000000114e+01,4.542194911458373063e+00,5.062577668107800299e+00,5.062577668107800299e+00,5.062577668107800299e+00,-2.488545842568362643e-01,-2.488545842568362643e-01,-6.486823164809253361e-01,-5.203827566494272361e-01,-6.672070073848966887e-01,1.671675096555484338e-02,1.807939938416529106e-03
1.480000000000000071e+01,5.034932310156539081e+00,5.058068988183144654e+00,5.058068988183144654e+00,5.058068988183144654e+00,-2.254339962327983615e-01,-2.254339962327983615e-01,-1.464870401645708073e-02,-2.313667802660557271e-02,-3.510960459810174433e-02,1.671675096555484338e-02,3.744149616089820221e-03
1.482000000000000028e+01,4.749964589166043361e+00,5.053271704040092516e+00,5.053271704040092516e+00,5.053271704040092516e+00,-2.398642071525923236e-01,-2.398642071525923236e-01,-3.697361054307378714e-01,-3.033071148740491552e-01,-3.912925867517186296e-01,1.669025398723937223e-02,4.866227333741385969e-03
1.483999999999999986e+01,4.278135210315271664e+00,5.047030139615055866e+00,5.047030139615055866e+00,5.047030139615055866e+00,-3.120782212518215526e-01,-3.120782212518215526e-01,-9.620043481448844469e-01,-7.688949292997842022e-01,-9.844233470305224776e-01,1.662359224877903857e-02,5.795406636858934854e-03
1.485999999999999943e+01,4.595904586589802499e+00,5.040314372486200512e+00,5.040314372486200512e+00,5.040314372486200512e+00,-3.357883564427777134e-01,-3.357883564427777134e-01,-5.491795731613834386e-01,-4.444097858963980130e-01,-5.729294523420718210e-01,1.658479545121886722e-02,7.165083729469505676e-03
1.488000000000000078e+01,4.616245171064543129e+00,5.033242862970900511e+00,5.033242862970900511e+00,5.033242862970900511e+00,-3.535754757649808844e-01,-3.535754757649808844e-01,-5.136595496648096448e-01,-4.169976919063573817e-01,-5.385678858055048535e-01,1.654832549989660589e-02,8.360010640798620080e-03
1.490000000000000036e+01,4.807484684359434546e+00,5.026356883692424837e+00,5.026356883692424837e+00,5.026356883692424837e+00,-3.442989639237675203e-01,-3.442989639237675203e-01,-2.608103573528472996e-01,-2.188721993329902915e-01,-2.867128868365617644e-01,1.652891029653601879e-02,9.373619187178433912e-03
1.491999999999999993e+01,4.848510417209953793e+00,5.019760781050155884e+00,5.019760781050155884e+00,5.019760781050155884e+00,-3.298051321134521374e-01,-3.298051321134521374e-01,-1.993606458206139131e-01,-1.712503638402020911e-01,-2.258650124327382380e-01,1.651361550041852491e-02,9.990751111705789556e-03
1.493999999999999950e+01,4.809767529714234158e+00,5.013344453695670389e+00,5.013344453695670389e+00,5.013344453695670389e+00,-3.208163677242842349e-01,-3.208163677242842349e-01,-2.399174882217729454e-01,-2.035769239814362308e-01,-2.666914291966205885e-01,1.649555608080363611e-02,1.027838489404399140e-02
1.496000000000000085e+01,4.375535760507297312e+00,5.006003386805898181e+00,5.006003386805898181e+00,5.006003386805898181e+00,-3.670533444886238117e-01,-3.670533444886238117e-01,-7.831861353676797810e-01,-6.304676262986008695e-01,-8.100170403492338300e-01,1.644070453318943748e-02,1.039020044836457164e-02
1.498000000000000043e+01,5.285552911241810037e+00,5.000161269872005043e+00,5.000161269872005043e+00,5.000161269872005043e+00,-2.921058466946753751e-01,-2.921058466946753751e-01,3.824216334508607207e-01,2.853916413698049936e-01,3.550278960336080702e-01,1.646474579229092669e-02,1.092899162496175844e-02
1.500000000000000000e+01,5.040411674044534607e+00,4.995059649486425002e+00,4.995059649486425002e+00,4.995059649486425002e+00,-2.550810192790122777e-01,-2.550810192790122777e-01,7.814242746195548817e-02,4.535202455810960487e-02,5.111801329911254410e-02,1.646474579229092669e-02,1.055966837055201391e-02
1.501999999999999957e+01,5.206768781281078340e+00,4.991058762989339037e+00,4.991058762989339037e+00,4.991058762989339037e+00,-2.000443248542870256e-01,-2.000443248542870256e-01,2.952859249682403542e-01,2.157100182917393028e-01,2.688705973792097637e-01,1.648295277762526836e-02,9.932374811405270121e-03
1.504000000000000092e+01,5.184006142827406904e+00,4.987998940786941837e+00,4.987998940786941837e+00,4.987998940786941837e+00,-1.529911101198413170e-01,-1.529911101198413170e-01,2.704878224901700046e-01,1.960072020404650672e-01,2.450431723943461981e-01,1.649954625229134095e-02,8.945103843532500182e-03
1.506000000000000050e+01,5.323007624495842194e+00,4.986144650303698356e+00,4.986144650303698356e+00,4.986144650303698356e+00,-9.271452416219115589e-02,-9.271452416219115589e-02,4.497747494566603499e-01,3.368629741921438381e-01,4.254610283103034685e-01,1.652835699909030800e-02,7.785364147266556067e-03
1.508000000000000007e+01,5.446065133676864178e+00,4.985689869099995342e+00,4.985689869099995342e+00,4.985689869099995342e+00,-2.273906018513975613e-02,-2.273906018513975613e-02,6.070401156083228278e-01,4.603752645768688367e-01,5.840990138839206036e-01,1.656791016066039984e-02,6.373191563741843410e-03
1.509999999999999964e+01,5.505818523605954695e+00,4.986644293511825587e+00,4.986644293511825587e+00,4.986644293511825587e+00,4.772122059153217910e-02,4.772122059153217910e-02,6.818637475815796378e-01,5.191742300941291077e-01,6.605633912225683524e-01,1.661264122494791190e-02,4.687715134063391749e-03
1.512000000000000099e+01,5.830735047883349509e+00,4.989686248659110035e+00,4.989686248659110035e+00,4.989686248659110035e+00,1.520977573642201819e-01,1.520977573642201819e-01,1.091486588318412387e+00,8.410487992242394739e-01,1.071995258051835487e+00,1.668523302982386283e-02,2.806097236752911998e-03
1.514000000000000057e+01,5.560689364860941453e+00,4.993908723634219449e+00,4.993908723634219449e+00,4.993908723634219449e+00,2.111237487554503967e-01,2.111237487554503967e-01,7.423576712765224128e-01,5.667806412267220040e-01,7.251739575763258561e-01,1.673433929781721966e-02,4.493744023793834995e-04
1.516000000000000014e+01,5.605731003868611673e+00,4.999292977154729201e+00,4.999292977154729201e+00,4.999292977154729201e+00,2.692126760254709983e-01,2.692126760254709983e-01,7.920130214556565518e-01,6.064380267138824721e-01,7.770142958976781200e-01,1.678695601391737638e-02,-1.788230455938919460e-03
1.517999999999999972e+01,5.428988303934113802e+00,5.005256013033686280e+00,5.005256013033686280e+00,5.005256013033686280e+00,2.981517939478706691e-01,2.981517939478706691e-01,5.586038552494677623e-01,4.237322909004275218e-01,5.457130650098184210e-01,1.682390981202040378e-02,-3.933119572371099847e-03
1.520000000000000107e+01,2.866152737272954720e+00,5.005211257347039755e+00,5.005211257347039755e+00,5.005211257347039755e+00,-2.237784332336845150e-03,-2.237784332336845150e-03,-2.705743988854204307e+00,-2.139058520074085035e+00,-2.716661160216129023e+00,1.663994693030498156e-02,-5.722775568380395958e-03
1.522000000000000064e+01,5.617858842410313081e+00,5.006752520055231415e+00,5.006752520055231415e+00,5.006752520055231415e+00,7.706313540960295361e-02,7.706313540960295361e-02,7.907714130870612257e-01,6.111063223550816659e-01,7.780624330303571590e-01,1.669263462262042183e-02,-3.983654565916308274e-03
1.524000000000000021e+01,5.257746677912996880e+00,5.008803497879753763e+00,5.008803497879753763e+00,5.008803497879753763e+00,1.025488912261164065e-01,1.025488912261164065e-01,3.319206935747374687e-01,2.489431800332431166e-01,3.187625804793621231e-01,1.671422012019618819e-02,-3.556107024820862571e-03
1.525999999999999979e+01,5.657309768420564211e+00,5.012323102508568162e+00,5.012323102508568162e+00,5.012323102508568162e+00,1.759802314407352686e-01,1.759802314407352686e-01,8.368622933723052215e-01,6.449866659119960488e-01,8.236029635868292731e-01,1.676999165946269771e-02,-3.510661873986733669e-03
1.528000000000000114e+01,6.054186508423887503e+00,5.018162378456517025e+00,5.018162378456517025e+00,5.018162378456517025e+00,2.919637973974504308e-01,2.919637973974504308e-01,1.335815891007886780e+00,1.036024129967370477e+00,1.323166525512455616e+00,1.685959191237141469e-02,-4.210226416940284454e-03
1.530000000000000071e+01,5.110095443725247932e+00,5.023673261555937408e+00,5.023673261555937408e+00,5.023673261555937408e+00,2.755441549710390126e-01,2.755441549710390126e-01,1.277673731333360541e-01,8.642218216931052410e-02,1.167549928912882534e-01,1.686749815598452551e-02,-5.855117913936732678e-03
1.532000000000000028e+01,4.977035877688837928e+00,5.028534646382059492e+00,5.028534646382059492e+00,5.028534646382059492e+00,2.430692413060852319e-01,2.430692413060852319e-01,-4.920498167849887694e-02,-5.149876869322156381e-02,-5.922947751121634269e-02,1.686749815598452551e-02,-6.843002323267063230e-03
1.533999999999999986e+01,5.432212660246110936e+00,5.033954617167174739e+00,5.033954617167174739e+00,5.033954617167174739e+00,2.709985392557593409e-01,2.709985392557593409e-01,5.223622208028263492e-01,3.982580430789361969e-01,5.126710776073453157e-01,1.690221446517683329e-02,-7.211071269695741755e-03
1.535999999999999943e+01,5.146581627943003667e+00,5.039136993491245775e+00,5.039136993491245775e+00,5.039136993491245775e+00,2.591188162035465981e-01,2.591188162035465981e-01,1.522013087336318848e-01,1.074446344517578922e-01,1.430363036853027348e-01,1.691190038810355331e-02,-7.746895339774411901e-03
1.538000000000000078e+01,5.039391503262510064e+00,5.043819595138210765e+00,5.043819595138210765e+00,5.043819595138210765e+00,2.341300823482299065e-01,2.341300823482299065e-01,9.231477650379736263e-03,-4.428091875700701507e-03,3.232274095056464477e-04,1.691190038810355331e-02,-8.003650147229464037e-03
1.540000000000000036e+01,4.964217896086412729e+00,5.047849689432724496e+00,5.047849689432724496e+00,5.047849689432724496e+00,2.015047147257021387e-01,2.015047147257021387e-01,-9.212359387704759095e-02,-8.363179334631176687e-02,-1.010941577957835125e-01,1.690505464198509972e-02,-7.934490723249190344e-03
1.541999999999999993e+01,5.026252972044393807e+00,5.051440606483974527e+00,5.051440606483974527e+00,5.051440606483974527e+00,1.795458525625182045e-01,1.795458525625182045e-01,-1.808390690613714477e-02,-2.518763443958071946e-02,-2.742783108317997307e-02,1.690505464198509972e-02,-7.561130464942271423e-03
1.543999999999999950e+01,4.801978451001152060e+00,5.054058403020932566e+00,5.054058403020932566e+00,5.054058403020932566e+00,1.308898268479110616e-01,1.308898268479110616e-01,-3.070144045835530577e-01,-2.520799520197805066e-01,-3.168169374631845114e-01,1.688360089661357713e-02,-7.081068016982105216e-03
1.546000000000000085e+01,5.049470202600491398e+00,5.056424012256345968e+00,5.056424012256345968e+00,5.056424012256345968e+00,1.182804617706560285e-01,1.182804617706560285e-01,4.796176075360716017e-03,-6.953809655854570337e-03,-5.827014533960284126e-03,1.688360089661357713e-02,-6.260410287292576988e-03
1.548000000000000043e+01,4.772664150361201507e+00,5.057854908192900290e+00,5.057854908192900290e+00,5.057854908192900290e+00,7.154479682772207916e-02,7.154479682772207916e-02,-3.490761876586835344e-01,-2.851907578316987824e-01,-3.603750246068334606e-01,1.685919754849059607e-02,-5.560360600340678514e-03
1.550000000000000000e+01,4.996819375380687767e+00,5.059012182502248045e+00,5.059012182502248045e+00,5.059012182502248045e+00,5.786371546740150251e-02,5.786371546740150251e-02,-6.526601677548368730e-02,-6.219280712156027846e-02,-7.751512667150990687e-02,1.685394849266874662e-02,-4.604838596642527038e-03
1.551999999999999957e+01,4.900458568560686956e+00,5.059677084407765868e+00,5.059677084407765868e+00,5.059677084407765868e+00,3.324509527589957630e-02,3.324509527589957630e-02,-1.883224864476177873e-01,-1.592185158470789119e-01,-2.013630897057825941e-01,1.684031288186977129e-02,-3.799709623704951040e-03
1.554000000000000092e+01,4.631185882450838065e+00,5.059214753559267308e+00,5.059214753559267308e+00,5.059214753559267308e+00,-2.311654242492418992e-02,-2.311654242492418992e-02,-5.303712817323380513e-01,-4.280288711084292430e-01,-5.441838264852982832e-01,1.680346263850147556e-02,-2.990917885541341699e-03
1.556000000000000050e+01,4.693138109418613979e+00,5.057898638276080661e+00,5.057898638276080661e+00,5.057898638276080661e+00,-6.580576415931685408e-02,-6.580576415931685408e-02,-4.500087597688509633e-01,-3.647605288574666815e-01,-4.649173380586297255e-01,1.677198004710538093e-02,-1.863401757326656454e-03
1.558000000000000007e+01,4.679233389481603389e+00,5.055784505707308085e+00,5.055784505707308085e+00,5.055784505707308085e+00,-1.057066284386230515e-01,-1.057066284386230515e-01,-4.648144069523787447e-01,-3.765511162257046962e-01,-4.809048659689861283e-01,1.673941483570905511e-02,-6.489558191017090905e-04
1.559999999999999964e+01,4.352821226743695426e+00,5.052130814724724139e+00,5.052130814724724139e+00,5.052130814724724139e+00,-1.826845491291799739e-01,-1.826845491291799739e-01,-8.754858353441924423e-01,-6.993095879810287130e-01,-8.927633642837881078e-01,1.667895999371818427e-02,5.985689458775462699e-04
1.562000000000000099e+01,4.440917667008387859e+00,5.047327741309268312e+00,5.047327741309268312e+00,5.047327741309268312e+00,-2.401536707727911224e-01,-2.401536707727911224e-01,-7.573757655652914034e-01,-6.064100743008804528e-01,-7.762406975997471203e-01,1.662639566301457941e-02,2.238536371441087261e-03
1.564000000000000057e+01,4.485150027857413235e+00,5.041618117751991868e+00,5.041618117751991868e+00,5.041618117751991868e+00,-2.854811778638412512e-01,-2.854811778638412512e-01,-6.934287416832924933e-01,-5.564680898945786325e-01,-7.139656960838559607e-01,1.657804837965771994e-02,3.958906020905763115e-03
1.566000000000000014e+01,4.690244063135085462e+00,5.035631291365629814e+00,5.035631291365629814e+00,5.035631291365629814e+00,-2.993413193180923804e-01,-2.993413193180923804e-01,-4.240825924063527652e-01,-3.453872282305443520e-01,-4.462450493634711468e-01,1.654783021096066509e-02,5.614626746157703498e-03
1.567999999999999972e+01,4.543269703847435892e+00,5.029039383516361816e+00,5.029039383516361816e+00,5.029039383516361816e+00,-3.295953924633784893e-01,-3.295953924633784893e-01,-6.018820507709534695e-01,-4.857696796689259244e-01,-6.252992161481062405e-01,1.650548711443410033e-02,6.911678262718694982e-03
1.570000000000000107e+01,4.589578256066467965e+00,5.022039612464999081e+00,5.022039612464999081e+00,5.022039612464999081e+00,-3.499885525681459830e-01,-3.499885525681459830e-01,-5.335269935110531492e-01,-4.324613563985311160e-01,-5.581156318613651468e-01,1.646769345747340837e-02,8.120944892838549353e-03
1.572000000000000064e+01,4.696338126174876670e+00,5.014963757204672135e+00,5.014963757204672135e+00,5.014963757204672135e+00,-3.537927630163551496e-01,-3.537927630163551496e-01,-3.880306570502374264e-01,-3.186256310297954641e-01,-4.136408875884554637e-01,1.643968312965245898e-02,9.170547408565626890e-03
1.574000000000000021e+01,4.515095395229065112e+00,5.007378501538071625e+00,5.007378501538071625e+00,5.007378501538071625e+00,-3.792627833300055706e-01,-3.792627833300055706e-01,-6.084929661528595268e-01,-4.922831063090065129e-01,-6.348328197090209457e-01,1.639669445052255661e-02,9.943159105638758183e-03
1.575999999999999979e+01,4.756754818452517242e+00,4.999969412902113497e+00,4.999969412902113497e+00,4.999969412902113497e+00,-3.704544317979012735e-01,-3.704544317979012735e-01,-2.911792680089626550e-01,-2.432145944495962553e-01,-3.182920775186540707e-01,1.637514081377719824e-02,1.073766869591418448e-02
1.578000000000000114e+01,4.831412077542474037e+00,4.992928230976159121e+00,4.992928230976159121e+00,4.992928230976159121e+00,-3.520590962977070415e-01,-3.520590962977070415e-01,-1.865010767959587867e-01,-1.615161534336850835e-01,-2.140678159067421205e-01,1.636064488293626981e-02,1.120609422784707605e-02
1.580000000000000071e+01,4.782917477488213720e+00,4.986113126645974170e+00,4.986113126645974170e+00,4.986113126645974170e+00,-3.407552165092299634e-01,-3.407552165092299634e-01,-2.390202984129361219e-01,-2.031956491577604496e-01,-2.667136569296906790e-01,1.634258395813630721e-02,1.135077455861823251e-02
1.582000000000000028e+01,5.239800783007375173e+00,4.980679307126454347e+00,4.980679307126454347e+00,4.980679307126454347e+00,-2.716909759760042231e-01,-2.716909759760042231e-01,3.498871888230275506e-01,2.591214758809208263e-01,3.221833235789792749e-01,1.636440109658338776e-02,1.133946414746486893e-02
1.583999999999999986e+01,5.139271929107882997e+00,4.976245738232891291e+00,4.976245738232891291e+00,4.976245738232891291e+00,-2.216784446781603635e-01,-2.216784446781603635e-01,2.284343370024344844e-01,1.630261908749917055e-01,2.014126299164143985e-01,1.637804006207379051e-02,1.064366702394627974e-02
1.586000000000000121e+01,4.972006081274323641e+00,4.972296830548585511e+00,4.972296830548585511e+00,4.972296830548585511e+00,-1.974453842152993632e-01,-1.974453842152993632e-01,2.065215995044967362e-02,-2.907492742618700277e-04,-5.384364337380915730e-03,1.637804006207379051e-02,9.658484225756797104e-03
1.588000000000000078e+01,4.788982074083204310e+00,4.968327373691243665e+00,4.968327373691243665e+00,4.968327373691243665e+00,-1.984728428670896605e-01,-1.984728428670896605e-01,-2.077199707332023360e-01,-1.793452996080393547e-01,-2.328097407110341355e-01,1.636227499301776828e-02,8.727494984814036447e-03
1.590000000000000036e+01,5.294539806411073357e+00,4.965632394829277096e+00,4.965632394829277096e+00,4.965632394829277096e+00,-1.347489430983065395e-01,-1.347489430983065395e-01,4.387661548207414386e-01,3.289074115817962607e-01,4.142897895541837183e-01,1.639032926223167250e-02,8.086036004326065119e-03
1.591999999999999993e+01,5.248972824266116000e+00,4.963973432586707979e+00,4.963973432586707979e+00,4.963973432586707979e+00,-8.294811212845225323e-02,-8.294811212845225323e-02,3.832593666002362398e-01,2.849993916794080207e-01,3.598423453847854336e-01,1.641469653916324128e-02,7.002324676287596111e-03
1.593999999999999950e+01,5.527824752680066567e+00,4.963956930877878371e+00,4.963956930877878371e+00,4.963956930877878371e+00,-8.250854414612734944e-04,-8.250854414612734944e-04,7.382821547414575303e-01,5.638678218021881960e-01,7.160911765185654643e-01,1.646318775269127108e-02,5.727790470200737685e-03
1.596000000000000085e+01,5.480068057033717466e+00,4.965294052089347154e+00,4.965294052089347154e+00,4.965294052089347154e+00,6.685606057344424535e-02,6.685606057344424535e-02,6.759863747075939289e-01,5.147740049443703114e-01,6.554611302179156329e-01,1.650757330954067195e-02,4.017671180137661301e-03
1.598000000000000043e+01,5.659795426569760757e+00,4.968298922238630233e+00,4.968298922238630233e+00,4.968298922238630233e+00,1.502435074641654267e-01,1.502435074641654267e-01,9.007305294806562390e-01,6.914965043311305237e-01,8.820167455901253284e-01,1.656730042774598802e-02,2.146483462784908730e-03
1.600000000000000000e+01,5.379233626338661090e+00,4.972080297029203066e+00,4.972080297029203066e+00,4.972080297029203066e+00,1.890687395286432815e-01,1.890687395286432815e-01,5.384958281089441412e-01,4.071533293094580230e-01,5.218870742070391699e-01,1.660264081229859134e-02,6.113089606462739772e-06
1.601999999999999957e+01,5.538643987336588026e+00,4.976952151153712478e+00,4.976952151153712478e+00,4.976952151153712478e+00,2.435927062254852615e-01,2.435927062254852615e-01,7.343084064970631930e-01,5.616918361828755479e-01,7.195358866903789341e-01,1.665136528966502591e-02,-1.878845482980746840e-03
1.603999999999999915e+01,5.664375861104606003e+00,4.983108814306119960e+00,4.983108814306119960e+00,4.983108814306119960e+00,3.078331576203631181e-01,3.078331576203631181e-01,8.859972201742635223e-01,6.812670467984860423e-01,8.730281116376348294e-01,1.671048372872080412e-02,-3.741375192092209236e-03
1.605999999999999872e+01,5.409902826475779136e+00,4.989755992348456459e+00,4.989755992348456459e+00,4.989755992348456459e+00,3.323589021168139035e-01,3.323589021168139035e-01,5.530906025848711938e-01,4.201468341273226770e-01,5.420283954554672157e-01,1.674718801376739313e-02,-5.684980884363472278e-03
1.608000000000000185e+01,5.261549950462905301e+00,4.996447770802189936e+00,4.996447770802189936e+00,4.996447770802189936e+00,3.345889226866702315e-01,3.345889226866702315e-01,3.546591078153772947e-01,2.651021796607153647e-01,3.451783268053500442e-01,1.677056229416523658e-02,-7.289781284138006912e-03
1.610000000000000142e+01,8.084605898124927137e+00,5.010331494636598215e+00,5.010331494636598215e+00,5.010331494636598215e+00,6.941861917204167343e-01,6.941861917204167343e-01,3.930561613024135426e+00,3.074274403488328922e+00,3.921960821699876476e+00,1.703614389311499180e-02,-8.435352568855875727e-03
1.612000000000000099e+01,3.026224705511024737e+00,5.017795308182069647e+00,5.017795308182069647e+00,5.017795308182069647e+00,3.731906772735788524e-01,3.731906772735788524e-01,-2.515768952747962750e+00,-1.991570602671044909e+00,-2.519815622189478521e+00,1.686551070925019352e-02,-1.281884126773443627e-02
1.614000000000000057e+01,5.641276925218249971e+00,5.026104841604456475e+00,5.026104841604456475e+00,5.026104841604456475e+00,4.154766711193415007e-01,4.154766711193415007e-01,7.960506157312053910e-01,6.151720836137934967e-01,7.918216536359490298e-01,1.691913012831530380e-02,-1.269016803305887849e-02
1.616000000000000014e+01,5.249233492494696840e+00,5.034158002565715329e+00,5.034158002565715329e+00,5.034158002565715329e+00,4.026580480629480818e-01,4.026580480629480818e-01,2.872904405554073115e-01,2.150754899289815114e-01,2.833733866306052951e-01,1.693831919229186328e-02,-1.302126526748985554e-02
1.617999999999999972e+01,5.246396874941638089e+00,5.041952596590461688e+00,5.041952596590461688e+00,5.041952596590461688e+00,3.897297012373320824e-01,3.897297012373320824e-01,2.733745798067882538e-01,2.044442783511764006e-01,2.695433679174218944e-01,1.695657173531619349e-02,-1.312535984594980810e-02
1.619999999999999929e+01,5.196142510406993154e+00,5.049367174338530440e+00,5.049367174338530440e+00,5.049367174338530440e+00,3.707288874034399551e-01,3.707288874034399551e-01,1.997215628984108371e-01,1.467753360684627140e-01,1.958211905469949554e-01,1.696983206790441540e-02,-1.306945971648855280e-02
1.621999999999999886e+01,4.669596168075843323e+00,5.055083868136367897e+00,5.055083868136367897e+00,5.055083868136367897e+00,2.858346898918632806e-01,2.858346898918632806e-01,-4.782130877123270674e-01,-3.854877000605245740e-01,-4.823091779536126666e-01,1.693717176136582542e-02,-1.284108152008022613e-02
1.624000000000000199e+01,5.188648749092632073e+00,5.060578373327581758e+00,5.060578373327581758e+00,5.060578373327581758e+00,2.747252595606973768e-01,2.747252595606973768e-01,1.747403865802043821e-01,1.280703757650503150e-01,1.696273988144555156e-01,1.694865834112806516e-02,-1.183567057537921255e-02
1.626000000000000156e+01,4.892011911320204298e+00,5.065107095043450691e+00,5.065107095043450691e+00,5.065107095043450691e+00,2.264360857934312465e-01,2.264360857934312465e-01,-2.081664781119638985e-01,-1.730951837232463930e-01,-2.140794067493693720e-01,1.693416162539542955e-02,-1.102123298798995087e-02
1.628000000000000114e+01,5.170342222798542053e+00,5.069464187902910979e+00,5.069464187902910979e+00,5.069464187902910979e+00,2.178546429730133793e-01,2.178546429730133793e-01,1.406216575892527132e-01,1.008780348956310746e-01,1.336486122489660422e-01,1.694321184638236666e-02,-9.970166506095693923e-03
1.630000000000000071e+01,4.994967041282578180e+00,5.073211924436596298e+00,5.073211924436596298e+00,5.073211924436596298e+00,1.873868266842792507e-01,1.873868266842792507e-01,-8.682351991432785132e-02,-7.824488315401811889e-02,-9.461137620782265889e-02,1.693680509177301896e-02,-9.148948798278209657e-03
1.632000000000000028e+01,4.387774513348668748e+00,5.074861090733794100e+00,5.074861090733794100e+00,5.074861090733794100e+00,8.245831485986947207e-02,8.245831485986947207e-02,-8.618982915598185635e-01,-6.870865773851253522e-01,-8.705055120816680425e-01,1.687785747441945816e-02,-8.270636952570036352e-03
1.633999999999999986e+01,4.617698944725643351e+00,5.075204604172105505e+00,5.075204604172105505e+00,5.075204604172105505e+00,1.717567191555331718e-02,1.717567191555331718e-02,-5.703681145832921739e-01,-4.575056594464621540e-01,-5.805959254303514339e-01,1.683854152986275637e-02,-6.610730682803531155e-03
1.635999999999999943e+01,4.376822534296714196e+00,5.073763835608104955e+00,5.073763835608104955e+00,5.073763835608104955e+00,-7.203842820001551961e-02,-7.203842820001551961e-02,-8.749653292401350368e-01,-6.969413013113907596e-01,-8.869452287417469716e-01,1.677848067185347403e-02,-4.798581170241551438e-03
1.637999999999999901e+01,4.571243152083191319e+00,5.071218928883989285e+00,5.071218928883989285e+00,5.071218928883989285e+00,-1.272453362058006687e-01,-1.272453362058006687e-01,-6.241075082578668720e-01,-4.999757768007979664e-01,-6.382012680766403490e-01,1.673526389307033319e-02,-2.641504074296812440e-03
1.639999999999999858e+01,4.395137277418674771e+00,5.067243456300698057e+00,5.067243456300698057e+00,5.067243456300698057e+00,-1.987736291645509357e-01,-1.987736291645509357e-01,-8.425282657933033104e-01,-6.721061788820232863e-01,-8.586236973609494560e-01,1.667712087104431667e-02,-5.816893033981653492e-04
1.642000000000000171e+01,4.404161867661245289e+00,5.062017689137968901e+00,5.062017689137968901e+00,5.062017689137968901e+00,-2.612883581364541796e-01,-2.612883581364541796e-01,-8.239209188835833197e-01,-6.578558214767236123e-01,-8.421136175721050110e-01,1.662009585442132328e-02,1.572602834100315927e-03
1.644000000000000128e+01,4.336824376124607916e+00,5.055513029642979994e+00,5.055513029642979994e+00,5.055513029642979994e+00,-3.252329747494644430e-01,-3.252329747494644430e-01,-9.007345242665569796e-01,-7.186886535183720781e-01,-9.209955075269684599e-01,1.655772922950217441e-02,3.703254030909340633e-03
1.646000000000000085e+01,4.444423282108404649e+00,5.048151341686274662e+00,5.048151341686274662e+00,5.048151341686274662e+00,-3.680843978352735246e-01,-3.680843978352735246e-01,-7.537472056075554816e-01,-6.037280595778700132e-01,-7.760839793689107147e-01,1.650517551121419985e-02,5.831598250141014142e-03
1.648000000000000043e+01,4.436205609901599622e+00,5.040019881941618429e+00,5.040019881941618429e+00,5.040019881941618429e+00,-4.065729872328180394e-01,-4.065729872328180394e-01,-7.529702918107186171e-01,-6.038142720400188068e-01,-7.771710793665372874e-01,1.645254817828071744e-02,7.748239377537964948e-03
1.650000000000000000e+01,4.215529239204171219e+00,5.030659071691874651e+00,5.030659071691874651e+00,5.030659071691874651e+00,-4.680405124871799272e-01,-4.680405124871799272e-01,-1.021248239776437305e+00,-8.151298324877034318e-01,-1.047103116276558055e+00,1.638164198300529756e-02,9.473234517115378811e-03
1.651999999999999957e+01,4.503769391241279507e+00,5.020951301233034236e+00,5.020951301233034236e+00,5.020951301233034236e+00,-4.853885229420035197e-01,-4.853885229420035197e-01,-6.415206170354160742e-01,-5.171819099917547291e-01,-6.691498941722557880e-01,1.633632947048654568e-02,1.129294766635316645e-02
1.653999999999999915e+01,4.517023861005884378e+00,5.010992397171432522e+00,5.010992397171432522e+00,5.010992397171432522e+00,-4.979452030800934903e-01,-4.979452030800934903e-01,-6.109553243229034480e-01,-4.939685361655481444e-01,-6.399878490884802762e-01,1.629299171062701182e-02,1.273953305494974347e-02
1.655999999999999872e+01,4.609881175790206953e+00,5.001070832420696277e+00,5.001070832420696277e+00,5.001070832420696277e+00,-4.960782375368267272e-01,-4.960782375368267272e-01,-4.792755476474258591e-01,-3.911896566304893241e-01,-5.094112511541565302e-01,1.625849614558822626e-02,1.387720736114247434e-02
1.658000000000000185e+01,4.402903537316772642e+00,4.990683803291783072e+00,4.990683803291783072e+00,4.990683803291783072e+00,-5.193514564456548355e-01,-5.193514564456548355e-01,-7.288104266251073104e-01,-5.877802659750104297e-01,-7.596724647819830256e-01,1.620705375820928953e-02,1.465498439866638226e-02
1.660000000000000142e+01,4.804862660561555643e+00,4.980926735978677300e+00,4.980926735978677300e+00,4.980926735978677300e+00,-4.878533656553082354e-01,-4.878533656553082354e-01,-2.043705485421891122e-01,-1.760640754171216571e-01,-2.359928512673888368e-01,1.619107313993449135e-02,1.543122958526524369e-02
1.662000000000000099e+01,5.233603280548853043e+00,4.972850921187198736e+00,4.972850921187198736e+00,4.972850921187198736e+00,-4.037907395739270822e-01,-4.037907395739270822e-01,3.527728951585030748e-01,2.607523593616543067e-01,3.208992116041232134e-01,1.621280332276752584e-02,1.566088023161234591e-02
1.664000000000000057e+01,4.873514776642410062e+00,4.965392751332409205e+00,4.965392751332409205e+00,4.965392751332409205e+00,-3.729084927394603621e-01,-3.729084927394603621e-01,-9.496827122925996512e-02,-9.187797468999914230e-02,-1.261569035718816123e-01,1.620426041433667419e-02,1.498437192828496779e-02
1.666000000000000014e+01,4.913860066375340452e+00,4.958610311558389938e+00,4.958610311558389938e+00,4.958610311558389938e+00,-3.391219887009705447e-01,-3.391219887009705447e-01,-3.504345235456228502e-02,-4.475024518304948629e-02,-6.544650989547731723e-02,1.619982860343036762e-02,1.420322893748466458e-02
1.667999999999999972e+01,4.947490446264869668e+00,4.952536910791661029e+00,4.952536910791661029e+00,4.952536910791661029e+00,-3.036700383364374645e-01,-3.036700383364374645e-01,1.539751494436048321e-02,-5.046464526791361038e-03,-1.412222892277074406e-02,1.619982860343036762e-02,1.331991526370085964e-02
1.669999999999999929e+01,5.237691430616449928e+00,4.947852288274277477e+00,4.947852288274277477e+00,4.947852288274277477e+00,-2.342311258691898435e-01,-2.342311258691898435e-01,3.907190863360388011e-01,2.898391423421724511e-01,3.621462401774819262e-01,1.622435189213530110e-02,1.234849426642159811e-02
1.671999999999999886e+01,5.279073476112736252e+00,4.944531889275570968e+00,4.944531889275570968e+00,4.944531889275570968e+00,-1.660199499353424424e-01,-1.660199499353424424e-01,4.478806334692841951e-01,3.345415868371652834e-01,4.206509085548426619e-01,1.625283691428940774e-02,1.097688800015212719e-02
1.674000000000000199e+01,5.257155852020161113e+00,4.942388829247859050e+00,4.942388829247859050e+00,4.942388829247859050e+00,-1.071530013855904739e-01,-1.071530013855904739e-01,4.226495355621772143e-01,3.147670227723020631e-01,3.970324326856294883e-01,1.627972257508544102e-02,9.337380301462330084e-03
1.676000000000000156e+01,5.667624371390790117e+00,4.942350064505834695e+00,4.942350064505834695e+00,4.942350064505834695e+00,-1.938237101225787073e-03,-1.938237101225787073e-03,9.449946414580563392e-01,7.252743068849554220e-01,9.210491385215224813e-01,1.634209283170973137e-02,7.603410104824166391e-03
1.678000000000000114e+01,5.192570164957840184e+00,4.942994145900510894e+00,4.942994145900510894e+00,4.942994145900510894e+00,3.220406973382685528e-02,3.220406973382685528e-02,3.394848312493006226e-01,2.495760190573292903e-01,3.177795275740469827e-01,1.636361176034860365e-02,5.341691914905045795e-03
1.680000000000000071e+01,5.811563760646290433e+00,4.945819699458279928e+00,4.945819699458279928e+00,4.945819699458279928e+00,1.412776778884683171e-01,1.412776778884683171e-01,1.122940151280241494e+00,8.657440611880105052e-01,1.103083410727140112e+00,1.643830874721674204e-02,3.418431805884785107e-03
1.682000000000000028e+01,5.454093976739982530e+00,4.949688649918422279e+00,4.949688649918422279e+00,4.949688649918422279e+00,1.934475230071390217e-01,1.934475230071390217e-01,6.629761290751755576e-01,5.044053268215602515e-01,6.455083321477622649e-01,1.648202033506296696e-02,9.857765923503708505e-04
1.683999999999999986e+01,5.421559776224892602e+00,4.954399829808443734e+00,4.954399829808443734e+00,4.954399829808443734e+00,2.355589945010888031e-01,2.355589945010888031e-01,6.145622379466370022e-01,4.671599464164488680e-01,5.992763304092173504e-01,1.652260125192532222e-02,-1.236693714505630957e-03
1.685999999999999943e+01,6.001549066579920932e+00,4.961326452376664697e+00,4.961326452376664697e+00,4.961326452376664697e+00,3.463311284110478505e-01,3.463311284110478505e-01,1.343280333600679111e+00,1.040222614203256235e+00,1.329879530699776158e+00,1.661265608628766793e-02,-3.211853185384626677e-03
1.687999999999999901e+01,5.217050411143364208e+00,4.968231825329486817e+00,4.968231825329486817e+00,4.968231825329486817e+00,3.452686476411137573e-01,3.452686476411137573e-01,3.357063207117066961e-01,2.488185858138773909e-01,3.247694276337083630e-01,1.663464834674160259e-02,-5.697755268743278159e-03
1.689999999999999858e+01,5.610807113654000311e+00,4.976097327430176520e+00,4.976097327430176520e+00,4.976097327430176520e+00,3.932751050345068000e-01,3.932751050345068000e-01,8.253332215750439627e-01,6.347097862238237909e-01,8.160706161721321683e-01,1.668990982153751093e-02,-7.427304418625709642e-03
1.692000000000000171e+01,5.378060503300952533e+00,4.984212482478540096e+00,4.984212482478540096e+00,4.984212482478540096e+00,4.057577524181927853e-01,4.057577524181927853e-01,5.181015788713665415e-01,3.938480208224124368e-01,5.104932333558855895e-01,1.672447865466239816e-02,-9.116133139181468656e-03
1.694000000000000128e+01,5.556796671776274010e+00,4.992983188023850438e+00,4.992983188023850438e+00,4.992983188023850438e+00,4.385352772655287112e-01,4.385352772655287112e-01,7.335330008915520450e-01,5.638134837524235721e-01,7.271819204081221288e-01,1.677372089494200483e-02,-1.042264041151208867e-02
1.696000000000000085e+01,5.287078973537094662e+00,5.001634097016799174e+00,5.001634097016799174e+00,5.001634097016799174e+00,4.325454496474451793e-01,4.325454496474451793e-01,3.786370010846932810e-01,2.854448765202954874e-01,3.735016476018201415e-01,1.679901313249614406e-02,-1.166365964962301147e-02
1.698000000000000043e+01,5.198609129975117149e+00,5.009928918171271839e+00,5.009928918171271839e+00,5.009928918171271839e+00,4.147410577236176343e-01,4.147410577236176343e-01,2.545015304091698405e-01,1.886802118038453102e-01,2.501582918570638414e-01,1.681595298533055879e-02,-1.247271443322457880e-02
1.700000000000000000e+01,5.546808172075063048e+00,5.018765931322338503e+00,5.018765931322338503e+00,5.018765931322338503e+00,4.418506575533355241e-01,4.418506575533355241e-01,6.858370560207965871e-01,5.280422407527245454e-01,6.818366524578148846e-01,1.686212460116628606e-02,-1.286172103818459221e-02
1.701999999999999957e+01,5.153415666902022352e+00,5.027068192821076309e+00,5.027068192821076309e+00,5.027068192821076309e+00,4.151130749368683870e-01,4.151130749368683870e-01,1.744748313886642366e-01,1.263474740809460428e-01,1.710051641861984884e-01,1.687370447842613877e-02,-1.340403727596041310e-02
1.703999999999999915e+01,4.962381465437622374e+00,5.034382625460586347e+00,5.034382625460586347e+00,5.034382625460586347e+00,3.657216319755156597e-01,3.657216319755156597e-01,-7.880135467665906612e-02,-7.200116002296397255e-02,-8.215214377698649983e-02,1.686814141987116183e-02,-1.351735231954371598e-02
1.705999999999999872e+01,4.848715940719606543e+00,5.040501516336917120e+00,5.040501516336917120e+00,5.040501516336917120e+00,3.059445438165423470e-01,3.059445438165423470e-01,-2.320492496142175232e-01,-1.917855756173105775e-01,-2.357966896210443586e-01,1.685217408498343797e-02,-1.310473407815660081e-02
1.708000000000000185e+01,4.682934457412317286e+00,5.045109499599560010e+00,5.045109499599560010e+00,5.045109499599560010e+00,2.303991631321432865e-01,2.303991631321432865e-01,-4.495092630274482026e-01,-3.621750421872427239e-01,-4.541101648342417696e-01,1.682142331791592130e-02,-1.222052151112234565e-02
1.710000000000000142e+01,4.995048888294620681e+00,5.049141466537989231e+00,5.049141466537989231e+00,5.049141466537989231e+00,2.015983469214778501e-01,2.015983469214778501e-01,-5.760899897451105672e-02,-5.409257824336854981e-02,-6.357697635727295460e-02,1.681711810534369800e-02,-1.084914072258180012e-02
1.712000000000000099e+01,4.954645415294492317e+00,5.052544630159224504e+00,5.052544630159224504e+00,5.052544630159224504e+00,1.701581810617851243e-01,1.701581810617851243e-01,-1.128033116754493387e-01,-9.789921486473218692e-02,-1.200099850792410855e-01,1.680899144493675640e-02,-9.602318041145013056e-03
1.714000000000000057e+01,4.815133756447465885e+00,5.055021198151104400e+00,5.055021198151104400e+00,5.055021198151104400e+00,1.238283995939753745e-01,1.238283995939753745e-01,-2.931396336163125116e-01,-2.398874417036385154e-01,-3.015118096139334236e-01,1.678857410979754661e-02,-8.416398112176674481e-03
1.716000000000000014e+01,4.764741412848167990e+00,5.056532076290146449e+00,5.056532076290146449e+00,5.056532076290146449e+00,7.554390695208307305e-02,7.554390695208307305e-02,-3.590165268249476127e-01,-2.917906634419784595e-01,-3.686553273347292214e-01,1.676361004826149373e-02,-7.124809538479860704e-03
1.717999999999999972e+01,4.272754585404783256e+00,5.055922984630822903e+00,5.055922984630822903e+00,5.055922984630822903e+00,-3.045458296617968574e-02,-3.045458296617968574e-02,-9.844409922305447092e-01,-7.831683992260396465e-01,-9.953974134244112371e-01,1.669620518404535403e-02,-5.739783990178842603e-03
1.719999999999999929e+01,4.708841416408610314e+00,5.054519118624192231e+00,5.054519118624192231e+00,5.054519118624192231e+00,-7.019330033154309867e-02,-7.019330033154309867e-02,-4.278417566198138289e-01,-3.456777022155819168e-01,-4.407935916422099920e-01,1.666635616917824456e-02,-3.714521146782064076e-03
1.721999999999999886e+01,4.637685334887062361e+00,5.052226340345396416e+00,5.052226340345396416e+00,5.052226340345396416e+00,-1.146389139397711310e-01,-1.146389139397711310e-01,-5.146494364138234356e-01,-4.145410054583340553e-01,-5.293789053461549488e-01,1.663050846377685243e-02,-1.901039531445370551e-03
1.724000000000000199e+01,4.432174093084171318e+00,5.048620683706199763e+00,5.048620683706199763e+00,5.048620683706199763e+00,-1.802828319598355211e-01,-1.802828319598355211e-01,-7.710780941404149491e-01,-6.164465906220284452e-01,-7.874663540217559099e-01,1.657718397051238801e-02,-1.889240891714434861e-04
1.726000000000000156e+01,4.094172686877773693e+00,5.042987611762152156e+00,5.042987611762152156e+00,5.042987611762152156e+00,-2.816535972023935797e-01,-2.816535972023935797e-01,-1.193990484385415884e+00,-9.488149248843784633e-01,-1.212148955972101039e+00,1.649510144278514348e-02,1.663370143899922746e-03
1.728000000000000114e+01,4.471550233001727825e+00,5.036507227243971485e+00,5.036507227243971485e+00,5.036507227243971485e+00,-3.240192259090203808e-01,-3.240192259090203808e-01,-7.053098842686614800e-01,-5.649569942422436597e-01,-7.257254710257389219e-01,1.644595782821174634e-02,3.969628928865654750e-03
1.730000000000000071e+01,2.067665845255566737e+00,5.023178417285778075e+00,5.023178417285778075e+00,5.023178417285778075e+00,-6.664404979096836268e-01,-6.664404979096836268e-01,-3.748231945915653451e+00,-2.955512572030211338e+00,-3.770428555125274084e+00,1.619063746936074202e-02,6.005971740259932051e-03
1.732000000000000028e+01,4.402043361177899961e+00,5.009658763575753682e+00,5.009658763575753682e+00,5.009658763575753682e+00,-6.759826855012259772e-01,-6.759826855012259772e-01,-7.618623738251075750e-01,-6.076154023978537211e-01,-7.888415212570052404e-01,1.613721985453546448e-02,1.084192757736227031e-02
1.733999999999999986e+01,4.960973527478368617e+00,4.997428333450456783e+00,4.997428333450456783e+00,4.997428333450456783e+00,-6.115215062648431399e-01,-6.115215062648431399e-01,-3.137089313739783308e-02,-3.645480597208816675e-02,-6.183024984367903321e-02,1.613721985453546448e-02,1.432213685174573738e-02
1.735999999999999943e+01,4.833660612385811461e+00,4.986069455097843495e+00,4.986069455097843495e+00,4.986069455097843495e+00,-5.679439176306544379e-01,-5.679439176306544379e-01,-1.757456199229557592e-01,-1.524088427120320333e-01,-2.079850057520995499e-01,1.612313583052390337e-02,1.611624999861986998e-02
1.737999999999999901e+01,4.634686272262958262e+00,4.975020013322682289e+00,4.975020013322682289e+00,4.975020013322682289e+00,-5.524720887580758522e-01,-5.524720887580758522e-01,-4.132256289048688580e-01,-3.403337410597240265e-01,-4.462566422003042543e-01,1.609291687680010352e-02,1.693809641863532750e-02
1.740000000000000213e+01,4.644601554581456959e+00,4.964303100420607073e+00,4.964303100420607073e+00,4.964303100420607073e+00,-5.358456451037615365e-01,-5.358456451037615365e-01,-3.862076522149328062e-01,-3.197015458391501141e-01,-4.196314426013561527e-01,1.606450088934835776e-02,1.735928949707500960e-02
1.742000000000000171e+01,4.825405981667191924e+00,4.954372162289126358e+00,4.954372162289126358e+00,4.954372162289126358e+00,-4.965469065740369392e-01,-4.965469065740369392e-01,-1.428582598065157305e-01,-1.289661806219344342e-01,-1.763993408168372523e-01,1.605255573713556400e-02,1.748852527318596473e-02
1.744000000000000128e+01,4.350968491083010647e+00,4.943968049121734154e+00,4.943968049121734154e+00,4.943968049121734154e+00,-5.202056583695979786e-01,-5.202056583695979786e-01,-7.331344245296476103e-01,-5.929995580387235066e-01,-7.663226624317669433e-01,1.600066302141183935e-02,1.718757488070756997e-02
1.746000000000000085e+01,4.941166297697971999e+00,4.934663657250055735e+00,4.934663657250055735e+00,4.934663657250055735e+00,-4.652195935839291141e-01,-4.652195935839291141e-01,2.965498948709052035e-02,6.502640447916263611e-03,-3.558224308177937618e-03,1.600066302141183935e-02,1.721255077385661775e-02
1.748000000000000043e+01,2.183564547921214238e+00,4.919366805710233770e+00,4.919366805710233770e+00,4.919366805710233770e+00,-7.648425769911185723e-01,-7.648425769911185723e-01,-3.461449427655823641e+00,-2.735802257789019531e+00,-3.493895868847628705e+00,1.576406849800955981e-02,1.668237269379548374e-02
1.750000000000000000e+01,5.068653778224040174e+00,4.906048973034838667e+00,4.906048973034838667e+00,4.906048973034838667e+00,-6.658916337697399213e-01,-6.658916337697399213e-01,2.246668552226680493e-01,1.626048051892015067e-01,1.895944550925341421e-01,1.577690717764574854e-02,1.929549295248817603e-02
1.751999999999999957e+01,5.044793865756181717e+00,4.894487191584450336e+00,4.894487191584450336e+00,4.894487191584450336e+00,-5.780890725194045565e-01,-5.780890725194045565e-01,2.121339787336139482e-01,1.503066741717313803e-01,1.762060137561056727e-01,1.578883923841978287e-02,2.013912573908848563e-02
1.753999999999999915e+01,4.756420259380358395e+00,4.883802162512626666e+00,4.883802162512626666e+00,4.883802162512626666e+00,-5.342514535911931928e-01,-5.342514535911931928e-01,-1.397128832372912244e-01,-1.273819031322682704e-01,-1.753450038991967719e-01,1.577696548225022977e-02,1.985515517965532814e-02
1.755999999999999872e+01,5.626027478248831315e+00,4.876141009749881405e+00,4.876141009749881405e+00,4.876141009749881405e+00,-3.830576381372828854e-01,-3.830576381372828854e-01,9.776867009479104365e-01,7.498864684989499096e-01,9.426261509849799269e-01,1.584079685940354212e-02,1.921975310352691882e-02
1.758000000000000185e+01,5.221439084468574521e+00,4.870189308520679994e+00,4.870189308520679994e+00,4.870189308520679994e+00,-2.975850614600660249e-01,-2.975850614600660249e-01,4.716681286348856084e-01,3.512497759478945270e-01,4.385285548927402854e-01,1.587049249382934887e-02,1.726908124831598446e-02
1.760000000000000142e+01,4.963883297485384816e+00,4.865132621854894701e+00,4.865132621854894701e+00,4.865132621854894701e+00,-2.528343332892575290e-01,-2.528343332892575290e-01,1.499222202480189337e-01,9.875067563049011454e-02,1.189913659851751238e-01,1.587855017688031417e-02,1.505230408596349226e-02
1.762000000000000099e+01,5.090692313130263713e+00,4.861212431053787419e+00,4.861212431053787419e+00,4.861212431053787419e+00,-1.960095400553533707e-01,-1.960095400553533707e-01,3.154135990497841657e-01,2.294798820764762937e-01,2.864608079197186741e-01,1.589794831032999636e-02,1.305484281973551958e-02
1.764000000000000057e+01,5.378571805656212845e+00,4.859052418316699651e+00,4.859052418316699651e+00,4.859052418316699651e+00,-1.080006368543788148e-01,-1.080006368543788148e-01,6.840794919543923269e-01,5.195193873395131945e-01,6.570464057450803308e-01,1.594244121654580376e-02,1.109064499276628951e-02
1.766000000000000014e+01,5.757370034469350806e+00,4.859439851267087995e+00,4.859439851267087995e+00,4.859439851267087995e+00,1.937164751939988994e-02,1.937164751939988994e-02,1.165722206883408107e+00,8.979301832022628105e-01,1.140863372513867047e+00,1.601969653153493059e-02,8.839137838006111067e-03
1.767999999999999972e+01,5.513963104635343448e+00,4.861495170866810156e+00,4.861495170866810156e+00,4.861495170866810156e+00,1.027659799860918960e-01,1.027659799860918960e-01,8.533149721863199089e-01,6.524679337685332925e-01,8.312445317776844256e-01,1.607598553132459987e-02,5.994454877310881682e-03
1.769999999999999929e+01,5.653910102685316907e+00,4.865396325838316827e+00,4.865396325838316827e+00,4.865396325838316827e+00,1.950577485753247631e-01,1.950577485753247631e-01,1.025683665878420525e+00,7.885137768470000807e-01,1.006366963409503601e+00,1.614413321546099081e-02,3.172569253455981547e-03
1.771999999999999886e+01,5.444037290161408471e+00,4.870410057201333132e+00,4.870410057201333132e+00,4.870410057201333132e+00,2.506865681508250732e-01,2.506865681508250732e-01,7.513459443303279750e-01,5.736272329600753395e-01,7.348740246903263662e-01,1.619389633839277837e-02,2.780233016088651254e-04
1.774000000000000199e+01,5.539576119404694410e+00,4.876649995671468396e+00,4.876649995671468396e+00,4.876649995671468396e+00,3.119969235067781010e-01,3.119969235067781010e-01,8.637901217103551854e-01,6.629261237332260137e-01,8.498408989982688677e-01,1.625144461974226823e-02,-2.302221907655914532e-03
1.776000000000000156e+01,5.098177840316856724e+00,4.882851723922631670e+00,4.882851723922631670e+00,4.882851723922631670e+00,3.100864125581541675e-01,3.100864125581541675e-01,2.928918140205384879e-01,2.153261163942250533e-01,2.813403626996431872e-01,1.627049601438177243e-02,-4.719044693486502094e-03
1.778000000000000114e+01,5.580100078859130619e+00,4.890224167505054176e+00,4.890224167505054176e+00,4.890224167505054176e+00,3.686221791211127807e-01,3.686221791211127807e-01,8.954440781877400779e-01,6.898759113540764432e-01,8.855054107693536292e-01,1.633045937290631203e-02,-6.391791954519861554e-03
1.780000000000000071e+01,5.371081303625427239e+00,4.898097196018608379e+00,4.898097196018608379e+00,4.898097196018608379e+00,3.936514256777290943e-01,3.936514256777290943e-01,6.189146446872760832e-01,4.729841076068188599e-01,6.106885628728737636e-01,1.637181308661266391e-02,-8.145731272210311388e-03
1.782000000000000028e+01,5.378706804437151767e+00,4.906417250817035836e+00,4.906417250817035836e+00,4.906417250817035836e+00,4.160027399213751531e-01,4.160027399213751531e-01,6.171645681141895157e-01,4.722895536201159317e-01,6.103742026915500718e-01,1.641314551293665894e-02,-9.622780090297211597e-03
1.783999999999999986e+01,5.243172220175037701e+00,4.914771783303964803e+00,4.914771783303964803e+00,4.914771783303964803e+00,4.177266243464515250e-01,4.177266243464515250e-01,4.332415841721389271e-01,3.284004368710728983e-01,4.276788110846623803e-01,1.644210644030144608e-02,-1.087933335282492177e-02
1.785999999999999943e+01,4.877880126889507117e+00,4.922206489766737469e+00,4.922206489766737469e+00,4.922206489766737469e+00,3.717353231386535950e-01,3.717353231386535950e-01,-4.218638773152788568e-02,-4.432636287723035196e-02,-4.685240364636126392e-02,1.644210644030144608e-02,-1.177609052546807131e-02
1.787999999999999901e+01,5.285139090717534849e+00,4.929828629532563511e+00,4.929828629532563511e+00,4.929828629532563511e+00,3.811069882913089568e-01,3.811069882913089568e-01,4.654519746652074352e-01,3.553104611849713379e-01,4.609244032075126563e-01,1.647331864398321466e-02,-1.194574718628843742e-02
1.790000000000000213e+01,5.196741327914101483e+00,4.937375190424700300e+00,4.937375190424700300e+00,4.937375190424700300e+00,3.773280446068594807e-01,3.773280446068594807e-01,3.433175514468139733e-01,2.593661374894011828e-01,3.389791269445532329e-01,1.649627313604402554e-02,-1.215784863378327474e-02
1.792000000000000171e+01,5.073800791342887528e+00,4.944522094902695564e+00,4.944522094902695564e+00,4.944522094902695564e+00,3.573452238997623653e-01,3.573452238997623653e-01,1.774998375358883551e-01,1.292786964401919647e-01,1.732605131660977793e-01,1.650800573772298954e-02,-1.226868136793241373e-02
1.794000000000000128e+01,4.927369881000712049e+00,4.950919463850280700e+00,4.950919463850280700e+00,4.950919463850280700e+00,3.198684473792470784e-01,3.198684473792470784e-01,-1.742254130539040713e-02,-2.354958284956865100e-02,-2.178331165551906576e-02,1.650800573772298954e-02,-1.214723538759433091e-02
1.796000000000000085e+01,4.887565886577834640e+00,4.956525805022480746e+00,4.956525805022480746e+00,4.956525805022480746e+00,2.803170586100081074e-01,2.803170586100081074e-01,-7.564544031314235362e-02,-6.895991844464610665e-02,-8.045904313600649171e-02,1.650255733007756007e-02,-1.168895450721342891e-02
1.798000000000000043e+01,4.609811399136273025e+00,4.960701854514174336e+00,4.960701854514174336e+00,4.960701854514174336e+00,2.088024745846955299e-01,2.088024745846955299e-01,-4.348287816431175568e-01,-3.508904553779013114e-01,-4.403272954754838264e-01,1.647273989117134518e-02,-1.097422605880502347e-02
1.800000000000000000e+01,4.860074881403168234e+00,4.964218111455164006e+00,4.964218111455164006e+00,4.964218111455164006e+00,1.758128470494738915e-01,1.758128470494738915e-01,-1.210938007675208816e-01,-1.041432300519957721e-01,-1.277962558509777580e-01,1.646408597148379949e-02,-9.761630888026924871e-03
1.801999999999999957e+01,4.691068226190036938e+00,4.966704654708487432e+00,4.966704654708487432e+00,4.966704654708487432e+00,1.243271626661673068e-01,1.243271626661673068e-01,-3.390439967835920942e-01,-2.756364285184504936e-01,-3.469003542867113987e-01,1.644059508135099767e-02,-8.584237578231703608e-03
1.803999999999999915e+01,4.553501912376408889e+00,4.967911324260556150e+00,4.967911324260556150e+00,4.967911324260556150e+00,6.033347760343592270e-02,6.033347760343592270e-02,-5.156096879611465900e-01,-4.144094118841472607e-01,-5.247674827617397897e-01,1.640505964551043985e-02,-7.247264844917258343e-03
1.805999999999999872e+01,4.225175641222721268e+00,4.967132112577599123e+00,4.967132112577599123e+00,4.967132112577599123e+00,-3.896058414787299806e-02,-3.896058414787299806e-02,-9.326071399096533820e-01,-7.419564713548778556e-01,-9.432743174580503487e-01,1.634118437676918695e-02,-5.674006828372301844e-03
1.808000000000000185e+01,4.680878813876955036e+00,4.965729204302700595e+00,4.965729204302700595e+00,4.965729204302700595e+00,-7.014541374493420134e-02,-7.014541374493420134e-02,-3.508088801184850447e-01,-2.848503904257455588e-01,-3.635416893498180091e-01,1.631656659308093268e-02,-3.583757361748012103e-03
1.810000000000000142e+01,4.617634350398564180e+00,4.963611379223581643e+00,4.963611379223581643e+00,4.963611379223581643e+00,-1.058912539559340033e-01,-1.058912539559340033e-01,-4.276038158549322343e-01,-3.459770288250174630e-01,-4.420804644582532750e-01,1.628663043564517604e-02,-1.809981832324141036e-03
1.812000000000000099e+01,4.230376769207298437e+00,4.959874943266665781e+00,4.959874943266665781e+00,4.959874943266665781e+00,-1.868217978458127371e-01,-1.868217978458127371e-01,-9.151966928547214941e-01,-7.294981740593673436e-01,-9.312079547206796315e-01,1.622357225918377721e-02,-2.123103932256610767e-04
1.814000000000000057e+01,4.890127070280447796e+00,4.956370850711603104e+00,4.956370850711603104e+00,4.956370850711603104e+00,-1.752046277531418284e-01,-1.752046277531418284e-01,-7.065009691910374701e-02,-6.624378043115530801e-02,-8.857979869249683891e-02,1.621757394210696090e-02,1.712127831286136635e-03
1.816000000000000014e+01,4.697320483623547815e+00,4.952597457126012515e+00,4.952597457126012515e+00,4.952597457126012515e+00,-1.886696792795247712e-01,-1.886696792795247712e-01,-3.098551430169713128e-01,-2.552769735024646991e-01,-3.289939662018302458e-01,1.619529561053738645e-02,2.943527574321508789e-03
1.817999999999999972e+01,4.605427984140464837e+00,4.948359802554285203e+00,4.948359802554285203e+00,4.948359802554285203e+00,-2.118827285863858489e-01,-2.118827285863858489e-01,-4.208001723481357148e-01,-3.429318184138203662e-01,-4.409052306916455555e-01,1.616543903586063063e-02,3.939619307649170135e-03
1.819999999999999929e+01,4.702488335323398161e+00,4.943963424672126905e+00,4.943963424672126905e+00,4.943963424672126905e+00,-2.198188941078945691e-01,-2.198188941078945691e-01,-2.912443838014731612e-01,-2.414750893487287442e-01,-3.122567633832265543e-01,1.614429408967877483e-02,4.868085492074620060e-03
1.821999999999999886e+01,4.745969553491057979e+00,4.939547228790678091e+00,4.939547228790678091e+00,4.939547228790678091e+00,-2.208097940724484398e-01,-2.208097940724484398e-01,-2.297278937534332488e-01,-1.935776752996201111e-01,-2.514522163999575177e-01,1.612726661675720208e-02,5.597056029767065975e-03
1.824000000000000199e+01,4.586161602991142061e+00,4.934719481168288624e+00,4.934719481168288624e+00,4.934719481168288624e+00,-2.413873811194710006e-01,-2.413873811194710006e-01,-4.265856645426739369e-01,-3.485578781771465628e-01,-4.487997447654107908e-01,1.609687545293844030e-02,6.117204769798456100e-03
1.826000000000000156e+01,5.068362146101182297e+00,4.930759549937821618e+00,4.930759549937821618e+00,4.930759549937821618e+00,-1.979965615233532650e-01,-1.979965615233532650e-01,1.925208148417065224e-01,1.376025961633606798e-01,1.697261844647749707e-01,1.610836872212266860e-02,6.686261654808873557e-03
1.828000000000000114e+01,4.887225281890102302e+00,4.927130556384826221e+00,4.927130556384826221e+00,4.927130556384826221e+00,-1.814496776497521446e-01,-1.814496776497521446e-01,-3.252772278734208933e-02,-3.990527449472391908e-02,-5.528852042060353189e-02,1.610836872212266860e-02,6.652428911138780904e-03
1.830000000000000071e+01,5.308332706193184869e+00,4.924877925829912684e+00,4.924877925829912684e+00,4.924877925829912684e+00,-1.126315277456958613e-01,-1.126315277456958613e-01,5.067318213908106328e-01,3.834547803632721852e-01,4.841267302566155117e-01,1.614115210700618752e-02,6.463939027188853742e-03
1.832000000000000028e+01,4.831249650851589195e+00,4.922656301846866533e+00,4.922656301846866533e+00,4.922656301846866533e+00,-1.110811991522996367e-01,-1.110811991522996367e-01,-9.712824181173365656e-02,-9.140665099527733872e-02,-1.189079092224708395e-01,1.613310007535805057e-02,5.646567335379139296e-03
1.833999999999999986e+01,5.246766648448408787e+00,4.921522520421380165e+00,4.921522520421380165e+00,4.921522520421380165e+00,-5.668907127432498694e-02,-5.668907127432498694e-02,4.328400796274468054e-01,3.252441280270286228e-01,4.116201401839586493e-01,1.616097356516578432e-02,5.058965878322380441e-03
1.835999999999999943e+01,7.964451115685581506e+00,4.928272212899791782e+00,4.928272212899791782e+00,4.928272212899791782e+00,3.374846239205687159e-01,3.374846239205687159e-01,3.885047880674612042e+00,3.036178902785789724e+00,3.864519315985535552e+00,1.642266542435850615e-02,4.105899264717878354e-03
1.837999999999999901e+01,5.204185208454179978e+00,4.935079673492216656e+00,4.935079673492216656e+00,4.935079673492216656e+00,3.403730296212221229e-01,3.403730296212221229e-01,3.663686809271027300e-01,2.691055349619633219e-01,3.504095043540730314e-01,1.644639394197618468e-02,-4.872173689464704555e-04
1.840000000000000213e+01,5.511621664825059774e+00,4.942696334301423633e+00,4.942696334301423633e+00,4.942696334301423633e+00,3.808330404603650354e-01,3.808330404603650354e-01,7.449731380126514146e-01,5.689253305236361413e-01,7.322083289927108218e-01,1.649597655323081086e-02,-3.731167533290116571e-03
1.842000000000000171e+01,5.318705891954119913e+00,4.950526640104185638e+00,4.950526640104185638e+00,4.950526640104185638e+00,3.915152901381110384e-01,3.915152901381110384e-01,4.876555372378250652e-01,3.681792518499342748e-01,4.775321382189242625e-01,1.652831337518894175e-02,-6.404914356288156363e-03
1.844000000000000128e+01,5.152931047117111696e+00,4.958104348096114222e+00,4.958104348096114222e+00,4.958104348096114222e+00,3.788853995964430177e-01,3.788853995964430177e-01,2.652163847214309422e-01,1.948266990209974736e-01,2.570535969064161042e-01,1.654572015419205483e-02,-8.382932339177188996e-03
1.846000000000000085e+01,5.373255808096156549e+00,4.965992649341174570e+00,4.965992649341174570e+00,4.965992649341174570e+00,3.944150622530388506e-01,3.944150622530388506e-01,5.341820261624012911e-01,4.072631587549819798e-01,5.272423542000537200e-01,1.658142317975205837e-02,-9.641751217404466445e-03
1.848000000000000043e+01,5.182000606928401254e+00,4.973652625473985012e+00,4.973652625473985012e+00,4.973652625473985012e+00,3.829988066405008995e-01,3.829988066405008995e-01,2.802525061276592844e-01,2.083479814544162423e-01,2.743301061357779069e-01,1.659999986410455944e-02,-1.067759987222317852e-02
1.850000000000000000e+01,5.082197598713248610e+00,4.980832948918956227e+00,4.980832948918956227e+00,4.980832948918956227e+00,3.590161722485480378e-01,3.590161722485480378e-01,1.431724627209720879e-01,1.013646497942923830e-01,1.378521160138647672e-01,1.660933473180313535e-02,-1.128898802469582505e-02
1.851999999999999957e+01,5.520894512666646214e+00,4.988677351766016344e+00,4.988677351766016344e+00,4.988677351766016344e+00,3.922201423529901310e-01,3.922201423529901310e-01,6.910558732929690251e-01,5.322171609006298709e-01,6.858781859595662889e-01,1.665578002628543761e-02,-1.147809269288274300e-02
1.853999999999999915e+01,5.656495325598860369e+00,4.997443116051644374e+00,4.997443116051644374e+00,4.997443116051644374e+00,4.382882142813804283e-01,4.382882142813804283e-01,8.529008616368931595e-01,6.590522095472159947e-01,8.481288267677119519e-01,1.671321237203506060e-02,-1.194117750285385825e-02
1.855999999999999872e+01,5.987813182656959832e+00,5.007855992296549985e+00,5.007855992296549985e+00,5.007855992296549985e+00,5.206438122452696771e-01,5.206438122452696771e-01,1.261844193920273138e+00,9.799571903604098466e-01,1.257769984588750667e+00,1.679838419776311792e-02,-1.272417486624046086e-02
1.858000000000000185e+01,5.446487732082661459e+00,5.018347192679523339e+00,5.018347192679523339e+00,5.018347192679523339e+00,5.245600191486842201e-01,5.245600191486842201e-01,5.598058812794149963e-01,4.281405394031381206e-01,5.570623095283615545e-01,1.683610652738472269e-02,-1.409253477633131725e-02
1.860000000000000142e+01,5.352273309695131154e+00,5.028640996225497872e+00,5.028640996225497872e+00,5.028640996225497872e+00,5.146901772987275692e-01,5.146901772987275692e-01,4.258616006491173778e-01,3.236323134696332815e-01,4.240861686098219563e-01,1.686482417344806542e-02,-1.508939213415265261e-02
1.862000000000000099e+01,5.574967005210812232e+00,5.039295533318798093e+00,5.039295533318798093e+00,5.039295533318798093e+00,5.327268546650315573e-01,5.327268546650315573e-01,6.950569509617677832e-01,5.356714718920141394e-01,6.938340314113492502e-01,1.691180821022080297e-02,-1.568888865980217276e-02
1.864000000000000057e+01,5.529410284704601608e+00,5.050130839724377374e+00,5.050130839724377374e+00,5.050130839724377374e+00,5.417653202789769473e-01,5.417653202789769473e-01,6.231115108044855688e-01,4.792794449802242340e-01,6.224457342599705179e-01,1.695395807883998129e-02,-1.628818153432503094e-02
1.866000000000000014e+01,5.392111244338323672e+00,5.060751617034577876e+00,5.060751617034577876e+00,5.060751617034577876e+00,5.310388655100135580e-01,5.310388655100135580e-01,4.345007725893426098e-01,3.313596273037457962e-01,4.343151138597118321e-01,1.698336839363678158e-02,-1.679770966400600390e-02
1.867999999999999972e+01,5.225546810627834660e+00,5.070728796399315286e+00,5.070728796399315286e+00,5.070728796399315286e+00,4.988589682368559930e-01,4.988589682368559930e-01,2.092398927784379081e-01,1.548180142285193739e-01,2.092898958634361317e-01,1.699754078028580320e-02,-1.704754386528405108e-02
1.869999999999999929e+01,5.526175385300259535e+00,5.080865361749702380e+00,5.080865361749702380e+00,5.080865361749702380e+00,5.068282675193496178e-01,5.068282675193496178e-01,5.785519610617922970e-01,4.453100235505571547e-01,5.784171679041991698e-01,1.703670918693128353e-02,-1.690191602933806617e-02
1.871999999999999886e+01,4.995953488010020926e+00,5.089772894517753166e+00,5.089772894517753166e+00,5.089772894517753166e+00,4.453766384025511504e-01,4.453766384025511504e-01,-1.076880236486351949e-01,-9.381940650773223922e-02,-1.078380796493954435e-01,1.702940676578967166e-02,-1.687935076502941958e-02
1.874000000000000199e+01,5.267016759809814985e+00,5.098241459732609115e+00,5.098241459732609115e+00,5.098241459732609115e+00,4.234282607428073719e-01,4.234282607428073719e-01,2.258928618051134207e-01,1.687753000772058698e-01,2.250997089209185176e-01,1.704464973820478749e-02,-1.625149685400988434e-02
1.876000000000000156e+01,4.715734513658378368e+00,5.104894437504682969e+00,5.104894437504682969e+00,5.104894437504682969e+00,3.326488886037030634e-01,3.326488886037030634e-01,-4.843654606482358793e-01,-3.891599238463046007e-01,-4.857838215142730731e-01,1.701175414084240417e-02,-1.559339327480518261e-02
1.878000000000000114e+01,4.722064137767127079e+00,5.109915229083240362e+00,5.109915229083240362e+00,5.109915229083240362e+00,2.510395789278840328e-01,2.510395789278840328e-01,-4.834442081544874092e-01,-3.878510913161132834e-01,-4.861944806666959606e-01,1.697883073506497448e-02,-1.422855822285640746e-02
1.880000000000000071e+01,4.920058054835301675e+00,5.113960708597464766e+00,5.113960708597464766e+00,5.113960708597464766e+00,2.022739757112032577e-01,2.022739757112032577e-01,-2.366164532389235520e-01,-1.939026537621630908e-01,-2.411186112948821292e-01,1.696250301807965266e-02,-1.246034496212106678e-02
1.882000000000000028e+01,4.485712029791592670e+00,5.116018231682819994e+00,5.116018231682819994e+00,5.116018231682819994e+00,1.028761542677505691e-01,1.028761542677505691e-01,-7.917042387233237388e-01,-6.303062018912273246e-01,-7.978758220834575310e-01,1.690847363170234693e-02,-1.073689027156849926e-02
1.883999999999999986e+01,4.723268468932038999e+00,5.116889086517183216e+00,5.116889086517183216e+00,5.116889086517183216e+00,4.354274171817641009e-02,4.354274171817641009e-02,-4.904579712279910075e-01,-3.936206175851442168e-01,-4.987921986934918950e-01,1.687469715210578036e-02,-8.540469686604853020e-03
1.885999999999999943e+01,4.658302248716317706e+00,5.116528891788488131e+00,5.116528891788488131e+00,5.116528891788488131e+00,-1.800973643475929642e-02,-1.800973643475929642e-02,-5.719820398111806758e-01,-4.582266430721704253e-01,-5.824052840070992332e-01,1.683525868405490525e-02,-6.412014488136281998e-03
1.887999999999999901e+01,5.001101447491217655e+00,5.115936563421661809e+00,5.115936563421661809e+00,5.115936563421661809e+00,-2.961641834133271062e-02,-2.961641834133271062e-02,-1.340765555004934384e-01,-1.148351159304441538e-01,-1.465928542575335169e-01,1.682533192384533943e-02,-4.309033166805245271e-03
1.890000000000000213e+01,4.309018259458554212e+00,5.113381964585970607e+00,5.113381964585970607e+00,5.113381964585970607e+00,-1.277299417845520757e-01,-1.277299417845520757e-01,-1.010751652773526299e+00,-8.043637051274163952e-01,-1.024786246033146719e+00,1.675593694970451200e-02,-2.721343690084163189e-03
1.892000000000000171e+01,4.625240922335962068e+00,5.109875109799448367e+00,5.109875109799448367e+00,5.109875109799448367e+00,-1.753427393261293155e-01,-1.753427393261293155e-01,-6.038579172003244455e-01,-4.846341874634862990e-01,-6.199391236575108044e-01,1.671395682007100966e-02,-6.327503628846958827e-04
1.894000000000000128e+01,4.428927229487315209e+00,5.105025250643048906e+00,5.105025250643048906e+00,5.105025250643048906e+00,-2.424929578199540026e-01,-2.424929578199540026e-01,-8.468449242643761865e-01,-6.760980211557336972e-01,-8.648038079964091018e-01,1.665539530236416488e-02,1.303488429668788178e-03
1.896000000000000085e+01,4.506982284096285873e+00,5.099181211537996639e+00,5.099181211537996639e+00,5.099181211537996639e+00,-2.922019552526078923e-01,-2.922019552526078923e-01,-7.395829321464928441e-01,-5.921989274417107652e-01,-7.595145675143890607e-01,1.660396360724114215e-02,3.327671760655083119e-03
1.898000000000000043e+01,4.403899783387032585e+00,5.092199129258168533e+00,5.092199129258168533e+00,5.092199129258168533e+00,-3.491041139914000668e-01,-3.491041139914000668e-01,-8.612235426405295824e-01,-6.882993458711359480e-01,-8.830074137517243127e-01,1.654416940442015801e-02,5.239701706774587894e-03
1.900000000000000000e+01,4.233756391994011103e+00,5.083782041076670311e+00,5.083782041076670311e+00,5.083782041076670311e+00,-4.208544090748968514e-01,-4.208544090748968514e-01,-1.066607064826367912e+00,-8.500256490826592071e-01,-1.090222276325479855e+00,1.647034332901544176e-02,7.144868170096608205e-03
1.901999999999999957e+01,4.528860253057388263e+00,5.074848391847130991e+00,5.074848391847130991e+00,5.074848391847130991e+00,-4.466824614769860369e-01,-4.466824614769860369e-01,-6.791349330957886510e-01,-5.459881387897427274e-01,-7.047506707844881646e-01,1.642262005524578253e-02,9.193117633453739765e-03
1.903999999999999915e+01,4.766148925354069199e+00,5.066078571318774593e+00,5.066078571318774593e+00,5.066078571318774593e+00,-4.384910264178207284e-01,-4.384910264178207284e-01,-3.647681108853329524e-01,-2.999296459647053936e-01,-3.920483224461884797e-01,1.639607190112737922e-02,1.088413965972820016e-02
1.905999999999999872e+01,4.492000626203214608e+00,5.056784240801825980e+00,5.056784240801825980e+00,5.056784240801825980e+00,-4.647165258474368899e-01,-4.647165258474368899e-01,-7.007460207139825092e-01,-5.647836145986113721e-01,-7.290789902967611535e-01,1.634670119784744149e-02,1.198626838493122709e-02
1.908000000000000185e+01,4.772336291043952627e+00,5.047755527950469556e+00,5.047755527950469556e+00,5.047755527950469556e+00,-4.514356425678370810e-01,-4.514356425678370810e-01,-3.319076930514386348e-01,-2.754192369065169288e-01,-3.612488961924991693e-01,1.632223867416826568e-02,1.301896446689226709e-02
1.910000000000000142e+01,4.849861158075701617e+00,5.039186864272537036e+00,5.039186864272537036e+00,5.039186864272537036e+00,-4.284331838966329853e-01,-4.284331838966329853e-01,-2.214110558557961794e-01,-1.893257061968354193e-01,-2.513258497409552872e-01,1.630521975835903456e-02,1.360957412680008707e-02
1.912000000000000099e+01,4.610150831272884275e+00,5.030445439876698011e+00,5.030445439876698011e+00,5.030445439876698011e+00,-4.370712197919364161e-01,-4.370712197919364161e-01,-5.148135428496675159e-01,-4.202946086038137352e-01,-5.448757619095589977e-01,1.626832265952106449e-02,1.379389640037045547e-02
1.914000000000000057e+01,4.856368623594807588e+00,5.022196527424852341e+00,5.022196527424852341e+00,5.022196527424852341e+00,-4.124456225922720765e-01,-4.124456225922720765e-01,-1.908152477952928527e-01,-1.658279038300447539e-01,-2.210775566780008305e-01,1.625335205332082214e-02,1.400895682938715393e-02
1.916000000000000014e+01,4.974458547186755730e+00,5.014711586908856766e+00,5.014711586908856766e+00,5.014711586908856766e+00,-3.742470257997920213e-01,-3.742470257997920213e-01,-3.045965466747172640e-02,-4.025303972210103609e-02,-6.062723490238269841e-02,1.625335205332082214e-02,1.391422818159015161e-02
1.917999999999999972e+01,5.028830673280696217e+00,5.008070444548160083e+00,5.008070444548160083e+00,5.008070444548160083e+00,-3.320571180348492191e-01,-3.320571180348492191e-01,4.765205184963582086e-02,2.076022873253613454e-02,1.793123969223610337e-02,1.625335205332082214e-02,1.346746010407890229e-02
1.919999999999999929e+01,5.173917928042401471e+00,5.002572673283419036e+00,5.002572673283419036e+00,5.002572673283419036e+00,-2.748885632370572929e-01,-2.748885632370572929e-01,2.396284299430700704e-01,1.713452547589824349e-01,2.106263040376865625e-01,1.626761493690132704e-02,1.273451096848218084e-02
1.921999999999999886e+01,5.101370162625090465e+00,4.997931481086657080e+00,4.997931481086657080e+00,4.997931481086657080e+00,-2.320596098380829642e-01,-2.320596098380829642e-01,1.534009707526859945e-01,1.034386815384333858e-01,1.254728114639227232e-01,1.627611152098470959e-02,1.165204776777856860e-02
1.924000000000000199e+01,5.351878614399463885e+00,4.994706982424437669e+00,4.994706982424437669e+00,4.994706982424437669e+00,-1.612249331109600059e-01,-1.612249331109600059e-01,4.762871574331467017e-01,3.571716319750262159e-01,4.495128593072646450e-01,1.630655097444961080e-02,1.046774715143245285e-02
1.926000000000000156e+01,5.154494998452554988e+00,4.992261302221319141e+00,4.992261302221319141e+00,4.992261302221319141e+00,-1.222840101559315162e-01,-1.222840101559315162e-01,2.281842964393250295e-01,1.622336962312358466e-01,2.029307803557089951e-01,1.632029274382803055e-02,8.933223339787983025e-03
1.928000000000000114e+01,5.653437530192742422e+00,4.991787274375516503e+00,4.991787274375516503e+00,4.991787274375516503e+00,-2.370139229012380166e-02,-2.370139229012380166e-02,8.635421685021457128e-01,6.616502558172259185e-01,8.396938095237075350e-01,1.637715389943357469e-02,7.471205079004615210e-03
1.930000000000000071e+01,5.637985273584634527e+00,4.993045789504985343e+00,4.993045789504985343e+00,4.993045789504985343e+00,6.292575647343441603e-02,6.292575647343441603e-02,8.425700953454583475e-01,6.449394840796491835e-01,8.206714589955799166e-01,1.643272692736555754e-02,5.465909422512944468e-03
1.932000000000000028e+01,5.341406822735253357e+00,4.995102614309987032e+00,4.995102614309987032e+00,4.995102614309987032e+00,1.028412402500857026e-01,1.028412402500857026e-01,4.620805942399472954e-01,3.463042084252663244e-01,4.424185122024403838e-01,1.646268597622336030e-02,3.199396061283578657e-03
1.933999999999999986e+01,5.231176654439630980e+00,4.997588781230085431e+00,4.997588781230085431e+00,4.997588781230085431e+00,1.243083460049101419e-01,1.243083460049101419e-01,3.175122977983300121e-01,2.335878732095455490e-01,2.998140309646478152e-01,1.648298834367450949e-02,1.215278490007663977e-03
1.935999999999999943e+01,5.854702852664148693e+00,5.002035739767557665e+00,5.002035739767557665e+00,5.002035739767557665e+00,2.223479268736065773e-01,2.223479268736065773e-01,1.104704154691874551e+00,8.526671128965910285e-01,1.088534870721260317e+00,1.655670015381783752e-02,-3.874161832036376093e-04
1.937999999999999901e+01,5.397444306318711860e+00,5.007070550067544090e+00,5.007070550067544090e+00,5.007070550067544090e+00,2.517405149993062752e-01,2.517405149993062752e-01,5.162738081306033067e-01,3.903737562511677694e-01,5.021688795199658051e-01,1.659070529054123763e-02,-2.485776679903718700e-03
1.940000000000000213e+01,5.521519017959629849e+00,5.012933353583284735e+00,5.012933353583284735e+00,5.012933353583284735e+00,2.931401757870159552e-01,2.931401757870159552e-01,6.657371228764030757e-01,5.085856643763451146e-01,6.533495542229489361e-01,1.663494785877995749e-02,-4.247379205325843045e-03
1.942000000000000171e+01,5.599139291728423729e+00,5.019720424870289577e+00,5.019720424870289577e+00,5.019720424870289577e+00,3.393535643502363364e-01,3.393535643502363364e-01,7.552740614192200441e-01,5.794188668581341517e-01,7.444815414443265444e-01,1.668536156946043986e-02,-5.892841594566930637e-03
1.944000000000000128e+01,5.850120417711455190e+00,5.027956508661113766e+00,5.027956508661113766e+00,5.027956508661113766e+00,4.118041895412126729e-01,4.118041895412126729e-01,1.063859816259999924e+00,8.221639090503414238e-01,1.054607990908280390e+00,1.675677596884478024e-02,-7.504950617125263033e-03
1.946000000000000085e+01,5.510452877368088309e+00,5.036609411320364771e+00,5.036609411320364771e+00,5.036609411320364771e+00,4.326451329625506936e-01,4.326451329625506936e-01,6.202136237545931019e-01,4.738434660477235383e-01,6.127703882578576788e-01,1.679827065655357943e-02,-9.355035159818130344e-03
1.948000000000000043e+01,5.406459112635172204e+00,5.045348386770220017e+00,5.045348386770220017e+00,5.045348386770220017e+00,4.369487724927448857e-01,4.369487724927448857e-01,4.756815282644923926e-01,3.611107258649521867e-01,4.697091206698054688e-01,1.683007773086665423e-02,-1.085767013617969234e-02
1.950000000000000000e+01,5.339946297151997534e+00,5.053971549436022670e+00,5.053971549436022670e+00,5.053971549436022670e+00,4.311581332901367469e-01,4.311581332901367469e-01,3.790423804666632202e-01,2.859747477159748641e-01,3.741393461848574464e-01,1.685541315115948735e-02,-1.195237886935369802e-02
1.951999999999999957e+01,5.328251253897843931e+00,5.062437502286557311e+00,5.062437502286557311e+00,5.062437502286557311e+00,4.232976425267369613e-01,4.232976425267369613e-01,3.525532256561388911e-01,2.658137516112866194e-01,3.483352246665130103e-01,1.687900120574320484e-02,-1.266100021611731019e-02
1.953999999999999915e+01,5.107627021048619653e+00,5.070179241742764020e+00,5.070179241742764020e+00,5.070179241742764020e+00,3.870869728103346619e-01,3.870869728103346619e-01,6.119094536271400819e-02,3.744777930585563297e-02,5.739068882781917652e-02,1.687900120574320484e-02,-1.307874467084836796e-02
1.955999999999999872e+01,5.237761363687630123e+00,5.077580231654589049e+00,5.077580231654589049e+00,5.077580231654589049e+00,3.700494955912437822e-01,3.700494955912437822e-01,2.167122006194256156e-01,1.601811320330410737e-01,2.128292948699799514e-01,1.689341326823046163e-02,-1.301050751878479912e-02
1.958000000000000185e+01,5.038613520893546749e+00,5.084150347859956121e+00,5.084150347859956121e+00,5.084150347859956121e+00,3.285058102683662273e-01,3.285058102683662273e-01,-4.538735763753148911e-02,-4.553682696640937166e-02,-4.948772266652372298e-02,1.689341326823046163e-02,-1.279304823923822429e-02
1.960000000000000142e+01,4.863731679620187265e+00,5.089512883838708035e+00,5.089512883838708035e+00,5.089512883838708035e+00,2.681267989375811789e-01,2.681267989375811789e-01,-2.752843030394842017e-01,-2.257812042185207702e-01,-2.799317086645064512e-01,1.687445726276184249e-02,-1.222705163773955828e-02
1.962000000000000099e+01,4.448128043907353835e+00,5.092721228364363917e+00,5.092721228364363917e+00,5.092721228364363917e+00,1.604172262828102435e-01,1.604172262828102435e-01,-8.089689276101281745e-01,-6.445931844570100822e-01,-8.145587467128198034e-01,1.681929816652774634e-02,-1.122947906383614525e-02
1.964000000000000057e+01,4.886630020403465835e+00,5.095099953136042359e+00,5.095099953136042359e+00,5.095099953136042359e+00,1.189362385839132785e-01,1.189362385839132785e-01,-2.543926507061594067e-01,-2.084699327325765239e-01,-2.617358341103405706e-01,1.680157432264310982e-02,-9.458390918461930322e-03
1.966000000000000014e+01,4.733852067887742265e+00,5.096341165858873090e+00,5.096341165858873090e+00,5.096341165858873090e+00,6.206063614151710595e-02,6.206063614151710595e-02,-4.498197858400485583e-01,-3.624890979711308248e-01,-4.587848142653411232e-01,1.677050700451175602e-02,-7.805478579219215368e-03
1.967999999999999972e+01,4.480611049805689916e+00,5.095915574005191573e+00,5.095915574005191573e+00,5.095915574005191573e+00,-2.127959268407805804e-02,-2.127959268407805804e-02,-7.713416521144346172e-01,-6.153045241995016568e-01,-7.819772473875425955e-01,1.671755421453118354e-02,-6.081958941423154866e-03
1.969999999999999929e+01,4.613446089808864059e+00,5.094332330117665286e+00,5.094332330117665286e+00,5.094332330117665286e+00,-7.916219437630109268e-02,-7.916219437630109268e-02,-6.001056096063085432e-01,-4.808862403088012272e-01,-6.127362449293359825e-01,1.667606183889029994e-02,-4.045426515862812940e-03
1.971999999999999886e+01,4.577500727959710858e+00,5.091623834891843003e+00,5.091623834891843003e+00,5.091623834891843003e+00,-1.354247612911322896e-01,-1.354247612911322896e-01,-6.417878635246132557e-01,-5.141231069321321456e-01,-6.563761347406020796e-01,1.663161432110471516e-02,-2.043343105115878224e-03
1.974000000000000199e+01,4.589219163632614951e+00,5.087943095119540793e+00,5.087943095119540793e+00,5.087943095119540793e+00,-1.840369886151155265e-01,-1.840369886151155265e-01,-6.215470345309648259e-01,-4.987239314869258422e-01,-6.380539324992196004e-01,1.658840751937642327e-02,-8.150955112161796870e-05
1.976000000000000156e+01,4.189222432237179383e+00,5.082384252979274208e+00,5.082384252979274208e+00,5.082384252979274208e+00,-2.779421070133448746e-01,-2.779421070133448746e-01,-1.123088172597409118e+00,-8.931618207420948252e-01,-1.141375241860598910e+00,1.651111754236854121e-02,1.775951720821368528e-03
1.978000000000000114e+01,4.508681261460224299e+00,5.075965035951926829e+00,5.075965035951926829e+00,5.075965035951926829e+00,-3.209608513673771757e-01,-3.209608513673771757e-01,-7.081295505536676638e-01,-5.672837744917025304e-01,-7.286027992291933542e-01,1.646177908509790372e-02,4.011469590427717280e-03
1.980000000000000071e+01,4.614928853458964753e+00,5.069061562581314462e+00,5.069061562581314462e+00,5.069061562581314462e+00,-3.451736685306134311e-01,-3.451736685306134311e-01,-5.630890229997399521e-01,-4.541327091223497092e-01,-5.855159517660618596e-01,1.642212997340350769e-02,6.004798792918397167e-03
1.982000000000000028e+01,4.269492646422455628e+00,5.060865520812600771e+00,5.060865520812600771e+00,5.060865520812600771e+00,-4.098020884357049809e-01,-4.098020884357049809e-01,-9.914578675815289843e-01,-7.913728743901451423e-01,-1.015452523521750638e+00,1.635336704661384533e-02,7.641288893607836585e-03
1.983999999999999986e+01,4.114890610111449298e+00,5.051137712036038785e+00,5.051137712036038785e+00,5.051137712036038785e+00,-4.863904388281168889e-01,-4.863904388281168889e-01,-1.175685592359823950e+00,-9.362471019245894865e-01,-1.201388136590462397e+00,1.627201320429354572e-02,9.430531026344904366e-03
1.985999999999999943e+01,4.592862233991430010e+00,5.041274021266904271e+00,5.041274021266904271e+00,5.041274021266904271e+00,-4.931845384567354329e-01,-4.931845384567354329e-01,-5.543314351143021623e-01,-4.484117872754742606e-01,-5.820098571166532064e-01,1.623260151318170821e-02,1.144582048916930120e-02
1.987999999999999901e+01,4.311868952823770584e+00,5.030602198830883331e+00,5.030602198830883331e+00,5.030602198830883331e+00,-5.335911218010656043e-01,-5.335911218010656043e-01,-8.972503719000366473e-01,-7.187332460071127471e-01,-9.263444369227797903e-01,1.616987267729559988e-02,1.292419234544749801e-02
1.990000000000000213e+01,5.049769222300678706e+00,5.021107305627862338e+00,5.021107305627862338e+00,5.021107305627862338e+00,-4.747446601510703079e-01,-4.747446601510703079e-01,5.487349469888740117e-02,2.866191667281636768e-02,2.434211980664012509e-02,1.616987267729559988e-02,1.436150221495167620e-02
1.992000000000000171e+01,4.781417760899751457e+00,5.012014951837017840e+00,5.012014951837017840e+00,5.012014951837017840e+00,-4.546176895422314179e-01,-4.546176895422314179e-01,-2.734749540626812414e-01,-2.305971909372663831e-01,-3.044057218047008240e-01,1.614925937644898224e-02,1.478150836557062808e-02
1.994000000000000128e+01,4.793363122970185408e+00,5.003338468786661331e+00,5.003338468786661331e+00,5.003338468786661331e+00,-4.338241525178053726e-01,-4.338241525178053726e-01,-2.466823192979707424e-01,-2.099753458164759223e-01,-2.776878226608772149e-01,1.613045531916643474e-02,1.487504804373999956e-02
1.996000000000000085e+01,4.782239535774834849e+00,4.995029732477491713e+00,4.995029732477491713e+00,4.995029732477491713e+00,-4.154368154584645034e-01,-4.154368154584645034e-01,-2.499507819243966811e-01,-2.127901967026568641e-01,-2.807956449250196274e-01,1.611144081092741667e-02,1.473342218969554175e-02
1.998000000000000043e+01,4.789454126139616186e+00,4.987090797574188272e+00,4.987090797574188272e+00,4.987090797574188272e+00,-3.969467451651746970e-01,-3.969467451651746970e-01,-2.305361125255662169e-01,-1.976366714345720865e-01,-2.610810200491019417e-01,1.609376130878235889e-02,1.445114621475334857e-02
2.000000000000000000e+01,5.067540130541932974e+00,4.980210437610720575e+00,4.980210437610720575e+00,4.980210437610720575e+00,-3.440179981733946235e-01,-3.440179981733946235e-01,1.323407247526258157e-01,8.732969293121239929e-02,1.021706528690357746e-01,1.610067995141758329e-02,1.406939193217245782e-02
