t_s,x_ref_cm,x_meas_cm,x_meas_raw_cm,x_true_cm,v_true_cmps,v_obs_cmps,v_cmd_cmps,err_cm,p_term,i_term,d_term
0.000000000000000000e+00,5.000000000000000000e+00,2.852700155233640553e-02,1.270085999999999785e-02,1.270085999999999785e-02,6.350429999999999131e-01,1.426350077616820311e+00,6.350429999999999353e+00,4.971472998447663549e+00,6.349999999999999645e+00,4.299999999999999894e-04,0.000000000000000000e+00
2.000000000000000042e-02,5.000000000000000000e+00,6.636481170990549128e-02,3.673247761586666271e-02,3.673247761586666271e-02,1.201580880793333472e+00,1.891890507878454475e+00,6.300421807933335394e+00,4.933635188290094398e+00,6.313770708028532574e+00,8.575466778664990897e-04,-1.420644677306352917e-02
4.000000000000000083e-02,5.000000000000000000e+00,1.264567751472012447e-01,7.083735504261240434e-02,7.083735504261240434e-02,1.705243871337286610e+00,3.004598171864787393e+00,6.238210786232865956e+00,4.873543224852798339e+00,6.265716689128420391e+00,1.281839304059447220e-03,-2.878774219961387215e-02
5.999999999999999778e-02,5.000000000000000000e+00,2.088868482990293152e-01,1.138137920111894630e-01,1.138137920111894630e-01,2.148821848428852377e+00,4.121503657591404135e+00,6.141023642252947390e+00,4.791113151700971073e+00,6.189399895563053811e+00,1.700964021396787892e-03,-5.007721733150299198e-02
8.000000000000000167e-02,5.000000000000000000e+00,2.927210775560941669e-01,1.645140302306108415e-01,1.645140302306108415e-01,2.535011910971068261e+00,4.191711462853241699e+00,6.010722473851012992e+00,4.707278922443905778e+00,6.084713702660232926e+00,2.112999752443071345e-03,-7.610422856166247640e-02
1.000000000000000056e-01,5.000000000000000000e+00,3.833473385076681117e-01,2.219157239302507745e-01,2.219157239302507745e-01,2.870084684981996759e+00,4.531313047578698239e+00,5.885739651080351464e+00,4.616652661492332221e+00,5.978244231503760275e+00,2.517825739773247445e-03,-9.502240616318202715e-02
1.199999999999999956e-01,5.000000000000000000e+00,4.682915576628337018e-01,2.850860806113183488e-01,2.850860806113183488e-01,3.158517834053378159e+00,4.247210957758277949e+00,5.754416175695812541e+00,4.531708442337166076e+00,5.863148880095262250e+00,2.914857868661587838e-03,-1.116475622681112473e-01
1.400000000000000133e-01,5.000000000000000000e+00,5.705378620789426369e-01,3.532156392079510709e-01,3.532156392079510709e-01,3.406477929831635443e+00,5.112315220805447424e+00,5.638118791835952770e+00,4.429462137921057696e+00,5.755269721768200952e+00,3.304584794702584288e-03,-1.204555147269503468e-01
1.600000000000000033e-01,5.000000000000000000e+00,6.708726618421002597e-01,4.255199717725009489e-01,4.255199717725009489e-01,3.615216628227493789e+00,5.016739988157882912e+00,5.493864913790219795e+00,4.329127338157899629e+00,5.625416915159743070e+00,3.685518538563795164e-03,-1.352375199080874946e-01
1.799999999999999933e-01,5.000000000000000000e+00,7.744216254503893948e-01,5.013087041780607267e-01,5.013087041780607267e-01,3.789436620277990997e+00,5.177448180414457646e+00,5.357416548732464534e+00,4.225578374549610494e+00,5.497991719460532778e+00,4.057823489645374926e-03,-1.446329942177137506e-01
2.000000000000000111e-01,5.000000000000000000e+00,8.735192438266142778e-01,5.799547539012216424e-01,5.799547539012216424e-01,3.932302486158045340e+00,4.954880918811245039e+00,5.218095279078534432e+00,4.126480756173386055e+00,5.366484535678005763e+00,4.421223229856641700e-03,-1.528104798293276056e-01
2.200000000000000011e-01,5.000000000000000000e+00,9.732441876112641888e-01,6.609143760742328677e-01,6.609143760742328677e-01,4.047981108650560600e+00,4.986247189232495103e+00,5.089088711083198824e+00,4.026755812388735478e+00,5.240630560340200361e+00,4.776100574887552630e-03,-1.563179498318893190e-01
2.399999999999999911e-01,5.000000000000000000e+00,1.074401479458678477e+00,7.436980694227857125e-01,7.436980694227857125e-01,4.139184667427641351e+00,5.057864592370719059e+00,4.960016696421369886e+00,3.925598520541321523e+00,5.113979881733694555e+00,5.122401574752983439e-03,-1.590855868870781897e-01
2.600000000000000089e-01,5.000000000000000000e+00,1.194897007481775963e+00,8.278618612004313704e-01,8.278618612004313704e-01,4.208189588882280674e+00,6.024776401154873007e+00,4.829233881974031029e+00,3.805102992518223814e+00,4.985510121087478375e+00,5.460003047519536648e-03,-1.617362421609670475e-01
2.800000000000000266e-01,5.000000000000000000e+00,1.313673229883648430e+00,9.129393656001820734e-01,9.129393656001820734e-01,4.253875219987536482e+00,5.938811120093619778e+00,4.665045899934841422e+00,3.686326770116351348e+00,4.832480800498144546e+00,5.787241904876103994e-03,-1.732221424681794908e-01
2.999999999999999889e-01,5.000000000000000000e+00,1.438490479105946518e+00,9.985237859710998087e-01,9.985237859710998087e-01,4.279221018545884547e+00,6.240862461114902615e+00,4.507333205571013579e+00,3.561509520894053260e+00,4.681634998047766061e+00,6.104266007106110524e-03,-1.804060584838581283e-01
3.200000000000000067e-01,5.000000000000000000e+00,1.548481749057987633e+00,1.084231933137545623e+00,1.084231933137545623e+00,4.285407358322290250e+00,5.499563497602053097e+00,4.341084416309946015e+00,3.451518250942012145e+00,4.523117091535447720e+00,6.410555825902998842e-03,-1.884432310514051467e-01
3.400000000000000244e-01,5.000000000000000000e+00,1.666942752408589135e+00,1.169776164889186232e+00,1.169776164889186232e+00,4.277211587582034902e+00,5.923050167530079513e+00,4.203449650919739433e+00,3.333057247591410643e+00,4.383428178696355815e+00,6.707386395484011936e-03,-1.866859141721000925e-01
3.599999999999999867e-01,5.000000000000000000e+00,1.783323082410606997e+00,1.254866579494004375e+00,1.254866579494004375e+00,4.254520730240911597e+00,5.819016500100898881e+00,4.050303014170799187e+00,3.216676917589393003e+00,4.232982704441091926e+00,6.994029318776873519e-03,-1.896737195890696170e-01
3.800000000000000044e-01,5.000000000000000000e+00,1.904218619941050239e+00,1.339251395319978499e+00,1.339251395319978499e+00,4.219240791298706661e+00,6.044776876522167441e+00,3.901721340818864903e+00,3.095781380058949761e+00,4.085179685338529154e+00,7.270663533689561420e-03,-1.907290080533536325e-01
4.000000000000000222e-01,5.000000000000000000e+00,2.026936993715222624e+00,1.422688655503514754e+00,1.422688655503514754e+00,4.171863009176809634e+00,6.135918688708612123e+00,3.745462970079732390e+00,2.973063006284777376e+00,3.931642352674866281e+00,7.536900732374631449e-03,-1.937162833275082874e-01
4.199999999999999845e-01,5.000000000000000000e+00,2.150969014256907119e+00,1.504955924576024895e+00,1.504955924576024895e+00,4.113363453625507482e+00,6.201601027084216788e+00,3.586867453663789007e+00,2.849030985743092881e+00,3.775790017981667468e+00,7.792584150915122382e-03,-1.967151484687936491e-01
4.400000000000000022e-01,5.000000000000000000e+00,2.258009049003296020e+00,1.585850143546386981e+00,1.585850143546386981e+00,4.044710948518106974e+00,5.352001737319438845e+00,3.426838402551502849e+00,2.741990950996703980e+00,3.618269351893728114e+00,8.037600815689029121e-03,-1.994685501579144260e-01
4.600000000000000200e-01,5.000000000000000000e+00,2.364346125191878478e+00,1.665250276614490987e+00,1.665250276614490987e+00,3.970006653405200758e+00,5.316853809429122890e+00,3.297667997389047034e+00,2.635653874808121522e+00,3.482328507765814152e+00,8.273412037474746350e-03,-1.929339224142417597e-01
4.799999999999999822e-01,5.000000000000000000e+00,2.480120212881002928e+00,1.743045938155074914e+00,1.743045938155074914e+00,3.889783077029194569e+00,5.788704384456230478e+00,3.167770889645139309e+00,2.519879787118997072e+00,3.347280421006314288e+00,8.500078270708245204e-03,-1.880096096318832899e-01
5.000000000000000000e-01,5.000000000000000000e+00,2.586692203971957760e+00,1.819101437331924531e+00,1.819101437331924531e+00,3.802774958842477737e+00,5.328599554547742478e+00,3.019701895162024474e+00,2.413307796028042240e+00,3.200247329641126459e+00,8.716787932400478153e-03,-1.892622224115022844e-01
5.200000000000000178e-01,5.000000000000000000e+00,2.694553795060794510e+00,1.893327924243303428e+00,1.893327924243303428e+00,3.711324345568942640e+00,5.393079554441844614e+00,2.888268826107125875e+00,2.305446204939205490e+00,3.064900900955613849e+00,8.924332402858890442e-03,-1.855564072513471163e-01
5.400000000000000355e-01,5.000000000000000000e+00,2.792538498232201238e+00,1.965638631910766598e+00,1.965638631910766598e+00,3.615535383373157607e+00,4.899235158570334647e+00,2.753434723611091428e+00,2.207461501767798762e+00,2.927916680272791172e+00,9.122600776483661897e-03,-1.836045574381836853e-01
5.600000000000000533e-01,5.000000000000000000e+00,2.886792733115309595e+00,2.035989206766132931e+00,2.035989206766132931e+00,3.517528742768306849e+00,4.712711744155428484e+00,2.635468977324651352e+00,2.113207266884690405e+00,2.803476107245104654e+00,9.312442465635692099e-03,-1.773195723860891415e-01
5.799999999999999600e-01,5.000000000000000000e+00,2.996043578928314410e+00,2.104349134331146676e+00,2.104349134331146676e+00,3.417996378250685474e+00,5.462542290650243437e+00,2.522205097592094436e+00,2.003956421071685590e+00,2.683773228943556965e+00,9.494178290587775015e-03,-1.710623096420503531e-01
5.999999999999999778e-01,5.000000000000000000e+00,3.084706709859402096e+00,2.170634150410338137e+00,2.170634150410338137e+00,3.314250803959569946e+00,4.433156546554380739e+00,2.380540635339528865e+00,1.915293290140597904e+00,2.545024654761040672e+00,9.666518542799939356e-03,-1.741505379643116525e-01
6.199999999999999956e-01,5.000000000000000000e+00,3.174728593379039676e+00,2.234843053074541785e+00,2.234843053074541785e+00,3.210445133210173996e+00,4.501094175981870116e+00,2.276194096465611771e+00,1.825271406620960324e+00,2.432422478478559302e+00,9.831233765752031215e-03,-1.660596157786998206e-01
6.400000000000000133e-01,5.000000000000000000e+00,3.248300787002768253e+00,2.296965086001280021e+00,2.296965086001280021e+00,3.106101646336903777e+00,3.678609681186420843e+00,2.167010264477471804e+00,1.751699212997231747e+00,2.318094686408619598e+00,9.988207106721434456e-03,-1.610726290378693970e-01
6.600000000000000311e-01,5.000000000000000000e+00,3.338359558142341754e+00,2.357045729757333064e+00,2.357045729757333064e+00,3.004032187802653020e+00,4.502938556978680396e+00,2.085407060994398432e+00,1.661640441857658246e+00,2.224658000506484434e+00,1.013885323903919618e-02,-1.493897927511254053e-01
6.800000000000000488e-01,5.000000000000000000e+00,3.414839881804203614e+00,2.415060595122826559e+00,2.415060595122826559e+00,2.900743268274684539e+00,3.824016183093093435e+00,1.971142992522969539e+00,1.585160118195796386e+00,2.110283361159225990e+00,1.028175431703895470e-02,-1.494221229532953776e-01
7.000000000000000666e-01,5.000000000000000000e+00,3.486329219279619807e+00,2.471035751433660721e+00,2.471035751433660721e+00,2.798757815541711214e+00,3.574466873770809183e+00,1.880888740944951509e+00,1.513670780720380193e+00,2.013153350108661588e+00,1.041807808720379355e-02,-1.426826872509139588e-01
7.199999999999999734e-01,5.000000000000000000e+00,3.568825501712312054e+00,2.525008253261713076e+00,2.525008253261713076e+00,2.698625091402623077e+00,4.124814121634615915e+00,1.797430574150831628e+00,1.431174498287687946e+00,1.922361891514882792e+00,1.054825377434574600e-02,-1.354795711383970369e-01
7.399999999999999911e-01,5.000000000000000000e+00,3.634067214156450287e+00,2.576968193105276583e+00,2.576968193105276583e+00,2.597996992178181141e+00,3.262085622206907232e+00,1.692344099158203496e+00,1.365932785843549713e+00,1.817591612825363745e+00,1.067133478119848718e-02,-1.359188484483586645e-01
7.600000000000000089e-01,5.000000000000000000e+00,3.696690371213571691e+00,2.626967918717105999e+00,2.626967918717105999e+00,2.499986280591468546e+00,3.131157852856073731e+00,1.617889876311057185e+00,1.303309628786428309e+00,1.734734638021308228e+00,1.078880500078103176e-02,-1.276335667110319039e-01
7.800000000000000266e-01,5.000000000000000000e+00,3.750716204547486221e+00,2.675058820346303268e+00,2.675058820346303268e+00,2.404545081459867006e+00,2.701291666695724292e+00,1.545574289275451818e+00,1.249283795452513779e+00,1.655203228558763895e+00,1.090088962885666507e-02,-1.205298289121687905e-01
8.000000000000000444e-01,5.000000000000000000e+00,3.857793772559971579e+00,2.721313277818623089e+00,2.721313277818623089e+00,2.312722873615995489e+00,5.353878400624268785e+00,1.486323003021150502e+00,1.142206227440028421e+00,1.586590420224692544e+00,1.100832803526558164e-02,-1.112757452388075941e-01
8.200000000000000622e-01,5.000000000000000000e+00,3.917932023194170998e+00,2.765603271175875566e+00,2.765603271175875566e+00,2.214499667862623866e+00,3.006912531709976744e+00,1.330490816082278593e+00,1.082067976805829002e+00,1.450601908848836219e+00,1.110655777082542386e-02,-1.312176505373830182e-01
8.399999999999999689e-01,5.000000000000000000e+00,3.970764361399353515e+00,2.807991514681339229e+00,2.807991514681339229e+00,2.119412175273184928e+00,2.641616910259123596e+00,1.263624741968234266e+00,1.029235638600646485e+00,1.374226330543402819e+00,1.119961561683072496e-02,-1.218012041919994265e-01
8.599999999999999867e-01,5.000000000000000000e+00,4.021930480338056668e+00,2.848554625923344741e+00,2.848554625923344741e+00,2.028155562100265374e+00,2.558305946935174546e+00,1.206846043543991165e+00,9.780695196619433318e-01,1.307129261022821121e+00,1.128812988175038022e-02,-1.115713473605804973e-01
8.800000000000000044e-01,5.000000000000000000e+00,4.083247638119436473e+00,2.887361305768044062e+00,2.887361305768044062e+00,1.940333992234961613e+00,3.065857889068976494e+00,1.149939863447228650e+00,9.167523618805635266e-01,1.242148289970667951e+00,1.137224386044130738e-02,-1.035806703838805243e-01
9.000000000000000222e-01,5.000000000000000000e+00,4.137164410375199886e+00,2.924432685968889611e+00,2.924432685968889611e+00,1.853569010042269039e+00,2.695838612788161281e+00,1.072684170308035423e+00,8.628355896248001144e-01,1.164275499588315776e+00,1.145108456356303504e-02,-1.030424138438435083e-01
9.200000000000000400e-01,5.000000000000000000e+00,4.186059542332507100e+00,2.959813620639597964e+00,2.959813620639597964e+00,1.769046733535412752e+00,2.444756597865349157e+00,1.008346244973706174e+00,8.139404576674929004e-01,1.095801198823496136e+00,1.152528842427076768e-02,-9.898024227406063136e-02
9.400000000000000577e-01,5.000000000000000000e+00,4.224897643548056969e+00,2.993559789289705009e+00,2.993559789289705009e+00,1.687308432505348010e+00,1.941905060777488146e+00,9.516637232347647801e-01,7.751023564519430309e-01,1.033704381237716019e+00,1.159528730363017235e-02,-9.363594530658143900e-02
9.599999999999999645e-01,5.000000000000000000e+00,4.254580731957879891e+00,3.025753651880161765e+00,3.025753651880161765e+00,1.609693129522843380e+00,1.484154420491168302e+00,9.111554026803019291e-01,7.454192680421201089e-01,9.843799926939676981e-01,1.166194610628503922e-02,-8.488653611995083947e-02
9.799999999999999822e-01,5.000000000000000000e+00,4.307342801347722627e+00,3.056496539750102492e+00,3.056496539750102492e+00,1.537144393497036132e+00,2.638103469492115938e+00,8.842057692647717904e-01,6.926571986522773727e-01,9.466824704134925161e-01,1.172605216333666087e-02,-7.420275331205740399e-02
1.000000000000000000e+00,5.000000000000000000e+00,4.342634955429446997e+00,3.085791624483241513e+00,3.085791624483241513e+00,1.464754236656955699e+00,1.764607704086216255e+00,8.132428250962311367e-01,6.573650445705530032e-01,8.796746422883923167e-01,1.178562068242075718e-02,-7.821743787458186603e-02
1.020000000000000018e+00,5.000000000000000000e+00,4.388756243226992204e+00,3.113705936865938551e+00,3.113705936865938551e+00,1.395715619134855201e+00,2.306064389877242160e+00,7.743680614359500503e-01,6.112437567730077959e-01,8.348536066046022830e-01,1.184215407625382500e-02,-7.232769924490604907e-02
1.040000000000000036e+00,5.000000000000000000e+00,4.416849843009554633e+00,3.140257971013058924e+00,3.140257971013058924e+00,1.327601707356014238e+00,1.404679989128133855e+00,7.145765013464444593e-01,5.831501569904453675e-01,7.762795711017198563e-01,1.189472103933630377e-02,-7.359779079461174767e-02
1.060000000000000053e+00,5.000000000000000000e+00,4.459659907671452039e+00,3.165528874755632494e+00,3.165528874755632494e+00,1.263545187128688685e+00,2.140503233094884106e+00,6.870365050827588194e-01,5.403400923285479607e-01,7.406006993778656566e-01,1.194487195283748179e-02,-6.550906624794430866e-02
1.080000000000000071e+00,5.000000000000000000e+00,4.503016616958074536e+00,3.189534783123714412e+00,3.189534783123714412e+00,1.200295418404104586e+00,2.167835464331143491e+00,6.310474998828476956e-01,4.969833830419254639e-01,6.862319172572559633e-01,1.199134120077773730e-02,-6.717575857518592874e-02
1.100000000000000089e+00,5.000000000000000000e+00,4.532079717038516087e+00,3.212289277267003307e+00,3.212289277267003307e+00,1.137724707164453841e+00,1.453155004022094410e+00,5.745883060075965831e-01,4.679202829614839132e-01,6.311688964632453658e-01,1.203408177171934323e-02,-6.861467222736815363e-02
1.120000000000000107e+00,5.000000000000000000e+00,4.560377848977838156e+00,3.233855980771719096e+00,3.233855980771719096e+00,1.078335175235800580e+00,1.414906596966112984e+00,5.438293878779210111e-01,4.396221510221618445e-01,5.942587593610846319e-01,1.207432291605403142e-02,-6.250369439921760195e-02
1.140000000000000124e+00,5.000000000000000000e+00,4.596458249555018583e+00,3.254291188338831464e+00,3.254291188338831464e+00,1.021760378355615728e+00,1.804020028859024904e+00,5.125872064339528356e-01,4.035417504449814174e-01,5.583201317981455469e-01,1.211213042104193789e-02,-5.784505578523470998e-02
1.159999999999999920e+00,5.000000000000000000e+00,4.646061032789035927e+00,3.273615245708311861e+00,3.273615245708311861e+00,9.662028684740148199e-01,2.480139161700866790e+00,4.661852795396064231e-01,3.539389672109640728e-01,5.124980230651263735e-01,1.214683501158020547e-02,-5.845957853710014723e-02
1.179999999999999938e+00,5.000000000000000000e+00,4.683097848911094374e+00,3.291799009083032690e+00,3.291799009083032690e+00,9.091881687360306996e-01,1.851840806102913461e+00,3.960558710941740057e-01,3.169021510889056259e-01,4.495024883579243902e-01,1.217727376276034855e-02,-6.562389102651074169e-02
1.199999999999999956e+00,5.000000000000000000e+00,4.709144600383713630e+00,3.308864974522447877e+00,3.308864974522447877e+00,8.532982719707598029e-01,1.302337573630943712e+00,3.502892010833215108e-01,2.908553996162863697e-01,4.024657318829101271e-01,1.220452734775399374e-02,-6.438105814734262911e-02
1.219999999999999973e+00,5.000000000000000000e+00,4.747422860692280366e+00,3.324871499168898126e+00,3.324871499168898126e+00,8.003262323225138752e-01,1.913913015428354791e+00,3.235778754883004149e-01,2.525771393077196336e-01,3.693863575126836718e-01,1.222954091212099387e-02,-5.803802293650422994e-02
1.239999999999999991e+00,5.000000000000000000e+00,4.787612648294834017e+00,3.339824041430258905e+00,3.339824041430258905e+00,7.476271130680310906e-01,2.009489380127671865e+00,2.733350397776861951e-01,2.123873517051659832e-01,3.207729669208039258e-01,1.225126254610145807e-02,-5.968918968921919227e-02
1.260000000000000009e+00,5.000000000000000000e+00,4.818928010224294844e+00,3.353721738500514249e+00,3.353721738500514249e+00,6.948848535127662984e-01,1.565768096473056037e+00,2.202045175153837242e-01,1.810719897757051555e-01,2.697319366655607786e-01,1.226952785834810149e-02,-6.179694700852515765e-02
1.280000000000000027e+00,5.000000000000000000e+00,4.861468891462797259e+00,3.366596453091579733e+00,3.366596453091579733e+00,6.437357295532671886e-01,2.127044061925104756e+00,1.833936139177752556e-01,1.385311085372027406e-01,2.299614270151455475e-01,1.228510004946881291e-02,-5.885291314683910313e-02
1.300000000000000044e+00,5.000000000000000000e+00,4.894437487354015737e+00,3.378435394470553632e+00,3.378435394470553632e+00,5.919470689486893145e-01,1.648429794560939410e+00,1.258491235074889192e-01,1.055625126459842633e-01,1.759345078422474840e-01,1.229701372480301175e-02,-6.238239805956157652e-02
1.320000000000000062e+00,5.000000000000000000e+00,4.927801201423727129e+00,3.389263010599161685e+00,3.389263010599161685e+00,5.413808064303974321e-01,1.668185703485547844e+00,8.628444376577068531e-02,7.219879857627287123e-02,1.340643910604000233e-01,1.230609210089056611e-02,-6.008603939551990236e-02
1.340000000000000080e+00,5.000000000000000000e+00,4.972646012922927738e+00,3.399098523951320505e+00,3.399098523951320505e+00,4.917756676079431122e-01,2.242240574960010946e+00,4.532941820585446868e-02,2.735398707707226151e-02,9.169247419186654646e-02,1.231230119756812624e-02,-5.867535718358020402e-02
1.360000000000000098e+00,5.000000000000000000e+00,5.022999243674123981e+00,3.407917778765524375e+00,3.407917778765524375e+00,4.409627407101829877e-01,2.517661537559797047e+00,-1.635360136965814670e-02,-2.299924367412398141e-02,3.473956358788177212e-02,1.231230119756812624e-02,-6.340546615510804507e-02
1.380000000000000115e+00,5.000000000000000000e+00,5.069402875171300060e+00,3.415682395151325323e+00,3.415682395151325323e+00,3.882308192900406074e-01,2.320181574858794171e+00,-8.635647349124069005e-02,-6.940287517130006023e-02,-2.920903946613745764e-02,1.231230119756812624e-02,-6.945973522267136213e-02
1.400000000000000133e+00,5.000000000000000000e+00,5.069437788292699310e+00,3.422375417614428539e+00,3.422375417614428539e+00,3.346511231551654308e-01,1.745656069953360756e-03,-1.475661420587113248e-01,-6.943778829269930952e-02,-8.814165146755108260e-02,1.230633255030339455e-02,-7.173082314146364546e-02
1.419999999999999929e+00,5.000000000000000000e+00,5.096662642354607087e+00,3.428146908644892132e+00,3.428146908644892132e+00,2.885745515231789571e-01,1.361242703095404405e+00,-1.261145931646992790e-01,-9.666264235460708676e-02,-8.818599113172811976e-02,1.230036090051022171e-02,-5.022896293348137753e-02
1.439999999999999947e+00,5.000000000000000000e+00,5.140337051890658593e+00,3.433022875053802547e+00,3.433022875053802547e+00,2.437983204455260178e-01,2.183720476802563759e+00,-1.591877592533503250e-01,-1.403370518906585929e-01,-1.227615557903510013e-01,1.229204791326772572e-02,-4.871825137626703550e-02
1.459999999999999964e+00,5.000000000000000000e+00,5.172501365244896121e+00,3.436967643404048811e+00,3.436967643404048811e+00,1.972384175123062244e-01,1.608215667711882180e+00,-2.218007088866718601e-01,-1.725013652448961210e-01,-1.782280559011364118e-01,1.227997892680512959e-02,-5.585263191234057095e-02
1.479999999999999982e+00,5.000000000000000000e+00,5.208904581864860717e+00,3.439994082398388997e+00,3.439994082398388997e+00,1.513219497170083527e-01,1.820160830998214241e+00,-2.619262604406726869e-01,-2.089045818648607167e-01,-2.190767338610180859e-01,1.226514380939406831e-02,-5.511467038904868665e-02
1.500000000000000000e+00,5.000000000000000000e+00,5.246464713414631831e+00,3.442098336069090880e+00,3.442098336069090880e+00,1.052126835350979395e-01,1.878006577488557483e+00,-3.097707121020958354e-01,-2.464647134146318308e-01,-2.653088189683731057e-01,1.224717801535368973e-02,-5.670907114907644542e-02
1.520000000000000018e+00,5.000000000000000000e+00,5.288531973846861689e+00,3.443273793374117098e+00,3.443273793374117098e+00,5.877286525131595468e-02,2.103363021611512007e+00,-3.591854993027219223e-01,-2.885319738468616890e-01,-3.130101860365824273e-01,1.222598205000003171e-02,-5.840129531613952318e-02
1.540000000000000036e+00,5.000000000000000000e+00,5.325638859356214283e+00,3.443499575266837365e+00,3.443499575266837365e+00,1.128909463600302754e-02,1.855344275467611492e+00,-4.160648409018132821e-01,-3.256388593562142830e-01,-3.664356067855143451e-01,1.220116830024920232e-02,-6.183040241654813585e-02
1.560000000000000053e+00,5.000000000000000000e+00,5.355985239569105438e+00,3.442776481572886738e+00,3.442776481572886738e+00,-3.615468469752616126e-02,1.517319010644561761e+00,-4.631486986992888744e-01,-3.559852395691054383e-01,-4.135613513823921394e-01,1.217316335834456829e-02,-6.176051067524128413e-02
1.580000000000000071e+00,5.000000000000000000e+00,5.403677104330887992e+00,3.441129090127443835e+00,3.441129090127443835e+00,-8.236957227214464217e-02,2.384593238089108169e+00,-4.983035604437109911e-01,-4.036771043308879925e-01,-4.521012542527639289e-01,1.214254862774162558e-02,-5.834485481868869478e-02
1.600000000000000089e+00,5.000000000000000000e+00,5.441149570488117426e+00,3.438516129752289263e+00,3.438516129752289263e+00,-1.306480187577210295e-01,1.873623307861471243e+00,-5.651540371279084596e-01,-4.411495704881174262e-01,-5.126699225002278038e-01,1.210783239676916853e-02,-6.459194702444980007e-02
1.620000000000000107e+00,5.000000000000000000e+00,5.467357786348074455e+00,3.434940333990550876e+00,3.434940333990550876e+00,-1.787897880869106226e-01,1.310410792997848572e+00,-6.120657120496170167e-01,-4.673577863480744554e-01,-5.602599545199091757e-01,1.206989353370719123e-02,-6.387565106341511201e-02
1.640000000000000124e+00,5.000000000000000000e+00,5.489516730794201216e+00,3.430443559134705112e+00,3.430443559134705112e+00,-2.248387427922818038e-01,1.107947222306344459e+00,-6.392793351406225177e-01,-4.895167307942012158e-01,-5.935443886620546117e-01,1.202970076408125741e-02,-5.776464724264918082e-02
1.660000000000000142e+00,5.000000000000000000e+00,5.523267977129716400e+00,3.425074123658069070e+00,3.425074123658069070e+00,-2.684717738317964342e-01,1.687562316775752080e+00,-6.611690531874281351e-01,-5.232679771297163995e-01,-6.216862481086355974e-01,1.198760232523295687e-02,-5.147040740402555187e-02
1.679999999999999938e+00,5.000000000000000000e+00,5.559220679289604838e+00,3.418830741458029898e+00,3.418830741458029898e+00,-3.121691100019612364e-01,1.797635107994429715e+00,-7.054451355334444562e-01,-5.592206792896048384e-01,-6.645503309547398096e-01,1.194260127919980104e-02,-5.283740585790444588e-02
1.699999999999999956e+00,5.000000000000000000e+00,5.598139839468666779e+00,3.411705284709648289e+00,3.411705284709648289e+00,-3.562728374190826108e-01,1.945958008953090568e+00,-7.532063841731748699e-01,-5.981398394686667785e-01,-7.102102626977981892e-01,1.189450830078089480e-02,-5.489062977615755123e-02
1.719999999999999973e+00,5.000000000000000000e+00,5.620387531400647951e+00,3.403681174215178462e+00,3.403681174215178462e+00,-4.012055247234846966e-01,1.112384596599039099e+00,-8.055997104631034134e-01,-6.203875314006479513e-01,-7.596375961252068709e-01,1.184306827458658957e-02,-5.780518261248313028e-02
1.739999999999999991e+00,5.000000000000000000e+00,5.643547463620522286e+00,3.394804183913469942e+00,3.394804183913469942e+00,-4.438495150854163684e-01,1.157996610993737185e+00,-8.276454283428015257e-01,-6.435474636205222865e-01,-7.878921648788228538e-01,1.178971494688613349e-02,-5.154297841086481757e-02
1.760000000000000009e+00,5.000000000000000000e+00,5.656888384413501392e+00,3.385108523361800348e+00,3.385108523361800348e+00,-4.847830275834898450e-01,6.670460396489430455e-01,-8.531846400661513563e-01,-6.568883844135013916e-01,-8.173052787980633616e-01,1.173436986501476785e-02,-4.761373113310279209e-02
1.780000000000000027e+00,5.000000000000000000e+00,5.674226251821371747e+00,3.374657341343119121e+00,3.374657341343119121e+00,-5.225591009340675441e-01,8.668933703935199908e-01,-8.625437610892671136e-01,-6.742262518213717470e-01,-8.342482482051467585e-01,1.167787746395520729e-02,-3.997339034807555203e-02
1.800000000000000044e+00,5.000000000000000000e+00,5.683559413409065897e+00,3.363488751372266883e+00,3.363488751372266883e+00,-5.584294985426223601e-01,4.666580793847274200e-01,-8.812630770196159258e-01,-6.835594134090658969e-01,-8.562673398131421809e-01,1.161989400629856971e-02,-3.661563121277232324e-02
1.820000000000000062e+00,5.000000000000000000e+00,5.711392697528937745e+00,3.351663343991595045e+00,3.351663343991595045e+00,-5.912703690335981976e-01,1.391664205993602188e+00,-8.868382034523807356e-01,-7.113926975289377452e-01,-8.681204550295137379e-01,1.156110789674539077e-02,-3.027885631961231214e-02
1.840000000000000080e+00,5.000000000000000000e+00,5.719496197248875369e+00,3.339166427403685411e+00,3.339166427403685411e+00,-6.248458293954801679e-01,4.051749859968808987e-01,-9.270249726524179001e-01,-7.194961972488753688e-01,-9.034687258617509764e-01,1.149992812475790147e-02,-3.505617491542480091e-02
1.860000000000000098e+00,5.000000000000000000e+00,5.715419343669335461e+00,3.326057408505855406e+00,3.326057408505855406e+00,-6.554509448914924707e-01,-2.038426789770144687e-01,-9.308969843556034185e-01,-7.154193436693354613e-01,-9.137601705060717228e-01,1.143805145179449881e-02,-2.857486530132629862e-02
1.880000000000000115e+00,5.000000000000000000e+00,5.730048899447724331e+00,3.312428935150408371e+00,3.312428935150408371e+00,-6.814236677723566338e-01,7.314777889194450378e-01,-9.151781737001346562e-01,-7.300488994477243310e-01,-9.085825664600560847e-01,1.137652538823893597e-02,-1.797213262831753519e-02
1.900000000000000133e+00,5.000000000000000000e+00,5.729003401863662859e+00,3.298291880385039399e+00,3.298291880385039399e+00,-7.068527382684393068e-01,-5.227487920307005709e-02,-9.357143727331834748e-01,-7.290034018636628588e-01,-9.271621022986099581e-01,1.131374118288643212e-02,-1.986601161745993327e-02
1.919999999999999929e+00,5.000000000000000000e+00,5.732183243776995951e+00,3.283712593448583572e+00,3.283712593448583572e+00,-7.289643468227838818e-01,1.589920956666714957e-01,-9.279688238118850574e-01,-7.321832437769959512e-01,-9.258343203668518706e-01,1.125104689032615721e-02,-1.338555033535934052e-02
1.939999999999999947e+00,5.000000000000000000e+00,5.724484423590286752e+00,3.268731959031827561e+00,3.268731959031827561e+00,-7.490317208378070024e-01,-3.849410093354705964e-01,-9.296380869730149765e-01,-7.244844235902867524e-01,-9.298727195967848580e-01,1.118807913136133508e-02,-1.095344650759141891e-02
1.959999999999999964e+00,5.000000000000000000e+00,5.733212081505093316e+00,3.253423782367564687e+00,3.253423782367564687e+00,-7.654088332131327999e-01,4.363828957403235731e-01,-9.128028445910644217e-01,-7.332120815050933160e-01,-9.200952179596642022e-01,1.112577347093257098e-02,-3.833400102332812191e-03
1.979999999999999982e+00,5.000000000000000000e+00,5.740271416035253260e+00,3.237792130609742802e+00,3.237792130609742802e+00,-7.815825878910946933e-01,3.529667265079809990e-01,-9.271463799927520677e-01,-7.402714160352532602e-01,-9.311793435114684714e-01,1.106271723192313317e-02,-7.029753713206637541e-03
2.000000000000000000e+00,5.000000000000000000e+00,5.746847421428223690e+00,3.221848479986363145e+00,3.221848479986363145e+00,-7.971825311689744176e-01,3.288002696485230469e-01,-9.375820206698918247e-01,-7.468474214282236900e-01,-9.401446983647716582e-01,1.099905389014410075e-02,-8.436376195264298425e-03
2.020000000000000018e+00,5.000000000000000000e+00,5.743416029211805274e+00,3.205605710996872748e+00,3.205605710996872748e+00,-8.121384494745096383e-01,-1.715696108209164850e-01,-9.467417142243271799e-01,-7.434160292118052737e-01,-9.484962252138441352e-01,1.093482501190127382e-02,-9.180314022384283845e-03
2.040000000000000036e+00,5.000000000000000000e+00,5.735628551641381634e+00,3.189111249201616705e+00,3.189111249201616705e+00,-8.247230897628082813e-01,-3.893738785211756648e-01,-9.379848523574962904e-01,-7.356285516413816339e-01,-9.441383570989927421e-01,1.087089123338905866e-02,-4.717386491892626953e-03
2.060000000000000053e+00,5.000000000000000000e+00,5.737152676784789129e+00,3.172420504305644595e+00,3.172420504305644595e+00,-8.345372447986134645e-01,7.620625717037876612e-02,-9.228646401208606687e-01,-7.371526767847891293e-01,-9.342482605845546795e-01,1.080762717794789968e-02,5.759932857461336903e-04
2.080000000000000071e+00,5.000000000000000000e+00,5.738170917689918937e+00,3.155547242926288742e+00,3.155547242926288742e+00,-8.436630689677853123e-01,5.091204525650089296e-02,-9.257954864903323866e-01,-7.381709176899189373e-01,-9.361838995166822386e-01,1.074423204774440851e-02,-3.558190213946391556e-04
2.100000000000000089e+00,5.000000000000000000e+00,5.734666209783745749e+00,3.138506202738062356e+00,3.138506202738062356e+00,-8.520520094113173126e-01,-1.752353953086666083e-01,-9.275524734031047602e-01,-7.346662097837457495e-01,-9.374770654661970237e-01,1.068074934882307613e-02,-7.561572857308917778e-04
2.120000000000000107e+00,5.000000000000000000e+00,5.733616681672538462e+00,3.121326881600792191e+00,3.121326881600792191e+00,-8.589660568635169025e-01,-5.247640556036481385e-02,-9.211924839333128778e-01,-7.336166816725384621e-01,-9.330260864253571151e-01,1.061756805478167483e-02,1.216034437262623414e-03
2.140000000000000124e+00,5.000000000000000000e+00,5.721985397460181311e+00,3.104025962938051997e+00,3.104025962938051997e+00,-8.650459331370152771e-01,-5.815642106178540160e-01,-9.197648195985008712e-01,-7.219853974601813107e-01,-9.316931857241238513e-01,1.055447702015783681e-02,1.373889105465065600e-03
2.160000000000000142e+00,5.000000000000000000e+00,5.721255556852617552e+00,3.086655786208412078e+00,3.086655786208412078e+00,-8.685088364820011675e-01,-3.649203037817183581e-02,-8.996749665868746249e-01,-7.212555568526175520e-01,-9.169214547744303223e-01,1.049238627597626206e-02,6.754101911579407647e-03
2.180000000000000160e+00,5.000000000000000000e+00,5.697936387909146028e+00,3.069221681417848124e+00,3.069221681417848124e+00,-8.717052395282075539e-01,-1.165958447173558454e+00,-9.004728669440650313e-01,-6.979363879091460277e-01,-9.159945572028242999e-01,1.043035829808693776e-02,5.091331960672337842e-03
2.200000000000000178e+00,5.000000000000000000e+00,5.681513142025261587e+00,3.051809323109601291e+00,3.051809323109601291e+00,-8.706179154123436792e-01,-8.211622941942060550e-01,-8.608319983695693622e-01,-6.815131420252615868e-01,-8.863792126446154995e-01,1.037033576872675202e-02,1.517687850631945466e-02
2.220000000000000195e+00,5.000000000000000000e+00,5.676051614688518931e+00,3.034465385885521282e+00,3.034465385885521282e+00,-8.671968612040065194e-01,-2.730763668371283259e-01,-8.364073733289716372e-01,-6.760516146885189315e-01,-8.655216903720822641e-01,1.031172563851258037e-02,1.880259140459807077e-02
2.240000000000000213e+00,5.000000000000000000e+00,5.669130119451654792e+00,3.017190941762133427e+00,3.017190941762133427e+00,-8.637222061693912156e-01,-3.460747618432186146e-01,-8.324503108578532595e-01,-6.691301194516547923e-01,-8.585855506544191051e-01,1.025358519964936731e-02,1.588165459691649045e-02
2.260000000000000231e+00,5.000000000000000000e+00,5.674173706621741253e+00,2.999993871753387609e+00,2.999993871753387609e+00,-8.598535004372945822e-01,2.521793585043387020e-01,-8.250351488484251039e-01,-6.741737066217412533e-01,-8.497952517036015951e-01,1.019604000937652556e-02,1.456406284579988414e-02
2.280000000000000249e+00,5.000000000000000000e+00,5.667808256325256977e+00,2.982839749928000828e+00,2.982839749928000828e+00,-8.577060912693298400e-01,-3.182725148242137037e-01,-8.383794087576474929e-01,-6.678082563252569770e-01,-8.562006074096114583e-01,1.013806107060705522e-02,7.683137581356861562e-03
2.300000000000000266e+00,5.000000000000000000e+00,5.648876932608180468e+00,2.965742064954317136e+00,2.965742064954317136e+00,-8.548842486841883304e-01,-9.465661858538374496e-01,-8.294876654179142994e-01,-6.488769326081804678e-01,-8.481164855330763919e-01,1.008062956056308274e-02,8.548190554598973298e-03
2.319999999999999840e+00,5.000000000000000000e+00,5.643032265388173485e+00,2.948756873786664290e+00,2.948756873786664290e+00,-8.492595583826402228e-01,-2.922333610003523541e-01,-7.986373456687071437e-01,-6.430322653881734851e-01,-8.240737044123892518e-01,1.002482614435877897e-02,1.541153259932338294e-02
2.339999999999999858e+00,5.000000000000000000e+00,5.642426143149025464e+00,2.931884236266620203e+00,2.931884236266620203e+00,-8.436318760022116781e-01,-3.030611195738064367e-02,-7.929827345783549974e-01,-6.424261431490254637e-01,-8.166509770429802861e-01,9.969525369535395254e-03,1.369871709508984486e-02
2.359999999999999876e+00,5.000000000000000000e+00,5.646793328881266838e+00,2.915106710550107838e+00,2.915106710550107838e+00,-8.388762858256284538e-01,2.183592866120778186e-01,-7.960759742363792135e-01,-6.467933288812668380e-01,-8.158812017992623788e-01,9.914276721224579703e-03,9.890950841658606441e-03
2.379999999999999893e+00,5.000000000000000000e+00,5.641799794174485072e+00,2.898393297269067137e+00,2.898393297269067137e+00,-8.356706640520419338e-01,-2.496767353390794142e-01,-8.068200680897632537e-01,-6.417997941744850721e-01,-8.214275276792089020e-01,9.858652494940790476e-03,4.748807094504820490e-03
2.399999999999999911e+00,5.000000000000000000e+00,5.655460761645759504e+00,2.881752282644852947e+00,2.881752282644852947e+00,-8.320507312107201514e-01,6.830483735637051801e-01,-7.994713356388235548e-01,-6.554607616457595043e-01,-8.150857386015960548e-01,9.803457712641783922e-03,5.810945250130693587e-03
2.419999999999999929e+00,5.000000000000000000e+00,5.661469781777910271e+00,2.865124522324402623e+00,2.865124522324402623e+00,-8.313880160225058935e-01,3.004510066075417596e-01,-8.254235793285775724e-01,-6.614697817779102706e-01,-8.324351672901145749e-01,9.747088087140249116e-03,-2.735500125603182453e-03
2.439999999999999947e+00,5.000000000000000000e+00,5.663995965425606904e+00,2.848488970509425844e+00,2.848488970509425844e+00,-8.317775907488325071e-01,1.263091823848317419e-01,-8.352837632857720296e-01,-6.639959654256069044e-01,-8.400666228579460881e-01,9.690201685907348997e-03,-4.907342113733309530e-03
2.459999999999999964e+00,5.000000000000000000e+00,5.679513153678045434e+00,2.831840303961959293e+00,2.831840303961959293e+00,-8.324333273733298677e-01,7.758594126219255926e-01,-8.383349569938063350e-01,-6.795131536780454340e-01,-8.432748760905207641e-01,9.633098032880746397e-03,-4.693178936166240121e-03
2.479999999999999982e+00,5.000000000000000000e+00,5.685389307778365264e+00,2.815127664408690222e+00,2.815127664408690222e+00,-8.356319776634453245e-01,2.938077050160080583e-01,-8.644198302744841023e-01,-6.853893077783652643e-01,-8.629817051711177189e-01,9.574659901664435077e-03,-1.101278500503075596e-02
2.500000000000000000e+00,5.000000000000000000e+00,5.688574991018697347e+00,2.798343160853342670e+00,2.798343160853342670e+00,-8.392251777673817026e-01,1.592841620165901806e-01,-8.715639787028092167e-01,-6.885749910186973466e-01,-8.704444208785239168e-01,9.515716421195495600e-03,-1.063527424548080420e-02
2.520000000000000018e+00,5.000000000000000000e+00,5.709633613521466700e+00,2.781488977849835287e+00,2.781488977849835287e+00,-8.427091501753735114e-01,1.052931125138464985e+00,-8.740649018472996801e-01,-7.096336135214666996e-01,-8.744902385937456391e-01,9.456498971967887066e-03,-9.031162225521940229e-03
2.540000000000000036e+00,5.000000000000000000e+00,5.723767528391304538e+00,2.764502916694167922e+00,2.764502916694167922e+00,-8.493030577833663441e-01,7.066957434919044490e-01,-9.086482262553021716e-01,-7.237675283913045376e-01,-9.012346891722626818e-01,9.395470481205040608e-03,-1.680900756424449569e-02
2.560000000000000053e+00,5.000000000000000000e+00,5.726320328796036918e+00,2.747358148595100857e+00,2.747358148595100857e+00,-8.572384049533641193e-01,1.276400202366354819e-01,-9.286565294833438733e-01,-7.263203287960369181e-01,-9.191847610569567895e-01,9.333226473763387918e-03,-1.880499490015039021e-02
2.580000000000000071e+00,5.000000000000000000e+00,5.734007841152969576e+00,2.730072675614585886e+00,2.730072675614585886e+00,-8.642736490257418858e-01,3.843756178466244400e-01,-9.275908456771420063e-01,-7.340078411529695757e-01,-9.224268175709668949e-01,9.270762925486928513e-03,-1.443479103166199831e-02
2.600000000000000089e+00,5.000000000000000000e+00,5.739765907706209980e+00,2.712641919822344594e+00,2.712641919822344594e+00,-8.715377896120716228e-01,2.879033276620059922e-01,-9.369150548890394781e-01,-7.397659077062099797e-01,-9.321899582642714233e-01,9.207638251147773345e-03,-1.393273487591586285e-02
2.620000000000000107e+00,5.000000000000000000e+00,5.752926738845282273e+00,2.695068281377406283e+00,2.695068281377406283e+00,-8.786819222469101076e-01,6.580415569536328668e-01,-9.429791159604564710e-01,-7.529267388452822729e-01,-9.395027027868866343e-01,9.144018383085039670e-03,-1.262043155665482433e-02
2.640000000000000124e+00,5.000000000000000000e+00,5.756972613423448237e+00,2.677326954601668252e+00,2.677326954601668252e+00,-8.870663387869071048e-01,2.022937289082865631e-01,-9.625260876468805238e-01,-7.569726134234482373e-01,-9.562169583335085044e-01,9.079266683544345157e-03,-1.538839599691637847e-02
2.660000000000000142e+00,5.000000000000000000e+00,5.775968447523380789e+00,2.659429504954010426e+00,2.659429504954010426e+00,-8.948724823828921870e-01,9.497917049966342340e-01,-9.651277747467575940e-01,-7.759684475233807888e-01,-9.613552190477793191e-01,9.014167038789927880e-03,-1.278672273776811606e-02
2.680000000000000160e+00,5.000000000000000000e+00,5.794184918024559927e+00,2.641331914019317217e+00,2.641331914019317217e+00,-9.048795467346624211e-01,9.108235250589649112e-01,-9.949431259005948602e-01,-7.941849180245599271e-01,-9.854799283546936683e-01,8.947433752302917306e-03,-1.841063129820409011e-02
2.700000000000000178e+00,5.000000000000000000e+00,5.802944379526709717e+00,2.623000692265573086e+00,2.623000692265573086e+00,-9.165610876872130053e-01,4.379730751075005535e-01,-1.021694956260168485e+00,-8.029443795267097173e-01,-1.008614845891191214e+00,8.879133849352805960e-03,-2.195924421833007206e-02
2.720000000000000195e+00,5.000000000000000000e+00,5.825379311404227600e+00,2.604441266758909190e+00,2.604441266758909190e+00,-9.279712753332026720e-01,1.121746593875875497e+00,-1.030662964147109451e+00,-8.253793114042276002e-01,-1.019739361998921456e+00,8.810080632713509705e-03,-1.973368278090164435e-02
2.740000000000000213e+00,5.000000000000000000e+00,5.829552264020995800e+00,2.585608826199925492e+00,2.585608826199925492e+00,-9.416220279491895884e-01,2.086476308384244138e-01,-1.064478801493071281e+00,-8.295522640209957999e-01,-1.048231725483369070e+00,8.739098011932745422e-03,-2.498617402163505821e-02
2.760000000000000231e+00,5.000000000000000000e+00,5.845275948467515192e+00,2.566530765554824622e+00,2.566530765554824622e+00,-9.539030322550439145e-01,7.861842223259751794e-01,-1.064432071007732850e+00,-8.452759484675151924e-01,-1.053531375306664630e+00,8.667756517226940516e-03,-1.956845221829510428e-02
2.780000000000000249e+00,5.000000000000000000e+00,5.864868509993200085e+00,2.547187643567883519e+00,2.547187643567883519e+00,-9.671560993470653678e-01,9.796280762842606293e-01,-1.086433703175258669e+00,-8.648685099932000853e-01,-1.073500454553744321e+00,8.595062785658734786e-03,-2.152831140717323052e-02
2.800000000000000266e+00,5.000000000000000000e+00,5.872774871736262448e+00,2.527549455305191373e+00,2.527549455305191373e+00,-9.819094131345965648e-01,3.953180871531272733e-01,-1.114689237222377116e+00,-8.727748717362624475e-01,-1.098383007691364099e+00,8.520684093799319597e-03,-2.482691362481233982e-02
2.819999999999999840e+00,5.000000000000000000e+00,5.902632471083627763e+00,2.507632496530097566e+00,2.507632496530097566e+00,-9.958479387547005679e-01,1.492879967368253791e+00,-1.121294669335636929e+00,-9.026324710836277632e-01,-1.108424087105053246e+00,8.445625454830001794e-03,-2.131620768541369476e-02
2.839999999999999858e+00,5.000000000000000000e+00,5.914499260406278047e+00,2.487371702294375542e+00,2.487371702294375542e+00,-1.013039711786097197e+00,5.933394661325079866e-01,-1.167765669068667966e+00,-9.144992604062780472e-01,-1.146343238276207321e+00,8.367999062316810663e-03,-2.979042985477751287e-02
2.859999999999999876e+00,5.000000000000000000e+00,5.924885263669017910e+00,2.466777212141083808e+00,2.466777212141083808e+00,-1.029724507664595112e+00,5.193001631369931204e-01,-1.179887670571075242e+00,-9.248852636690179096e-01,-1.161414060715973084e+00,8.289352125921869985e-03,-2.676296198102410054e-02
2.879999999999999893e+00,5.000000000000000000e+00,5.929018267019303678e+00,2.445861569451365014e+00,2.445861569451365014e+00,-1.045782134485932380e+00,2.066501675143015415e-01,-1.190300775877967787e+00,-9.290182670193036785e-01,-1.174604284859652736e+00,8.209811993246335024e-03,-2.390630301156132162e-02
2.899999999999999911e+00,5.000000000000000000e+00,5.941674131004361037e+00,2.424656459169680645e+00,2.424656459169680645e+00,-1.060255514084216033e+00,6.327931992528572636e-01,-1.190515930468768024e+00,-9.416741310043610369e-01,-1.179853199114515583e+00,8.129916422282675026e-03,-1.879264777653523802e-02
2.919999999999999929e+00,5.000000000000000000e+00,5.950484653980749883e+00,2.403157190540891275e+00,2.403157190540891275e+00,-1.074963431439460049e+00,4.405261488194308628e-01,-1.207334687636655524e+00,-9.504846539807498829e-01,-1.195926146375538623e+00,8.048932447016300673e-03,-1.945747370813323204e-02
2.939999999999999947e+00,5.000000000000000000e+00,5.956476115353897427e+00,2.381373536391327761e+00,2.381373536391327761e+00,-1.089182707478185463e+00,2.995730686573646606e-01,-1.217156191826713307e+00,-9.564761153538974270e-01,-1.207115510555552440e+00,7.967190766773955823e-03,-1.800787203793490637e-02
2.959999999999999964e+00,5.000000000000000000e+00,5.973685707572607306e+00,2.359323389674982341e+00,2.359323389674982341e+00,-1.102507335817264789e+00,8.604796109354786449e-01,-1.222428990868978049e+00,-9.736857075726073063e-01,-1.214724666499449768e+00,7.884933820853520792e-03,-1.558925819038191156e-02
2.979999999999999982e+00,5.000000000000000000e+00,5.991332401196525659e+00,2.336981732611420615e+00,2.336981732611420615e+00,-1.117082853178077650e+00,8.823346811959196234e-01,-1.248262509425394073e+00,-9.913324011965256588e-01,-1.236580848617211403e+00,7.801196850002276723e-03,-1.948285765818485657e-02
3.000000000000000000e+00,5.000000000000000000e+00,5.991950338201925241e+00,2.314326836732132353e+00,2.314326836732132353e+00,-1.132744793964422847e+00,3.089685026998545414e-02,-1.273702261041529171e+00,-9.919503382019252413e-01,-1.258992149519587711e+00,7.715942263499375904e-03,-2.242605378544073810e-02
3.020000000000000018e+00,5.000000000000000000e+00,6.015574925706789422e+00,2.291401125910251579e+00,2.291401125910251579e+00,-1.146285541094033356e+00,1.181229375243191049e+00,-1.268152265260528821e+00,-1.015574925706789422e+00,-1.259776929516445154e+00,7.630634534414010295e-03,-1.600597027849750761e-02
3.040000000000000036e+00,5.000000000000000000e+00,6.005220998764326801e+00,2.268157574001900656e+00,2.268157574001900656e+00,-1.162177595417549059e+00,-5.176963471231346148e-01,-1.305206084329189942e+00,-1.005220998764326801e+00,-1.289780155647622495e+00,7.543295090803226258e-03,-2.296922377237061927e-02
3.060000000000000053e+00,5.000000000000000000e+00,6.017084603270173027e+00,2.244678185237646506e+00,2.244678185237646506e+00,-1.173969438212703942e+00,5.931802252923079610e-01,-1.280096023369098335e+00,-1.017084603270173027e+00,-1.276630668430694948e+00,7.456846084909493980e-03,-1.092220102331304885e-02
3.080000000000000071e+00,5.000000000000000000e+00,6.009075438570945060e+00,2.220950971979609001e+00,2.220950971979609001e+00,-1.186360662901865703e+00,-4.004582349614121961e-01,-1.297881685104322003e+00,-1.009075438570945060e+00,-1.291697446153119655e+00,7.369376809028258847e-03,-1.355361576023055362e-02
3.100000000000000089e+00,5.000000000000000000e+00,6.005961962419459788e+00,2.197036995692024153e+00,2.197036995692024153e+00,-1.195698814379252628e+00,-1.556738075742650218e-01,-1.279742177675734949e+00,-1.005961962419459788e+00,-1.281525806985100324e+00,7.282596321311157923e-03,-5.498967011945861405e-03
3.120000000000000107e+00,5.000000000000000000e+00,5.997674964250452767e+00,2.172969068284267280e+00,2.172969068284267280e+00,-1.203396370387836756e+00,-4.143499084503540764e-01,-1.272674374465093461e+00,-9.976749642504527671e-01,-1.277571692272714055e+00,7.196083592543084731e-03,-2.298765784922437300e-03
3.140000000000000124e+00,5.000000000000000000e+00,5.988735001402390346e+00,2.148793095353258575e+00,2.148793095353258575e+00,-1.208798646550426792e+00,-4.469981424031294059e-01,-1.257419132013737562e+00,-9.887350014023903455e-01,-1.267047204598074961e+00,7.110283545617546164e-03,2.517789038719790706e-03
3.160000000000000142e+00,5.000000000000000000e+00,5.983423118004496999e+00,2.124549812424110673e+00,2.124549812424110673e+00,-1.212164146457394009e+00,-2.655941698946869822e-01,-1.242453645620099856e+00,-9.834231180044969989e-01,-1.255693451781035863e+00,7.025252335496940184e-03,6.214553825438938819e-03
3.180000000000000160e+00,5.000000000000000000e+00,5.987760904297076969e+00,2.100260835435260987e+00,2.100260835435260987e+00,-1.214448849442494982e+00,2.168893146290165053e-01,-1.235011176308404401e+00,-9.877609042970769693e-01,-1.248947359865711260e+00,6.940677947348553034e-03,6.995505609958143842e-03
3.200000000000000178e+00,5.000000000000000000e+00,6.019248767828374369e+00,2.075911028182107376e+00,2.075911028182107376e+00,-1.217490362657689840e+00,1.574393176564873098e+00,-1.244863981594442670e+00,-1.019248767828374369e+00,-1.254456348457287707e+00,6.855730509579004844e-03,2.736636353265875510e-03
3.220000000000000195e+00,5.000000000000000000e+00,6.029286644419287633e+00,2.051393315313033483e+00,2.051393315313033483e+00,-1.225885643453699769e+00,5.018938295456845111e-01,-1.301443170617789802e+00,-1.029286644419287633e+00,-1.294445935142035431e+00,6.768075115545764929e-03,-1.376531059129999096e-02
3.240000000000000213e+00,5.000000000000000000e+00,6.020523277822316999e+00,2.026697075607057918e+00,2.026697075607057918e+00,-1.234811985298785331e+00,-4.381683298485364308e-01,-1.315149061904554495e+00,-1.020523277822316999e+00,-1.307194038412495374e+00,6.679556464125706305e-03,-1.463457995618479973e-02
3.260000000000000231e+00,5.000000000000000000e+00,6.007837356591100075e+00,2.001879754230127428e+00,2.001879754230127428e+00,-1.240866068846521619e+00,-6.342960615608445041e-01,-1.295352820776147773e+00,-1.007837356591100075e+00,-1.296064562834342571e+00,6.591791462232986752e-03,-5.880049404037983665e-03
3.280000000000000249e+00,5.000000000000000000e+00,6.003532824738489815e+00,1.977001671448428421e+00,1.977001671448428421e+00,-1.243904139084950566e+00,-2.152265926305189647e-01,-1.271246771230811534e+00,-1.003532824738489815e+00,-1.279953442870697122e+00,6.505117449566152031e-03,2.201554190319438692e-03
3.300000000000000266e+00,5.000000000000000000e+00,5.991962168696067792e+00,1.952082630686908571e+00,1.952082630686908571e+00,-1.245952038075997415e+00,-5.785328021210929261e-01,-1.264383128995420158e+00,-9.919621686960677920e-01,-1.274486687417882180e+00,6.418813626638641794e-03,3.684744795823516675e-03
3.320000000000000284e+00,5.000000000000000000e+00,5.969109659399475909e+00,1.927165260118945289e+00,1.927165260118945289e+00,-1.245868528398164976e+00,-1.142625464829586379e+00,-1.245116941297672808e+00,-9.691096593994759090e-01,-1.259791954244006140e+00,6.333504880130780106e-03,8.341508066202627664e-03
3.339999999999999858e+00,5.000000000000000000e+00,5.955683190497787827e+00,1.902325027606354579e+00,1.902325027606354579e+00,-1.242011625629535265e+00,-6.713234450843900136e-01,-1.207299500711867646e+00,-9.556831904977878267e-01,-1.230769267437334502e+00,6.250161449422425228e-03,1.721960527604459584e-02
3.359999999999999876e+00,5.000000000000000000e+00,5.945307249215046497e+00,1.877591199196961158e+00,1.877591199196961158e+00,-1.236691420469669733e+00,-5.187970641370689417e-01,-1.188809574030879057e+00,-9.453072492150464967e-01,-1.213717651932190611e+00,6.167972695039615136e-03,1.874010520627188148e-02
3.379999999999999893e+00,5.000000000000000000e+00,5.931733494781995297e+00,1.852978417152850499e+00,1.852978417152850499e+00,-1.230639102205533408e+00,-6.786877216525577516e-01,-1.176168237828306262e+00,-9.317334947819952973e-01,-1.200540206503108998e+00,6.086676271607121408e-03,1.828529240319549942e-02
3.399999999999999911e+00,5.000000000000000000e+00,5.916448929786390032e+00,1.828511442199566517e+00,1.828511442199566517e+00,-1.223348747664198211e+00,-7.642282497802599384e-01,-1.157735556792181653e+00,-9.164489297863900319e-01,-1.183301538373134010e+00,6.006547191055870011e-03,1.955943438989634839e-02
3.419999999999999929e+00,5.000000000000000000e+00,5.910525702448739871e+00,1.804217846560001171e+00,1.804217846560001171e+00,-1.214679781978266648e+00,-2.961613668824942813e-01,-1.136659090804882366e+00,-9.105257024487398709e-01,-1.163890140828715447e+00,5.927732583094240219e-03,2.130331744073886771e-02
3.439999999999999947e+00,5.000000000000000000e+00,5.904239317379016860e+00,1.780088298233763355e+00,1.780088298233763355e+00,-1.206477416311894757e+00,-3.143192534861519172e-01,-1.132656125314548845e+00,-9.042393173790168603e-01,-1.156367642109899618e+00,5.849427372683648624e-03,1.786208942266698935e-02
3.459999999999999964e+00,5.000000000000000000e+00,5.887096202082902963e+00,1.756117748364310449e+00,1.756117748364310449e+00,-1.198527493472642647e+00,-8.571557648057150924e-01,-1.126978187919373431e+00,-8.870962020829029626e-01,-1.148383933071351448e+00,5.771662791389053568e-03,1.563408236058895159e-02
3.479999999999999982e+00,5.000000000000000000e+00,5.871143867597297117e+00,1.732341382131687979e+00,1.732341382131687979e+00,-1.188818311631118396e+00,-7.976167242802865154e-01,-1.101435675057399699e+00,-8.711438675972971168e-01,-1.126612176645286789e+00,5.695372518009923779e-03,1.948112906987698595e-02
3.500000000000000000e+00,5.000000000000000000e+00,5.860130046080999300e+00,1.708784350112767081e+00,1.708784350112767081e+00,-1.177851600946049127e+00,-5.506910758148930718e-01,-1.079151204780425255e+00,-8.601300460809992998e-01,-1.106352711848567427e+00,5.620454145396556328e-03,2.158105292274560202e-02
3.520000000000000018e+00,5.000000000000000000e+00,5.839936667210984922e+00,1.685450567184937354e+00,1.685450567184937354e+00,-1.166689146391483911e+00,-1.009668943500701577e+00,-1.066227055400397195e+00,-8.399366672109849219e-01,-1.092365158522869084e+00,5.546482961433590007e-03,2.059162016103823628e-02
3.540000000000000036e+00,5.000000000000000000e+00,5.833560694148832049e+00,1.662376612785570806e+00,1.662376612785570806e+00,-1.153697719968325819e+00,-3.187986531076419938e-01,-1.036774882159903433e+00,-8.335606941488320487e-01,-1.066719567357950815e+00,5.474248408053445335e-03,2.447043678999392610e-02
3.560000000000000053e+00,5.000000000000000000e+00,5.831953821327054754e+00,1.639544223868055539e+00,1.639544223868055539e+00,-1.141619445875764471e+00,-8.034364108888569778e-02,-1.032914979042712345e+00,-8.319538213270547544e-01,-1.058622081569016826e+00,5.402562188356645895e-03,2.030454033794788088e-02
3.580000000000000071e+00,5.000000000000000000e+00,5.816977395264963491e+00,1.616922599966244212e+00,1.616922599966244212e+00,-1.131081195090570812e+00,-7.488213031045511947e-01,-1.036236938023828547e+00,-8.169773952649634907e-01,-1.056581353085359609e+00,5.331014159722519304e-03,1.501340090180861009e-02
3.600000000000000089e+00,5.000000000000000000e+00,5.803167121091596492e+00,1.594534472660468660e+00,1.594534472660468660e+00,-1.119406365288772465e+00,-6.905137086683308389e-01,-1.014332897072586448e+00,-8.031671210915964920e-01,-1.037561291986503598e+00,5.260754103729732567e-03,1.796764081018747614e-02
3.620000000000000107e+00,5.000000000000000000e+00,5.807045061564584998e+00,1.572394406691371760e+00,1.572394406691371760e+00,-1.107003298454849682e+00,1.938970236494356736e-01,-9.953756969495437534e-01,-8.070450615645849979e-01,-1.020022243786327554e+00,5.191681731315855169e-03,1.945486510546799719e-02
3.640000000000000124e+00,5.000000000000000000e+00,5.786881619398895893e+00,1.550452071796958986e+00,1.550452071796958986e+00,-1.097116744720636916e+00,-1.008172108284433044e+00,-1.008137761112722464e+00,-7.868816193988958929e-01,-1.024947228187022885e+00,5.122275856021300637e-03,1.168719121827932125e-02
3.660000000000000142e+00,5.000000000000000000e+00,5.767661072513924125e+00,1.528751845142890531e+00,1.528751845142890531e+00,-1.085011332703426756e+00,-9.610273442486023665e-01,-9.760626245485362062e-01,-7.676610725139241254e-01,-9.993396566365978506e-01,5.054604036752995480e-03,1.822242805130869919e-02
3.680000000000000160e+00,5.000000000000000000e+00,5.769708058124186856e+00,1.507326414264381853e+00,1.507326414264381853e+00,-1.071271543925437664e+00,1.023492805131378802e-01,-9.476134449235348312e-01,-7.697080581241868558e-01,-9.749295620926836659e-01,4.988585184516797916e-03,2.232753198463202984e-02
3.700000000000000178e+00,5.000000000000000000e+00,5.789355387215194604e+00,1.486127532533782158e+00,1.486127532533782158e+00,-1.059944086529980734e+00,9.823664545503889567e-01,-9.579969699708675845e-01,-7.893553872151946038e-01,-9.775292338177172802e-01,4.922390291518118251e-03,1.460987355533158172e-02
3.720000000000000195e+00,5.000000000000000000e+00,5.783885035517085882e+00,1.465054170387375176e+00,1.465054170387375176e+00,-1.053668107320349545e+00,-2.735175849054196084e-01,-9.971842944336692938e-01,-7.838850355170858819e-01,-1.002481341763297173e+00,4.854505728217611490e-03,4.425416014102491469e-04
3.740000000000000213e+00,5.000000000000000000e+00,5.795125321637932814e+00,1.444112718677159179e+00,1.444112718677159179e+00,-1.047072585510803622e+00,5.620143060423461456e-01,-9.877128892248906444e-01,-7.951253216379328137e-01,-9.955339951066990434e-01,4.787091615163142043e-03,3.034014266645317613e-03
3.760000000000000231e+00,5.000000000000000000e+00,5.793931902284382929e+00,1.423248283537676295e+00,1.423248283537676295e+00,-1.043221756974143544e+00,-5.967096767750326713e-02,-1.008564300144202619e+00,-7.939319022843829288e-01,-1.009809158480174718e+00,4.718710837502279425e-03,-3.473852501530049625e-03
3.780000000000000249e+00,5.000000000000000000e+00,5.795028511332242616e+00,1.402459330997901210e+00,1.402459330997901210e+00,-1.039447626988755591e+00,5.483045239298534046e-02,-1.005480457120263571e+00,-7.950285113322426156e-01,-1.008293515901166337e+00,4.650432693905822909e-03,-1.837373913003192147e-03
3.800000000000000266e+00,5.000000000000000000e+00,5.790543423085751762e+00,1.381735400867713626e+00,1.381735400867713626e+00,-1.036196506509375226e+00,-2.242544123245370224e-01,-1.006936422194953051e+00,-7.905434230857517619e-01,-1.009686209391948086e+00,4.582060241931249986e-03,-1.832273044936358602e-03
3.820000000000000284e+00,5.000000000000000000e+00,5.782241944078702289e+00,1.361086813568552767e+00,1.361086813568552767e+00,-1.032429364958043827e+00,-4.150739503524820684e-01,-9.985250909960619037e-01,-7.822419440787022893e-01,-1.003990147318904791e+00,4.514073507545875510e-03,9.509828152969939351e-04
3.839999999999999858e+00,5.000000000000000000e+00,5.797658684578256505e+00,1.340534683711781305e+00,1.340534683711781305e+00,-1.027606492838577301e+00,7.708370249777019012e-01,-9.842006437633783467e-01,-7.976586845782565049e-01,-9.934472689799519474e-01,4.446800700355107126e-03,4.799824516218532608e-03
3.859999999999999876e+00,5.000000000000000000e+00,5.795829563196230438e+00,1.320011834866750222e+00,1.320011834866750222e+00,-1.026142442251552600e+00,-9.145606910129777667e-02,-1.012965986968329624e+00,-7.958295631962304384e-01,-1.013026529414385868e+00,4.378202053481376754e-03,-4.317659607425026677e-03
3.879999999999999893e+00,5.000000000000000000e+00,5.788989126908231420e+00,1.299524260418571941e+00,1.299524260418571941e+00,-1.024378722408908704e+00,-3.420218143999403937e-01,-1.008505243825114528e+00,-7.889891269082314196e-01,-1.010703545259212577e+00,4.309760711046501346e-03,-2.111459276948537446e-03
3.899999999999999911e+00,5.000000000000000000e+00,5.806108048828748203e+00,1.279093751879712082e+00,1.279093751879712082e+00,-1.021525426942994086e+00,8.559460960258492568e-01,-9.958457677497620786e-01,-8.061080488287482027e-01,-1.002016191173453974e+00,4.241907646132393739e-03,1.928515777559534558e-03
3.919999999999999929e+00,5.000000000000000000e+00,5.824494162001970565e+00,1.258652774391276763e+00,1.258652774391276763e+00,-1.022048874421765063e+00,9.193056586610979242e-01,-1.026759901730702751e+00,-8.244941620019705653e-01,-1.023757222012510182e+00,4.172582353933121727e-03,-7.175262072125683857e-03
3.939999999999999947e+00,5.000000000000000000e+00,5.844324766469956245e+00,1.238141524896290591e+00,1.238141524896290591e+00,-1.025562474749313946e+00,9.915302233993015246e-01,-1.057184877697254555e+00,-8.443247664699562449e-01,-1.047107585742502733e+00,4.101675856000952351e-03,-1.417896781075271562e-02
3.959999999999999964e+00,5.000000000000000000e+00,5.856578369625938585e+00,1.217505271734836247e+00,1.217505271734836247e+00,-1.031812658072716937e+00,6.126801577991020098e-01,-1.088064307983343859e+00,-8.565783696259385849e-01,-1.072292453416844538e+00,4.029063926084535709e-03,-1.980091849258376960e-02
3.979999999999999982e+00,5.000000000000000000e+00,5.871306532847333060e+00,1.196724919752417016e+00,1.196724919752417016e+00,-1.039017599120958479e+00,7.364081610697374991e-01,-1.103862068555133025e+00,-8.713065328473330595e-01,-1.087854529424941985e+00,3.955398186296705219e-03,-1.996293731648784292e-02
4.000000000000000000e+00,5.000000000000000000e+00,5.870815471574742261e+00,1.175774627943644957e+00,1.175774627943644957e+00,-1.047514590438606286e+00,-2.455306362952480725e-02,-1.123987512297437208e+00,-8.708154715747422614e-01,-1.106559296716113083e+00,3.880465824471834597e-03,-2.130868140579593797e-02
4.020000000000000462e+00,5.000000000000000000e+00,5.883075583470529502e+00,1.154685762112397374e+00,1.154685762112397374e+00,-1.054443291562376928e+00,6.130055947893520152e-01,-1.116801601676313371e+00,-8.830755834705295015e-01,-1.105935648899922796e+00,3.805575693916406817e-03,-1.467152847030693888e-02
4.040000000000000036e+00,5.000000000000000000e+00,5.899131930713434890e+00,1.133437478933340348e+00,1.133437478933340348e+00,-1.062414158952854404e+00,8.028173621452769915e-01,-1.134151965467151246e+00,-8.991319307134348904e-01,-1.121505991007572423e+00,3.729631193737941233e-03,-1.637560565331690199e-02
4.060000000000000497e+00,5.000000000000000000e+00,5.921047518064171733e+00,1.111998615610103602e+00,1.111998615610103602e+00,-1.071943166161834382e+00,1.095779367536828142e+00,-1.157704231042654630e+00,-9.210475180641717330e-01,-1.141897552006062355e+00,3.652305847696585891e-03,-1.945898488428871378e-02
4.080000000000000071e+00,5.000000000000000000e+00,5.920410141636291534e+00,1.090322253610990444e+00,1.090322253610990444e+00,-1.083818099955653480e+00,-3.186882139401481240e-02,-1.190692504100024252e+00,-9.204101416362915344e-01,-1.169730347941498216e+00,3.573095761143067067e-03,-2.453525191966904676e-02
4.099999999999999645e+00,5.000000000000000000e+00,5.932217412608597584e+00,1.068448959407245047e+00,1.068448959407245047e+00,-1.093664710187269407e+00,5.903635486152966072e-01,-1.182284202271811857e+00,-9.322174126085975843e-01,-1.168920879878090346e+00,3.493940488962345940e-03,-1.685726288268399320e-02
4.120000000000000107e+00,5.000000000000000000e+00,5.957321951276233207e+00,1.046366629725507202e+00,1.046366629725507202e+00,-1.104116484086895333e+00,1.255226933381760501e+00,-1.198182449183528009e+00,-9.573219512762332073e-01,-1.183916114012918852e+00,3.413769791478006490e-03,-1.768010496208720708e-02
4.139999999999999680e+00,5.000000000000000000e+00,5.962622017181172573e+00,1.024017841868448908e+00,1.024017841868448908e+00,-1.117439392852914937e+00,2.650032952469829062e-01,-1.237345571747091588e+00,-9.626220171811725734e-01,-1.215798878120816218e+00,3.331440103668250382e-03,-2.487813372994358493e-02
4.160000000000000142e+00,5.000000000000000000e+00,5.968567224168281449e+00,1.001425261929813404e+00,1.001425261929813404e+00,-1.129628996931775209e+00,2.972603493554394349e-01,-1.239335433641518769e+00,-9.685672241682814487e-01,-1.222529961820089106e+00,3.248654610190669385e-03,-2.005412643162031439e-02
4.179999999999999716e+00,5.000000000000000000e+00,5.973426882900834123e+00,9.786041127481484025e-01,9.786041127481484025e-01,-1.141057459083249626e+00,2.429829366276439195e-01,-1.243913618446519820e+00,-9.734268829008341228e-01,-1.230080374693717449e+00,3.165357828912197281e-03,-1.699860158171443911e-02
4.200000000000000178e+00,5.000000000000000000e+00,5.929133827044022809e+00,9.555700992260037774e-01,9.555700992260037774e-01,-1.151700676107233479e+00,-2.214652792840587470e+00,-1.247489629323087934e+00,-9.291338270440228086e-01,-1.236252141284059247e+00,3.081643116982725385e-03,-1.431913115601133983e-02
4.219999999999999751e+00,5.000000000000000000e+00,5.940094918352899711e+00,9.325095597106124456e-01,9.325095597106124456e-01,-1.153026975769567031e+00,5.480545654438556680e-01,-1.164963672730567890e+00,-9.400949183528997111e-01,-1.179999960345909038e+00,3.001737607856939244e-03,1.203455000748409644e-02
4.240000000000000213e+00,5.000000000000000000e+00,5.953520173097031964e+00,9.093790059561004391e-01,9.093790059561004391e-01,-1.156527687725598996e+00,6.712627372066342080e-01,-1.188034095329885798e+00,-9.535201730970319645e-01,-1.193920546308182562e+00,2.920889444878589994e-03,2.965561533418170984e-03
4.259999999999999787e+00,5.000000000000000000e+00,5.961368044661324639e+00,8.861360243432148120e-01,8.861360243432148120e-01,-1.162149080644281351e+00,3.923935782146335538e-01,-1.212741616912423659e+00,-9.613680446613246389e-01,-1.210970619833230622e+00,2.838886709992245218e-03,-4.609883789185142966e-03
4.280000000000000249e+00,5.000000000000000000e+00,5.973968664744120360e+00,8.627667081589114328e-01,8.627667081589114328e-01,-1.168465809215170959e+00,6.300310041398045069e-01,-1.225316366353178310e+00,-9.739686647441203604e-01,-1.220937416719882318e+00,2.756209058151371221e-03,-7.135158691447351584e-03
4.299999999999999822e+00,5.000000000000000000e+00,5.976676791917315157e+00,8.392432486403237357e-01,8.392432486403237357e-01,-1.176172975929383302e+00,1.354063586597237523e-01,-1.245537476357294837e+00,-9.766767919173151569e-01,-1.236940204225032813e+00,2.672447752983376709e-03,-1.126971988524541612e-02
4.320000000000000284e+00,5.000000000000000000e+00,5.969737329007691606e+00,8.155780780267187779e-01,8.155780780267187779e-01,-1.183258530680248555e+00,-3.469731454811675331e-01,-1.247028523438034719e+00,-9.697373290076916064e-01,-1.240379525734990329e+00,2.588453548878487474e-03,-9.237451251922799284e-03
4.339999999999999858e+00,5.000000000000000000e+00,5.967930875356685760e+00,7.918152810443772616e-01,7.918152810443772616e-01,-1.188139849117077596e+00,-9.032268255027502135e-02,-1.232071715048538074e+00,-9.679308753566857604e-01,-1.231566407839768340e+00,2.505056138583826135e-03,-3.010363347353431883e-03
4.360000000000000320e+00,5.000000000000000000e+00,5.963306011064301693e+00,7.679726476841806093e-01,7.679726476841806093e-01,-1.192131668009833279e+00,-2.312432146192236471e-01,-1.228058038044634204e+00,-9.633060110643016927e-01,-1.229272211702990836e+00,2.421814083303151267e-03,-1.207640424946491032e-03
4.379999999999999893e+00,5.000000000000000000e+00,5.953214483215576891e+00,7.440750739996733198e-01,7.440750739996733198e-01,-1.194878684225366694e+00,-5.045763924362467456e-01,-1.219601830165166767e+00,-9.532144832155768910e-01,-1.223398634051663159e+00,2.338969766351621255e-03,1.457834120144722162e-03
4.400000000000000355e+00,5.000000000000000000e+00,5.952551106590623142e+00,7.201626990123962679e-01,7.201626990123962679e-01,-1.195618749363852151e+00,-3.316883124768835872e-02,-1.202279335610221489e+00,-9.525511065906231423e-01,-1.210582393683782731e+00,2.256993320795081578e-03,6.046064752766256746e-03
4.419999999999999929e+00,5.000000000000000000e+00,5.947807136416991547e+00,6.962355570747302824e-01,6.962355570747302824e-01,-1.196357096883296833e+00,-2.371985086815780464e-01,-1.203002224558299860e+00,-9.478071364169915469e-01,-1.209739905370091462e+00,2.175073925628288017e-03,4.562606886163346129e-03
4.440000000000000391e+00,5.000000000000000000e+00,5.954240587066177426e+00,6.723089989732891070e-01,6.723089989732891070e-01,-1.196327905072057218e+00,3.216725324592882851e-01,-1.196065178770899795e+00,-9.542405870661774259e-01,-1.203715063249579220e+00,2.093562511896426923e-03,5.556321966782877195e-03
4.459999999999999964e+00,5.000000000000000000e+00,5.946752227581481698e+00,6.483567197203936594e-01,6.483567197203936594e-01,-1.197613962644769714e+00,-3.744179742347834017e-01,-1.209188480799183285e+00,-9.467522275814816979e-01,-1.211885545574045375e+00,2.011497821408735846e-03,6.855669534534475709e-04
4.480000000000000426e+00,5.000000000000000000e+00,5.946269102536873241e+00,6.244071960887721540e-01,6.244071960887721540e-01,-1.197476181581077714e+00,-2.415625223044232106e-02,-1.196236152007849052e+00,-9.462691025368732411e-01,-1.202375329028481765e+00,1.930077129836728486e-03,4.209099890795885840e-03
4.500000000000000000e+00,5.000000000000000000e+00,5.942286268945982997e+00,6.004591726282346720e-01,6.004591726282346720e-01,-1.197401173026873877e+00,-1.991416795445132282e-01,-1.196726096039038456e+00,-9.422862689459829966e-01,-1.201761760221829123e+00,1.848697987018557438e-03,3.186966195772131423e-03
4.520000000000000462e+00,5.000000000000000000e+00,5.930273914598465979e+00,5.765245083682944971e-01,5.765245083682944971e-01,-1.196733212997006968e+00,-6.006177173758306953e-01,-1.190721572728205224e+00,-9.302739145984659785e-01,-1.196703561561398343e+00,1.767661367889202841e-03,4.214327465303834008e-03
4.540000000000000036e+00,5.000000000000000000e+00,5.930838508112371343e+00,5.526416544702722478e-01,5.526416544702722478e-01,-1.194142694901110469e+00,2.822967569528322951e-02,-1.170828032038041977e+00,-9.308385081123713434e-01,-1.181447871540051819e+00,1.687657811233734661e-03,8.932181690776159338e-03
4.560000000000000497e+00,5.000000000000000000e+00,5.927179480702339021e+00,5.287979140820731061e-01,5.287979140820731061e-01,-1.192187019409955084e+00,-1.829513705016252989e-01,-1.174585939989557293e+00,-9.271794807023390206e-01,-1.182164905302711677e+00,1.607605699536070794e-03,5.971359613618439782e-03
4.580000000000000071e+00,5.000000000000000000e+00,5.904265356523942465e+00,5.049985718829977932e-01,5.049985718829977932e-01,-1.189967109953764091e+00,-1.145706208919826663e+00,-1.169987924848046035e+00,-9.042653565239424651e-01,-1.177517940491970672e+00,1.527868264195669616e-03,6.002147379729004528e-03
4.600000000000000533e+00,5.000000000000000000e+00,5.895741931633182276e+00,4.813164555751596185e-01,4.813164555751596185e-01,-1.184105815391909733e+00,-4.261712445379982062e-01,-1.131354164335220513e+00,-8.957419316331822756e-01,-1.148417002785407037e+00,1.450101443534610596e-03,1.561273700665178829e-02
4.620000000000000107e+00,5.000000000000000000e+00,5.890641309117008007e+00,4.577604596900323175e-01,4.577604596900323175e-01,-1.177799794256366051e+00,-2.550311258087191169e-01,-1.121045604036472687e+00,-8.906413091170080065e-01,-1.137592253174141588e+00,1.373067637414156997e-03,1.517358150025482563e-02
4.639999999999999680e+00,5.000000000000000000e+00,5.892664221882040643e+00,4.343267506473566519e-01,4.343267506473566519e-01,-1.171685452133783167e+00,1.011456382516348063e-01,-1.116656373030536997e+00,-8.926642218820406427e-01,-1.131114462578600266e+00,1.296472484830094377e-03,1.316161706323316395e-02
4.660000000000000142e+00,5.000000000000000000e+00,5.873587680174181536e+00,4.109878962348662013e-01,4.109878962348662013e-01,-1.166942720624521534e+00,-9.538270853929350368e-01,-1.124258137041166394e+00,-8.735876801741815356e-01,-1.133683561790191696e+00,1.219703361748238936e-03,8.205721387276961390e-03
4.679999999999999716e+00,5.000000000000000000e+00,5.862505641796428968e+00,3.877967919511081107e-01,3.877967919511081107e-01,-1.159555214187904415e+00,-5.541019188876150636e-01,-1.093067656258349452e+00,-8.625056417964289679e-01,-1.109456353821210550e+00,1.144574821253259390e-03,1.524412274160770811e-02
4.700000000000000178e+00,5.000000000000000000e+00,5.848590518178172992e+00,3.647685540462974885e-01,3.647685540462974885e-01,-1.151411895240529892e+00,-6.957561809127813524e-01,-1.078122024714159854e+00,-8.485905181781729922e-01,-1.095382165081464798e+00,1.070399336058766408e-03,1.618974103124617633e-02
4.719999999999999751e+00,5.000000000000000000e+00,5.839245653376004874e+00,3.419262399574659050e-01,3.419262399574659050e-01,-1.142115704441578838e+00,-4.672432401084138931e-01,-1.058449987251020241e+00,-8.392456533760048742e-01,-1.077709958086279673e+00,9.974205514954434439e-04,1.826255028376379957e-02
4.740000000000000213e+00,5.000000000000000000e+00,5.827611978967833117e+00,3.192731988645332586e-01,3.192731988645332586e-01,-1.132652054646631656e+00,-5.816837204085909541e-01,-1.047479206492106796e+00,-8.276119789678331173e-01,-1.065841979787526261e+00,9.252454253051069916e-04,1.743752787011438113e-02
4.759999999999999787e+00,5.000000000000000000e+00,5.818246659884144911e+00,2.968210352746345482e-01,2.968210352746345482e-01,-1.122608179494936964e+00,-4.682659541844313988e-01,-1.032213303129684512e+00,-8.182466598841449112e-01,-1.051067213289148095e+00,8.540707951138733559e-04,1.799983936434960269e-02
4.780000000000000249e+00,5.000000000000000000e+00,5.817590981344635814e+00,2.745718365637020986e-01,2.745718365637020986e-01,-1.112459935546621148e+00,-3.278392697544962875e-02,-1.021125740011778804e+00,-8.175909813446358143e-01,-1.039173258052864091e+00,7.837015823638368789e-04,1.726381645872144752e-02
4.799999999999999822e+00,5.000000000000000000e+00,5.796090729767557903e+00,2.524971258076310621e-01,2.524971258076310621e-01,-1.103735537803552935e+00,-1.075012578853875578e+00,-1.025215958115938797e+00,-7.960907297675579031e-01,-1.038340546307687573e+00,7.133887579681982101e-04,1.241119943378054397e-02
4.820000000000000284e+00,5.000000000000000000e+00,5.784703053323736910e+00,2.306478954532459880e-01,2.306478954532459880e-01,-1.092461517719253594e+00,-5.693838221910415553e-01,-9.909953369605591922e-01,-7.847030533237369099e-01,-1.011035226804798626e+00,6.449249552081882161e-04,1.939496488903117918e-02
4.839999999999999858e+00,5.000000000000000000e+00,5.771544105198862518e+00,2.090300923364250552e-01,2.090300923364250552e-01,-1.080890155841046196e+00,-6.579474062437109527e-01,-9.767478989371789488e-01,-7.715441051988625176e-01,-9.965728777211458889e-01,5.774404926223468057e-04,1.924753829134467908e-02
4.860000000000000320e+00,5.000000000000000000e+00,5.776176651230987780e+00,1.876554225454205305e-01,1.876554225454205305e-01,-1.068733489550226734e+00,2.316273016062600498e-01,-9.593234929328514626e-01,-7.761766512309877797e-01,-9.798610136025553974e-01,5.110876995752446517e-04,2.002643297012872414e-02
4.879999999999999893e+00,5.000000000000000000e+00,5.774058108901824582e+00,1.664710427027150663e-01,1.664710427027150663e-01,-1.059218992135273485e+00,-1.059271164581590541e-01,-9.735885154006933551e-01,-7.740581089018245819e-01,-9.857443470633544536e-01,4.443365075693796835e-04,1.171149515509172651e-02
4.900000000000000355e+00,5.000000000000000000e+00,5.774196486093462255e+00,1.454582549440668893e-01,1.454582549440668893e-01,-1.050639387932408741e+00,6.918859581863556762e-03,-9.734229501066259393e-01,-7.741964860934622550e-01,-9.830537983053172502e-01,3.777675102038227564e-04,9.253080688487480901e-03
4.919999999999999929e+00,5.000000000000000000e+00,5.776558354895509950e+00,1.245937257491119554e-01,1.245937257491119554e-01,-1.043226459747746970e+00,1.180934401023630564e-01,-9.765101060857915849e-01,-7.765583548955099502e-01,-9.832295373386971127e-01,3.111866123997849881e-04,6.408244640505674980e-03
4.940000000000000391e+00,5.000000000000000000e+00,5.779101239853161154e+00,1.038502991785755364e-01,1.038502991785755364e-01,-1.037171328526820702e+00,1.271442478825492439e-01,-9.826751475384846168e-01,-7.791012398531611538e-01,-9.862291107172976856e-01,2.444025938787711474e-04,3.309560584934220437e-03
4.959999999999999964e+00,5.000000000000000000e+00,5.780063054762078600e+00,8.320475358704132463e-02,8.320475358704132463e-02,-1.032277279576710560e+00,4.809074544587274569e-02,-9.882308390257196207e-01,-7.800630547620786004e-01,-9.894585746135147186e-01,1.773998872513992905e-04,1.050335700543655101e-03
4.980000000000000426e+00,5.000000000000000000e+00,5.779505077047124573e+00,6.264313552682541919e-02,6.264313552682541919e-02,-1.028080903010795355e+00,-2.789888574771459684e-02,-9.903135139175582857e-01,-7.795050770471245727e-01,-9.906800795478398758e-01,1.103144645418605328e-04,2.562511657396702352e-04
5.000000000000000000e+00,5.000000000000000000e+00,5.774467352452592017e+00,4.215873742842336791e-02,4.215873742842336791e-02,-1.024219904920102620e+00,-2.518862297266205030e-01,-9.894709221038675562e-01,-7.744673524525920172e-01,-9.899714478498482517e-01,4.327702791580780744e-05,4.572487180648749728e-04
5.020000000000000462e+00,5.000000000000000000e+00,5.777684337021730343e+00,2.176124313220459058e-02,2.176124313220459058e-02,-1.019874714810938832e+00,1.608492284569126574e-01,-9.807680038284642965e-01,-7.776843370217303431e-01,-9.835735376147918263e-01,-2.332716439511510389e-05,2.828860950722624640e-03
5.040000000000000036e+00,5.000000000000000000e+00,5.785543481383851550e+00,1.428755922237887055e-03,1.428755922237887055e-03,-1.016624360498335156e+00,3.929572181060399516e-01,-9.873711716849016273e-01,-7.855434813838515495e-01,-9.876591080175975979e-01,-9.020801737898391374e-05,3.781443500749507615e-04
5.060000000000000497e+00,5.000000000000000000e+00,5.806982785469830155e+00,-1.887337684465525273e-02,-1.887337684465525273e-02,-1.015106638344656975e+00,1.071965204298914731e+00,-1.001447138961553351e+00,-8.069827854698301550e-01,-9.976402213574915301e-01,-1.577647567779951582e-04,-3.649152847283894645e-03
5.080000000000000071e+00,5.000000000000000000e+00,5.811406284230429264e+00,-3.922194930136094215e-02,-3.922194930136094215e-02,-1.017428622835284235e+00,2.211749380299552203e-01,-1.038326483250928911e+00,-8.114062842304292644e-01,-1.024868137546684377e+00,-2.271652763284005751e-04,-1.323118042791607447e-02
5.100000000000000533e+00,5.000000000000000000e+00,5.820336508125690145e+00,-5.962015982413952642e-02,-5.962015982413952642e-02,-1.019910526138929407e+00,4.465111947630558964e-01,-1.042247655871736844e+00,-8.203365081256901448e-01,-1.030485980972645210e+00,-2.969462167722174985e-04,-1.146472868231960922e-02
5.120000000000000107e+00,5.000000000000000000e+00,5.838939620520223528e+00,-8.008788413874737278e-02,-8.008788413874737278e-02,-1.023386215730392568e+00,9.301556197266820369e-01,-1.054667422053561232e+00,-8.389396205202235279e-01,-1.041827365319626608e+00,-3.674951564710268541e-04,-1.247256157746364467e-02
5.139999999999999680e+00,5.000000000000000000e+00,5.842785186721656920e+00,-1.006766122320968820e-01,-1.006766122320968820e-01,-1.029436404667475546e+00,1.922783100716796700e-01,-1.083888105101221910e+00,-8.427851867216569204e-01,-1.065453318060683996e+00,-4.396439638357660601e-04,-1.799514307670217750e-02
5.160000000000000142e+00,5.000000000000000000e+00,5.863464258502246729e+00,-1.213771895216082530e-01,-1.213771895216082530e-01,-1.035028864475568300e+00,1.033953589029491527e+00,-1.085361002748403747e+00,-8.634642585022467287e-01,-1.070337187136504387e+00,-5.121234898938285904e-04,-1.451169212200535338e-02
5.179999999999999716e+00,5.000000000000000000e+00,5.864594203694463381e+00,-1.422429937860607008e-01,-1.422429937860607008e-01,-1.043290213222622942e+00,5.649725961081941694e-02,-1.117642351946115831e+00,-8.645942036944633813e-01,-1.096599608297853301e+00,-5.863814161250217784e-04,-2.045636223213747121e-02
5.200000000000000178e+00,5.000000000000000000e+00,5.875757027201466975e+00,-1.632493727070235823e-01,-1.632493727070235823e-01,-1.050318946048143687e+00,5.581411753501736017e-01,-1.113577541477831501e+00,-8.757570272014669754e-01,-1.098034638691968601e+00,-6.607365176427456004e-04,-1.488216626822012195e-02
5.219999999999999751e+00,5.000000000000000000e+00,5.867744666390752428e+00,-1.844129618932143500e-01,-1.844129618932143500e-01,-1.058179459309537940e+00,-4.006180405357238072e-01,-1.128924078662086883e+00,-8.677446663907524282e-01,-1.112211424545862970e+00,-7.360516219820717942e-04,-1.597660249424187606e-02
5.240000000000000213e+00,5.000000000000000000e+00,5.871003645652955072e+00,-2.056802719008695990e-01,-2.056802719008695990e-01,-1.063365500382762230e+00,1.629489631101485037e-01,-1.110039870041780841e+00,-8.710036456529550719e-01,-1.102035726316255682e+00,-8.106776632916764570e-04,-7.193466062233469169e-03
5.259999999999999787e+00,5.000000000000000000e+00,5.888702172180696692e+00,-2.270482881315037393e-01,-2.270482881315037393e-01,-1.068400811531707184e+00,8.849263263870825735e-01,-1.113718611872211106e+00,-8.887021721806966923e-01,-1.106174629979252977e+00,-8.855839768178306237e-04,-6.658397916140344937e-03
5.280000000000000249e+00,5.000000000000000000e+00,5.901215178567960962e+00,-2.485656797706449206e-01,-2.485656797706449206e-01,-1.075869581957058951e+00,6.256503193632259041e-01,-1.143088515785223747e+00,-9.012151785679609617e-01,-1.128651758669484861e+00,-9.620123636253705276e-04,-1.347474475211356965e-02
5.299999999999999822e+00,5.000000000000000000e+00,5.919928001217708236e+00,-2.702538254301872223e-01,-2.702538254301872223e-01,-1.084407282977116083e+00,9.356411324873514790e-01,-1.161246592157629820e+00,-9.199280012177082355e-01,-1.144543276781310404e+00,-1.039516868982215273e-03,-1.566379850733710596e-02
5.320000000000000284e+00,5.000000000000000000e+00,5.941603436351383216e+00,-2.921525781974919078e-01,-2.921525781974919078e-01,-1.094937638365233168e+00,1.083771756683755472e+00,-1.189710836858286491e+00,-9.416034363513832162e-01,-1.168308561546489432e+00,-1.118630677086938181e-03,-2.028364463471011778e-02
5.339999999999999858e+00,5.000000000000000000e+00,5.997366870304581710e+00,-3.143055134694255903e-01,-3.143055134694255903e-01,-1.107646763596683570e+00,2.788171697659905135e+00,-1.222028890679736968e+00,-9.973668703045817097e-01,-1.195836364166256605e+00,-1.199608572613157205e-03,-2.499291794086722085e-02
5.360000000000000320e+00,5.000000000000000000e+00,6.000431418368189718e+00,-3.368695682943210756e-01,-3.368695682943210756e-01,-1.128202741244773044e+00,1.532274031803910752e-01,-1.313206540077578088e+00,-1.000431418368189718e+00,-1.266655925286818807e+00,-1.285382123459351310e-03,-4.526523266729990530e-02
5.379999999999999893e+00,5.000000000000000000e+00,6.021031433736806271e+00,-3.597874798934386220e-01,-3.597874798934386220e-01,-1.145895579955878318e+00,1.030000768430824998e+00,-1.305131128355826675e+00,-1.021031433736806271e+00,-1.270547901327600870e+00,-1.371419225439015569e-03,-3.321180780278672195e-02
5.400000000000000355e+00,5.000000000000000000e+00,6.037106428522040602e+00,-3.830769527764244509e-01,-3.830769527764244509e-01,-1.164473644149291109e+00,8.037497392617120040e-01,-1.331676221890006229e+00,-1.037106428522040602e+00,-1.296709920845743991e+00,-1.459227928740380832e-03,-3.350707311552175022e-02
5.419999999999999929e+00,5.000000000000000000e+00,6.046061483819522131e+00,-4.067377461348886669e-01,-4.067377461348886669e-01,-1.183039667923211580e+00,4.477527648740590727e-01,-1.350133881888496701e+00,-1.046061483819522131e+00,-1.317125164222991529e+00,-1.548419081593276287e-03,-3.146029858391192341e-02
5.440000000000000391e+00,5.000000000000000000e+00,6.052317213822070663e+00,-4.307456967402402137e-01,-4.307456967402402137e-01,-1.200397530267578450e+00,3.127865001274433565e-01,-1.356618291366879170e+00,-1.052317213822070663e+00,-1.328498084450793204e+00,-1.638380369201755150e-03,-2.648182654688414905e-02
5.459999999999999964e+00,5.000000000000000000e+00,6.060994083860886228e+00,-4.550725010317120400e-01,-4.550725010317120400e-01,-1.216340214573591538e+00,4.338435019407976823e-01,-1.359824373327708225e+00,-1.060994083860886228e+00,-1.336442861554029804e+00,-1.728879649590453265e-03,-2.165263212408807467e-02
5.480000000000000426e+00,5.000000000000000000e+00,6.083412485293096417e+00,-4.797041459648573314e-01,-4.797041459648573314e-01,-1.231582246657264346e+00,1.120920071610521207e+00,-1.368760535410319834e+00,-1.083412485293096417e+00,-1.347462486503325563e+00,-1.820125140802489588e-03,-1.947792376619180560e-02
5.500000000000000000e+00,5.000000000000000000e+00,6.087233715044769511e+00,-5.046779185356607966e-01,-5.046779185356607966e-01,-1.248688628540172374e+00,1.910614875836672000e-01,-1.402646065486345073e+00,-1.087233715044769511e+00,-1.375933856322232529e+00,-1.913298614537695813e-03,-2.479891054957493804e-02
5.520000000000000462e+00,5.000000000000000000e+00,6.090565781272310630e+00,-5.299584255066277505e-01,-5.299584255066277505e-01,-1.264025348548347472e+00,1.666033113770527818e-01,-1.402055828621924238e+00,-1.090565781272310630e+00,-1.380786818106857217e+00,-2.006800714031546119e-03,-1.926220980103565683e-02
5.540000000000000036e+00,5.000000000000000000e+00,6.085960643167238615e+00,-5.555154058753561941e-01,-5.555154058753561941e-01,-1.277849018436422401e+00,-2.302569052535953231e-01,-1.402262047429095881e+00,-1.085960643167238615e+00,-1.385018542215834536e+00,-2.100589371220964920e-03,-1.514291584204043722e-02
5.560000000000000497e+00,5.000000000000000000e+00,6.078885890323796559e+00,-5.812960295694558077e-01,-5.812960295694558077e-01,-1.289031184704983124e+00,-3.537376421721207254e-01,-1.389670681122028739e+00,-1.078885890323796559e+00,-1.379170016822393041e+00,-2.193981986533347431e-03,-8.306682313102442539e-03
5.580000000000000071e+00,5.000000000000000000e+00,6.071690367174810810e+00,-6.072481174893203937e-01,-6.072481174893203937e-01,-1.297604395993230852e+00,-3.597761574492904790e-01,-1.374763297587460409e+00,-1.071690367174810810e+00,-1.370185080711221692e+00,-2.286766173101193941e-03,-2.291450703137565097e-03
5.600000000000000533e+00,5.000000000000000000e+00,6.087710426784870954e+00,-6.333278893028398970e-01,-6.333278893028398970e-01,-1.303988590675976722e+00,8.010029805030040029e-01,-1.361446342820689548e+00,-1.087710426784870954e+00,-1.361046766312009826e+00,-2.378931544678227795e-03,1.979355035998608091e-03
5.620000000000000107e+00,5.000000000000000000e+00,6.098464398780432560e+00,-6.595805982506450782e-01,-6.595805982506450782e-01,-1.312635447390256838e+00,5.376985997780731052e-01,-1.390457157818778766e+00,-1.098464398780432560e+00,-1.381392242016786120e+00,-2.472474641381726922e-03,-6.592441160610925700e-03
5.639999999999999680e+00,5.000000000000000000e+00,6.083891993824595446e+00,-6.860232101354637457e-01,-6.860232101354637457e-01,-1.322130594240935597e+00,-7.286202477918477527e-01,-1.407586915897043545e+00,-1.083891993824595446e+00,-1.395049786451149298e+00,-2.566942579676844294e-03,-9.970186866217327706e-03
5.660000000000000142e+00,5.000000000000000000e+00,6.085453540742531864e+00,-7.125794109569740797e-01,-7.125794109569740797e-01,-1.327810041075514702e+00,7.807734589680126458e-02,-1.378925062586727091e+00,-1.085453540742531864e+00,-1.376542832157236163e+00,-2.660157291145759644e-03,2.779268616547522774e-04
5.679999999999999716e+00,5.000000000000000000e+00,6.077736540557371114e+00,-7.392437169055345869e-01,-7.392437169055345869e-01,-1.333215297428027135e+00,-3.858500092580571250e-01,-1.381862604600639033e+00,-1.077736540557371114e+00,-1.378525996743015458e+00,-2.753506295649617384e-03,-5.831015619740096854e-04
5.700000000000000178e+00,5.000000000000000000e+00,6.078020127633009473e+00,-7.659778656655333862e-01,-7.659778656655333862e-01,-1.336707437999941517e+00,1.417935378192286544e-02,-1.368136703147170508e+00,-1.078020127633009473e+00,-1.368725406507861342e+00,-2.846191638137551133e-03,3.434894998828246643e-03
5.719999999999999751e+00,5.000000000000000000e+00,6.071240049325625776e+00,-7.927781220761873637e-01,-7.927781220761873637e-01,-1.340012820532699767e+00,-3.390039153692032681e-01,-1.369761263327524015e+00,-1.071240049325625776e+00,-1.369085562093921959e+00,-2.938901369113990081e-03,2.263200135511869888e-03
5.740000000000000213e+00,5.000000000000000000e+00,6.069572868250704190e+00,-8.196154431889058900e-01,-8.196154431889058900e-01,-1.341866055635926314e+00,-8.335905374607371909e-02,-1.358545171564965459e+00,-1.069572868250704190e+00,-1.360474862643544780e+00,-3.031028013355994109e-03,4.960719091935390443e-03
5.759999999999999787e+00,5.000000000000000000e+00,6.063434295710337096e+00,-8.464833877791900774e-01,-8.464833877791900774e-01,-1.343397229514209146e+00,-3.069286270183611554e-01,-1.357177794418754191e+00,-1.063434295710337096e+00,-1.358357542678394259e+00,-3.123011280025554583e-03,4.302759539665723318e-03
5.780000000000000249e+00,5.000000000000000000e+00,6.054518162652044566e+00,-8.733599520732032717e-01,-8.733599520732032717e-01,-1.343828214700659718e+00,-4.458066529146255674e-01,-1.347707081378715976e+00,-1.054518162652044566e+00,-1.350561555552128201e+00,-3.214466629456643517e-03,6.068940802868818402e-03
5.799999999999999822e+00,5.000000000000000000e+00,6.041980072330091822e+00,-9.002165693956841741e-01,-9.002165693956841741e-01,-1.342830866124044009e+00,-6.269045160976280950e-01,-1.333854728934503298e+00,-1.041980072330091822e+00,-1.339238066568096519e+00,-3.305155191444719177e-03,8.688492825037853057e-03
5.820000000000000284e+00,5.000000000000000000e+00,6.026147505400486715e+00,-9.270162920726749967e-01,-9.270162920726749967e-01,-1.339986133849541794e+00,-7.916283464802732484e-01,-1.314383543379022967e+00,-1.026147505400486715e+00,-1.323314691859216685e+00,-3.394765477665107230e-03,1.232591395785896313e-02
5.839999999999999858e+00,5.000000000000000000e+00,6.001071469276823223e+00,-9.537163976578073576e-01,-9.537163976578073576e-01,-1.335005279256617827e+00,-1.253801806183178158e+00,-1.290177587920303015e+00,-1.001071469276823223e+00,-1.303207331858618145e+00,-3.483014163129548920e-03,1.651275810144461897e-02
5.860000000000000320e+00,5.000000000000000000e+00,5.978731690481688510e+00,-9.802482588356874471e-01,-9.802482588356874471e-01,-1.326593058894001809e+00,-1.116988939756748955e+00,-1.250883075630457197e+00,-9.787316904816885099e-01,-1.271360765981565555e+00,-3.569106309487355723e-03,2.404679666059564985e-02
5.879999999999999893e+00,5.000000000000000000e+00,5.965288355492440076e+00,-1.006564303009067851e+00,-1.006564303009067851e+00,-1.315802208669023532e+00,-6.721667494624148365e-01,-1.218684556644219263e+00,-9.652883554924400755e-01,-1.242989246911744505e+00,-3.653277234868781021e-03,2.795796750239404327e-02
5.900000000000000355e+00,5.000000000000000000e+00,5.946576366748626441e+00,-1.032655517055975247e+00,-1.032655517055975247e+00,-1.304560702345373135e+00,-9.355994371907003782e-01,-1.203387145432518679e+00,-9.465763667486264410e-01,-1.225916211475398976e+00,-3.736292033441130939e-03,2.626535807632154884e-02
5.919999999999999929e+00,5.000000000000000000e+00,5.929961188225127522e+00,-1.058494140422839846e+00,-1.058494140422839846e+00,-1.291931168343225078e+00,-8.307589261749676046e-01,-1.178265362323893006e+00,-9.299611882251275219e-01,-1.202151985770755660e+00,-3.817697600981512923e-03,2.770432104784427418e-02
5.940000000000000391e+00,5.000000000000000000e+00,5.918902887212707853e+00,-1.084063463452359599e+00,-1.084063463452359599e+00,-1.278466151475991186e+00,-5.529150506209810079e-01,-1.157280999670887267e+00,-9.189028872127078529e-01,-1.181050709045911917e+00,-3.897674263168873689e-03,2.766738363819345320e-02
5.959999999999999964e+00,5.000000000000000000e+00,5.900118897211138247e+00,-1.109368072507368908e+00,-1.109368072507368908e+00,-1.265230452750460977e+00,-9.391995000784656433e-01,-1.146109164220687981e+00,-9.001188972111382469e-01,-1.167006666760139089e+00,-3.976699911469166841e-03,2.487420245092041363e-02
5.980000000000000426e+00,5.000000000000000000e+00,5.891424195015896537e+00,-1.134383098138593837e+00,-1.134383098138593837e+00,-1.250751281561249817e+00,-4.347351097620704152e-01,-1.120438740858349158e+00,-8.914241950158965366e-01,-1.143150999458145689e+00,-4.054110136629324700e-03,2.676636873642595366e-02
6.000000000000000000e+00,5.000000000000000000e+00,5.922074316439984720e+00,-1.159122967367653967e+00,-1.159122967367653967e+00,-1.236993461453010923e+00,1.532506071204395193e+00,-1.113173080478860877e+00,-9.220743164399847203e-01,-1.132108727670188664e+00,-4.130772617400691772e-03,2.306641980872854020e-02
6.020000000000000462e+00,5.000000000000000000e+00,5.919074593771185278e+00,-1.183737573112789043e+00,-1.183737573112789043e+00,-1.230730287256757816e+00,-1.499861334399772983e-01,-1.174361719490480960e+00,-9.190745937711852775e-01,-1.171034381878780506e+00,-4.210071008614530222e-03,8.827333969140607750e-04
6.040000000000000036e+00,5.000000000000000000e+00,5.910900375869517553e+00,-1.208229522423903024e+00,-1.208229522423903024e+00,-1.224597465555700371e+00,-4.087108950833840959e-01,-1.169402070246182257e+00,-9.109003758695175534e-01,-1.167224734089405302e+00,-4.289111423678852383e-03,2.111775266901964702e-03
6.060000000000000497e+00,5.000000000000000000e+00,5.898515479097454772e+00,-1.232583600649922451e+00,-1.232583600649922451e+00,-1.217703911300973330e+00,-6.192448386031267349e-01,-1.155661923008429071e+00,-8.985154790974547723e-01,-1.156843477354287275e+00,-4.367448856003631162e-03,5.549003201861901595e-03
6.080000000000000071e+00,5.000000000000000000e+00,5.877164090563692156e+00,-1.256773285850954380e+00,-1.256773285850954380e+00,-1.209484260051594262e+00,-1.067569426688146139e+00,-1.135507398807182877e+00,-8.771640905636921559e-01,-1.141114658453767472e+00,-4.444721187206012412e-03,1.005198083379059588e-02
6.100000000000000533e+00,5.000000000000000000e+00,5.855330243061457551e+00,-1.280745700880365989e+00,-1.280745700880365989e+00,-1.198620751470576451e+00,-1.091692375111725566e+00,-1.100849174241416595e+00,-8.553302430614575513e-01,-1.113998395015889153e+00,-4.520157298994490098e-03,1.766937807346720055e-02
6.120000000000000107e+00,5.000000000000000000e+00,5.856486646911385208e+00,-1.304456117014197281e+00,-1.304456117014197281e+00,-1.185520806691559681e+00,5.782019249636505265e-02,-1.067621303680409195e+00,-8.564866469113852077e-01,-1.086269408688051108e+00,-4.593715699897775104e-03,2.324182070753987375e-02
6.140000000000000568e+00,5.000000000000000000e+00,5.834566065822454739e+00,-1.327948915594147294e+00,-1.327948915594147294e+00,-1.174639928997501359e+00,-1.096029054446530093e+00,-1.076712029750977351e+00,-8.345660658224547390e-01,-1.087738041577459125e+00,-4.667373551532153983e-03,1.569338537801393679e-02
6.160000000000000142e+00,5.000000000000000000e+00,5.841618432082507972e+00,-1.351177906777463855e+00,-1.351177906777463855e+00,-1.161449559165832479e+00,3.526183130026476209e-01,-1.042736230680813225e+00,-8.416184320825079723e-01,-1.059898903594517439e+00,-4.739146233192884777e-03,2.190181914689712933e-02
6.179999999999999716e+00,5.000000000000000000e+00,5.843147617739493427e+00,-1.374207694320764395e+00,-1.374207694320764395e+00,-1.151489377165030747e+00,7.645928284927633323e-02,-1.061847739157815829e+00,-8.431476177394934268e-01,-1.068855408744785240e+00,-4.811525418351980318e-03,1.181919500532148046e-02
6.200000000000000178e+00,5.000000000000000000e+00,5.835194966518553628e+00,-1.397070842326927131e+00,-1.397070842326927131e+00,-1.143157400308136395e+00,-3.976325610470101690e-01,-1.068169608596088116e+00,-8.351949665185536276e-01,-1.070797474529156634e+00,-4.884036113477576747e-03,7.511902046546280708e-03
6.219999999999999751e+00,5.000000000000000000e+00,5.821255026299616553e+00,-1.419760544969710603e+00,-1.419760544969710603e+00,-1.134485132139177788e+00,-6.969970109468754949e-01,-1.056434718618550983e+00,-8.212550262996165529e-01,-1.060697607478563231e+00,-4.955862880598172621e-03,9.218751740610415732e-03
6.240000000000000213e+00,5.000000000000000000e+00,5.812894973812796628e+00,-1.442250527663747617e+00,-1.442250527663747617e+00,-1.124499134701851588e+00,-4.180026243410084885e-01,-1.034625157765914905e+00,-8.128949738127966285e-01,-1.042993883400513022e+00,-5.026490812859939726e-03,1.339521644745795409e-02
6.259999999999999787e+00,5.000000000000000000e+00,5.822899928987105511e+00,-1.464539378206123343e+00,-1.464539378206123343e+00,-1.114442527118786774e+00,5.002477587154615657e-01,-1.023933058871202784e+00,-8.228999289871055112e-01,-1.032376616742251674e+00,-5.096399780607840241e-03,1.353995765165688994e-02
6.280000000000000249e+00,5.000000000000000000e+00,5.835209847825080232e+00,-1.486690852846878963e+00,-1.486690852846878963e+00,-1.107573732037785197e+00,6.154959418987329123e-01,-1.045754576308770778e+00,-8.352098478250802316e-01,-1.045082909813624061e+00,-5.167169174500731675e-03,4.495502679354000317e-03
6.299999999999999822e+00,5.000000000000000000e+00,5.848704464629391531e+00,-1.508765058006889204e+00,-1.508765058006889204e+00,-1.103710258000509592e+00,6.747308402155449691e-01,-1.068938991665029148e+00,-8.487044646293915307e-01,-1.060716506737851894e+00,-5.238997221413688177e-03,-2.983487705763608958e-03
6.320000000000000284e+00,5.000000000000000000e+00,5.845709368462491895e+00,-1.530815793483792930e+00,-1.530815793483792930e+00,-1.102536773845186779e+00,-1.497548083449726508e-01,-1.091975416447280578e+00,-8.457093684624918950e-01,-1.077854670079327226e+00,-5.311985805371816083e-03,-8.808760562581553072e-03
6.339999999999999858e+00,5.000000000000000000e+00,5.843572245482495653e+00,-1.552829675791528530e+00,-1.552829675791528530e+00,-1.100694115386779526e+00,-1.068561489998193226e-01,-1.084110189261115353e+00,-8.435722454824956529e-01,-1.074050897947364636e+00,-5.384716811059590477e-03,-4.674574502691069243e-03
6.360000000000000320e+00,5.000000000000000000e+00,5.858304224974872909e+00,-1.574800173729880237e+00,-1.574800173729880237e+00,-1.098524896917580262e+00,7.365989746188614795e-01,-1.079001930694786004e+00,-8.583042249748729091e-01,-1.071336751762769435e+00,-5.457264024171085137e-03,-2.207914907845620351e-03
6.379999999999999893e+00,5.000000000000000000e+00,5.861823842677834406e+00,-1.596782540894653213e+00,-1.596782540894653213e+00,-1.099118358238652560e+00,1.759808851480534342e-01,-1.104459510128303235e+00,-8.618238426778344063e-01,-1.090046365718088550e+00,-5.531078187518924036e-03,-8.882066222695807201e-03
6.400000000000000355e+00,5.000000000000000000e+00,5.882454739035205549e+00,-1.618782854725370646e+00,-1.618782854725370646e+00,-1.100015691535867424e+00,1.031544817868579322e+00,-1.108091691210800755e+00,-8.824547390352055487e-01,-1.094516280200849678e+00,-5.605195037989217990e-03,-7.970215971961890425e-03
6.419999999999999929e+00,5.000000000000000000e+00,5.897864755056994035e+00,-1.640867641057589532e+00,-1.640867641057589532e+00,-1.104239316610940769e+00,7.705008010894376369e-01,-1.142251942286601540e+00,-8.978647550569940350e-01,-1.120717518574711136e+00,-5.681086145546245317e-03,-1.585333756634415420e-02
6.440000000000000391e+00,5.000000000000000000e+00,5.888126982706735291e+00,-1.663073584888010714e+00,-1.663073584888010714e+00,-1.110297191521062210e+00,-4.868886175129498728e-01,-1.164818065712155182e+00,-8.881269827067352907e-01,-1.140288238922382513e+00,-5.758302514481146786e-03,-1.877152427529157550e-02
6.459999999999999964e+00,5.000000000000000000e+00,5.906284827351145239e+00,-1.685343027547059558e+00,-1.685343027547059558e+00,-1.113472132952438187e+00,9.078922322204899809e-01,-1.142046605834823092e+00,-9.062848273511452390e-01,-1.127921268037553881e+00,-5.834681434993925844e-03,-8.290656362275248409e-03
6.480000000000000426e+00,5.000000000000000000e+00,5.917730874588686518e+00,-1.707729006777708669e+00,-1.707729006777708669e+00,-1.119298961532455339e+00,5.723023618770646248e-01,-1.171740418752609481e+00,-9.177308745886865182e-01,-1.150981730735954445e+00,-5.912621930146124034e-03,-1.484606608650882939e-02
6.500000000000000000e+00,5.000000000000000000e+00,5.921153965270526065e+00,-1.730251592355888546e+00,-1.730251592355888546e+00,-1.126129278908994280e+00,1.711545340919873315e-01,-1.187602135297844530e+00,-9.211539652705260650e-01,-1.165518210727631843e+00,-5.991546785360750763e-03,-1.609237778485173714e-02
6.520000000000000462e+00,5.000000000000000000e+00,5.940941491106169536e+00,-1.752899730707308201e+00,-1.752899730707308201e+00,-1.132406917570984328e+00,9.893762917821573577e-01,-1.188905665528894318e+00,-9.409414911061695364e-01,-1.169865535893568120e+00,-6.070766026374015828e-03,-1.296936360895230983e-02
6.540000000000000036e+00,5.000000000000000000e+00,5.945453311656955897e+00,-1.775723215469769745e+00,-1.775723215469769745e+00,-1.141174238123072060e+00,2.255910275393206987e-01,-1.220080123091861646e+00,-9.454533116569558970e-01,-1.194995693704835382e+00,-6.151686994609146739e-03,-1.893274239241706652e-02
6.560000000000000497e+00,5.000000000000000000e+00,5.959068978106117243e+00,-1.798709268772170411e+00,-1.798709268772170411e+00,-1.149302665120037759e+00,6.807833224580575049e-01,-1.222458508092729046e+00,-9.590689781061172425e-01,-1.200725705804333909e+00,-6.232995979411644523e-03,-1.549980630898355367e-02
6.580000000000000071e+00,5.000000000000000000e+00,5.979295260917428578e+00,-1.821880643833159619e+00,-1.821880643833159619e+00,-1.158568753049460831e+00,1.011314140565577668e+00,-1.241963544414268483e+00,-9.792952609174285783e-01,-1.218017602194768845e+00,-6.315475911528770948e-03,-1.763046630797083722e-02
6.600000000000000533e+00,5.000000000000000000e+00,6.002875414558199729e+00,-1.845279918771899341e+00,-1.845279918771899341e+00,-1.169963746936986126e+00,1.179007682038561766e+00,-1.272518691924714895e+00,-1.002875414558199729e+00,-1.243704981365134410e+00,-6.399695303967669995e-03,-2.241401525561263069e-02
6.620000000000000107e+00,5.000000000000000000e+00,6.022136762172829449e+00,-1.868954407109306270e+00,-1.868954407109306270e+00,-1.183724416870344243e+00,9.630673807315053292e-01,-1.307570446270566400e+00,-1.022136762172829449e+00,-1.273651776488913701e+00,-6.485942589619674882e-03,-2.743272719203287274e-02
6.640000000000000568e+00,5.000000000000000000e+00,6.035061414912705757e+00,-1.892928411801886757e+00,-1.892928411801886757e+00,-1.198700234629026751e+00,6.462326369938258264e-01,-1.333482594457168657e+00,-1.035061414912705757e+00,-1.298113687959493445e+00,-6.573846351166538066e-03,-2.879506014650861159e-02
6.660000000000000142e+00,5.000000000000000000e+00,6.043559923184863791e+00,-1.917200583780687140e+00,-1.917200583780687140e+00,-1.213608598940024041e+00,4.249254136079145816e-01,-1.347783877738999880e+00,-1.043559923184863791e+00,-1.314527996939136356e+00,-6.662861632849030949e-03,-2.659301916701442905e-02
6.679999999999999716e+00,5.000000000000000000e+00,6.056790163720140008e+00,-1.941755380723142466e+00,-1.941755380723142466e+00,-1.227739847122768069e+00,6.615120267637991658e-01,-1.354921080767464758e+00,-1.056790163720140008e+00,-1.325321102444777077e+00,-6.752607786242929150e-03,-2.284737053644480057e-02
6.700000000000000178e+00,5.000000000000000000e+00,6.047584422408429639e+00,-1.966597795609006161e+00,-1.966597795609006161e+00,-1.242120744293189194e+00,-4.602870655855086368e-01,-1.371548818826979765e+00,-1.047584422408429639e+00,-1.342123507924577908e+00,-6.843491740322861332e-03,-2.258181916207891576e-02
6.719999999999999751e+00,5.000000000000000000e+00,6.063887049891764747e+00,-1.991653146235682792e+00,-1.991653146235682792e+00,-1.252767531333828233e+00,8.151313741667444157e-01,-1.348588614699579136e+00,-1.063887049891764747e+00,-1.330432216458705685e+00,-6.933584000649986590e-03,-1.122281424022347589e-02
6.740000000000000213e+00,5.000000000000000000e+00,6.066056366142940526e+00,-2.016951234419900540e+00,-2.016951234419900540e+00,-1.264904409210879432e+00,1.084658125587804889e-01,-1.374136310104339342e+00,-1.066056366142940526e+00,-1.351136553362541237e+00,-7.025078286940678388e-03,-1.597467845485731758e-02
6.759999999999999787e+00,5.000000000000000000e+00,6.075926340908081258e+00,-2.042466055662791380e+00,-2.042466055662791380e+00,-1.275741062144536420e+00,4.934987382570296122e-01,-1.373270938547449083e+00,-1.075926340908081258e+00,-1.353891585001534503e+00,-7.116759134428971706e-03,-1.226259441148565971e-02
6.780000000000000249e+00,5.000000000000000000e+00,6.086687235662725293e+00,-2.068203664391941032e+00,-2.068203664391941032e+00,-1.286880436457491728e+00,5.380447377321957436e-01,-1.387134805274090388e+00,-1.086687235662725293e+00,-1.366426452953263260e+00,-7.209288799747066642e-03,-1.349906352108004755e-02
6.799999999999999822e+00,5.000000000000000000e+00,6.094189220678246421e+00,-2.094171919854668218e+00,-2.094171919854668218e+00,-1.298412773136367049e+00,3.750992507760564365e-01,-1.402203803246244052e+00,-1.094189220678246421e+00,-1.380092789291661237e+00,-7.302743902014061095e-03,-1.480827005256876196e-02
6.820000000000000284e+00,5.000000000000000000e+00,6.085622008442804542e+00,-2.120365587635144600e+00,-2.120365587635144600e+00,-1.309683389023819533e+00,-4.283606117721112660e-01,-1.411118932010892779e+00,-1.085622008442804542e+00,-1.389620310261372893e+00,-7.396844174992390011e-03,-1.410177757452765572e-02
6.839999999999999858e+00,5.000000000000000000e+00,6.083582744273966725e+00,-2.146723558499571194e+00,-2.146723558499571194e+00,-1.317898543221337482e+00,-1.019632084418858747e-01,-1.391834930998999686e+00,-1.083582744273966725e+00,-1.378739950722361884e+00,-7.490207667718471254e-03,-5.604772608919303054e-03
6.860000000000000320e+00,5.000000000000000000e+00,6.082898020406054762e+00,-2.173219014814118832e+00,-2.173219014814118832e+00,-1.324772815727386366e+00,-3.423619339558153785e-02,-1.386641268281826322e+00,-1.082898020406054762e+00,-1.376150085227937803e+00,-7.583395783726032575e-03,-2.907787270162279052e-03
6.879999999999999893e+00,5.000000000000000000e+00,6.086594057239243405e+00,-2.199834228436275740e+00,-2.199834228436275740e+00,-1.330760681107854060e+00,1.848018416594146562e-01,-1.384651469532063972e+00,-1.086594057239243405e+00,-1.375280485915689521e+00,-7.676525013480953348e-03,-1.694458602893437896e-03
6.900000000000000355e+00,5.000000000000000000e+00,6.079297148095831105e+00,-2.226569463040539709e+00,-2.226569463040539709e+00,-1.336761730213188226e+00,-3.648454571706311600e-01,-1.390771172161196167e+00,-1.079297148095831105e+00,-1.379974452693839115e+00,-7.769972102403528355e-03,-3.026747364953350731e-03
6.919999999999999929e+00,5.000000000000000000e+00,6.072261107265403801e+00,-2.253385284248659026e+00,-2.253385284248659026e+00,-1.340791060405958746e+00,-3.518020415213737317e-01,-1.377055032140893420e+00,-1.072261107265403801e+00,-1.370707378081705619e+00,-7.862791657139770601e-03,1.515137597951979765e-03
6.940000000000000391e+00,5.000000000000000000e+00,6.061029943451579527e+00,-2.280249847471341074e+00,-2.280249847471341074e+00,-1.343228161134093712e+00,-5.615581906912059384e-01,-1.365162067687308189e+00,-1.061029943451579527e+00,-1.361771606227062836e+00,-7.955006112364595636e-03,4.564544652119183546e-03
6.959999999999999964e+00,5.000000000000000000e+00,6.054717923312545658e+00,-2.307121486335825367e+00,-2.307121486335825367e+00,-1.343581943224208430e+00,-3.156010069517095618e-01,-1.346765982035239784e+00,-1.054717923312545658e+00,-1.347508028183506124e+00,-8.046254687501431732e-03,8.788300835767915570e-03
6.980000000000000426e+00,5.000000000000000000e+00,6.028605029052571673e+00,-2.333982628366704226e+00,-2.333982628366704226e+00,-1.343057101543943865e+00,-1.305644712998697221e+00,-1.338333526421562780e+00,-1.028605029052571673e+00,-1.339491762606932923e+00,-8.136960428906310147e-03,9.295196614276407879e-03
7.000000000000000000e+00,5.000000000000000000e+00,6.008290290357459540e+00,-2.360747742091268808e+00,-2.360747742091268808e+00,-1.338255686228220442e+00,-1.015736934755600451e+00,-1.295042948386710302e+00,-1.008290290357459540e+00,-1.306328386896766114e+00,-8.225420461404831657e-03,1.951085897146052905e-02
7.020000000000000462e+00,5.000000000000000000e+00,5.999414118801925433e+00,-2.387366477365437056e+00,-2.387366477365437056e+00,-1.330936763708414405e+00,-4.438085777767092344e-01,-1.265066461030160960e+00,-9.994141188019254329e-01,-1.280528668753973642e+00,-8.312133426375573064e-03,2.377434115018821348e-02
7.040000000000000036e+00,5.000000000000000000e+00,5.979711354315880634e+00,-2.413836522395547135e+00,-2.413836522395547135e+00,-1.323502251505497940e+00,-9.851382243022487328e-01,-1.256591641679249971e+00,-9.797113543158806337e-01,-1.269255930878445238e+00,-8.398083040592538642e-03,2.106237223978773415e-02
7.060000000000000497e+00,5.000000000000000000e+00,5.969383461477372421e+00,-2.440115883164478916e+00,-2.440115883164478916e+00,-1.313968038446581277e+00,-5.163946419254052955e-01,-1.228160120916330422e+00,-9.693834614773724212e-01,-1.244233419981168431e+00,-8.482338217063704541e-03,2.455563728190172240e-02
7.080000000000000071e+00,5.000000000000000000e+00,5.958044000924935801e+00,-2.466202008785597588e+00,-2.466202008785597588e+00,-1.304306281055933603e+00,-5.669730276218259979e-01,-1.217350464540105426e+00,-9.580440009249358013e-01,-1.231116996076262904e+00,-8.565705194750758769e-03,2.233223673090829753e-02
7.100000000000000533e+00,5.000000000000000000e+00,5.937354344615391355e+00,-2.492087690566777702e+00,-2.492087690566777702e+00,-1.294284089059015264e+00,-1.034482815477212991e+00,-1.204084361086749544e+00,-9.373543446153913550e-01,-1.216715881174668556e+00,-8.648096978830302484e-03,2.127961706674924569e-02
7.120000000000000107e+00,5.000000000000000000e+00,5.923487604207440249e+00,-2.517732743262490303e+00,-2.517732743262490303e+00,-1.282252634785627343e+00,-6.933370203975488533e-01,-1.173969546325136726e+00,-9.234876042074402491e-01,-1.190440017661547056e+00,-8.728709452467226307e-03,2.519918078887760718e-02
7.140000000000000568e+00,5.000000000000000000e+00,5.915086701823664583e+00,-2.543127475335540399e+00,-2.543127475335540399e+00,-1.269736603652515061e+00,-4.200451191887909497e-01,-1.157092323454504301e+00,-9.150867018236645833e-01,-1.172829257343449116e+00,-8.808129386429065441e-03,2.454506327537397600e-02
7.160000000000000142e+00,5.000000000000000000e+00,5.901420588750898588e+00,-2.568282097690243404e+00,-2.568282097690243404e+00,-1.257731117735159332e+00,-6.833056536383005364e-01,-1.149681744478957990e+00,-9.014205887508985882e-01,-1.162160111316054012e+00,-8.886826842785900543e-03,2.136519367988206491e-02
7.179999999999999716e+00,5.000000000000000000e+00,5.885851886170203606e+00,-2.593185272083158299e+00,-2.593185272083158299e+00,-1.245158719645733880e+00,-7.784351290347553132e-01,-1.132007136840904815e+00,-8.858518861702036062e-01,-1.144804147713641251e+00,-8.964349013418478063e-03,2.176135988615491082e-02
7.200000000000000178e+00,5.000000000000000000e+00,5.873536329535698819e+00,-2.617820301560594309e+00,-2.617820301560594309e+00,-1.231751473871789848e+00,-6.157778317252210476e-01,-1.111086261906293116e+00,-8.735363295356988189e-01,-1.125031895436158669e+00,-9.040532275629115447e-03,2.298616580549453850e-02
7.219999999999999751e+00,5.000000000000000000e+00,5.857568991480590626e+00,-2.642184394753571475e+00,-2.642184394753571475e+00,-1.218204659648858490e+00,-7.983669027554313180e-01,-1.096283331642477155e+00,-8.575689914805906255e-01,-1.109391138510337438e+00,-9.115656399969186002e-03,2.222346326782956294e-02
7.240000000000000213e+00,5.000000000000000000e+00,5.844884105886615444e+00,-2.666261666363000327e+00,-2.666261666363000327e+00,-1.203863580471438821e+00,-6.342442796987465270e-01,-1.074793867874662245e+00,-8.448841058866154441e-01,-1.089112619180350183e+00,-9.189407333236516637e-03,2.350815863892457419e-02
7.259999999999999787e+00,5.000000000000000000e+00,5.837530075725553047e+00,-2.690050195007025025e+00,-2.690050195007025025e+00,-1.189426432201224682e+00,-3.677015080531007563e-01,-1.059492097769297425e+00,-8.375300757255530471e-01,-1.073002814476001543e+00,-9.262067366342765715e-03,2.277278407304684366e-02
7.280000000000000249e+00,5.000000000000000000e+00,5.837542456466006335e+00,-2.713566658857152980e+00,-2.713566658857152980e+00,-1.175823192506398662e+00,6.190370226537567078e-04,-1.053394035252965599e+00,-8.375424564660063353e-01,-1.063663196171452441e+00,-9.334094952855163940e-03,1.960325587134186323e-02
7.299999999999999822e+00,5.000000000000000000e+00,5.835518573381803797e+00,-2.736850214181897556e+00,-2.736850214181897556e+00,-1.164177766237233458e+00,-1.011941542101418290e-01,-1.059368929814745730e+00,-8.355185733818037974e-01,-1.063678919711828152e+00,-9.406123604111240807e-03,1.371611350119356781e-02
7.320000000000000284e+00,5.000000000000000000e+00,5.818363838673207944e+00,-2.759925368760506981e+00,-2.759925368760506981e+00,-1.153757728930464577e+00,-8.577367354297891211e-01,-1.059977393169544424e+00,-8.183638386732079439e-01,-1.061108588194890734e+00,-9.477978201422076684e-03,1.060917322676836055e-02
7.339999999999999858e+00,5.000000000000000000e+00,5.822032829508781759e+00,-2.782758809788181242e+00,-2.782758809788181242e+00,-1.141672051383708419e+00,1.834495417786691784e-01,-1.032900953462903448e+00,-8.220328295087817594e-01,-1.039322075114974098e+00,-9.548357491547972836e-03,1.596947914361858747e-02
7.360000000000000320e+00,5.000000000000000000e+00,5.801891103959380125e+00,-2.805397405248741372e+00,-2.805397405248741372e+00,-1.131929773027999797e+00,-1.007086277470081059e+00,-1.044249267826621308e+00,-8.018911039593801249e-01,-1.043981693476152772e+00,-9.619052314885728067e-03,9.351477964417251321e-03
7.379999999999999893e+00,5.000000000000000000e+00,5.804022817668242240e+00,-2.827795167369404616e+00,-2.827795167369404616e+00,-1.119888106033154251e+00,1.065856854431073142e-01,-1.011513103079545006e+00,-8.040228176682422401e-01,-1.018401702028412847e+00,-9.688014949826235025e-03,1.657661389869408836e-02
7.400000000000000355e+00,5.000000000000000000e+00,5.803562581306801249e+00,-2.849993801484099087e+00,-2.849993801484099087e+00,-1.109931705734712892e+00,-2.301181807203389607e-02,-1.020324103048740882e+00,-8.035625813068012491e-01,-1.021108978438667769e+00,-9.757160912145703552e-03,1.054203630207252787e-02
7.419999999999999929e+00,5.000000000000000000e+00,5.794005246404016596e+00,-2.872018056432192434e+00,-2.872018056432192434e+00,-1.101212747404674452e+00,-4.778667451392151211e-01,-1.022742122434327383e+00,-7.940052464040165958e-01,-1.020524478259637657e+00,-9.826267294138088526e-03,7.608623119448383598e-03
7.440000000000000391e+00,5.000000000000000000e+00,5.799839572682198074e+00,-2.893856277136903188e+00,-2.893856277136903188e+00,-1.091911035235529903e+00,2.917163139090646062e-01,-1.008195625713229182e+00,-7.998395726821980745e-01,-1.008386662933101086e+00,-9.894551745328834802e-03,1.008558896520062552e-02
7.459999999999999964e+00,5.000000000000000000e+00,5.804662881397557150e+00,-2.915553886126074357e+00,-2.915553886126074357e+00,-1.084880449458563323e+00,2.411654357679616778e-01,-1.021605177465865211e+00,-8.046628813975571504e-01,-1.015796257306391670e+00,-9.963337948579504069e-03,4.154417789106061402e-03
7.480000000000000426e+00,5.000000000000000000e+00,5.792597636199996458e+00,-2.937144630843566695e+00,-2.937144630843566695e+00,-1.079537235874622247e+00,-6.032622598780511547e-01,-1.031448313619151902e+00,-7.925976361999964581e-01,-1.021921859374897545e+00,-1.003253895637969476e-02,5.060847121254232611e-04
7.500000000000000000e+00,5.000000000000000000e+00,5.795919571040990981e+00,-2.958596974987150130e+00,-2.958596974987150130e+00,-1.072617207179181520e+00,1.660967420497399261e-01,-1.010336948920215416e+00,-7.959195710409909807e-01,-1.006598997973995546e+00,-1.010070235309289480e-02,6.362751406873020342e-03
7.520000000000000462e+00,5.000000000000000000e+00,5.799034008229519976e+00,-2.979940459524824004e+00,-2.979940459524824004e+00,-1.067174226883689903e+00,1.557218594264388745e-01,-1.018187404224265125e+00,-7.990340082295199764e-01,-1.010817855222058581e+00,-1.016915143620241921e-02,2.799602433995842295e-03
7.540000000000000036e+00,5.000000000000000000e+00,5.815963823218355699e+00,-3.001198800262387500e+00,-3.001198800262387500e+00,-1.062917036878169963e+00,8.464907494417801548e-01,-1.024602326828490728e+00,-8.159638232183556994e-01,-1.014773190451490281e+00,-1.023786836091015832e-02,4.087319839096497862e-04
7.560000000000000497e+00,5.000000000000000000e+00,5.810412409642694342e+00,-3.022440760990619868e+00,-3.022440760990619868e+00,-1.062098036411625257e+00,-2.775706787830602984e-01,-1.054727032212722238e+00,-8.104124096426943424e-01,-1.036274055487311774e+00,-1.030804124970693611e-02,-8.144935475703433958e-03
7.580000000000000071e+00,5.000000000000000000e+00,5.816283804592061735e+00,-3.043643602341699950e+00,-3.043643602341699950e+00,-1.060142067554009859e+00,2.935697474683525710e-01,-1.042538347835471058e+00,-8.162838045920617347e-01,-1.029223760246221753e+00,-1.037773671693620857e-02,-2.936850872313048581e-03
7.600000000000000533e+00,5.000000000000000000e+00,5.837245829656709795e+00,-3.064830375796175232e+00,-3.064830375796175232e+00,-1.059338672723754149e+00,1.048101253232399888e+00,-1.052108119251453644e+00,-8.372458296567097946e-01,-1.036680431831918492e+00,-1.044793712413112641e-02,-4.979750295404095084e-03
7.620000000000000107e+00,5.000000000000000000e+00,5.844235758750586207e+00,-3.086073966020439929e+00,-3.086073966020439929e+00,-1.062179511213226846e+00,3.494964546938040817e-01,-1.087747057618480673e+00,-8.442357587505862071e-01,-1.063302203664021395e+00,-1.051994026548160391e-02,-1.392491368897760123e-02
7.640000000000000568e+00,5.000000000000000000e+00,5.854410558242332030e+00,-3.107385197987127867e+00,-3.107385197987127867e+00,-1.065561598334405558e+00,5.087399745872808188e-01,-1.096000382425013520e+00,-8.544105582423320300e-01,-1.072179413613244536e+00,-1.059254454073415425e-02,-1.322842427103477526e-02
7.660000000000000142e+00,5.000000000000000000e+00,5.857719323630828256e+00,-3.128785495517053317e+00,-3.128785495517053317e+00,-1.070014876496276912e+00,1.654382694248082708e-01,-1.110094379953118660e+00,-8.577193236308282565e-01,-1.085101408967761749e+00,-1.066602384874299446e-02,-1.432694713661376157e-02
7.679999999999999716e+00,5.000000000000000000e+00,5.826547618188255839e+00,-3.150269203207748170e+00,-3.150269203207748170e+00,-1.074185384534732002e+00,-1.558585272128620192e+00,-1.111719956880828031e+00,-8.265476181882558393e-01,-1.089303541011152010e+00,-1.073978771057524512e-02,-1.167662815910075480e-02
7.700000000000000178e+00,5.000000000000000000e+00,5.820360711687074584e+00,-3.171710893081984839e+00,-3.171710893081984839e+00,-1.072084493711838116e+00,-3.093453250590602055e-01,-1.053176476305793807e+00,-8.203607116870745841e-01,-1.049715475099084916e+00,-1.081087080573943544e-02,7.349869599030531969e-03
7.719999999999999751e+00,5.000000000000000000e+00,5.834046891237929522e+00,-3.193097441043823093e+00,-3.193097441043823093e+00,-1.069327398091916237e+00,6.843089775427668719e-01,-1.044513537512619772e+00,-8.340468912379295219e-01,-1.041858103842584704e+00,-1.088142182694452377e-02,8.225988156909638110e-03
7.740000000000000213e+00,5.000000000000000000e+00,5.843596968612603249e+00,-3.214487834664354171e+00,-3.214487834664354171e+00,-1.069519681026549707e+00,4.775038687336794485e-01,-1.071250227438250491e+00,-8.435969686126032485e-01,-1.059239551872170448e+00,-1.095314985959098576e-02,-1.057525706489013256e-03
7.759999999999999787e+00,5.000000000000000000e+00,5.854384392007491833e+00,-3.235914969034560329e+00,-3.235914969034560329e+00,-1.071356718510297457e+00,5.393711697444294462e-01,-1.087890055864027650e+00,-8.543843920074918330e-01,-1.071368150138006126e+00,-1.102569919889167041e-02,-5.496206527129825041e-03
7.780000000000000249e+00,5.000000000000000000e+00,5.864595732046537613e+00,-3.257410163638797318e+00,-3.257410163638797318e+00,-1.074759730211844122e+00,5.105670019522872138e-01,-1.105386835525764333e+00,-8.645957320465376128e-01,-1.085068177849514592e+00,-1.109917625660431471e-02,-9.219481419645392944e-03
7.799999999999999822e+00,5.000000000000000000e+00,5.897590619457931282e+00,-3.278997336773654236e+00,-3.278997336773654236e+00,-1.079358656742845701e+00,1.649744370569704799e+00,-1.120748995521859470e+00,-8.975906194579312825e-01,-1.098036579699102733e+00,-1.117353148956031633e-02,-1.153888433319657375e-02
7.820000000000000284e+00,5.000000000000000000e+00,5.918364007849814534e+00,-3.300777191562942470e+00,-3.300777191562942470e+00,-1.088992739464412995e+00,1.038669419594143495e+00,-1.175699483958518199e+00,-9.183640078498145343e-01,-1.139940086711572764e+00,-1.125072428283369758e-02,-2.450867296411164686e-02
7.839999999999999858e+00,5.000000000000000000e+00,5.931413941525192079e+00,-3.322789367297403373e+00,-3.322789367297403373e+00,-1.100608786723052734e+00,6.524966837688566113e-01,-1.205153212050809275e+00,-9.314139415251920795e-01,-1.166322289969264459e+00,-1.132970358750878120e-02,-2.750121849403601090e-02
7.860000000000000320e+00,5.000000000000000000e+00,5.954734690394231755e+00,-3.345040435920097810e+00,-3.345040435920097810e+00,-1.112553431134711168e+00,1.166037443451997335e+00,-1.220055230839637073e+00,-9.547346903942317553e-01,-1.182895705736993985e+00,-1.140980518647994810e-02,-2.574971991616322592e-02
7.879999999999999893e+00,5.000000000000000000e+00,5.971599737713201073e+00,-3.367573684692619640e+00,-3.367573684692619640e+00,-1.126662438626102380e+00,8.432523659484513212e-01,-1.253643506048624179e+00,-9.715997377132010726e-01,-1.212513056800674338e+00,-1.149191236985385237e-02,-2.963853687809601609e-02
7.900000000000000355e+00,5.000000000000000000e+00,5.989359632833534342e+00,-3.390402914400334478e+00,-3.390402914400334478e+00,-1.141461485385749874e+00,8.879947560166749909e-01,-1.274652906222576432e+00,-9.893596328335343415e-01,-1.233931666895765389e+00,-1.157546994729718830e-02,-2.914576937951393262e-02
7.919999999999999929e+00,5.000000000000000000e+00,5.991613693337735747e+00,-3.413544008647097616e+00,-3.413544008647097616e+00,-1.157054712338164482e+00,1.127030252100684193e-01,-1.297393754909895280e+00,-9.916136933377357465e-01,-1.256486733698588543e+00,-1.166055487572087261e-02,-2.924646633558572115e-02
7.940000000000000391e+00,5.000000000000000000e+00,5.997921647713909010e+00,-3.436956374014701332e+00,-3.436956374014701332e+00,-1.170618268380175575e+00,3.153977188086615202e-01,-1.292690272758274750e+00,-9.979216477139090102e-01,-1.259349390538924363e+00,-1.174583365334791810e-02,-2.159504856600230616e-02
7.959999999999999964e+00,5.000000000000000000e+00,5.990918617199350926e+00,-3.460622402931119002e+00,-3.460622402931119002e+00,-1.183301445820883258e+00,-3.501515257278991489e-01,-1.297450042787251512e+00,-9.909186171993509262e-01,-1.267360492596664390e+00,-1.183165491505131471e-02,-1.825789527553589933e-02
7.980000000000000426e+00,5.000000000000000000e+00,6.010805186961735380e+00,-3.484481182026406554e+00,-3.484481182026406554e+00,-1.192938954764388049e+00,9.943284881192409053e-01,-1.279676535255931391e+00,-1.010805186961735380e+00,-1.258466643843175747e+00,-1.191687391613045939e-02,-9.293017496625203405e-03
8.000000000000000000e+00,5.000000000000000000e+00,6.015521262930569435e+00,-3.508578353241351255e+00,-3.508578353241351255e+00,-1.204858560747241070e+00,2.358037984417070132e-01,-1.312135014592918258e+00,-1.015521262930569435e+00,-1.283722587441403995e+00,-1.200380316220916836e-02,-1.640862398930510030e-02
8.019999999999999574e+00,5.000000000000000000e+00,6.034702305549101808e+00,-3.532897082903876829e+00,-3.532897082903876829e+00,-1.215936483126280665e+00,9.590521309266180072e-01,-1.315637784537637467e+00,-1.034702305549101808e+00,-1.289712003921823280e+00,-1.209113799082119772e-02,-1.383464262499293010e-02
8.040000000000000924e+00,5.000000000000000000e+00,6.031687130174701927e+00,-3.557474916519145935e+00,-3.557474916519145935e+00,-1.228891680763450900e+00,-1.507587687199916093e-01,-1.345488459497982126e+00,-1.031687130174701927e+00,-1.314071928047359394e+00,-1.218012238909841997e-02,-1.923640906152417410e-02
8.060000000000000497e+00,5.000000000000000000e+00,6.036322126893447937e+00,-3.582263917636509643e+00,-3.582263917636509643e+00,-1.239450055868183798e+00,2.317498359372878181e-01,-1.334475431810780766e+00,-1.036322126893447937e+00,-1.310242655321871563e+00,-1.226884748229344416e-02,-1.196392900661578246e-02
8.080000000000000071e+00,5.000000000000000000e+00,6.032532503270609858e+00,-3.607252358744157839e+00,-3.607252358744157839e+00,-1.249422055382410690e+00,-1.894811811418928849e-01,-1.339170051010451834e+00,-1.032532503270609858e+00,-1.316129101154678960e+00,-1.235797118520628145e-02,-1.068297867056655984e-02
8.099999999999999645e+00,5.000000000000000000e+00,6.031524268508785980e+00,-3.632400663542319830e+00,-3.632400663542319830e+00,-1.257415239908108218e+00,-5.041173809118500160e-02,-1.329353900639385300e+00,-1.031524268508785980e+00,-1.311316279153674547e+00,-1.244676898048755441e-02,-5.590852505223229026e-03
8.120000000000000995e+00,5.000000000000000000e+00,6.020021050076397984e+00,-3.657686103454497850e+00,-3.657686103454497850e+00,-1.264271995608897914e+00,-5.751609216193859231e-01,-1.325982796916005402e+00,-1.020021050076397984e+00,-1.310035821006158230e+00,-1.253548006757931009e-02,-3.411495842267968977e-03
8.140000000000000568e+00,5.000000000000000000e+00,6.012931713913722831e+00,-3.683052418135028372e+00,-3.683052418135028372e+00,-1.268315734026525199e+00,-3.544668081337472021e-01,-1.304709379785169654e+00,-1.012931713913722831e+00,-1.295426733597025537e+00,-1.262320187788588087e-02,3.340555689741642967e-03
8.160000000000000142e+00,5.000000000000000000e+00,6.004520159280524183e+00,-3.708468630772073560e+00,-3.708468630772073560e+00,-1.270810631852260508e+00,-4.205777316599170201e-01,-1.293264712283878959e+00,-1.004520159280524183e+00,-1.286423276670427995e+00,-1.271031400528246057e-02,5.868878391831376488e-03
8.179999999999999716e+00,5.000000000000000000e+00,6.012899399864352290e+00,-3.733903702417301407e+00,-3.733903702417301407e+00,-1.271753582261397675e+00,4.189620291913931371e-01,-1.280240135943631286e+00,-1.012899399864352290e+00,-1.275740602286265624e+00,-1.279670273898058513e-02,8.297169081614890265e-03
8.199999999999999289e+00,5.000000000000000000e+00,6.015868418219390001e+00,-3.759390528684743771e+00,-3.759390528684743771e+00,-1.274341313372129081e+00,1.484509177518811007e-01,-1.297630893368712179e+00,-1.015868418219390001e+00,-1.286382237827727426e+00,-1.288381208736891909e-02,1.635156546384026154e-03
8.220000000000000639e+00,5.000000000000000000e+00,6.008001476230922400e+00,-3.784935588384378491e+00,-3.784935588384378491e+00,-1.277252984981746220e+00,-3.933470994233982942e-01,-1.303458029468301138e+00,-1.008001476230922400e+00,-1.290152891138625302e+00,-1.297117677133578610e-02,-3.339615583399617449e-04
8.240000000000000213e+00,5.000000000000000000e+00,5.989353915803683925e+00,-3.810505213665434265e+00,-3.810505213665434265e+00,-1.278481264052786059e+00,-9.323780213619321522e-01,-1.289535775692144393e+00,-9.893539158036839254e-01,-1.280161874813271483e+00,-1.305786489829164482e-02,3.683964019418892351e-03
8.259999999999999787e+00,5.000000000000000000e+00,5.981537648715034017e+00,-3.836033390743383009e+00,-3.836033390743383009e+00,-1.276408853897444518e+00,-3.908133544324878805e-01,-1.257757162499371306e+00,-9.815376487150340168e-01,-1.256479473070678532e+00,-1.314294933505076243e-02,1.186525990635798472e-02
8.279999999999999361e+00,5.000000000000000000e+00,5.956980791972944722e+00,-3.861503914098529666e+00,-3.861503914098529666e+00,-1.273526167757333516e+00,-1.227842837104446083e+00,-1.247581992496335168e+00,-9.569807919729447221e-01,-1.246552813868093246e+00,-1.322736157284025611e-02,1.219818294459824350e-02
8.300000000000000711e+00,5.000000000000000000e+00,5.943627678356941502e+00,-3.886843199568177365e+00,-3.886843199568177365e+00,-1.266964273482381165e+00,-6.676556808001826715e-01,-1.207907225007810448e+00,-9.436276783569415016e-01,-1.215365605805639904e+00,-1.330966192094992957e-02,2.076804271877923797e-02
8.320000000000000284e+00,5.000000000000000000e+00,5.934436199553142721e+00,-3.912029777460721558e+00,-3.912029777460721558e+00,-1.259328894627211870e+00,-4.595739401899571752e-01,-1.190610484930689106e+00,-9.344361995531427212e-01,-1.198407151513315672e+00,-1.339081390128862674e-02,2.118748048391506933e-02
8.339999999999999858e+00,5.000000000000000000e+00,5.921013208836355624e+00,-3.937059290676139245e+00,-3.937059290676139245e+00,-1.251475660770881682e+00,-6.711495358393363420e-01,-1.180796556063909097e+00,-9.210132088363556235e-01,-1.186733973432491318e+00,-1.347117541445019655e-02,1.940859278303234264e-02
8.359999999999999432e+00,5.000000000000000000e+00,5.918985310363273911e+00,-3.961911785556909926e+00,-3.961911785556909926e+00,-1.242624744038543394e+00,-1.013949236540963583e-01,-1.162966493447499250e+00,-9.189853103632739106e-01,-1.169686775222171571e+00,-1.355038255041012343e-02,2.027066432508261434e-02
8.380000000000000782e+00,5.000000000000000000e+00,5.911775338689919224e+00,-3.986610113751566153e+00,-3.986610113751566153e+00,-1.234916409732819798e+00,-3.604985836677238042e-01,-1.165541400981306541e+00,-9.117753386899192236e-01,-1.167111344161357867e+00,-1.362941528710136414e-02,1.519935846715252462e-02
8.400000000000000355e+00,5.000000000000000000e+00,5.894384403298535524e+00,-4.011153473909320866e+00,-4.011153473909320866e+00,-1.227168007887746715e+00,-8.695467695691856402e-01,-1.157432391282088746e+00,-8.943844032985355241e-01,-1.157954680136197512e+00,-1.370782796622869656e-02,1.423011682033740143e-02
8.419999999999999929e+00,5.000000000000000000e+00,5.874832961693724265e+00,-4.035504560390529960e+00,-4.035504560390529960e+00,-1.217554324060462712e+00,-9.775720802405636345e-01,-1.131031169614907128e+00,-8.748329616937242648e-01,-1.135868192189140036e+00,-1.378474502491237007e-02,1.862176759914526206e-02
8.439999999999999503e+00,5.000000000000000000e+00,5.862291240027877492e+00,-4.059624790197162270e+00,-4.059624790197162270e+00,-1.206011490331621472e+00,-6.270860832923353945e-01,-1.102125986772050314e+00,-8.622912400278774925e-01,-1.111037861351029887e+00,-1.385998065961802951e-02,2.277185523859769078e-02
8.460000000000000853e+00,5.000000000000000000e+00,5.849773135915274480e+00,-4.083506712896101121e+00,-4.083506712896101121e+00,-1.194096134946964760e+00,-6.259052056301587230e-01,-1.086857936485054799e+00,-8.497731359152744801e-01,-1.095109874835404451e+00,-1.393413770626042783e-02,2.218607605661007676e-02
8.480000000000000426e+00,5.000000000000000000e+00,5.837742520233338617e+00,-4.107143352988587459e+00,-4.107143352988587459e+00,-1.181832004624332688e+00,-6.015307840967991648e-01,-1.071454831720644485e+00,-8.377425202333386167e-01,-1.079211882612398643e+00,-1.400721819594914069e-02,2.176426908770335428e-02
8.500000000000000000e+00,5.000000000000000000e+00,5.827268092584627190e+00,-4.130529901131381187e+00,-4.130529901131381187e+00,-1.169327407139702624e+00,-5.237213824355620995e-01,-1.056786029778032932e+00,-8.272680925846271904e-01,-1.063933000696340114e+00,-1.407926405268920822e-02,2.122623497099640835e-02
8.519999999999999574e+00,5.000000000000000000e+00,5.817323382343603910e+00,-4.153667206974380299e+00,-4.153667206974380299e+00,-1.156865292149969582e+00,-4.972355120511446902e-01,-1.044706257242372427e+00,-8.173233823436039103e-01,-1.050630477582476630e+00,-1.415040910865148632e-02,2.007462944875577568e-02
8.540000000000000924e+00,5.000000000000000000e+00,5.799879709537724359e+00,-4.176557215609443041e+00,-4.176557215609443041e+00,-1.144500431753147751e+00,-8.721836402939779909e-01,-1.033216688181751275e+00,-7.998797095377243593e-01,-1.038000695576376975e+00,-1.422069891953303689e-02,1.900470631415863629e-02
8.560000000000000497e+00,5.000000000000000000e+00,5.796440874454091841e+00,-4.199174516333419760e+00,-4.199174516333419760e+00,-1.130865036198855478e+00,-1.719417541816291584e-01,-1.008146476210224129e+00,-7.964408744540918406e-01,-1.015847231112909865e+00,-1.428948857455328118e-02,2.199024347723906037e-02
8.580000000000000071e+00,5.000000000000000000e+00,5.804046752829763456e+00,-4.221547551350480987e+00,-4.221547551350480987e+00,-1.118651750853043580e+00,3.802939187835976953e-01,-1.008732182740736727e+00,-8.040467528297634558e-01,-1.011479910556696726e+00,-1.435798248975633275e-02,1.710571030571633733e-02
8.599999999999999645e+00,5.000000000000000000e+00,5.803705369054657837e+00,-4.243738043339478239e+00,-4.243738043339478239e+00,-1.109524599449877469e+00,-1.706918875527413393e-02,-1.027380236821382464e+00,-8.037053690546578366e-01,-1.021139376093799678e+00,-1.442713051049969268e-02,8.186269782916972063e-03
8.620000000000000995e+00,5.000000000000000000e+00,5.799528189156099245e+00,-4.265768089469383462e+00,-4.265768089469383462e+00,-1.101502306495250716e+00,-2.088589949279401892e-01,-1.029301669903609495e+00,-7.995281891560992449e-01,-1.020705818699415568e+00,-1.449624917223839293e-02,5.900397968044479580e-03
8.640000000000000568e+00,5.000000000000000000e+00,5.797799905822972555e+00,-4.287642641575613034e+00,-4.287642641575613034e+00,-1.093727605311489492e+00,-8.641416665634804595e-02,-1.023755294657638482e+00,-7.977999058229725549e-01,-1.015400800228245970e+00,-1.456500859650581778e-02,6.210514167113314818e-03
8.660000000000000142e+00,5.000000000000000000e+00,5.794967253745231694e+00,-4.309375001380753467e+00,-4.309375001380753467e+00,-1.086617990257011002e+00,-1.416326038870500681e-01,-1.022631454766705472e+00,-7.949672537452316945e-01,-1.013205880395175118e+00,-1.463361938840659383e-02,5.208045016876412282e-03
8.679999999999999716e+00,5.000000000000000000e+00,5.807710022368662628e+00,-4.330972633418544326e+00,-4.330972633418544326e+00,-1.079881601889524312e+00,6.371384311715500015e-01,-1.019254106582144548e+00,-8.077100223686626279e-01,-1.009608412256444376e+00,-1.470198657222868306e-02,5.056292246528436979e-03
8.700000000000001066e+00,5.000000000000000000e+00,5.820761546485456961e+00,-4.352497241597044209e+00,-4.352497241597044209e+00,-1.076230408924997217e+00,6.525762058397343024e-01,-1.043369672244252699e+00,-8.207615464854569609e-01,-1.025791728408201653e+00,-1.477144963415238758e-02,-2.806494201898698804e-03
8.720000000000000639e+00,5.000000000000000000e+00,5.812717400926703526e+00,-4.374000735765924297e+00,-4.374000735765924297e+00,-1.075174708444014859e+00,-4.022072779376545393e-01,-1.065673404115173195e+00,-8.127174009267035260e-01,-1.042367164036530403e+00,-1.484203512715013759e-02,-8.464204951492667120e-03
8.740000000000000213e+00,5.000000000000000000e+00,5.771237665427695340e+00,-4.395451844491873317e+00,-4.395451844491873317e+00,-1.072555436297446319e+00,-2.073986774950412393e+00,-1.048981986978329006e+00,-7.712376654276953403e-01,-1.032151099176913389e+00,-1.491192882362983411e-02,-1.918958977785657251e-03
8.759999999999999787e+00,5.000000000000000000e+00,5.782910559509955917e+00,-4.416708115251950950e+00,-4.416708115251950950e+00,-1.062813538003898994e+00,5.836447041130201629e-01,-9.751364533619736319e-01,-7.829105595099559167e-01,-9.794718350931731488e-01,-1.497825526285661603e-02,1.931363699405611728e-02
8.779999999999999361e+00,5.000000000000000000e+00,5.790950335971531970e+00,-4.437842030039032437e+00,-4.437842030039032437e+00,-1.056695739354083674e+00,4.019888230787850292e-01,-1.001635551505744903e+00,-7.909503359715319704e-01,-9.942964105776440631e-01,-1.504558557097447277e-02,7.706444642873514633e-03
8.800000000000000711e+00,5.000000000000000000e+00,5.787865923552647729e+00,-4.458899013010229062e+00,-4.458899013010229062e+00,-1.052849148559831916e+00,-1.542206209442247844e-01,-1.018229831411566977e+00,-7.878659235526477289e-01,-1.004506926683845558e+00,-1.511360729986802390e-02,1.390702572146585922e-03
8.820000000000000284e+00,5.000000000000000000e+00,5.786303053233638138e+00,-4.479876820799297832e+00,-4.479876820799297832e+00,-1.048890389453453587e+00,-7.814351595046059584e-02,-1.013261557496049070e+00,-7.863030532336381384e-01,-1.000589722911862545e+00,-1.518136376929355227e-02,2.509529185106962237e-03
8.839999999999999858e+00,5.000000000000000000e+00,5.803004573784206421e+00,-4.500779485576639871e+00,-4.500779485576639871e+00,-1.045133238867123282e+00,8.350760275284218048e-01,-1.011318883590150319e+00,-8.030045737842064213e-01,-9.986048776067204535e-01,-1.524898583187164584e-02,2.534979848441649541e-03
8.859999999999999432e+00,5.000000000000000000e+00,5.809669598745628605e+00,-4.521675237324791041e+00,-4.521675237324791041e+00,-1.044787587407554286e+00,3.332512480710885239e-01,-1.041676724271432875e+00,-8.096695987456286048e-01,-1.019815808705942128e+00,-1.531804422521708745e-02,-6.542871340273849479e-03
8.880000000000000782e+00,5.000000000000000000e+00,5.819254044877316900e+00,-4.542584548415300461e+00,-4.542584548415300461e+00,-1.045465554525462526e+00,4.792223065844046781e-01,-1.051567258586637577e+00,-8.192540448773169004e-01,-1.028280390406948408e+00,-1.538767581070921153e-02,-7.899192368979943146e-03
8.900000000000000355e+00,5.000000000000000000e+00,5.818576975122690342e+00,-4.563535354911728348e+00,-4.563535354911728348e+00,-1.047540324821379043e+00,-3.385348773133395328e-02,-1.066213257484627919e+00,-8.185769751226903423e-01,-1.040452636994192437e+00,-1.545813165856866137e-02,-1.030248883186673202e-02
8.919999999999999929e+00,5.000000000000000000e+00,5.828896429893642761e+00,-4.584515072456770923e+00,-4.584515072456770923e+00,-1.048985877252115895e+00,5.159727385476000627e-01,-1.061995849128748670e+00,-8.288964298936427610e-01,-1.039592758405816664e+00,-1.552852927842921296e-02,-6.874561444502686781e-03
8.939999999999999503e+00,5.000000000000000000e+00,5.834120230555351228e+00,-4.605553317370955746e+00,-4.605553317370955746e+00,-1.051912245709245575e+00,2.611900330854450836e-01,-1.078249561823412472e+00,-8.341202305553512275e-01,-1.052698465964926333e+00,-1.559981437140006699e-02,-9.951281487086186678e-03
8.960000000000000853e+00,5.000000000000000000e+00,5.830917437479820720e+00,-4.626656880976296016e+00,-4.626656880976296016e+00,-1.055178180267022592e+00,-1.601396537765287231e-01,-1.084571591287015080e+00,-8.309174374798207197e-01,-1.059332692805296183e+00,-1.567154871122782706e-02,-9.567349770491145877e-03
8.980000000000000426e+00,5.000000000000000000e+00,5.842884145438743460e+00,-4.647802308835298213e+00,-4.647802308835298213e+00,-1.057271392950115629e+00,5.983353979461195626e-01,-1.076110307097952967e+00,-8.428841454387434595e-01,-1.055265145599372234e+00,-1.574300761085109177e-02,-5.102153887729609337e-03
9.000000000000000000e+00,5.000000000000000000e+00,5.847526964979395281e+00,-4.669024812485679021e+00,-4.669024812485679021e+00,-1.061125182519055743e+00,2.321409770325851829e-01,-1.095809288639517431e+00,-8.475269649793952809e-01,-1.070462864707204309e+00,-1.581549564735882513e-02,-9.530928284954250443e-03
9.019999999999999574e+00,5.000000000000000000e+00,5.871195770556584037e+00,-4.690327528575863880e+00,-4.690327528575863880e+00,-1.065135804509239392e+00,1.183440278859440919e+00,-1.101231402420891570e+00,-8.711957705565840371e-01,-1.076359245523831998e+00,-1.588838296634705397e-02,-8.983773930712582109e-03
9.040000000000000924e+00,5.000000000000000000e+00,5.877100445385159411e+00,-4.711780888339706763e+00,-4.711780888339706763e+00,-1.072667988192157029e+00,2.952337414287857786e-01,-1.140457641338415540e+00,-8.771004453851594107e-01,-1.106418628606861798e+00,-1.596330580261491952e-02,-1.807570692893880823e-02
9.060000000000000497e+00,5.000000000000000000e+00,5.889610170439516956e+00,-4.733380011777155616e+00,-4.733380011777155616e+00,-1.079956171872437087e+00,6.254862527178746134e-01,-1.145549824994958277e+00,-8.896101704395169563e-01,-1.113917565639152452e+00,-1.603873644091804301e-02,-1.559352291488770234e-02
9.080000000000000071e+00,5.000000000000000000e+00,5.900538197386278050e+00,-4.755145353807842312e+00,-4.755145353807842312e+00,-1.088267101534318826e+00,5.464013473380645580e-01,-1.163065468491253585e+00,-9.005381973862780498e-01,-1.129804916458186481e+00,-1.611524291557584268e-02,-1.714530911749144806e-02
9.099999999999999645e+00,5.000000000000000000e+00,5.922566867992594020e+00,-4.777088801782825911e+00,-4.777088801782825911e+00,-1.097172398749172384e+00,1.101433530315801157e+00,-1.177320073682855295e+00,-9.225668679925940197e-01,-1.143683510680573168e+00,-1.619268920055106156e-02,-1.744387380173103783e-02
9.120000000000000995e+00,5.000000000000000000e+00,5.925909509670756137e+00,-4.799260130844160699e+00,-4.799260130844160699e+00,-1.108566453066750057e+00,1.671320839081161247e-01,-1.211112941924950004e+00,-9.259095096707561368e-01,-1.171659922350594352e+00,-1.627202995119842593e-02,-2.318098962315708056e-02
9.140000000000000568e+00,5.000000000000000000e+00,5.935349053843431477e+00,-4.821634623126847430e+00,-4.821634623126847430e+00,-1.118724614134357642e+00,4.719772086337782890e-01,-1.210148063742825020e+00,-9.353490538434314772e-01,-1.175905077281860223e+00,-1.635165816903011091e-02,-1.789132829193468971e-02
9.160000000000000142e+00,5.000000000000000000e+00,5.940677901105703818e+00,-4.844214766620008383e+00,-4.844214766620008383e+00,-1.129007174658038348e+00,2.664423631136283444e-01,-1.221550219371165369e+00,-9.406779011057038176e-01,-1.187893298381158091e+00,-1.643209818766064659e-02,-1.722482280234660310e-02
9.179999999999999716e+00,5.000000000000000000e+00,5.954958095830914289e+00,-4.866988665909432576e+00,-4.866988665909432576e+00,-1.138694964471199889e+00,7.140097362605167808e-01,-1.225885072789653751e+00,-9.549580958309142886e-01,-1.194660934404243813e+00,-1.651299648715573790e-02,-1.471114189825424752e-02
9.200000000000001066e+00,5.000000000000000000e+00,5.972899045428422760e+00,-4.889978777751695205e+00,-4.889978777751695205e+00,-1.149505592113138963e+00,8.970474798754051182e-01,-1.246801240890591078e+00,-9.728990454284227596e-01,-1.212796781705261173e+00,-1.659512288339719602e-02,-1.740933630193278875e-02
9.220000000000000639e+00,5.000000000000000000e+00,5.985121153716300491e+00,-4.913216641826144482e+00,-4.913216641826144482e+00,-1.161893203722456303e+00,6.111054143938798866e-01,-1.273381708206313023e+00,-9.851211537163004905e-01,-1.235581787694096878e+00,-1.667879220130404072e-02,-2.112112831091217044e-02
9.240000000000000213e+00,5.000000000000000000e+00,5.999727412966394446e+00,-4.936708197048319313e+00,-4.936708197048319313e+00,-1.174577761108733354e+00,7.303129625047062312e-01,-1.288738777585227036e+00,-9.997274129663944464e-01,-1.251103865219701738e+00,-1.676351262052364413e-02,-2.087139974500162865e-02
9.259999999999999787e+00,5.000000000000000000e+00,5.999013274471060697e+00,-4.960467371149423599e+00,-4.960467371149423599e+00,-1.187958705055200737e+00,-3.570692476669212745e-02,-1.308387200573407849e+00,-9.990132744710606971e-01,-1.269653814467321062e+00,-1.684948917803875262e-02,-2.188389692804793007e-02
9.279999999999999361e+00,5.000000000000000000e+00,5.997240384523000678e+00,-4.984451918539971160e+00,-4.984451918539971160e+00,-1.199227369527365417e+00,-8.864449740298707692e-02,-1.300645349776847759e+00,-9.972403845230006780e-01,-1.268746858578247094e+00,-1.693540431964326437e-02,-1.496308687895734485e-02
9.300000000000000711e+00,5.000000000000000000e+00,5.981577360217837480e+00,-5.008624226625379983e+00,-5.008624226625379983e+00,-1.208615404270434901e+00,-7.831512152581771025e-01,-1.293107716958059372e+00,-9.815773602178374801e-01,-1.266495288344210879e+00,-1.702116699271224304e-02,-9.591261621136253773e-03
9.320000000000000284e+00,5.000000000000000000e+00,5.974585201016818559e+00,-5.032904548956554258e+00,-5.032904548956554258e+00,-1.214016116558708225e+00,-3.496079600509405250e-01,-1.262622527153168583e+00,-9.745852010168185586e-01,-1.246603247476653520e+00,-1.710558264569097750e-02,1.086302969175894848e-03
9.339999999999999858e+00,5.000000000000000000e+00,6.009707427905103039e+00,-5.057258179244418450e+00,-5.057258179244418450e+00,-1.217681514393218034e+00,1.756111344414218456e+00,-1.250670094903807428e+00,-1.009707427905103039e+00,-1.237723205291359596e+00,-1.718939697297842267e-02,4.242507360530549387e-03
9.359999999999999432e+00,5.000000000000000000e+00,6.004790312523751616e+00,-5.081804698061675118e+00,-5.081804698061675118e+00,-1.227325940862821652e+00,-2.458557690675874652e-01,-1.314125779089253543e+00,-1.004790312523751616e+00,-1.282328433439480886e+00,-1.727623181177826220e-02,-1.452111383799428723e-02
9.380000000000000782e+00,5.000000000000000000e+00,6.000597528823123028e+00,-5.106498889791026841e+00,-5.106498889791026841e+00,-1.234709586467589659e+00,-2.096391850314472394e-01,-1.301162396910502839e+00,-1.000597528823123028e+00,-1.276083696905164544e+00,-1.736264377865530395e-02,-7.716056226682993339e-03
9.400000000000000355e+00,5.000000000000000000e+00,5.997967912132502910e+00,-5.131306703927138280e+00,-5.131306703927138280e+00,-1.240390706805557297e+00,-1.314808345310212734e-01,-1.291520789847265371e+00,-9.979679121325029101e-01,-1.270758861605366219e+00,-1.744869516613409277e-02,-3.313233075765057919e-03
9.419999999999999929e+00,5.000000000000000000e+00,6.004695021521651022e+00,-5.156205663615350154e+00,-5.156205663615350154e+00,-1.244947984410597952e+00,3.363554694574197867e-01,-1.285963482855962958e+00,-1.004695021521651022e+00,-1.267419248408278687e+00,-1.753452040657748831e-02,-1.009714041106721857e-03
9.439999999999999503e+00,5.000000000000000000e+00,6.005679924787182600e+00,-5.181210008338371864e+00,-5.181210008338371864e+00,-1.250217236151087707e+00,4.924516327657313397e-02,-1.297640501815495728e+00,-1.005679924787182600e+00,-1.275962677332496797e+00,-1.762092417842835157e-02,-4.056900304570464771e-03
9.460000000000000853e+00,5.000000000000000000e+00,5.998741965406668264e+00,-5.206310421047433579e+00,-5.206310421047433579e+00,-1.255020635453090616e+00,-3.468979690257147364e-01,-1.298251229171116128e+00,-9.987419654066682639e-01,-1.277213504479721928e+00,-1.770741265196005068e-02,-3.330312039434051279e-03
9.480000000000000426e+00,5.000000000000000000e+00,6.001132795422164712e+00,-5.231470935915956133e+00,-5.231470935915956133e+00,-1.258025743426137710e+00,1.195415007748393266e-01,-1.285071715183561336e+00,-1.001132795422164712e+00,-1.268402296066468704e+00,-1.779330446098502383e-02,1.123885343892302904e-03
9.500000000000000000e+00,5.000000000000000000e+00,6.001865291481358611e+00,-5.256694843228975955e+00,-5.256694843228975955e+00,-1.261195365650977340e+00,3.662480295971121125e-02,-1.289721965674533122e+00,-1.001865291481358611e+00,-1.271438650186149211e+00,-1.787940188139133108e-02,-4.039136069926190301e-04
9.519999999999999574e+00,5.000000000000000000e+00,5.987687530267091773e+00,-5.281978323820774257e+00,-5.281978323820774257e+00,-1.264174029589895332e+00,-7.088880607133234424e-01,-1.290982005040157699e+00,-9.876875302670917733e-01,-1.272368920181325525e+00,-1.796556229645872652e-02,-6.475225623733950157e-04
9.540000000000000924e+00,5.000000000000000000e+00,5.975174483678796555e+00,-5.307265069168536797e+00,-5.307265069168536797e+00,-1.264337267388128350e+00,-6.256523294147462444e-01,-1.265806407572224623e+00,-9.751744836787965554e-01,-1.254363163439206508e+00,-1.805050342406169794e-02,6.607259291043507746e-03
9.560000000000000497e+00,5.000000000000000000e+00,5.958259189193724659e+00,-5.332514638749517033e+00,-5.332514638749517033e+00,-1.262478479049018443e+00,-8.457647242535771825e-01,-1.245749383997028170e+00,-9.582591891937246587e-01,-1.238471594272071652e+00,-1.813436842965807441e-02,1.085657870470147293e-02
9.580000000000000071e+00,5.000000000000000000e+00,5.932799841382863981e+00,-5.357677616426897771e+00,-5.357677616426897771e+00,-1.258148883869026902e+00,-1.272967390543033206e+00,-1.219182527249102144e+00,-9.327998413828639812e-01,-1.216989170276030263e+00,-1.821677871992873413e-02,1.602342174685683629e-02
9.599999999999999645e+00,5.000000000000000000e+00,5.921481069485925453e+00,-5.382682411631799724e+00,-5.382682411631799724e+00,-1.250239760245115850e+00,-5.659385948469152217e-01,-1.179057647629916605e+00,-9.214810694859254525e-01,-1.184655798556237372e+00,-1.829699950628765892e-02,2.389515043260840438e-02
9.620000000000000995e+00,5.000000000000000000e+00,5.904059090434969903e+00,-5.407519315019047923e+00,-5.407519315019047923e+00,-1.241845169362393086e+00,-8.710989525477710327e-01,-1.166293851417887550e+00,-9.040590904349699031e-01,-1.170280958247125414e+00,-1.837624687826344694e-02,2.236335370750127186e-02
9.640000000000000568e+00,5.000000000000000000e+00,5.875120676101454720e+00,-5.432157085162870658e+00,-5.432157085162870658e+00,-1.231888507191136295e+00,-1.446920716675778484e+00,-1.142278547649826059e+00,-8.751206761014547197e-01,-1.148155044852411821e+00,-1.845399596004085319e-02,2.433049316262675399e-02
9.660000000000000142e+00,5.000000000000000000e+00,5.872331919425151092e+00,-5.456528057971181234e+00,-5.456528057971181234e+00,-1.218548640415533013e+00,-1.394378338151751606e-01,-1.098489839435103921e+00,-8.723319194251510922e-01,-1.111403258648847592e+00,-1.852925633818557766e-02,3.144267555192929026e-02
9.679999999999999716e+00,5.000000000000000000e+00,5.862414774053059219e+00,-5.480668067780344543e+00,-5.480668067780344543e+00,-1.207000490458184583e+00,-4.958572686045827904e-01,-1.103067140842048266e+00,-8.624147740530592188e-01,-1.107861537669941887e+00,-1.860427688325614129e-02,2.339867371114971034e-02
9.700000000000001066e+00,5.000000000000000000e+00,5.832604756587970840e+00,-5.504579331403808062e+00,-5.504579331403808062e+00,-1.195563181173176392e+00,-1.490500873254427594e+00,-1.092627397608103124e+00,-8.326047565879708401e-01,-1.095266763047385128e+00,-1.867844455382470376e-02,2.131780999310655192e-02
9.720000000000000639e+00,5.000000000000000000e+00,5.812157451135308683e+00,-5.528192249132398928e+00,-5.528192249132398928e+00,-1.180645886429541269e+00,-1.022365272633087407e+00,-1.046390233736825826e+00,-8.121574511353086834e-01,-1.057408040866723020e+00,-1.875004856289127012e-02,2.976785569278860011e-02
9.740000000000000213e+00,5.000000000000000000e+00,5.787646062173540606e+00,-5.551482354288021170e+00,-5.551482354288021170e+00,-1.164505257781102365e+00,-1.225569448088399627e+00,-1.019239599945153341e+00,-7.876460621735406065e-01,-1.031439962941842037e+00,-1.881989410368890836e-02,3.102025710037777453e-02
9.759999999999999787e+00,5.000000000000000000e+00,5.789858956013842928e+00,-5.574414003485985702e+00,-5.574414003485985702e+00,-1.146582459898212836e+00,1.106446920151348268e-01,-9.852772789522076247e-01,-7.898589560138429277e-01,-1.000310498960396588e+00,-1.888763166503583391e-02,3.392085167322494293e-02
9.779999999999999361e+00,5.000000000000000000e+00,5.784685276134187149e+00,-5.597051355481421631e+00,-5.597051355481421631e+00,-1.131867599771796185e+00,-2.586839939827686452e-01,-9.994338586340467678e-01,-7.846852761341871485e-01,-1.003120874137580554e+00,-1.895555953525302276e-02,2.264257503878690583e-02
9.800000000000000711e+00,5.000000000000000000e+00,5.782412631053787777e+00,-5.619419266373418154e+00,-5.619419266373418154e+00,-1.118395544599836366e+00,-1.136322540199695696e-01,-9.971470480521988922e-01,-7.824126310537877771e-01,-9.965503006904177230e-01,-1.902304246900056450e-02,1.842629510721941269e-02
9.820000000000000284e+00,5.000000000000000000e+00,5.778337458489753331e+00,-5.641547834551352558e+00,-5.641547834551352558e+00,-1.106428408896701576e+00,-2.037586282017379569e-01,-9.987241875684891301e-01,-7.783374584897533310e-01,-9.936640414383104414e-01,-1.909032995527119164e-02,1.403018382509247514e-02
9.839999999999999858e+00,5.000000000000000000e+00,5.790027618985086555e+00,-5.663455136460781247e+00,-5.663455136460781247e+00,-1.095365095471454886e+00,5.845080247666558648e-01,-9.957952746442341185e-01,-7.900276189850865549e-01,-9.884885722819867215e-01,-1.915726697670130929e-02,1.185056461445388627e-02
9.859999999999999432e+00,5.000000000000000000e+00,5.785245597799100636e+00,-5.685211881359586883e+00,-5.685211881359586883e+00,-1.087837244940264680e+00,-2.391010592993137451e-01,-1.020086590159552165e+00,-7.852455977991006364e-01,-1.003335076111059987e+00,-1.922520935193402711e-02,2.473695303441776627e-03
9.880000000000000782e+00,5.000000000000000000e+00,5.785652798144075071e+00,-5.706817835001341876e+00,-5.706817835001341876e+00,-1.080297682087755451e+00,2.036001724871525087e-02,-1.012441616415172385e+00,-7.856527981440750708e-01,-9.972619092048577993e-01,-1.929274047334475148e-02,4.113033263030230723e-03
9.900000000000000355e+00,5.000000000000000000e+00,5.785075691993892377e+00,-5.728292119324410514e+00,-5.728292119324410514e+00,-1.073714216153443646e+00,-2.885530750914064302e-02,-1.014463022744636511e+00,-7.850756919938923772e-01,-9.977790536429753665e-01,-1.936030661398514124e-02,2.676337512323893365e-03
9.919999999999999929e+00,5.000000000000000000e+00,5.782509220931630445e+00,-5.749647601448841350e+00,-5.749647601448841350e+00,-1.067774106221531571e+00,-1.283235531131138862e-01,-1.014313116834322237e+00,-7.825092209316304448e-01,-9.970461288322433058e-01,-1.942782312349661603e-02,2.160835121417706891e-03
9.939999999999999503e+00,5.000000000000000000e+00,5.783431685592216098e+00,-5.770888517645480498e+00,-5.770888517645480498e+00,-1.062045809831945187e+00,4.612323302928197921e-02,-1.010491142325668612e+00,-7.834316855922160983e-01,-9.937867105831706960e-01,-1.949511891649673492e-02,2.790687173998837069e-03
9.960000000000000853e+00,5.000000000000000000e+00,5.781601039763727634e+00,-5.792031395504700697e+00,-5.792031395504700697e+00,-1.057143892961025067e+00,-9.153229142442292909e-02,-1.013026641122744431e+00,-7.816010397637276341e-01,-9.949582407021144714e-01,-1.956249404145766688e-02,1.494093620827530600e-03
9.980000000000000426e+00,5.000000000000000000e+00,5.781188929469346149e+00,-5.813080596588146243e+00,-5.813080596588146243e+00,-1.052460054172287052e+00,-2.060551471906435506e-02,-1.010305505073644916e+00,-7.811889294693461494e-01,-9.926333204999341353e-01,-1.962971173087734583e-02,1.957527157166526460e-03
1.000000000000000000e+01,5.000000000000000000e+00,5.769738212217928819e+00,-5.834045340232184351e+00,-5.834045340232184351e+00,-1.048237182201884554e+00,-5.725358625708582005e-01,-1.010231334468262743e+00,-7.697382122179288189e-01,-9.921099404260695920e-01,-1.969689397881170881e-02,1.575499936618547864e-03
1.001999999999999957e+01,5.000000000000000000e+00,5.777514503438643700e+00,-5.854894660139488671e+00,-5.854894660139488671e+00,-1.042465995365195353e+00,3.888145610357361948e-01,-9.905253138349933151e-01,-7.775145034386437004e-01,-9.775675295167696177e-01,-1.976309146506245035e-02,6.805307146838813701e-03
1.004000000000000092e+01,5.000000000000000000e+00,5.775884221208556824e+00,-5.875671812566271690e+00,-5.875671812566271690e+00,-1.038857621339132287e+00,-8.151411150432308350e-02,-1.006382255104564472e+00,-7.758842212085568235e-01,-9.874434193670774684e-01,-1.982995771235817467e-02,8.911219748711585523e-04
1.006000000000000050e+01,5.000000000000000000e+00,5.775055717721498283e+00,-5.896378917707890466e+00,-5.896378917707890466e+00,-1.035355257080944558e+00,-4.142517435292150663e-02,-1.003833978757256107e+00,-7.750557177214982829e-01,-9.853729609348671481e-01,-1.989668375538210937e-02,1.435665932993075624e-03
1.008000000000000007e+01,5.000000000000000000e+00,5.774427736955976442e+00,-5.917021045413674685e+00,-5.917021045413674685e+00,-1.032106385289226047e+00,-3.139903827608242493e-02,-1.002866539163758786e+00,-7.744277369559764423e-01,-9.843207615063028770e-01,-1.996333854710615960e-02,1.417560889650306116e-03
1.009999999999999964e+01,5.000000000000000000e+00,5.790198637171453555e+00,-5.937603456625326181e+00,-5.937603456625326181e+00,-1.029120560582562405e+00,7.885450107738505299e-01,-1.002248138222589402e+00,-7.901986371714535551e-01,-9.835232259340901395e-01,-2.002993933248437344e-02,1.305027043985090797e-03
1.012000000000000099e+01,5.000000000000000000e+00,5.791689083438346763e+00,-5.958188807825811395e+00,-5.958188807825811395e+00,-1.029267560024260675e+00,7.452231334467290802e-02,-1.030590554999545327e+00,-7.916890834383467634e-01,-1.003552269207746095e+00,-2.009789641528111903e-02,-6.940389376518038035e-03
1.014000000000000057e+01,5.000000000000000000e+00,5.810350081273232270e+00,-5.978778047171143584e+00,-5.978778047171143584e+00,-1.029461967266597888e+00,9.330498917442660023e-01,-1.031211632447632809e+00,-8.103500812732322700e-01,-1.005445135966700487e+00,-2.016598167645681713e-02,-5.600514804475444607e-03
1.016000000000000014e+01,5.000000000000000000e+00,5.818944620998995454e+00,-5.999433550206513033e+00,-5.999433550206513033e+00,-1.032775151768473787e+00,4.297269862881731295e-01,-1.062593812285357098e+00,-8.189446209989954539e-01,-1.029144603217005072e+00,-2.023567178344631498e-02,-1.321353728490579429e-02
1.017999999999999972e+01,5.000000000000000000e+00,5.821785008606968681e+00,-6.020171293591490169e+00,-6.020171293591490169e+00,-1.036887169248870588e+00,1.420193803986799508e-01,-1.073895326572440689e+00,-8.217850086069686810e-01,-1.040059668668724235e+00,-2.030610102085222968e-02,-1.352955688286412196e-02
1.020000000000000107e+01,5.000000000000000000e+00,5.850738518507345276e+00,-6.040985120514588580e+00,-6.040985120514588580e+00,-1.040691346154905439e+00,1.447675495018851510e+00,-1.074928938309218207e+00,-8.507385185073452760e-01,-1.043666960930850207e+00,-2.037677453159243007e-02,-1.088520284677555253e-02
1.022000000000000064e+01,5.000000000000000000e+00,5.873475651489060922e+00,-6.061963417438319901e+00,-6.061963417438319901e+00,-1.048914846186579153e+00,1.136856649085804083e+00,-1.122926346471643022e+00,-8.734756514890609225e-01,-1.080437918504328465e+00,-2.044993804418406350e-02,-2.203848992313043112e-02
1.024000000000000021e+01,5.000000000000000000e+00,5.894545265757566987e+00,-6.083157063008703069e+00,-6.083157063008703069e+00,-1.059682278519161747e+00,1.053480713425317905e+00,-1.156589169512405313e+00,-8.945452657575669875e-01,-1.109314077391107434e+00,-2.052505695021212412e-02,-2.675003517108569262e-02
1.025999999999999979e+01,5.000000000000000000e+00,5.913812621248783152e+00,-6.104603128357809716e+00,-6.104603128357809716e+00,-1.072303267455310793e+00,9.633677745607904797e-01,-1.185892167880653103e+00,-9.138126212487831523e-01,-1.136072487512109985e+00,-2.060198784306727440e-02,-2.921769252547600643e-02
1.027999999999999936e+01,5.000000000000000000e+00,5.930398299295507769e+00,-6.126327127437039444e+00,-6.126327127437039444e+00,-1.086199953961470621e+00,8.292839023362189588e-01,-1.211270132516908182e+00,-9.303982992955077691e-01,-1.160542028985954710e+00,-2.068057572849467049e-02,-3.004752780245885380e-02
1.030000000000000071e+01,5.000000000000000000e+00,5.944844736183346079e+00,-6.148342045342778839e+00,-6.148342045342778839e+00,-1.100745895286975529e+00,7.223218443919221521e-01,-1.231659367216519030e+00,-9.448447361833460789e-01,-1.181605840105294902e+00,-2.076058998223408517e-02,-2.929293712899005628e-02
1.032000000000000028e+01,5.000000000000000000e+00,5.967279066151342626e+00,-6.170652459544229806e+00,-6.170652459544229806e+00,-1.115520710072561261e+00,1.121716498399847994e+00,-1.248494043142831966e+00,-9.672790661513426258e-01,-1.199952814952849556e+00,-2.084184662954585363e-02,-2.769938156043651872e-02
1.033999999999999986e+01,5.000000000000000000e+00,5.971780714712521920e+00,-6.193291694945651571e+00,-6.193291694945651571e+00,-1.131961770071086004e+00,2.250824280589793780e-01,-1.279931310057807803e+00,-9.717807147125219203e-01,-1.228444414012205055e+00,-2.092503262923486873e-02,-3.056186341636784459e-02
1.035999999999999943e+01,5.000000000000000000e+00,5.984857158560589419e+00,-6.216224617284591858e+00,-6.216224617284591858e+00,-1.146646116947030114e+00,6.538221924033958965e-01,-1.278805238830527768e+00,-9.848571585605894185e-01,-1.234161507684902848e+00,-2.100860577070014570e-02,-2.363512537492477861e-02
1.038000000000000078e+01,5.000000000000000000e+00,5.994589888952787327e+00,-6.239454084492952468e+00,-6.239454084492952468e+00,-1.161473360418034062e+00,4.866365196098935142e-01,-1.294918551657069816e+00,-9.945898889527873266e-01,-1.250768591371948624e+00,-2.109330348633635735e-02,-2.305665679878496008e-02
1.040000000000000036e+01,5.000000000000000000e+00,5.992975067435863501e+00,-6.262971194093839955e+00,-6.262971194093839955e+00,-1.175855480044359691e+00,-8.074107584617074007e-02,-1.305294556681290352e+00,-9.929750674358635010e-01,-1.263129158970039967e+00,-2.117883821678629569e-02,-2.098655949446403060e-02
1.041999999999999993e+01,5.000000000000000000e+00,6.001464567999755140e+00,-6.286729050695131882e+00,-6.286729050695131882e+00,-1.187892830064606553e+00,4.244750281946008119e-01,-1.296228980246829199e+00,-1.001464567999755140e+00,-1.261078335643546655e+00,-2.126423407258578105e-02,-1.388641053069675571e-02
1.043999999999999950e+01,5.000000000000000000e+00,6.006890314002856002e+00,-6.310725438876369608e+00,-6.310725438876369608e+00,-1.199819409061888775e+00,2.712873001550500374e-01,-1.307158620037428554e+00,-1.006890314002856002e+00,-1.271860001359689019e+00,-2.135036002543376152e-02,-1.394825865230576480e-02
1.046000000000000085e+01,5.000000000000000000e+00,6.012739039297437138e+00,-6.334947495147368102e+00,-6.334947495147368102e+00,-1.211102813549922219e+00,2.924362647290405515e-01,-1.312653453942223658e+00,-1.012739039297437138e+00,-1.278750698783627238e+00,-2.143695259243800708e-02,-1.246580256615826415e-02
1.048000000000000043e+01,5.000000000000000000e+00,6.030671279436281118e+00,-6.359386028501368138e+00,-6.359386028501368138e+00,-1.221926667699987590e+00,8.966120069422062189e-01,-1.319341355050575038e+00,-1.030671279436281118e+00,-1.286178579907745201e+00,-2.152404814981758591e-02,-1.163872699301219185e-02
1.050000000000000000e+01,5.000000000000000000e+00,6.039523561362318382e+00,-6.384075993670464300e+00,-6.384075993670464300e+00,-1.234498258454806763e+00,4.426140963018474483e-01,-1.347642575248178876e+00,-1.039523561362318382e+00,-1.308952524884076984e+00,-2.161268587984910630e-02,-1.707736448425283687e-02
1.051999999999999957e+01,5.000000000000000000e+00,6.038481886034566593e+00,-6.409013481521399491e+00,-6.409013481521399491e+00,-1.246874392546767574e+00,-5.208376638758105415e-02,-1.358259599374414206e+00,-1.038481886034566593e+00,-1.320194922930144399e+00,-2.170208490612626426e-02,-1.636259153814354286e-02
1.054000000000000092e+01,5.000000000000000000e+00,6.041929579726838639e+00,-6.434160417485992767e+00,-6.434160417485992767e+00,-1.257346798229661333e+00,1.723846846136007360e-01,-1.351598449375704947e+00,-1.041929579726838639e+00,-1.318871995263899644e+00,-2.179139434832523536e-02,-1.093505976348008862e-02
1.056000000000000050e+01,5.000000000000000000e+00,6.048549662954524564e+00,-6.459501665973803597e+00,-6.459501665973803597e+00,-1.267062424390540620e+00,3.310041613843078823e-01,-1.354503059838454426e+00,-1.048549662954524564e+00,-1.323250566253085125e+00,-2.188100029218174175e-02,-9.371493293187541790e-03
1.058000000000000007e+01,5.000000000000000000e+00,6.051657119129527196e+00,-6.485035761801369425e+00,-6.485035761801369425e+00,-1.276704791378292736e+00,1.553728087501512478e-01,-1.363486094268060667e+00,-1.051657119129527196e+00,-1.331658071952246170e+00,-2.197117556319582929e-02,-9.856846752618868973e-03
1.059999999999999964e+01,5.000000000000000000e+00,6.041424249255974210e+00,-6.510748674976722938e+00,-6.510748674976722938e+00,-1.285645658767655908e+00,-5.116434936776378395e-01,-1.366113465271924898e+00,-1.041424249255974210e+00,-1.335604541294499459e+00,-2.206161807544096756e-02,-8.447305901984518764e-03
1.062000000000000099e+01,5.000000000000000000e+00,6.035344927185716912e+00,-6.536581451078641081e+00,-6.536581451078641081e+00,-1.291638805095922660e+00,-3.039661035128468081e-01,-1.345577122050323871e+00,-1.035344927185716912e+00,-1.322608796555087229e+00,-2.215118056087697976e-02,-8.171449343597767326e-04
1.064000000000000057e+01,5.000000000000000000e+00,6.028114074263637434e+00,-6.562500295123994576e+00,-6.562500295123994576e+00,-1.295942202267684307e+00,-3.615426461039810691e-01,-1.334672776813539352e+00,-1.028114074263637434e+00,-1.314888057525860576e+00,-2.224022022461494968e-02,2.455500936936291356e-03
1.066000000000000014e+01,5.000000000000000000e+00,6.030454390948409404e+00,-6.588472682158690752e+00,-6.588472682158690752e+00,-1.298619351734792815e+00,1.170158342386194428e-01,-1.322713696938770278e+00,-1.030454390948409404e+00,-1.305704874314819630e+00,-2.232863803500162100e-02,5.319815411050983489e-03
1.067999999999999972e+01,5.000000000000000000e+00,6.036306171238684293e+00,-6.614504902370994088e+00,-6.614504902370994088e+00,-1.301611010615151942e+00,2.925890145137638454e-01,-1.328535940538383864e+00,-1.036306171238684293e+00,-1.308677076504479952e+00,-2.241725711262318455e-02,2.558393078719247218e-03
1.070000000000000107e+01,5.000000000000000000e+00,6.011704665495892996e+00,-6.640613377618758584e+00,-6.640613377618758584e+00,-1.305423762388229880e+00,-1.230075287139574369e+00,-1.339738528345932211e+00,-1.011704665495892996e+00,-1.316108837473129123e+00,-2.250637944334971108e-02,-1.123311429453420843e-03
1.072000000000000064e+01,5.000000000000000000e+00,6.000971657744671894e+00,-6.666702991500477182e+00,-6.666702991500477182e+00,-1.304480694085914383e+00,-5.366503875610524332e-01,-1.295993079365073797e+00,-1.000971657744671894e+00,-1.284864925179784123e+00,-2.259338604458235866e-02,1.146523185929267108e-02
1.074000000000000021e+01,5.000000000000000000e+00,5.988473795394730459e+00,-6.692744729543585791e+00,-6.692744729543585791e+00,-1.302086902155449755e+00,-6.248931174970644431e-01,-1.280542774781268767e+00,-9.884737953947304590e-01,-1.271234005335733386e+00,-2.267946960714840171e-02,1.337070016161297746e-02
1.075999999999999979e+01,5.000000000000000000e+00,5.978596889734387076e+00,-6.718707379328266782e+00,-6.718707379328266782e+00,-1.298132489234050890e+00,-4.938452830171673469e-01,-1.262542772941460001e+00,-9.785968897343870765e-01,-1.255361720151307647e+00,-2.276447835355234831e-02,1.558342556339991844e-02
1.077999999999999936e+01,5.000000000000000000e+00,5.972505477715369437e+00,-6.744573443315950989e+00,-6.744573443315950989e+00,-1.293303199384196800e+00,-3.045706009508638568e-01,-1.249839590735509987e+00,-9.725054777153694374e-01,-1.242818049962671534e+00,-2.284863768606950479e-02,1.582709691323094803e-02
1.080000000000000071e+01,5.000000000000000000e+00,5.957536308651087964e+00,-6.770340704382528330e+00,-6.770340704382528330e+00,-1.288363053328871022e+00,-7.484584532140894364e-01,-1.243901738830939685e+00,-9.575363086510879640e-01,-1.235081956698519168e+00,-2.293227315715302625e-02,1.411249102473244831e-02
1.082000000000000028e+01,5.000000000000000000e+00,5.948776810515256308e+00,-6.795974744029158465e+00,-6.795974744029158465e+00,-1.281701982331509226e+00,-4.379749067916027805e-01,-1.221752343355253956e+00,-9.487768105152563081e-01,-1.216071111986881670e+00,-2.301462127969702148e-02,1.733338991132488821e-02
1.083999999999999986e+01,5.000000000000000000e+00,5.937397761479996205e+00,-6.821468474035985885e+00,-6.821468474035985885e+00,-1.274686500341378759e+00,-5.689524517630099032e-01,-1.211547162430205438e+00,-9.373977614799962055e-01,-1.204946549354375618e+00,-2.309621608540133458e-02,1.649560300957158762e-02
1.085999999999999943e+01,5.000000000000000000e+00,5.931238651634121339e+00,-6.846805747643823103e+00,-6.846805747643823103e+00,-1.266863680391863367e+00,-3.079554922937213224e-01,-1.196458300846224176e+00,-9.312386516341213394e-01,-1.190495157079595190e+00,-2.317683229288861405e-02,1.721368852625964133e-02
1.088000000000000078e+01,5.000000000000000000e+00,5.916321027525047960e+00,-6.871990920266317637e+00,-6.871990920266317637e+00,-1.259258631124740679e+00,-7.458812054536607672e-01,-1.190813187720635824e+00,-9.163210275250479597e-01,-1.182673087575334181e+00,-2.325691881692914728e-02,1.511681867162743310e-02
1.090000000000000036e+01,5.000000000000000000e+00,5.905768401461621409e+00,-6.896995680981574672e+00,-6.896995680981574672e+00,-1.250238035762831545e+00,-5.276313031713399937e-01,-1.169052677505649562e+00,-9.057684014616214085e-01,-1.163727704956810882e+00,-2.333572242529630136e-02,1.801074987645774617e-02
1.091999999999999993e+01,5.000000000000000000e+00,5.891232350438495580e+00,-6.921811719136647945e+00,-6.921811719136647945e+00,-1.240801907753645850e+00,-7.268025511563032115e-01,-1.155876755670974365e+00,-8.912323504384955797e-01,-1.150325869856259287e+00,-2.341361850782200035e-02,1.786273269310684544e-02
1.093999999999999950e+01,5.000000000000000000e+00,5.861959787295479174e+00,-6.946417378442717450e+00,-6.946417378442717450e+00,-1.230282965303497011e+00,-1.463628157150821174e+00,-1.135612483252157690e+00,-8.619597872954791740e-01,-1.131865085056889431e+00,-2.349026448995971197e-02,1.974286629469145307e-02
1.096000000000000085e+01,5.000000000000000000e+00,5.855300365093807358e+00,-6.970742182978271195e+00,-6.970742182978271195e+00,-1.216240226777689282e+00,-3.329711100836106330e-01,-1.089855580045419714e+00,-8.553003650938073577e-01,-1.094688929865258675e+00,-2.356439303166712324e-02,2.839774285150618860e-02
1.098000000000000043e+01,5.000000000000000000e+00,5.829201349957781275e+00,-6.994807856260829126e+00,-6.994807856260829126e+00,-1.203283664127891672e+00,-1.304950756801291911e+00,-1.086674600279713410e+00,-8.292013499577812752e-01,-1.086231463669135255e+00,-2.363794886306519114e-02,2.319481225248689465e-02
1.100000000000000000e+01,5.000000000000000000e+00,5.822938809012270234e+00,-7.018562084808153578e+00,-7.018562084808153578e+00,-1.187711427366208827e+00,-3.131270472755691703e-01,-1.047561296511062112e+00,-8.229388090122702337e-01,-1.053085714446382326e+00,-2.370926017916155995e-02,2.923367811448181544e-02
1.101999999999999957e+01,5.000000000000000000e+00,5.822415458597228977e+00,-7.042031550501327786e+00,-7.042031550501327786e+00,-1.173473284658719695e+00,-2.616752075206835171e-02,-1.045330000291318173e+00,-8.224154585972289766e-01,-1.045132287445583286e+00,-2.378003291673661673e-02,2.358232007100177080e-02
1.104000000000000092e+01,5.000000000000000000e+00,5.808153878578795393e+00,-7.065257169906201007e+00,-7.065257169906201007e+00,-1.161280970243674160e+00,-7.130790009216619874e-01,-1.051550140508265008e+00,-8.081538785787953927e-01,-1.044467632418480729e+00,-2.385076064617597941e-02,1.676825255639178419e-02
1.106000000000000050e+01,5.000000000000000000e+00,5.794571026773719602e+00,-7.088223098658659183e+00,-7.088223098658659183e+00,-1.148296437622921662e+00,-6.791425902537686632e-01,-1.031435644036149846e+00,-7.945710267737196020e-01,-1.026355425795070220e+00,-2.392026187973375628e-02,1.884004363865417545e-02
1.108000000000000007e+01,5.000000000000000000e+00,5.790123281106466457e+00,-7.110918717552361379e+00,-7.110918717552361379e+00,-1.134780944685096937e+00,-2.223872833626786560e-01,-1.013141508244674416e+00,-7.901232811064664574e-01,-1.009105204002623823e+00,-2.398859498803629711e-02,1.995229074598566660e-02
1.109999999999999964e+01,5.000000000000000000e+00,5.781285532383685144e+00,-7.133367437620155016e+00,-7.133367437620155016e+00,-1.122436003389681414e+00,-4.418874361390845440e-01,-1.011331531730941924e+00,-7.812855323836851440e-01,-1.003456567005212463e+00,-2.405654559021145472e-02,1.618158086448203206e-02
1.112000000000000099e+01,5.000000000000000000e+00,5.739057621963110201e+00,-7.155572541794777308e+00,-7.155572541794777308e+00,-1.110255208731132592e+00,-2.111395521028735622e+00,-1.000628056804194088e+00,-7.390576219631102006e-01,-9.922326261272801373e-01,-2.412373614599645083e-02,1.572830546908251734e-02
1.114000000000000057e+01,5.000000000000000000e+00,5.726411169988425698e+00,-7.177418637875491392e+00,-7.177418637875491392e+00,-1.092304804035702404e+00,-6.323225987342282473e-01,-9.307511617768312595e-01,-7.264111699884256979e-01,-9.386031798931500081e-01,-2.418729510148527953e-02,3.203931321780408015e-02
1.116000000000000014e+01,5.000000000000000000e+00,5.723716538939840781e+00,-7.198916257348157544e+00,-7.198916257348157544e+00,-1.074880973633287162e+00,-1.347315524292381217e-01,-9.180665000115492136e-01,-7.237165389398407811e-01,-9.225421858853006807e-01,-2.424976646210428438e-02,2.872545233585573760e-02
1.117999999999999972e+01,5.000000000000000000e+00,5.725842679396722090e+00,-7.220108079408838364e+00,-7.220108079408838364e+00,-1.059591103034034143e+00,1.063070228440812226e-01,-9.219822676407566364e-01,-7.258426793967220902e-01,-9.191200044535977609e-01,-2.431200608445311176e-02,2.144974289729430564e-02
1.120000000000000107e+01,5.000000000000000000e+00,5.713787511157375043e+00,-7.241045196522067684e+00,-7.241045196522067684e+00,-1.046855855661444679e+00,-6.027584119673504714e-01,-9.322386293081391662e-01,-7.137875111573750431e-01,-9.218202028338370324e-01,-2.437442855488123131e-02,1.395600208057912184e-02
1.122000000000000064e+01,5.000000000000000000e+00,5.713561465518518290e+00,-7.261718948480395674e+00,-7.261718948480395674e+00,-1.033687597916410850e+00,-1.130228194285912147e-02,-9.151732782111068332e-01,-7.135614655185182897e-01,-9.065101391698663358e-01,-2.443581428084076398e-02,1.577267523960021456e-02
1.124000000000000021e+01,5.000000000000000000e+00,5.674188549119283387e+00,-7.282164458839649690e+00,-7.282164458839649690e+00,-1.022275517962722091e+00,-1.968645819961767129e+00,-9.195667983795228206e-01,-6.741885491192833868e-01,-9.062230612085182546e-01,-2.449718056687535603e-02,1.115344339587081429e-02
1.125999999999999979e+01,5.000000000000000000e+00,5.678032871913798019e+00,-7.302272137153818399e+00,-7.302272137153818399e+00,-1.005383915708415898e+00,1.922161397257446391e-01,-8.533594954196610516e-01,-6.780328719137980187e-01,-8.562194573814899679e-01,-2.455516078209961373e-02,2.741512274392855081e-02
1.127999999999999936e+01,5.000000000000000000e+00,5.674968064393825173e+00,-7.322105925848110708e+00,-7.322105925848110708e+00,-9.916894347146268940e-01,-1.532403759986232239e-01,-8.684391057705259653e-01,-6.749680643938251734e-01,-8.611017473305234704e-01,-2.461347160908420109e-02,1.727611316908169922e-02
1.130000000000000071e+01,5.000000000000000000e+00,5.691068212667738102e+00,-7.341692858487532725e+00,-7.341692858487532725e+00,-9.793466319711118251e-01,8.050074136956336668e-01,-8.682614072794764271e-01,-6.910682126677381021e-01,-8.572094417801580102e-01,-2.467151886262207092e-02,1.361955336330366619e-02
1.132000000000000028e+01,5.000000000000000000e+00,5.695643921904955498e+00,-7.361122841397619077e+00,-7.361122841397619077e+00,-9.714991455043041624e-01,2.287854618608684554e-01,-9.008717673030349760e-01,-6.956439219049554978e-01,-8.776566300880274119e-01,-2.473095072891149521e-02,1.515813513903927628e-03
1.133999999999999986e+01,5.000000000000000000e+00,5.701187065411209787e+00,-7.380428778398028022e+00,-7.380428778398028022e+00,-9.652968500204627267e-01,2.771571753127329285e-01,-9.094761906658902495e-01,-7.011870654112097867e-01,-8.834677808192934467e-01,-2.479077610619532038e-02,-1.217633740401513620e-03
1.135999999999999943e+01,5.000000000000000000e+00,5.712468530111700638e+00,-7.399642064659097684e+00,-7.399642064659097684e+00,-9.606643130534617825e-01,5.640732350245334370e-01,-9.189714803504528406e-01,-7.124685301117006375e-01,-8.905075730722364913e-01,-2.485107819382068386e-02,-3.612829084395694987e-03
1.138000000000000078e+01,5.000000000000000000e+00,5.716305774829070430e+00,-7.418809811361078310e+00,-7.418809811361078310e+00,-9.583873350990347317e-01,1.918622358684848872e-01,-9.378945335091916080e-01,-7.163057748290704296e-01,-9.048350332418598763e-01,-2.491235048741028899e-02,-8.147149779921430621e-03
1.140000000000000036e+01,5.000000000000000000e+00,5.712036595312099507e+00,-7.437945375871925613e+00,-7.437945375871925613e+00,-9.567782255423472604e-01,-2.134589758485268551e-01,-9.422962395321602402e-01,-7.120365953120995073e-01,-9.097083340329195078e-01,-2.497395278404558952e-02,-7.613952715195157657e-03
1.141999999999999993e+01,5.000000000000000000e+00,5.729652649572209100e+00,-7.457032434690645140e+00,-7.457032434690645140e+00,-9.543529409359918780e-01,8.808027130054740805e-01,-9.325253794787938810e-01,-7.296526495722090999e-01,-9.042864760463663609e-01,-2.503518793124243080e-02,-3.203715501185091033e-03
1.143999999999999950e+01,5.000000000000000000e+00,5.739741497789968783e+00,-7.476136332025268949e+00,-7.476136332025268949e+00,-9.551948667312102348e-01,5.044424108879941304e-01,-9.627721988881753346e-01,-7.397414977899687827e-01,-9.266588649567055747e-01,-2.509793805910564071e-02,-1.101539587236414000e-02
1.146000000000000085e+01,5.000000000000000000e+00,5.757283580577061244e+00,-7.495284576189519044e+00,-7.495284576189519044e+00,-9.574122082125167132e-01,8.771041393546148424e-01,-9.773682815442751304e-01,-7.572835805770612438e-01,-9.394717021932603718e-01,-2.516155582791557849e-02,-1.273502352309922002e-02
1.148000000000000043e+01,5.000000000000000000e+00,5.754583067443657107e+00,-7.514527250543830306e+00,-7.514527250543830306e+00,-9.621337177155504516e-01,-1.350256566702149330e-01,-1.004627303242854541e+00,-7.545830674436571073e-01,-9.617501473328677886e-01,-2.522668221584520656e-02,-1.765047369414150108e-02
1.150000000000000000e+01,5.000000000000000000e+00,5.764842089748842824e+00,-7.533834902558827373e+00,-7.533834902558827373e+00,-9.653826007498508277e-01,5.129511152592910461e-01,-9.946225480585537682e-01,-7.648420897488428238e-01,-9.583204956534445706e-01,-2.529157635964536174e-02,-1.101047604546379066e-02
1.151999999999999957e+01,5.000000000000000000e+00,5.788440442439423350e+00,-7.553230835638524709e+00,-7.553230835638524709e+00,-9.697966539848859036e-01,1.179917634529021431e+00,-1.009523133100201475e+00,-7.884404424394233502e-01,-9.713494539810304529e-01,-2.535735277936376070e-02,-1.281632633980714017e-02
1.154000000000000092e+01,5.000000000000000000e+00,5.809725922825069055e+00,-7.572782111267518879e+00,-7.572782111267518879e+00,-9.775637814497227795e-01,1.064274019282294592e+00,-1.047467928633255108e+00,-8.097259228250690555e-01,-1.001319361898067584e+00,-2.542515865741355047e-02,-2.072340807777409838e-02
1.156000000000000050e+01,5.000000000000000000e+00,5.821860364503600671e+00,-7.592536165877536547e+00,-7.592536165877536547e+00,-9.877027305008612146e-01,6.067220839265956567e-01,-1.078953271961107685e+00,-8.218603645036006711e-01,-1.028351921987837647e+00,-2.549479508677650677e-02,-2.510655488649343042e-02
1.158000000000000007e+01,5.000000000000000000e+00,5.841203936742343394e+00,-7.612500706383300120e+00,-7.612500706383300120e+00,-9.982270252881901840e-01,9.671786119371242885e-01,-1.092945678374150908e+00,-8.412039367423433944e-01,-1.043762662919572870e+00,-2.556547507812381714e-02,-2.361754037645414500e-02
1.159999999999999964e+01,5.000000000000000000e+00,5.848081685188412315e+00,-7.632709057229523530e+00,-7.632709057229523530e+00,-1.010417542311158323e+00,3.438874223034553701e-01,-1.120132195517871576e+00,-8.480816851884123153e-01,-1.068328999662776058e+00,-2.563781861668365872e-02,-2.616537723841177651e-02
1.162000000000000099e+01,5.000000000000000000e+00,5.862565427184184053e+00,-7.653145603744372139e+00,-7.653145603744372139e+00,-1.021827325742434844e+00,7.241870997886031835e-01,-1.124515376623924201e+00,-8.625654271841840526e-01,-1.077063740189283747e+00,-2.571075364160986185e-02,-2.174088279303056787e-02
1.164000000000000057e+01,5.000000000000000000e+00,5.876675724731502015e+00,-7.673825844704258436e+00,-7.673825844704258436e+00,-1.034012047994319117e+00,7.055148773658787009e-01,-1.143674548261276902e+00,-8.766757247315020152e-01,-1.095458092523913685e+00,-2.578493426834770064e-02,-2.243152146901572150e-02
1.166000000000000014e+01,5.000000000000000000e+00,5.887115480483636532e+00,-7.694761996552148986e+00,-7.694761996552148986e+00,-1.046807592394543018e+00,5.219877876067398059e-01,-1.161967491996557467e+00,-8.871154804836365315e-01,-1.113378170409007550e+00,-2.586032838067460829e-02,-2.272899320687534960e-02
1.167999999999999972e+01,5.000000000000000000e+00,5.907566917972294718e+00,-7.715951898363521799e+00,-7.715951898363521799e+00,-1.059495090568647768e+00,1.022571874432924410e+00,-1.173682574135590295e+00,-9.075669179722947177e-01,-1.126636660214218377e+00,-2.593662031199620022e-02,-2.110929360937573510e-02
1.170000000000000107e+01,5.000000000000000000e+00,5.904562769787696119e+00,-7.737429981950333158e+00,-7.737429981950333158e+00,-1.073904179340550158e+00,-1.502074092299365282e-01,-1.203585978287670777e+00,-9.045627697876961193e-01,-1.152609985824814220e+00,-2.601467106694181630e-02,-2.496132139591478866e-02
1.172000000000000064e+01,5.000000000000000000e+00,5.916167999426632740e+00,-7.759141985259016217e+00,-7.759141985259016217e+00,-1.085600165434168041e+00,5.802614819468392415e-01,-1.190864040276727875e+00,-9.161679994266327398e-01,-1.148794717630374107e+00,-2.609246346514355885e-02,-1.597685918121025117e-02
1.174000000000000021e+01,5.000000000000000000e+00,5.925226259002619678e+00,-7.781096123874775117e+00,-7.781096123874775117e+00,-1.097706930787946789e+00,4.529129787993578238e-01,-1.206667818971955519e+00,-9.252262590026196776e-01,-1.163533359271823553e+00,-2.617125391309424801e-02,-1.696320578703761073e-02
1.175999999999999979e+01,5.000000000000000000e+00,5.949872330112344621e+00,-7.803290195488207459e+00,-7.803290195488207459e+00,-1.109703580671598466e+00,1.232303555486244040e+00,-1.217673429624463344e+00,-9.498723301123446205e-01,-1.175037348933327008e+00,-2.625082337136847369e-02,-1.638525731976782362e-02
1.177999999999999936e+01,5.000000000000000000e+00,5.966286001365044278e+00,-7.825777687530638183e+00,-7.825777687530638183e+00,-1.124374602121530176e+00,8.206835626349844315e-01,-1.256413795170916226e+00,-9.662860013650442781e-01,-1.206337859242677668e+00,-2.633251239175813524e-02,-2.374342353648049853e-02
1.180000000000000071e+01,5.000000000000000000e+00,5.986407637118068337e+00,-7.848573216847787748e+00,-7.848573216847787748e+00,-1.139776465857463394e+00,1.006081787651194492e+00,-1.278393239480862587e+00,-9.864076371180683367e-01,-1.227183221733606278e+00,-2.641561298787552942e-02,-2.479440475938077953e-02
1.182000000000000028e+01,5.000000000000000000e+00,5.982066898131935595e+00,-7.871702422835464397e+00,-7.871702422835464397e+00,-1.156460299383835766e+00,-2.170369493066357514e-01,-1.306614801121187108e+00,-9.820668981319355950e-01,-1.252737699139946814e+00,-2.650044404466768422e-02,-2.737665793657252655e-02
1.183999999999999986e+01,5.000000000000000000e+00,5.983336291108162008e+00,-7.895100331894305157e+00,-7.895100331894305157e+00,-1.169895452942049330e+00,6.346964881132592662e-02,-1.290811834965971849e+00,-9.833362911081620084e-01,-1.247224960627558277e+00,-2.658490179790702970e-02,-1.700197254050666434e-02
1.185999999999999943e+01,5.000000000000000000e+00,5.983217082191699454e+00,-7.918734530241075653e+00,-7.918734530241075653e+00,-1.181709917338526816e+00,-5.960445823116812536e-03,-1.288040096906823528e+00,-9.832170821916994541e-01,-1.248837089707365733e+00,-2.666946871894233101e-02,-1.253353848051541944e-02
1.188000000000000078e+01,5.000000000000000000e+00,5.984909076172213460e+00,-7.942573616414503768e+00,-7.942573616414503768e+00,-1.191954308671417273e+00,8.459969902569755562e-02,-1.284153830667431606e+00,-9.849090761722134602e-01,-1.248685694383458333e+00,-2.675402538801081864e-02,-8.714110895962441997e-03
1.190000000000000036e+01,5.000000000000000000e+00,5.990191942018240567e+00,-7.966598025460462473e+00,-7.966598025460462473e+00,-1.201220452297949715e+00,2.641432923013435907e-01,-1.284615744936742354e+00,-9.901919420182405673e-01,-1.250834526738711094e+00,-2.683872756856162806e-02,-6.942490629469684656e-03
1.191999999999999993e+01,5.000000000000000000e+00,5.994106990193430740e+00,-7.990803910123966958e+00,-7.990803910123966958e+00,-1.210294233175223777e+00,1.957524087595198248e-01,-1.291958261070691005e+00,-9.941069901934307396e-01,-1.257543766363165449e+00,-2.692388407557519750e-02,-7.490610631950278542e-03
1.193999999999999950e+01,5.000000000000000000e+00,5.990751064810709181e+00,-8.015182643073632818e+00,-8.015182643073632818e+00,-1.218936647483301217e+00,-1.677962691360793679e-01,-1.296718376255998839e+00,-9.907510648107091811e-01,-1.262515877545657084e+00,-2.700937727673183297e-02,-7.193121433609900826e-03
1.196000000000000085e+01,5.000000000000000000e+00,5.989210461814702846e+00,-8.039700927465013081e+00,-8.039700927465013081e+00,-1.225914219569054886e+00,-7.703014980030670200e-02,-1.288712368340837910e+00,-9.892104618147028461e-01,-1.258253852309600740e+00,-2.709458186830555546e-02,-3.363934162931594279e-03
1.198000000000000043e+01,5.000000000000000000e+00,5.990954849640811375e+00,-8.064337512365446159e+00,-8.064337512365446159e+00,-1.231829245021622832e+00,8.721939130542449847e-02,-1.285064474094735232e+00,-9.909548496408113749e-01,-1.256297286504672650e+00,-2.717965396802161926e-02,-1.587533622040961405e-03
1.200000000000000000e+01,5.000000000000000000e+00,6.002038388203601471e+00,-8.089085953803438755e+00,-8.089085953803438755e+00,-1.237422071899635823e+00,5.541769281394897106e-01,-1.287757513801751852e+00,-1.002038388203601471e+00,-1.258512659043830473e+00,-2.726487608509072999e-02,-1.979978672830720252e-03
1.201999999999999957e+01,5.000000000000000000e+00,5.977089507018836123e+00,-8.113973241880993115e+00,-8.113973241880993115e+00,-1.244364403877702419e+00,-1.247444059238275615e+00,-1.306845391680301338e+00,-9.770895070188361231e-01,-1.272588753018573993e+00,-2.735105138647624112e-02,-6.905587275250972545e-03
1.204000000000000092e+01,5.000000000000000000e+00,5.966568375557077530e+00,-8.138893297397313376e+00,-8.138893297397313376e+00,-1.246002775815998609e+00,-5.260565730879495083e-01,-1.260748123260664100e+00,-9.665683755570775304e-01,-1.240903673913921867e+00,-2.743508108407986118e-02,7.590631737337460647e-03
1.206000000000000050e+01,5.000000000000000000e+00,5.961721596451837968e+00,-8.163810361516476988e+00,-8.163810361516476988e+00,-1.245853205958176169e+00,-2.423389552619628629e-01,-1.244507077237774206e+00,-9.617215964518379678e-01,-1.227541836957488419e+00,-2.751820596437776906e-02,1.055296568409200102e-02
1.208000000000000007e+01,5.000000000000000000e+00,5.952349309199332694e+00,-8.188714092362808117e+00,-8.188714092362808117e+00,-1.245186542316581768e+00,-4.686143626252748384e-01,-1.239186569542233052e+00,-9.523493091993326942e-01,-1.221386427493834193e+00,-2.760091402167262620e-02,9.800771973273702739e-03
1.209999999999999964e+01,5.000000000000000000e+00,5.944425289282455616e+00,-8.213578727123131529e+00,-8.213578727123131529e+00,-1.243231738016161270e+00,-3.962009958438582613e-01,-1.225638499312377006e+00,-9.444252892824556156e-01,-1.209483622683152459e+00,-2.768281606226376951e-02,1.152793943303921827e-02
1.212000000000000099e+01,5.000000000000000000e+00,5.936943711323988460e+00,-8.238387235276430687e+00,-8.238387235276430687e+00,-1.240425407664957902e+00,-3.740788979233685696e-01,-1.215168434504128481e+00,-9.369437113239884596e-01,-1.199420117388718676e+00,-2.776403663714206022e-02,1.201571952173223837e-02
1.214000000000000057e+01,5.000000000000000000e+00,5.905296373364014251e+00,-8.263126145209778173e+00,-8.263126145209778173e+00,-1.236945496667387401e+00,-1.582366897998695343e+00,-1.205626297689252224e+00,-9.052963733640142507e-01,-1.189918513381465370e+00,-2.784461379631592362e-02,1.213682948852921016e-02
1.216000000000000014e+01,5.000000000000000000e+00,5.902387067841148749e+00,-8.287697949566812383e+00,-8.287697949566812383e+00,-1.228590217851717181e+00,-1.454652761432668751e-01,-1.153392708510685871e+00,-9.023870678411487489e-01,-1.149726394172298161e+00,-2.792246928442522827e-02,2.425615494603760441e-02
1.217999999999999972e+01,5.000000000000000000e+00,5.880907138632971431e+00,-8.312123780504379056e+00,-8.312123780504379056e+00,-1.221291546878335854e+00,-1.073996460408874531e+00,-1.155603508117905021e+00,-8.809071386329714315e-01,-1.146031576158258902e+00,-2.800007457225956592e-02,1.842814261261334352e-02
1.220000000000000107e+01,5.000000000000000000e+00,5.866864167136611741e+00,-8.336353490736339467e+00,-8.336353490736339467e+00,-1.211485511598057618e+00,-7.021485748180031905e-01,-1.123231194075554162e+00,-8.668641671366117407e-01,-1.118752066063873674e+00,-2.807583258618200073e-02,2.359670457450164377e-02
1.222000000000000064e+01,5.000000000000000000e+00,5.852854600732030121e+00,-8.360371343509426012e+00,-8.360371343509426012e+00,-1.200892638654323274e+00,-7.004783202290962851e-01,-1.105556782160714402e+00,-8.528546007320301214e-01,-1.100917492263497000e+00,-2.815038290455574785e-02,2.351109300733827609e-02
1.224000000000000021e+01,5.000000000000000000e+00,5.839351501529405297e+00,-8.384163240089513636e+00,-8.384163240089513636e+00,-1.189594829004418708e+00,-6.751549601312427651e-01,-1.087914542155278497e+00,-8.393515015294052972e-01,-1.083125342929678325e+00,-2.822372840021870194e-02,2.343452917461844032e-02
1.225999999999999979e+01,5.000000000000000000e+00,5.833215685274486972e+00,-8.407718234223086284e+00,-8.407718234223086284e+00,-1.177749706678632435e+00,-3.067908127459217371e-01,-1.071143605746554872e+00,-8.332156852744869724e-01,-1.065976406942344745e+00,-2.829591262935023110e-02,2.312871382514006952e-02
1.228000000000000114e+01,5.000000000000000000e+00,5.820397752532041835e+00,-8.431052340449911142e+00,-8.431052340449911142e+00,-1.166705311341202700e+00,-6.408966371222353242e-01,-1.067305753304335081e+00,-8.203977525320418351e-01,-1.058183920298598535e+00,-2.836756917828383781e-02,1.924573617254737509e-02
1.230000000000000071e+01,5.000000000000000000e+00,5.798863645130284183e+00,-8.454154011900600452e+00,-8.454154011900600452e+00,-1.155083572534499892e+00,-1.076705370087895908e+00,-1.050487923274173729e+00,-7.988636451302841834e-01,-1.041905145715693148e+00,-2.843812338500159229e-02,1.985534582652084129e-02
1.232000000000000028e+01,5.000000000000000000e+00,5.782537387474695478e+00,-8.476982398061039703e+00,-8.476982398061039703e+00,-1.141419308021980328e+00,-8.163128827794166043e-01,-1.018440927409304031e+00,-7.825373874746954783e-01,-1.014556829315460984e+00,-2.850682565848279559e-02,2.462272756463989784e-02
1.233999999999999986e+01,5.000000000000000000e+00,5.771693319779817699e+00,-8.499522006046152711e+00,-8.499522006046152711e+00,-1.126980399255676168e+00,-5.422033847439091669e-01,-9.970302203589378465e-01,-7.716933197798176991e-01,-9.938224820928632797e-01,-2.857412387380561802e-02,2.536638560773110326e-02
1.235999999999999943e+01,5.000000000000000000e+00,5.763373467764463243e+00,-8.521778721612719210e+00,-8.521778721612719210e+00,-1.112835778328330028e+00,-4.159926007677342552e-01,-9.855341899822143148e-01,-7.633734677644632427e-01,-9.800505161203685311e-01,-2.864048949930668095e-02,2.315681563746090771e-02
1.238000000000000078e+01,5.000000000000000000e+00,5.749855312520502082e+00,-8.543765440395485911e+00,-8.543765440395485911e+00,-1.099335939138350371e+00,-6.759077621980480455e-01,-9.778373864285336836e-01,-7.498553125205020820e-01,-9.694843040608683848e-01,-2.870613961753442495e-02,2.035305724986915393e-02
1.240000000000000036e+01,5.000000000000000000e+00,5.741285071313265931e+00,-8.565473702685354240e+00,-8.565473702685354240e+00,-1.085413114493420039e+00,-4.285120603618182145e-01,-9.601076926890477203e-01,-7.412850713132659308e-01,-9.523162469010376663e-01,-2.877062717441118689e-02,2.097918138640106692e-02
1.241999999999999993e+01,5.000000000000000000e+00,5.742865635414813319e+00,-8.586913764768569379e+00,-8.586913764768569379e+00,-1.072003104160748732e+00,7.902820507736701972e-02,-9.513130111667075228e-01,-7.428656354148133190e-01,-9.414320405678477943e-01,-2.883437769054412667e-02,1.895340709168434959e-02
1.243999999999999950e+01,5.000000000000000000e+00,5.740511146503269657e+00,-8.608129535357603501e+00,-8.608129535357603501e+00,-1.060788529451713202e+00,-1.177244455771918608e-01,-9.598573570703943236e-01,-7.405111465032696572e-01,-9.434393569768129151e-01,-2.889826413518980022e-02,1.248026404160844718e-02
1.246000000000000085e+01,5.000000000000000000e+00,5.748850409429397956e+00,-8.629142733655426056e+00,-8.629142733655426056e+00,-1.050659914891128643e+00,4.169631463064336074e-01,-9.595023838458668353e-01,-7.488504094293979563e-01,-9.404491560591524690e-01,-2.896194809378908191e-02,9.908720307074656702e-03
1.248000000000000043e+01,5.000000000000000000e+00,5.748367467416672483e+00,-8.650009178559319167e+00,-8.650009178559319167e+00,-1.043322245194675313e+00,-2.414710063627273362e-02,-9.772832179265951158e-01,-7.483674674166724827e-01,-9.510400199753353823e-01,-2.902634922900000983e-02,2.783151277740367364e-03
1.250000000000000000e+01,5.000000000000000000e+00,5.755970797749175638e+00,-8.670743636335689786e+00,-8.670743636335689786e+00,-1.036722888818569333e+00,3.801665166251793071e-01,-9.773286814336162864e-01,-7.559707977491756381e-01,-9.504266836191740397e-01,-2.909070883119784304e-02,2.188711016755543002e-03
1.251999999999999957e+01,5.000000000000000000e+00,5.763800109730521370e+00,-8.691387634326934730e+00,-8.691387634326934730e+00,-1.032199899562223910e+00,3.914655990672859520e-01,-9.914929962551150000e-01,-7.638001097305213705e-01,-9.600829131414531092e-01,-2.915572231980427184e-02,-2.254360793857690479e-03
1.254000000000000092e+01,5.000000000000000000e+00,5.773703468790308158e+00,-8.711976681715873028e+00,-8.711976681715873028e+00,-1.029452369446942850e+00,4.951679529893195930e-01,-1.004724598409413749e+00,-7.737034687903081576e-01,-9.700261393577621627e-01,-2.922140912924109726e-02,-5.477049922410557985e-03
1.256000000000000050e+01,5.000000000000000000e+00,5.785229869376358636e+00,-8.732548138687414863e+00,-8.732548138687414863e+00,-1.028572848577119503e+00,5.763200293025083631e-01,-1.020657160748709824e+00,-7.852298693763586357e-01,-9.826034053636913956e-01,-2.928794762755706355e-02,-8.765807757461210534e-03
1.258000000000000007e+01,5.000000000000000000e+00,5.798109565417020050e+00,-8.753139397210656369e+00,-8.753139397210656369e+00,-1.029562926162045144e+00,6.439848020330584122e-01,-1.038473624426374808e+00,-7.981095654170200504e-01,-9.972419341079754584e-01,-2.935547739632343028e-02,-1.187621292207598558e-02
1.259999999999999964e+01,5.000000000000000000e+00,5.813213030086347821e+00,-8.773787031282717308e+00,-8.773787031282717308e+00,-1.032381703603067358e+00,7.551732334663785462e-01,-1.057750700572267277e+00,-8.132130300863478212e-01,-1.013599148079615375e+00,-2.942411481894929501e-02,-1.472743767370257410e-02
1.262000000000000099e+01,5.000000000000000000e+00,5.820151778859436575e+00,-8.794530112609825423e+00,-8.794530112609825423e+00,-1.037154066355372217e+00,3.469374386544223920e-01,-1.080105331126115509e+00,-8.201517788594365754e-01,-1.032780548209661697e+00,-2.949405113953671928e-02,-1.783073177691703315e-02
1.264000000000000057e+01,5.000000000000000000e+00,5.838104027001953078e+00,-8.815373074509174955e+00,-8.815373074509174955e+00,-1.042148094967519256e+00,8.976124071258111403e-01,-1.087094352476843273e+00,-8.381040270019530780e-01,-1.041592759151484415e+00,-2.956458419251863090e-02,-1.593700913284012283e-02
1.266000000000000014e+01,5.000000000000000000e+00,5.851364924596061279e+00,-8.836359990021389166e+00,-8.836359990021389166e+00,-1.049345775610695641e+00,6.630448797054251386e-01,-1.114124901399282441e+00,-8.513649245960612788e-01,-1.064392114292480374e+00,-2.963666113884079814e-02,-2.009612596796130427e-02
1.267999999999999972e+01,5.000000000000000000e+00,5.871626558712013555e+00,-8.857511443078259106e+00,-8.857511443078259106e+00,-1.057572652843505434e+00,1.013081705797622245e+00,-1.131614547938792681e+00,-8.716265587120135550e-01,-1.081233454236997904e+00,-2.970987852235605978e-02,-2.067121517943879688e-02
1.270000000000000107e+01,5.000000000000000000e+00,5.878603815420369472e+00,-8.878870372254214161e+00,-8.878870372254214161e+00,-1.067946458797756293e+00,3.488628354178114899e-01,-1.161310712386013799e+00,-8.786038154203694717e-01,-1.106965729564257206e+00,-2.978483840640529234e-02,-2.456014441535139120e-02
1.272000000000000064e+01,5.000000000000000000e+00,5.888908933953744373e+00,-8.900426116550272937e+00,-8.900426116550272937e+00,-1.077787214802971461e+00,5.152559266687557482e-01,-1.166354018849907970e+00,-8.889089339537443735e-01,-1.115826845583869353e+00,-2.986039833453144401e-02,-2.066677493150722092e-02
1.274000000000000021e+01,5.000000000000000000e+00,5.908129243935773545e+00,-8.922183186180937753e+00,-8.922183186180937753e+00,-1.087853481533252564e+00,9.610154991014703274e-01,-1.178449882105782498e+00,-9.081292439357735446e-01,-1.128914346121255408e+00,-2.993684450285146598e-02,-1.959869148167575625e-02
1.275999999999999979e+01,5.000000000000000000e+00,5.930662041077962243e+00,-8.944177808612185032e+00,-8.944177808612185032e+00,-1.099731121562375957e+00,1.126639857109436260e+00,-1.206629881824485828e+00,-9.306620410779622432e-01,-1.153324139798432402e+00,-3.001494361782994225e-02,-2.329079840822355363e-02
1.278000000000000114e+01,5.000000000000000000e+00,5.927109761005754152e+00,-8.966452090129477526e+00,-8.966452090129477526e+00,-1.113714075864632447e+00,-1.776140036103979192e-01,-1.239560664584941296e+00,-9.271097610057541516e-01,-1.181940792169012155e+00,-3.009498055336264771e-02,-2.752489186256645848e-02
1.280000000000000071e+01,5.000000000000000000e+00,5.933104293737343049e+00,-8.988949148489636443e+00,-8.988949148489636443e+00,-1.124852918007964497e+00,2.997266365794367671e-01,-1.225102497297953619e+00,-9.331042937373430490e-01,-1.177429396477307710e+00,-3.017471199280914382e-02,-1.749838882783689292e-02
1.282000000000000028e+01,5.000000000000000000e+00,5.944313956783617847e+00,-9.011657564136756449e+00,-9.011657564136756449e+00,-1.135420782355999414e+00,5.604831523137331351e-01,-1.230531561488313441e+00,-9.443139567836178472e-01,-1.185042453046425637e+00,-3.025495896207055363e-02,-1.523414947981709643e-02
1.283999999999999986e+01,5.000000000000000000e+00,5.964143710290893630e+00,-9.034586860642985329e+00,-9.034586860642985329e+00,-1.146464825311446001e+00,9.914876753638088847e-01,-1.245861211910465283e+00,-9.641437102908936296e-01,-1.199278725115194622e+00,-3.033616996235394617e-02,-1.624631683291681908e-02
1.285999999999999943e+01,5.000000000000000000e+00,5.967393562624426551e+00,-9.057775485973431628e+00,-9.057775485973431628e+00,-1.159431266522355397e+00,1.624926166766663127e-01,-1.276129237420539075e+00,-9.673935626244265507e-01,-1.224462512069435016e+00,-3.041908632143896368e-02,-2.124763902966511284e-02
1.288000000000000078e+01,5.000000000000000000e+00,5.979690245124086978e+00,-9.081196416531801319e+00,-9.081196416531801319e+00,-1.171046527918490954e+00,6.148341249830321376e-01,-1.275583880483711408e+00,-9.796902451240869780e-01,-1.228589824533021790e+00,-3.050228216782466598e-02,-1.649177378286497547e-02
1.290000000000000036e+01,5.000000000000000000e+00,5.997269213482201877e+00,-9.104860176307072450e+00,-9.104860176307072450e+00,-1.183187988763575005e+00,8.789484179057246438e-01,-1.292461136369332353e+00,-9.972692134822018772e-01,-1.244206611307590471e+00,-3.058653552890533769e-02,-1.766798953283637424e-02
1.291999999999999993e+01,5.000000000000000000e+00,6.007667474520710371e+00,-9.128794212346255321e+00,-9.128794212346255321e+00,-1.196701801959116240e+00,5.199130519254238081e-01,-1.318326120718987804e+00,-1.007667474520710371e+00,-1.266531901122396331e+00,-3.067230068126480802e-02,-2.112191891532668245e-02
1.293999999999999950e+01,5.000000000000000000e+00,6.018129781723772886e+00,-9.152995765441445997e+00,-9.152995765441445997e+00,-1.210077654759532884e+00,5.231153601531277619e-01,-1.330460329963281785e+00,-1.018129781723772886e+00,-1.279737692641302216e+00,-3.075896008407359022e-02,-1.996367723790590937e-02
1.296000000000000085e+01,5.000000000000000000e+00,6.022865834192815626e+00,-9.177463275517293795e+00,-9.177463275517293795e+00,-1.223375503792394792e+00,2.368026234521173889e-01,-1.343056145088152631e+00,-1.022865834192815626e+00,-1.293024822789191619e+00,-3.084651924530183373e-02,-1.918480305365926827e-02
1.298000000000000043e+01,5.000000000000000000e+00,6.030586512161757895e+00,-9.202175558608354677e+00,-9.202175558608354677e+00,-1.235614154553061672e+00,3.860338984471038404e-01,-1.345762011399063152e+00,-1.030586512161757895e+00,-1.299039609424875952e+00,-3.093448570704241535e-02,-1.578791626714477064e-02
1.300000000000000000e+01,5.000000000000000000e+00,6.041000098872371993e+00,-9.227126142241525386e+00,-9.227126142241525386e+00,-1.247529181658560971e+00,5.206793355306879034e-01,-1.354764425608055545e+00,-1.041000098872371993e+00,-1.308844870445432518e+00,-3.102311614708832752e-02,-1.489643901553459014e-02
1.301999999999999957e+01,5.000000000000000000e+00,6.051054747738509931e+00,-9.252319259993811329e+00,-9.252319259993811329e+00,-1.259655887614331338e+00,5.027324433069051413e-01,-1.368796241216263754e+00,-1.051054747738509931e+00,-1.322070125567912369e+00,-3.111264215559135168e-02,-1.561347349276003341e-02
1.304000000000000092e+01,5.000000000000000000e+00,6.059170386425313026e+00,-9.277757024389012841e+00,-9.277757024389012841e+00,-1.271888219760105576e+00,4.057819343401543044e-01,-1.381979209072073056e+00,-1.059170386425313026e+00,-1.334839529627907639e+00,-3.120303286389686237e-02,-1.593664658026871725e-02
1.306000000000000050e+01,5.000000000000000000e+00,6.069018383445432541e+00,-9.303434287850594231e+00,-9.303434287850594231e+00,-1.283863173079044406e+00,4.923998510059719447e-01,-1.391637752949492990e+00,-1.069018383445432541e+00,-1.345146390760147526e+00,-3.129412151712943763e-02,-1.519724067221604399e-02
1.308000000000000007e+01,5.000000000000000000e+00,6.072406864282774208e+00,-9.329352988516138367e+00,-9.329352988516138367e+00,-1.295935033277177517e+00,1.694240418670868165e-01,-1.404581775060375737e+00,-1.072406864282774208e+00,-1.357653346975699282e+00,-3.138605709810574768e-02,-1.554237098657074850e-02
1.309999999999999964e+01,5.000000000000000000e+00,6.071334949191014907e+00,-9.355491823364877391e+00,-9.355491823364877391e+00,-1.306941742436975140e+00,-5.359575458797258968e-02,-1.406002124875152859e+00,-1.071334949191014907e+00,-1.361956717639123182e+00,-3.147828408843406783e-02,-1.256712314759567475e-02
1.312000000000000099e+01,5.000000000000000000e+00,6.058322867330835138e+00,-9.381817632682452057e+00,-9.381817632682452057e+00,-1.316290465878705129e+00,-6.506040930089791452e-01,-1.400428976854274143e+00,-1.058322867330835138e+00,-1.360595385472588958e+00,-3.157041889406449198e-02,-8.263172487620840459e-03
1.314000000000000057e+01,5.000000000000000000e+00,6.048802238099942663e+00,-9.408260932428559542e+00,-9.408260932428559542e+00,-1.322164987305412653e+00,-4.760314615446338271e-01,-1.375035680145780814e+00,-1.048802238099942663e+00,-1.344070041510160740e+00,-3.166143466065494266e-02,6.957960250349379261e-04
1.316000000000000014e+01,5.000000000000000000e+00,6.050556598611236403e+00,-9.434776906486987968e+00,-9.434776906486987968e+00,-1.325798702921426431e+00,8.771802556470775780e-02,-1.358502143465549761e+00,-1.050556598611236403e+00,-1.331978842386927209e+00,-3.175163165313153735e-02,5.228330574508908112e-03
1.317999999999999972e+01,5.000000000000000000e+00,6.039160066386024539e+00,-9.461367808539351998e+00,-9.461367808539351998e+00,-1.329545102618218788e+00,-5.698266112605882006e-01,-1.363262699889350449e+00,-1.039160066386024539e+00,-1.334206880236270321e+00,-3.184197952061210146e-02,2.786159867531953251e-03
1.320000000000000107e+01,5.000000000000000000e+00,6.042450300972636690e+00,-9.487987698079761500e+00,-9.487987698079761500e+00,-1.330994477020511324e+00,1.645117293306056494e-01,-1.344038846641144369e+00,-1.042450300972636690e+00,-1.319733284310251165e+00,-3.193134728632129882e-02,7.625784955427875739e-03
1.322000000000000064e+01,5.000000000000000000e+00,6.026110668875652721e+00,-9.514650065401335510e+00,-9.514650065401335510e+00,-1.333118366078738903e+00,-8.169816048492137828e-01,-1.352233367602787117e+00,-1.026110668875652721e+00,-1.323911882235248694e+00,-3.202099801220494729e-02,3.699512644666661486e-03
1.324000000000000021e+01,5.000000000000000000e+00,6.018061514238721266e+00,-9.541295281985485488e+00,-9.541295281985485488e+00,-1.332260829207489339e+00,-4.024577318465906162e-01,-1.324542997366242592e+00,-1.018061514238721266e+00,-1.303160549472079044e+00,-3.210924352972824997e-02,1.072679563556467978e-02
1.325999999999999979e+01,5.000000000000000000e+00,6.008067515390006719e+00,-9.567903212279118108e+00,-9.567903212279118108e+00,-1.330396514681644549e+00,-4.996999424357280173e-01,-1.313617683949041659e+00,-1.008067515390006719e+00,-1.292938123083176016e+00,-3.219679681995277903e-02,1.151723595408713982e-02
1.328000000000000114e+01,5.000000000000000000e+00,6.015097667861024178e+00,-9.594449329860541553e+00,-9.594449329860541553e+00,-1.327305879071186467e+00,3.515076235508803881e-01,-1.299490158577064181e+00,-1.015097667861024178e+00,-1.280245744545308595e+00,-3.228349062627632049e-02,1.303907659452084242e-02
1.330000000000000071e+01,5.000000000000000000e+00,6.012505875409230427e+00,-9.620972672662869485e+00,-9.620972672662869485e+00,-1.326167140116429444e+00,-1.295896225897085197e-01,-1.315918489523615120e+00,-1.012505875409230427e+00,-1.289174038183500626e+00,-3.237078902571236677e-02,5.626337685597896515e-03
1.332000000000000028e+01,5.000000000000000000e+00,5.987785782966431825e+00,-9.647469903539525049e+00,-9.647469903539525049e+00,-1.324861543832767330e+00,-1.236004622139931008e+00,-1.313111177279808528e+00,-9.877857829664318245e-01,-1.285882461769722651e+00,-3.245786453099756136e-02,5.229149020911815458e-03
1.333999999999999986e+01,5.000000000000000000e+00,5.963718458048892224e+00,-9.673859530824763908e+00,-9.673859530824763908e+00,-1.319481364261945622e+00,-1.203366245876983820e+00,-1.271059748124549138e+00,-9.637184580488922236e-01,-1.254487944367368435e+00,-3.254281410833267246e-02,1.597101035115197284e-02
1.335999999999999943e+01,5.000000000000000000e+00,5.938126231259491128e+00,-9.700076961182604762e+00,-9.700076961182604762e+00,-1.310871517892058691e+00,-1.279611339470070108e+00,-1.233382900563076756e+00,-9.381262312594911279e-01,-1.223922441722093080e+00,-3.262569389572488043e-02,2.316523505474109984e-02
1.338000000000000078e+01,5.000000000000000000e+00,5.926171074881176004e+00,-9.726062980690604931e+00,-9.726062980690604931e+00,-1.299300975400025537e+00,-5.977578189157586319e-01,-1.195166092971726490e+00,-9.261710748811760041e-01,-1.191420313699553812e+00,-3.270637275161319968e-02,2.896059347944051482e-02
1.340000000000000036e+01,5.000000000000000000e+00,5.911395507411823402e+00,-9.751815992658308119e+00,-9.751815992658308119e+00,-1.287650598385136735e+00,-7.387783734676359737e-01,-1.182797205251137074e+00,-9.113955074118234023e-01,-1.176237265099093543e+00,-3.278602346405298101e-02,2.622608331200929066e-02
1.341999999999999993e+01,5.000000000000000000e+00,5.906751300977084895e+00,-9.777322943843186565e+00,-9.777322943843186565e+00,-1.275347559243879214e+00,-2.322103217369309025e-01,-1.164620206972561967e+00,-9.067513009770848953e-01,-1.157472294413015801e+00,-3.286440347769039455e-02,2.571649091814409704e-02
1.343999999999999950e+01,5.000000000000000000e+00,5.899393573439852823e+00,-9.802607604265343610e+00,-9.802607604265343610e+00,-1.264233021107818544e+00,-3.678863768616105756e-01,-1.164202177883271405e+00,-8.993935734398528226e-01,-1.151574152240897764e+00,-3.294238408957442243e-02,2.031435844720064568e-02
1.346000000000000085e+01,5.000000000000000000e+00,5.898495682161017939e+00,-9.827678529387242179e+00,-9.827678529387242179e+00,-1.253546256094928868e+00,-4.489456394176172260e-02,-1.157365370978921337e+00,-8.984956821610179389e-01,-1.142229838268613129e+00,-3.301973193689024949e-02,1.788419922658202391e-02
1.348000000000000043e+01,5.000000000000000000e+00,5.888802523878324813e+00,-9.852564802856139892e+00,-9.852564802856139892e+00,-1.244313673444894075e+00,-4.846579141346613051e-01,-1.161220429594581605e+00,-8.888025238783248128e-01,-1.141089516344492738e+00,-3.309700256555609538e-02,1.296608931546718892e-02
1.350000000000000000e+01,5.000000000000000000e+00,5.874845258496643297e+00,-9.877258547357273599e+00,-9.877258547357273599e+00,-1.234687225056652071e+00,-6.978632690840905761e-01,-1.148049189562474037e+00,-8.748452584966432966e-01,-1.128779205325472601e+00,-3.317343958260963316e-02,1.390345534560820905e-02
1.351999999999999957e+01,5.000000000000000000e+00,5.863042285041927926e+00,-9.901738155443620570e+00,-9.901738155443620570e+00,-1.223980404317344339e+00,-5.901486727357903028e-01,-1.127619017663574308e+00,-8.630422850419279257e-01,-1.111053478290737084e+00,-3.324867627484034277e-02,1.668313690200314003e-02
1.354000000000000092e+01,5.000000000000000000e+00,5.849599575594663037e+00,-9.925993463767937897e+00,-9.925993463767937897e+00,-1.212765416215885184e+00,-6.721354723632493311e-01,-1.111830523302751894e+00,-8.495995755946630368e-01,-1.096063702003248430e+00,-3.332289791135394780e-02,1.755607661185045257e-02
1.356000000000000050e+01,5.000000000000000000e+00,5.837989685892591041e+00,-9.950010048662917939e+00,-9.950010048662917939e+00,-1.200829244749000990e+00,-5.804944851036146769e-01,-1.093403701547043916e+00,-8.379896858925910408e-01,-1.078991461005222030e+00,-3.339596347485508654e-02,1.898372293303323202e-02
1.358000000000000007e+01,5.000000000000000000e+00,5.815609252193342904e+00,-9.973782264269493325e+00,-9.973782264269493325e+00,-1.188610780328768657e+00,-1.119021684962390406e+00,-1.078644600546677434e+00,-8.156092521933429040e-01,-1.064246901083590657e+00,-3.346803058784184742e-02,1.907033112475511535e-02
1.359999999999999964e+01,5.000000000000000000e+00,5.799397256023519631e+00,-9.997266992786411066e+00,-9.997266992786411066e+00,-1.174236425845843979e+00,-8.105998084911605339e-01,-1.044867235499521652e+00,-7.993972560235196312e-01,-1.035823750285545408e+00,-3.353817298353047732e-02,2.449468776955415414e-02
1.362000000000000099e+01,5.000000000000000000e+00,5.779306083231808167e+00,-1.002045049161316825e+01,-1.002045049161316825e+01,-1.159174941337875353e+00,-1.004558639585552138e+00,-1.023621580766158390e+00,-7.793060832318081665e-01,-1.015234515149869843e+00,-3.360692114754849913e-02,2.521985553125989654e-02
1.364000000000000057e+01,5.000000000000000000e+00,5.774358478102092462e+00,-1.004330710728575582e+01,-1.004330710728575582e+01,-1.142830783629382729e+00,-2.473802564858039732e-01,-9.957333642529485607e-01,-7.743584781020924623e-01,-9.897187257043963404e-01,-3.367394147070643801e-02,2.765930292215423858e-02
1.366000000000000014e+01,5.000000000000000000e+00,5.765569230506053522e+00,-1.006586876215926374e+01,-1.006586876215926374e+01,-1.128082743675381971e+00,-4.394623798019454686e-01,-9.953503840893742627e-01,-7.655692305060535219e-01,-9.834352671896574583e-01,-3.374053629982321639e-02,2.182541940010638767e-02
1.367999999999999972e+01,5.000000000000000000e+00,5.761896748229551335e+00,-1.008814710046364738e+01,-1.008814710046364738e+01,-1.113916915219187009e+00,-1.836241138250890303e-01,-9.864244591134327944e-01,-7.618967482295513349e-01,-9.722729227426879506e-01,-3.380637525364673518e-02,1.965483888290186359e-02
1.370000000000000107e+01,5.000000000000000000e+00,5.768670747329566417e+00,-1.011016939190806063e+01,-1.011016939190806063e+01,-1.101114572220647903e+00,3.386999550007712134e-01,-9.858934852337952748e-01,-7.686707473295664172e-01,-9.676088702515301954e-01,-3.387189837399447873e-02,1.558728339172939237e-02
1.372000000000000064e+01,5.000000000000000000e+00,5.764508241010498857e+00,-1.013199467862072112e+01,-1.013199467862072112e+01,-1.091264335633024274e+00,-2.081253159533900110e-01,-1.002612206344411172e+00,-7.645082410104988568e-01,-9.762118491085494121e-01,-3.393800405826482430e-02,7.537646822403064328e-03
1.374000000000000021e+01,5.000000000000000000e+00,5.758947302228135001e+00,-1.015363259653597083e+01,-1.015363259653597083e+01,-1.081895895762496673e+00,-2.780469391182045502e-01,-9.975799369277474904e-01,-7.589473022281350012e-01,-9.709254660833335215e-01,-3.400375176699172580e-02,7.349280922577789907e-03
1.375999999999999979e+01,5.000000000000000000e+00,5.754974714862582275e+00,-1.017508675916150551e+01,-1.017508675916150551e+01,-1.072708131276776333e+00,-1.986293682776247294e-01,-9.900182509052931623e-01,-7.549747148625822746e-01,-9.638630738297314648e-01,-3.406902123498334323e-02,7.913844159421652702e-03
1.378000000000000114e+01,5.000000000000000000e+00,5.755073601873874622e+00,-1.019636637311952043e+01,-1.019636637311952043e+01,-1.063980697900728689e+00,4.944350564601379672e-03,-9.854337975163005581e-01,-7.550736018738746225e-01,-9.588178878754795020e-01,-3.413394906046152838e-02,7.518039419640415097e-03
1.380000000000000071e+01,5.000000000000000000e+00,5.762707402021816527e+00,-1.021749388363754996e+01,-1.021749388363754996e+01,-1.056375525901447787e+00,3.816900073971039586e-01,-9.879289779079186706e-01,-7.627074020218165273e-01,-9.589434743798207483e-01,-3.419888539022267887e-02,5.213381862124701061e-03
1.382000000000000028e+01,5.000000000000000000e+00,5.763641536890131256e+00,-1.023851475339170491e+01,-1.023851475339170491e+01,-1.051043487707772117e+00,4.670674341573574639e-02,-1.003055143964691309e+00,-7.636415368901312561e-01,-9.686384005677070030e-01,-3.426447822679655475e-02,-1.522651701877774516e-04
1.383999999999999986e+01,5.000000000000000000e+00,5.773207519996471859e+00,-1.025944298954651046e+01,-1.025944298954651046e+01,-1.046411807740293742e+00,4.782991553170313770e-01,-1.004726688032987925e+00,-7.732075199964718593e-01,-9.698247518504666820e-01,-3.433015139896910400e-02,-5.717847835521791804e-04
1.385999999999999943e+01,5.000000000000000000e+00,5.778357748780969416e+00,-1.028032147069898983e+01,-1.028032147069898983e+01,-1.043924057623929702e+00,2.575114392248749051e-01,-1.021534306576652229e+00,-7.783577487809694162e-01,-9.819735503955192568e-01,-3.439664724568879811e-02,-5.164108935444146342e-03
1.388000000000000078e+01,5.000000000000000000e+00,5.786010280896800140e+00,-1.030117041897052665e+01,-1.030117041897052665e+01,-1.042447413576877313e+00,3.826266057915522767e-01,-1.029157617153405813e+00,-7.860102808968001398e-01,-9.885143409518312163e-01,-3.446358601208396322e-02,-6.179690189490685132e-03
1.390000000000000036e+01,5.000000000000000000e+00,5.801897029783015469e+00,-1.032201627438243285e+01,-1.032201627438243285e+01,-1.042292770595339979e+00,7.943374443107729110e-01,-1.040900983761504417e+00,-8.018970297830154692e-01,-9.982330567389361420e-01,-3.453118289624108883e-02,-8.136744126327179194e-03
1.391999999999999993e+01,5.000000000000000000e+00,5.819674925358946815e+00,-1.034291077764454769e+01,-1.034291077764454769e+01,-1.044725163105705512e+00,8.888947787965799652e-01,-1.066616695698996420e+00,-8.196749253589468154e-01,-1.018409227824429664e+00,-3.460014604080242917e-02,-1.360732183376425937e-02
1.393999999999999950e+01,5.000000000000000000e+00,5.827354645082760243e+00,-1.036390390320159227e+01,-1.036390390320159227e+01,-1.049656277852204500e+00,3.839859861906757543e-01,-1.094036310570694503e+00,-8.273546450827602428e-01,-1.040987155205862491e+00,-3.467063808438329564e-02,-1.837851728044879313e-02
1.396000000000000085e+01,5.000000000000000000e+00,5.835191541588085506e+00,-1.038500205950764688e+01,-1.038500205950764688e+01,-1.054907815302758012e+00,3.918448252662636855e-01,-1.102171652357739173e+00,-8.351915415880855065e-01,-1.050740399255105428e+00,-3.474179058386041297e-02,-1.668946251877324177e-02
1.398000000000000043e+01,5.000000000000000000e+00,5.845494389399148005e+00,-1.040621258472928901e+01,-1.040621258472928901e+01,-1.060526261082092025e+00,5.151423905531240521e-01,-1.111092273096098815e+00,-8.454943893991480053e-01,-1.060693257816868629e+00,-3.481361705643698512e-02,-1.558539822279325117e-02
1.400000000000000000e+01,5.000000000000000000e+00,5.848358995410070094e+00,-1.042755146703091995e+01,-1.042755146703091995e+01,-1.066944115081553512e+00,1.432303005461034173e-01,-1.124704801076707561e+00,-8.483589954100700936e-01,-1.073777874536917976e+00,-3.488632957392531070e-02,-1.604059696586439959e-02
1.401999999999999957e+01,5.000000000000000000e+00,5.862727864118352450e+00,-1.044900652151096310e+01,-1.044900652151096310e+01,-1.072752724002184577e+00,7.184434354141057133e-01,-1.125030204287863711e+00,-8.627278641183524499e-01,-1.077415924170789019e+00,-3.495928844753058012e-02,-1.265499166954428024e-02
1.404000000000000092e+01,5.000000000000000000e+00,5.882110968636457216e+00,-1.047060949466552238e+01,-1.047060949466552238e+01,-1.080148657727922012e+00,9.691552259052245155e-01,-1.146712061259558046e+00,-8.821109686364572156e-01,-1.095664387430307585e+00,-3.503348304384475836e-02,-1.601419078540560967e-02
1.406000000000000050e+01,5.000000000000000000e+00,5.901514180510843310e+00,-1.049240467649333475e+01,-1.049240467649333475e+01,-1.089759091390654744e+00,9.701605937193060747e-01,-1.176252994355248438e+00,-9.015141805108433104e-01,-1.120280930168300770e+00,-3.510934458714749101e-02,-2.086271959980010027e-02
1.408000000000000007e+01,5.000000000000000000e+00,5.908992460383322154e+00,-1.051442909331294473e+01,-1.051442909331294473e+01,-1.101220840980464022e+00,3.739139936239255224e-01,-1.204376587288746858e+00,-9.089924603833221539e-01,-1.144923009248770995e+00,-3.518687480667142403e-02,-2.426670323330434517e-02
1.409999999999999964e+01,5.000000000000000000e+00,5.905902674536255503e+00,-1.053667186114756227e+01,-1.053667186114756227e+01,-1.112138391730906672e+00,-1.544892923533535134e-01,-1.210396348484890972e+00,-9.059026745362555033e-01,-1.154420424686819047e+00,-3.526504815826438793e-02,-2.071087563980750570e-02
1.412000000000000099e+01,5.000000000000000000e+00,5.908306213795219364e+00,-1.055908794870280865e+01,-1.055908794870280865e+01,-1.120804377762350423e+00,1.201769629482087876e-01,-1.198798252045345070e+00,-9.083062137952193638e-01,-1.150496396661044418e+00,-3.534295578827450351e-02,-1.295889959602606126e-02
1.414000000000000057e+01,5.000000000000000000e+00,5.914744683879188614e+00,-1.058166090381035218e+01,-1.058166090381035218e+01,-1.128647755377192530e+00,3.219235041984779833e-01,-1.199238153910771709e+00,-9.147446838791886137e-01,-1.153548891519928565e+00,-3.542107012266089427e-02,-1.026819226818224615e-02
1.416000000000000014e+01,5.000000000000000000e+00,5.930630005601166488e+00,-1.060439180256590497e+01,-1.060439180256590497e+01,-1.136544937777632214e+00,7.942660860988761673e-01,-1.207619579381588260e+00,-9.306300056011664878e-01,-1.161725748526569513e+00,-3.549973816547450506e-02,-1.039409268954425911e-02
1.417999999999999972e+01,5.000000000000000000e+00,5.945931012923504788e+00,-1.062731494471502103e+01,-1.062731494471502103e+01,-1.146157107455835433e+00,7.650503661169321123e-01,-1.232666634559663521e+00,-9.459310129235047881e-01,-1.181900107113481369e+00,-3.557977234595620375e-02,-1.518675510022596264e-02
1.420000000000000107e+01,5.000000000000000000e+00,5.953292506031616860e+00,-1.065045626092731190e+01,-1.065045626092731190e+01,-1.157065810614511969e+00,3.680746554056109066e-01,-1.255244139042601459e+00,-9.532925060316168597e-01,-1.201332386412851116e+00,-3.566112241306762520e-02,-1.825063021668264784e-02
1.422000000000000064e+01,5.000000000000000000e+00,5.957091525614985450e+00,-1.067380917762426940e+01,-1.067380917762426940e+01,-1.167645834847886643e+00,1.899509791684226845e-01,-1.262866052948257600e+00,-9.570915256149854500e-01,-1.210681482660153518e+00,-3.574310556858634191e-02,-1.644146471951766358e-02
1.424000000000000021e+01,5.000000000000000000e+00,5.966847994638981412e+00,-1.069735626783158544e+01,-1.069735626783158544e+01,-1.177354510365798079e+00,4.878234511998018608e-01,-1.264732590027000558e+00,-9.668479946389814117e-01,-1.215506237531031486e+00,-3.582541543978923215e-02,-1.340093705617992348e-02
1.425999999999999979e+01,5.000000000000000000e+00,5.969826974322304025e+00,-1.072110473880831449e+01,-1.072110473880831449e+01,-1.187423548836429310e+00,1.489489841661101877e-01,-1.278044895072110609e+00,-9.698269743223040251e-01,-1.227896953191506491e+00,-3.590856436732818568e-02,-1.423937751327593489e-02
1.428000000000000114e+01,5.000000000000000000e+00,5.975541978427411749e+00,-1.074503660933340576e+01,-1.074503660933340576e+01,-1.196593526254589701e+00,2.857502052554042882e-01,-1.279123323018033886e+00,-9.755419784274117490e-01,-1.231680257389326183e+00,-3.599196948711990557e-02,-1.145109614158781527e-02
1.430000000000000071e+01,5.000000000000000000e+00,5.975634303981915529e+00,-1.076914704484207519e+01,-1.076914704484207519e+01,-1.205521775433483933e+00,4.616277725209616545e-03,-1.285876018043532687e+00,-9.756343039819155294e-01,-1.238938312602812841e+00,-3.607586609726465970e-02,-1.086183934345511665e-02
1.432000000000000028e+01,5.000000000000000000e+00,5.982539550344937673e+00,-1.079341216600461983e+01,-1.079341216600461983e+01,-1.213256058127235582e+00,3.452623181510962591e-01,-1.282864602371001306e+00,-9.825395503449376733e-01,-1.239055566057032820e+00,-3.615977064740710789e-02,-7.649265666561464588e-03
1.433999999999999986e+01,5.000000000000000000e+00,5.988449181426156898e+00,-1.081783650064419433e+01,-1.081783650064419433e+01,-1.221216731978730596e+00,2.954815540609584401e-01,-1.292862796642185730e+00,-9.884491814261568976e-01,-1.247825228938070907e+00,-3.624426904873677413e-02,-8.793298655378053649e-03
1.435999999999999943e+01,5.000000000000000000e+00,5.978273184500670467e+00,-1.084241991790266546e+01,-1.084241991790266546e+01,-1.229170862923534502e+00,-5.087998462743037464e-01,-1.300758041426770317e+00,-9.782731845006704674e-01,-1.255330460411219207e+00,-3.632927567833942051e-02,-9.098305337211811533e-03
1.438000000000000078e+01,5.000000000000000000e+00,5.969162800529892898e+00,-1.086710523647279913e+01,-1.086710523647279913e+01,-1.234265928506702359e+00,-4.555191985388705178e-01,-1.280121518755213961e+00,-9.691628005298928983e-01,-1.242406944315851414e+00,-3.641340717220648004e-02,-1.301167267156025376e-03
1.440000000000000036e+01,5.000000000000000000e+00,5.975113398621061833e+00,-1.089184943790135129e+01,-1.089184943790135129e+01,-1.237210071427589986e+00,2.975299045584326452e-01,-1.263707357715577961e+00,-9.751133986210618332e-01,-1.230836756672964105e+00,-3.649675517305205064e-02,3.626154130438011443e-03
1.441999999999999993e+01,5.000000000000000000e+00,5.962702670787161097e+00,-1.091667001862931308e+01,-1.091667001862931308e+01,-1.241029036398048735e+00,-6.205363916950554781e-01,-1.275399721132177477e+00,-9.627026707871610967e-01,-1.238394016248748564e+00,-3.658061492533346004e-02,-4.250899580955213447e-04
1.443999999999999950e+01,5.000000000000000000e+00,5.933300926599517133e+00,-1.094151536692400661e+01,-1.094151536692400661e+01,-1.242267414734653963e+00,-1.470087209382208604e+00,-1.253412819764100128e+00,-9.333009265995171333e-01,-1.222632391899694637e+00,-3.666340735502115339e-02,5.882979490615701697e-03
1.446000000000000085e+01,5.000000000000000000e+00,5.935211500120678885e+00,-1.096628273177676505e+01,-1.096628273177676505e+01,-1.238368242637910344e+00,9.552867605810577700e-02,-1.203275693767217769e+00,-9.352115001206788847e-01,-1.185292176781386875e+00,-3.674367123470870938e-02,1.876015424887768346e-02
1.448000000000000043e+01,5.000000000000000000e+00,5.952956578836034573e+00,-1.099099808426868030e+01,-1.099099808426868030e+01,-1.235767624595749847e+00,8.872539357677819982e-01,-1.212362062216305381e+00,-9.529565788360345735e-01,-1.187718605153262219e+00,-3.682409942371908662e-02,1.218064236067582795e-02
1.450000000000000000e+01,5.000000000000000000e+00,5.946333343402880445e+00,-1.101573684452812252e+01,-1.101573684452812252e+01,-1.236938012972078615e+00,-3.311617716576943926e-01,-1.247471508359037085e+00,-9.463333434028804447e-01,-1.210254855121764006e+00,-3.690605368949898685e-02,-3.105995477740517569e-04
1.451999999999999957e+01,5.000000000000000000e+00,5.936713030803632662e+00,-1.104047322842745338e+01,-1.104047322842745338e+01,-1.236819194966512825e+00,-4.810156299624009368e-01,-1.235749832916420932e+00,-9.367130308036326625e-01,-1.201843346121658218e+00,-3.698743835703163785e-02,3.080951562268919534e-03
1.454000000000000092e+01,5.000000000000000000e+00,5.922852585429239980e+00,-1.106517546586291090e+01,-1.106517546586291090e+01,-1.235111871772889724e+00,-6.930222687196440079e-01,-1.219745963030280711e+00,-9.228525854292399799e-01,-1.189625549120613579e+00,-3.706799567768075121e-02,6.947581768013638345e-03
1.456000000000000050e+01,5.000000000000000000e+00,5.900060212677488813e+00,-1.108980228822574432e+01,-1.108980228822574432e+01,-1.231341118141711322e+00,-1.139618637587548777e+00,-1.197404335461105473e+00,-9.000602126774888134e-01,-1.172022783495134890e+00,-3.714736100002766911e-02,1.176580903405710296e-02
1.458000000000000007e+01,5.000000000000000000e+00,5.881746116659078538e+00,-1.111428785748894477e+01,-1.111428785748894477e+01,-1.224278463159991892e+00,-9.157048009205177586e-01,-1.160714568324516582e+00,-8.817461166590785382e-01,-1.143076470100410802e+00,-3.722476617831793622e-02,1.958666795421205170e-02
1.459999999999999964e+01,5.000000000000000000e+00,5.853708788018031406e+00,-1.113859344398005646e+01,-1.113859344398005646e+01,-1.215279324555619045e+00,-1.401866432052341738e+00,-1.134287077116263642e+00,-8.537087880180314059e-01,-1.119817568157029708e+00,-3.730059634435061583e-02,2.283108738511675437e-02
1.462000000000000099e+01,5.000000000000000000e+00,5.840469047106557454e+00,-1.116265175147255739e+01,-1.116265175147255739e+01,-1.202915374625076916e+00,-6.619870455737040249e-01,-1.091639825250196871e+00,-8.404690471065574542e-01,-1.084210160782900001e+00,-3.737401530012016831e-02,2.994435083282320081e-02
1.464000000000000057e+01,5.000000000000000000e+00,5.828981430867106184e+00,-1.118645880331362186e+01,-1.118645880331362186e+01,-1.190352592053230074e+00,-5.743808119725724026e-01,-1.077287548906609160e+00,-8.289814308671061838e-01,-1.067395689825328065e+00,-3.744629563817133272e-02,2.755443655689026813e-02
1.466000000000000014e+01,5.000000000000000000e+00,5.771534198205515942e+00,-1.121001578010411137e+01,-1.121001578010411137e+01,-1.177848839524445079e+00,-2.872361633079523635e+00,-1.065315066765380791e+00,-7.715341982055159420e-01,-1.052806417201224809e+00,-3.751758804122590218e-02,2.500893847706991968e-02
1.467999999999999972e+01,5.000000000000000000e+00,5.762870043717790658e+00,-1.123315969400135828e+01,-1.123315969400135828e+01,-1.157195694862386048e+00,-4.332077243862687554e-01,-9.713173929038558807e-01,-7.628700437177906579e-01,-9.798484317210052197e-01,-3.758393998227157334e-02,4.611497879942087763e-02
1.470000000000000107e+01,5.000000000000000000e+00,5.736107215330520148e+00,-1.125592901504534815e+01,-1.125592901504534815e+01,-1.138466052199461842e+00,-1.338141419363505280e+00,-9.698992682331436521e-01,-7.361072153305201482e-01,-9.688449555215941089e-01,-3.764954680603130321e-02,3.659523409448180858e-02
1.472000000000000064e+01,5.000000000000000000e+00,5.722796781690024481e+00,-1.127828865291112592e+01,-1.127828865291112592e+01,-1.117981893288846784e+00,-6.655216820247757958e-01,-9.336244630933123734e-01,-7.227967816900244813e-01,-9.348561634697606371e-01,-3.771285202654972579e-02,3.894455240299798254e-02
1.474000000000000021e+01,5.000000000000000000e+00,5.724811268608959836e+00,-1.130025600127564722e+01,-1.130025600127564722e+01,-1.098367418226066095e+00,1.007243459467839219e-01,-9.218371426610407759e-01,-7.248112686089598355e-01,-9.179519127463311445e-01,-3.777501254977506939e-02,3.388978263506543104e-02
1.475999999999999979e+01,5.000000000000000000e+00,5.724697029591284902e+00,-1.132189787085190247e+01,-1.132189787085190247e+01,-1.082093478812793386e+00,-5.711950883729888240e-03,-9.356280240933384507e-01,-7.246970295912849025e-01,-9.205103111333790000e-01,-3.783734631887544081e-02,2.271963335891599711e-02
1.478000000000000114e+01,5.000000000000000000e+00,5.709699651087056793e+00,-1.134326016199745801e+01,-1.134326016199745801e+01,-1.068114557277744847e+00,-7.498689252113902581e-01,-9.423042634623088887e-01,-7.096996510870567931e-01,-9.203652275809318661e-01,-3.789967026342028894e-02,1.596063438204331497e-02
1.480000000000000071e+01,5.000000000000000000e+00,5.691506997756305530e+00,-1.136432750027396033e+01,-1.136432750027396033e+01,-1.053366913825114271e+00,-9.096326665375613629e-01,-9.206381227514400800e-01,-6.915069977563055303e-01,-9.013185568805621717e-01,-3.796070443341377498e-02,1.864113856253591869e-02
1.482000000000000028e+01,5.000000000000000000e+00,5.686914858308402820e+00,-1.138507635536847928e+01,-1.138507635536847928e+01,-1.037442754725926841e+00,-2.296069723951446040e-01,-8.941253228332396441e-01,-6.869148583084028203e-01,-8.782138871505080768e-01,-3.802017403522081618e-02,2.210873835248927319e-02
1.483999999999999986e+01,5.000000000000000000e+00,5.674438442990770604e+00,-1.140553572118649228e+01,-1.140553572118649228e+01,-1.022968290900625021e+00,-6.238207658816108392e-01,-8.926981164729088647e-01,-6.744384429907706036e-01,-8.723818700516715596e-01,-3.807924871303534214e-02,1.776300229179804055e-02
1.485999999999999943e+01,5.000000000000000000e+00,5.666848475725665857e+00,-1.142570120385587273e+01,-1.142570120385587273e+01,-1.008274133469059697e+00,-3.794983632552261232e-01,-8.760267165849717763e-01,-6.668484757256658568e-01,-8.565368225982786798e-01,-3.813725041913254565e-02,1.864735643243947347e-02
1.488000000000000078e+01,5.000000000000000000e+00,5.658554395123800873e+00,-1.144558665667903341e+01,-1.144558665667903341e+01,-9.942726411580448120e-01,-4.147040300932314238e-01,-8.682592103589108490e-01,-6.585543951238008731e-01,-8.468975641715956737e-01,-3.819459938804495303e-02,1.683295320072979509e-02
1.490000000000000036e+01,5.000000000000000000e+00,5.658336591748430067e+00,-1.146520096781486409e+01,-1.146520096781486409e+01,-9.807155567915416539e-01,-1.089016876855608551e-02,-8.587017974930130082e-01,-6.583365917484300667e-01,-8.363640818072270999e-01,-3.825123506602560314e-02,1.591351938023961854e-02
1.491999999999999993e+01,5.000000000000000000e+00,5.655087212840835598e+00,-1.148458014262488369e+01,-1.148458014262488369e+01,-9.689587405010194887e-01,-1.624689453797028005e-01,-8.631473938863197803e-01,-6.550872128408355977e-01,-8.360874715205062202e-01,-3.830785201291597025e-02,1.124792964710239450e-02
1.493999999999999950e+01,5.000000000000000000e+00,5.652271399103881322e+00,-1.150374306637064592e+01,-1.150374306637064592e+01,-9.581461872881302799e-01,-1.407906868476969109e-01,-8.608332083721278449e-01,-6.522713991038813219e-01,-8.319607603078612579e-01,-3.836418951322027870e-02,9.491741448953721141e-03
1.496000000000000085e+01,5.000000000000000000e+00,5.658780008351209645e+00,-1.152270721467675330e+01,-1.152270721467675330e+01,-9.482074153053374754e-01,3.254304623664246443e-01,-8.587584674602016799e-01,-6.587800083512096450e-01,-8.283846768619292922e-01,-3.842028485354321427e-02,8.046494255270833507e-03
1.498000000000000043e+01,5.000000000000000000e+00,5.658762831237258872e+00,-1.154152042073618212e+01,-1.154152042073618212e+01,-9.406603029714815101e-01,-8.588556975167582763e-04,-8.727362919667775998e-01,-6.587628312372588724e-01,-8.366506106060362935e-01,-3.847693993426141990e-02,2.391258573520078923e-03
1.500000000000000000e+01,5.000000000000000000e+00,5.667131922285503443e+00,-1.156019926609767801e+01,-1.156019926609767801e+01,-9.339422680748188377e-01,4.184545524122263993e-01,-8.734799540048550082e-01,-6.671319222855034425e-01,-8.366287956713187590e-01,-3.853359353774782337e-02,1.682435204211539959e-03
1.501999999999999957e+01,5.000000000000000000e+00,5.679283862206684574e+00,-1.157878790414479475e+01,-1.157878790414479475e+01,-9.294319023558100801e-01,6.075969960590605901e-01,-8.888386108847314837e-01,-6.792838622066845744e-01,-8.472575413025893454e-01,-3.859096688306437595e-02,-2.990102699077717713e-03
1.504000000000000092e+01,5.000000000000000000e+00,5.705138752629384413e+00,-1.159733664764373451e+01,-1.159733664764373451e+01,-9.274371749470097237e-01,1.292744521135006597e+00,-9.094846282678061833e-01,-7.051387526293844132e-01,-8.626905050024894495e-01,-3.864938529521415311e-02,-8.144737970102605001e-03
1.506000000000000050e+01,5.000000000000000000e+00,5.707580486479075788e+00,-1.161593614338293357e+01,-1.161593614338293357e+01,-9.299747869599922501e-01,1.220866924845706025e-01,-9.528132950768348763e-01,-7.075804864790757875e-01,-8.955262158393182403e-01,-3.871002722794027878e-02,-1.857705200957634334e-02
1.508000000000000007e+01,5.000000000000000000e+00,5.716816236347778357e+00,-1.163457892558189677e+01,-1.163457892558189677e+01,-9.321391099481983744e-01,4.617874934351279270e-01,-9.516180168420534935e-01,-7.168162363477783572e-01,-8.986272178284262502e-01,-3.877087914977747629e-02,-1.421991986384974621e-02
1.509999999999999964e+01,5.000000000000000000e+00,5.726530331290012654e+00,-1.165328491454665816e+01,-1.165328491454665816e+01,-9.352994482380876384e-01,4.857047471117308390e-01,-9.637424928470905705e-01,-7.265303312900126542e-01,-9.103566201616785092e-01,-3.883252534610338869e-02,-1.455334733930870213e-02
1.512000000000000099e+01,5.000000000000000000e+00,5.723759073174547574e+00,-1.167207353159516714e+01,-1.167207353159516714e+01,-9.394308524254447734e-01,-1.385629057732594149e-01,-9.766134901116592104e-01,-7.237590731745475736e-01,-9.226935207383161197e-01,-3.889500695459433000e-02,-1.502496241874877111e-02
1.514000000000000057e+01,5.000000000000000000e+00,5.739127654477350404e+00,-1.169091782425946136e+01,-1.169091782425946136e+01,-9.422146332147187664e-01,7.684290651401222139e-01,-9.672686603181852583e-01,-7.391276544773504042e-01,-9.191740229316753830e-01,-3.895725023488734451e-02,-9.137387151622530790e-03
1.516000000000000014e+01,5.000000000000000000e+00,5.745680365139623547e+00,-1.170986121297911531e+01,-1.170986121297911531e+01,-9.471694359826807741e-01,3.276355331136676097e-01,-9.917626608943389543e-01,-7.456803651396235466e-01,-9.386921211862350178e-01,-3.902081521317239676e-02,-1.404972449493158138e-02
1.517999999999999972e+01,5.000000000000000000e+00,5.751038103354999542e+00,-1.172890865695582008e+01,-1.172890865695582008e+01,-9.523721988352287227e-01,2.678869107687794071e-01,-9.991970645081603708e-01,-7.510381033549995422e-01,-9.470140637273218864e-01,-3.908494372457440441e-02,-1.309805705626413200e-02
1.520000000000000107e+01,5.000000000000000000e+00,5.756867556430150579e+00,-1.174806096597052019e+01,-1.174806096597052019e+01,-9.576154507350013168e-01,2.914726537575599297e-01,-1.004804717832954442e+00,-7.568675564301505787e-01,-9.538183912608494408e-01,-3.914953300146293419e-02,-1.183679357064213768e-02
1.522000000000000064e+01,5.000000000000000000e+00,5.761137958191754116e+00,-1.176732129457056786e+01,-1.176732129457056786e+01,-9.630164300023493773e-01,2.135200880801711998e-01,-1.011625243408482033e+00,-7.611379581917541159e-01,-9.612217966662912616e-01,-3.921462361131592550e-02,-1.118882313087471263e-02
1.524000000000000021e+01,5.000000000000000000e+00,5.766882523445112874e+00,-1.178668735855990590e+01,-1.178668735855990590e+01,-9.683031994669283327e-01,2.872282626679170114e-01,-1.015884124648139153e+00,-7.668825234451128736e-01,-9.666452069035277317e-01,-3.928008147572041586e-02,-9.958836268890859655e-03
1.525999999999999979e+01,5.000000000000000000e+00,5.767756064135642902e+00,-1.180616305378437580e+01,-1.180616305378437580e+01,-9.737847612234781236e-01,4.367703452649762674e-02,-1.023118817032426353e+00,-7.677560641356429016e-01,-9.739408047752933228e-01,-3.934603337273669815e-02,-9.831978884396262719e-03
1.528000000000000114e+01,5.000000000000000000e+00,5.797379945476998309e+00,-1.182573473882705706e+01,-1.182573473882705706e+01,-9.785842521340782918e-01,1.481194067067748588e+00,-1.021779670329480139e+00,-7.973799454769983086e-01,-9.750502014522665073e-01,-3.941206039425236562e-02,-7.317408482961338528e-03
1.530000000000000071e+01,5.000000000000000000e+00,5.831222110118424062e+00,-1.184549331145481332e+01,-1.184549331145481332e+01,-9.879286313878123948e-01,1.692108232071275919e+00,-1.072028044671418989e+00,-8.312221101184240624e-01,-1.012672530755787781e+00,-3.948063506956338981e-02,-1.987487884606792959e-02
1.532000000000000028e+01,5.000000000000000000e+00,5.844068838039064850e+00,-1.186552796684620503e+01,-1.186552796684620503e+01,-1.001732769569542159e+00,6.423363960320571664e-01,-1.125970013205109810e+00,-8.440688380390648504e-01,-1.055652079850398550e+00,-3.955212017103357236e-02,-3.076581318367757611e-02
1.533999999999999986e+01,5.000000000000000000e+00,5.849734124493180865e+00,-1.188583820844672445e+01,-1.188583820844672445e+01,-1.015512080025964936e+00,2.832643227058105895e-01,-1.139525874133770822e+00,-8.497341244931808646e-01,-1.071967424309612449e+00,-3.962471009110492964e-02,-2.793373973305341568e-02
1.535999999999999943e+01,5.000000000000000000e+00,5.861832593749093157e+00,-1.190639989599879023e+01,-1.190639989599879023e+01,-1.028084377603312172e+00,6.049234627956030508e-01,-1.141235055799438181e+00,-8.618325937490931565e-01,-1.079162338106339769e+00,-3.969778722581134012e-02,-2.237493046728716503e-02
1.538000000000000078e+01,5.000000000000000000e+00,5.870813927925063069e+00,-1.192721738837146361e+01,-1.192721738837146361e+01,-1.040874618633657711e+00,4.490667087985115158e-01,-1.155986787906767344e+00,-8.708139279250630693e-01,-1.094527394061348247e+00,-3.977190482887376505e-02,-2.168748901654533531e-02
1.540000000000000036e+01,5.000000000000000000e+00,5.878851813283070271e+00,-1.194828400036691463e+01,-1.194828400036691463e+01,-1.053330599772563936e+00,4.018942679003509877e-01,-1.165434430022720180e+00,-8.788518132830702712e-01,-1.105933688464830089e+00,-3.984679482667532330e-02,-1.965394673121475047e-02
1.541999999999999993e+01,5.000000000000000000e+00,5.893251088203296462e+00,-1.196959160077996565e+01,-1.196959160077996565e+01,-1.065380020652533011e+00,7.199637460112917609e-01,-1.173824808572254685e+00,-8.932510882032964616e-01,-1.116141802869499156e+00,-3.992237608261766518e-02,-1.776062962013791324e-02
1.543999999999999950e+01,5.000000000000000000e+00,5.890025630204769769e+00,-1.199115650386638876e+01,-1.199115650386638876e+01,-1.078245154321155530e+00,-1.612728999263273177e-01,-1.194031357338758870e+00,-8.900256302047697687e-01,-1.134428882018186480e+00,-3.999919567620315031e-02,-1.960327964436918424e-02
1.546000000000000085e+01,5.000000000000000000e+00,5.907503142400360119e+00,-1.201292996525598689e+01,-1.201292996525598689e+01,-1.088673069479864974e+00,8.738756097795226108e-01,-1.182524305908250639e+00,-9.075031424003601188e-01,-1.130332550360057642e+00,-4.007573788040075941e-02,-1.211601766779213558e-02
1.548000000000000043e+01,5.000000000000000000e+00,5.931998466884534693e+00,-1.203494581608150504e+01,-1.203494581608150504e+01,-1.100792541275874781e+00,1.224766224208726273e+00,-1.209867787439962816e+00,-9.319984668845346931e-01,-1.152528990848457280e+00,-4.015378315064718762e-02,-1.718501344085849106e-02
1.550000000000000000e+01,5.000000000000000000e+00,5.952811793894372983e+00,-1.205725628216239897e+01,-1.205725628216239897e+01,-1.115523304044675035e+00,1.040666350491930903e+00,-1.248100168963878209e+00,-9.528117938943729825e-01,-1.183638052943358998e+00,-4.023393501879925921e-02,-2.422818100171988259e-02
1.551999999999999957e+01,5.000000000000000000e+00,5.954306106198118620e+00,-1.207989112487246430e+01,-1.207989112487246430e+01,-1.131742135503310598e+00,7.471561518729613605e-02,-1.277711618631031332e+00,-9.543061061981186199e-01,-1.210070978245853635e+00,-4.031587683307417264e-02,-2.732476355210338576e-02
1.554000000000000092e+01,5.000000000000000000e+00,5.959238736869020947e+00,-1.210280695971961151e+01,-1.210280695971961151e+01,-1.145791742357335163e+00,2.466315335451267909e-01,-1.272238204043555587e+00,-9.592387368690209470e-01,-1.211968754871610710e+00,-4.039794715820720777e-02,-1.987150201373769770e-02
1.556000000000000050e+01,5.000000000000000000e+00,5.952816878873612438e+00,-1.212598137136003729e+01,-1.212598137136003729e+01,-1.158720582021297574e+00,-3.210928997704387000e-01,-1.275080138996960155e+00,-9.528168788736124384e-01,-1.218233195823656523e+00,-4.048044168957794231e-02,-1.636650148372574554e-02
1.558000000000000007e+01,5.000000000000000000e+00,5.959694859166716263e+00,-1.214935613840815520e+01,-1.214935613840815520e+01,-1.168738352405922054e+00,3.438990146551990090e-01,-1.258898285867543265e+00,-9.596948591667162631e-01,-1.210077436169487708e+00,-4.056238394116107315e-02,-8.258465756894584758e-03
1.559999999999999964e+01,5.000000000000000000e+00,5.973534216298392430e+00,-1.217293075584957407e+01,-1.217293075584957407e+01,-1.178730872070987035e+00,6.919678565838076612e-01,-1.268663549056570972e+00,-9.735342162983924297e-01,-1.218812471141729636e+00,-4.064491769904941126e-02,-9.206160215791913543e-03
1.562000000000000099e+01,5.000000000000000000e+00,5.989262484667277064e+00,-1.219672881836353895e+01,-1.219672881836353895e+01,-1.189903125698212216e+00,7.864134184442423958e-01,-1.290453408343238406e+00,-9.892624846672770644e-01,-1.236388454698958306e+00,-4.072864164165107548e-02,-1.333631200262907004e-02
1.564000000000000057e+01,5.000000000000000000e+00,5.995373241880279203e+00,-1.222077576496569229e+01,-1.222077576496569229e+01,-1.202347330107622847e+00,3.055378606501114591e-01,-1.314345169792319190e+00,-9.953732418802792026e-01,-1.256363355527441827e+00,-4.081371821533245903e-02,-1.716809604954489671e-02
1.566000000000000014e+01,5.000000000000000000e+00,5.985238832433715572e+00,-1.224505818523128653e+01,-1.224505818523128653e+01,-1.214121013279745087e+00,-5.067204723281901746e-01,-1.320084161828845248e+00,-9.852388324337155723e-01,-1.264124017187954641e+00,-4.089932031413416602e-02,-1.506082432675649382e-02
1.567999999999999972e+01,5.000000000000000000e+00,5.975822231323951961e+00,-1.226950782948865992e+01,-1.226950782948865992e+01,-1.222482212868658991e+00,-4.708300554881957867e-01,-1.297733009168883012e+00,-9.758222313239519607e-01,-1.251253317190818892e+00,-4.098405085372346796e-02,-5.495641124340857817e-03
1.570000000000000107e+01,5.000000000000000000e+00,5.969375814066868458e+00,-1.229407154869385899e+01,-1.229407154869385899e+01,-1.228185960259934317e+00,-3.223208628541702203e-01,-1.279519686781412480e+00,-9.693758140668684575e-01,-1.239294233781419008e+00,-4.106797156561732554e-02,8.425185656236776691e-04
1.572000000000000064e+01,5.000000000000000000e+00,5.921866264333622176e+00,-1.231871581306445940e+01,-1.231871581306445940e+01,-1.232213218529999432e+00,-2.375477486662314508e+00,-1.268458542960585689e+00,-9.218662643336221763e-01,-1.231107283864922852e+00,-4.115133788562707479e-02,3.800078789964158894e-03
1.574000000000000021e+01,5.000000000000000000e+00,5.911555071614446710e+00,-1.234326701292433448e+01,-1.234326701292433448e+01,-1.227559992993792370e+00,-5.155596359587558686e-01,-1.185680963167928592e+00,-9.115550716144467103e-01,-1.170770155703700244e+00,-4.123061838435976290e-02,2.631981092013155679e-02
1.575999999999999979e+01,5.000000000000000000e+00,5.901367685426706977e+00,-1.236771394302112803e+01,-1.236771394302112803e+01,-1.222346504839675552e+00,-5.093693093870015343e-01,-1.175425111452624405e+00,-9.013676854267069771e-01,-1.157674940950347287e+00,-4.130901212051860810e-02,2.355884161824147241e-02
1.578000000000000114e+01,5.000000000000000000e+00,5.910005816544999568e+00,-1.239204529807379984e+01,-1.239204529807379984e+01,-1.216567752633620048e+00,4.319065559146343380e-01,-1.164558982779119845e+00,-9.100058165449995684e-01,-1.144736960491917976e+00,-4.138652974146530411e-02,2.156450745426341867e-02
1.580000000000000071e+01,5.000000000000000000e+00,5.902448536797214373e+00,-1.241631627524387049e+01,-1.241631627524387049e+01,-1.213548858503534333e+00,-3.778639873892407075e-01,-1.186378811332763128e+00,-9.024485367972143735e-01,-1.155707387012149479e+00,-4.146479024168817085e-02,1.079336592107468275e-02
1.582000000000000028e+01,5.000000000000000000e+00,5.891281994316335258e+00,-1.244051282101911227e+01,-1.244051282101911227e+01,-1.209827288762097552e+00,-5.583271240439774408e-01,-1.176333161089165635e+00,-8.912819943163352576e-01,-1.146109641732462325e+00,-4.154240081585273275e-02,1.131888145914930477e-02
1.583999999999999986e+01,5.000000000000000000e+00,5.894196636742020878e+00,-1.246460983827417479e+01,-1.246460983827417479e+01,-1.204850862753110485e+00,1.457321212842592750e-01,-1.160063028672227547e+00,-8.941966367420208783e-01,-1.131928132781745866e+00,-4.161905106736393800e-02,1.348415517688231202e-02
1.586000000000000121e+01,5.000000000000000000e+00,5.879919808925900604e+00,-1.248863583033162072e+01,-1.248863583033162072e+01,-1.201299602872265782e+00,-7.138413908060278201e-01,-1.169338263944663892e+00,-8.799198089259006039e-01,-1.135629728662366444e+00,-4.169595197812375059e-02,7.987416695826178581e-03
1.588000000000000078e+01,5.000000000000000000e+00,5.870668855385468454e+00,-1.251255236064427834e+01,-1.251255236064427834e+01,-1.195826515632847142e+00,-4.625476770216029876e-01,-1.146568730478078724e+00,-8.706688553854684542e-01,-1.117498157335893749e+00,-4.177162508169137561e-02,1.270105193950622074e-02
1.590000000000000036e+01,5.000000000000000000e+00,5.861936774303756259e+00,-1.253634543440111315e+01,-1.253634543440111315e+01,-1.189653687841763396e+00,-4.366040540856199748e-01,-1.134098237722010127e+00,-8.619367743037562590e-01,-1.105749446339544972e+00,-4.184650260325452342e-02,1.349771122078956449e-02
1.591999999999999993e+01,5.000000000000000000e+00,5.844176867862949543e+00,-1.256000476749886197e+01,-1.256000476749886197e+01,-1.182966654887424029e+00,-8.879953220403445924e-01,-1.122783358298369949e+00,-8.441768678629495426e-01,-1.094659703365770564e+00,-4.192062916584464449e-02,1.379697423324536924e-02
1.593999999999999950e+01,5.000000000000000000e+00,5.835178652098157670e+00,-1.258348935835721960e+01,-1.258348935835721960e+01,-1.174229542917844871e+00,-4.499107882396015667e-01,-1.095595535191633330e+00,-8.351786520981576700e-01,-1.072104622185946043e+00,-4.199322837648086088e-02,1.850231537079350536e-02
1.596000000000000085e+01,5.000000000000000000e+00,5.813323537918139827e+00,-1.260679610854912980e+01,-1.260679610854912980e+01,-1.165337509595540277e+00,-1.092755709000909459e+00,-1.085309209694799826e+00,-8.133235379181398272e-01,-1.060676888164660214e+00,-4.206505374056130481e-02,1.743273221042180784e-02
1.598000000000000043e+01,5.000000000000000000e+00,5.788633995803010635e+00,-1.262987612198847387e+01,-1.262987612198847387e+01,-1.154000671967177816e+00,-1.234477105756475845e+00,-1.051969133311915883e+00,-7.886339958030106345e-01,-1.032920893156037634e+00,-4.213499956482226472e-02,2.308675940894415121e-02
1.600000000000000000e+01,5.000000000000000000e+00,5.761283692423464053e+00,-1.265267875783028018e+01,-1.265267875783028018e+01,-1.140131792090329110e+00,-1.367515168977314843e+00,-1.015311873198689652e+00,-7.612836924234640534e-01,-1.001565174669823532e+00,-4.220282208846132255e-02,2.845612355959524498e-02
1.601999999999999957e+01,5.000000000000000000e+00,5.740627203111857924e+00,-1.267515224777648442e+01,-1.267515224777648442e+01,-1.123674497310203968e+00,-1.032824465580313378e+00,-9.755588442890783529e-01,-7.406272031118579235e-01,-9.668302893777993567e-01,-4.226829248600973837e-02,3.353973757473086709e-02
1.603999999999999915e+01,5.000000000000000000e+00,5.739258785979332700e+00,-1.269727671630086441e+01,-1.269727671630086441e+01,-1.106223426218988060e+00,-6.842085662625396747e-02,-9.491637863980454393e-01,-7.392587859793326999e-01,-9.405965479520596029e-01,-4.233198642547735674e-02,3.376474797949145790e-02
1.605999999999999872e+01,5.000000000000000000e+00,5.731264314979398478e+00,-1.271910261282392085e+01,-1.271910261282392085e+01,-1.091294826152807484e+00,-3.997235499967147776e-01,-9.569374255571825305e-01,-7.312643149793984776e-01,-9.388586581937525821e-01,-4.239556268107157883e-02,2.431679531764158186e-02
1.608000000000000185e+01,5.000000000000000000e+00,5.718810149852807001e+00,-1.274064624195098361e+01,-1.274064624195098361e+01,-1.077181456353094591e+00,-6.227082563295851525e-01,-9.501611281556795463e-01,-7.188101498528070010e-01,-9.287056800238361332e-01,-4.245845141215980750e-02,2.100300328031634925e-02
1.610000000000000142e+01,5.000000000000000000e+00,5.722536990107901289e+00,-1.276190451793107705e+01,-1.276190451793107705e+01,-1.062913799004669979e+00,1.863420127547142369e-01,-9.345048828688480302e-01,-7.225369901079012891e-01,-9.128888903130648602e-01,-4.252026908504714930e-02,2.090427652926400010e-02
1.612000000000000099e+01,5.000000000000000000e+00,5.719007109125845645e+00,-1.278293182102832048e+01,-1.278293182102832048e+01,-1.051365154862181406e+00,-1.764940491027920388e-01,-9.474273575797832470e-01,-7.190071091258456448e-01,-9.176219774370346638e-01,-4.258240726619642869e-02,1.277702712344784552e-02
1.614000000000000057e+01,5.000000000000000000e+00,5.716329991615555883e+00,-1.280374655675734274e+01,-1.280374655675734274e+01,-1.040736786451156082e+00,-1.338558755144956813e-01,-9.450814707519279434e-01,-7.163299916155558833e-01,-9.131390285898239867e-01,-4.264424187758125012e-02,1.070179971547720321e-02
1.616000000000000014e+01,5.000000000000000000e+00,5.719295051936707175e+00,-1.282436705985603886e+01,-1.282436705985603886e+01,-1.031025154934806176e+00,1.482530160575661893e-01,-9.436204712876578027e-01,-7.192950519367071749e-01,-9.097390893517559585e-01,-4.270584625686018460e-02,8.824464320958343849e-03
1.617999999999999972e+01,5.000000000000000000e+00,5.713968746038574409e+00,-1.284482865643807692e+01,-1.284482865643807692e+01,-1.023079829101946281e+00,-2.663152949066270314e-01,-9.515718966062073347e-01,-7.139687460385744089e-01,-9.135047159596181299e-01,-4.276770563132674396e-02,4.700524984737498337e-03
1.619999999999999929e+01,5.000000000000000000e+00,5.710166681707248060e+00,-1.286513134645508316e+01,-1.286513134645508316e+01,-1.015134500850340515e+00,-1.901032165662979168e-01,-9.436265465858891810e-01,-7.101666817072480598e-01,-9.067403074689894815e-01,-4.282910694348605884e-02,5.942867826586366309e-03
1.621999999999999886e+01,5.000000000000000000e+00,5.704478259647565608e+00,-1.288528126433345022e+01,-1.288528126433345022e+01,-1.007495893918377128e+00,-2.844211029841085536e-01,-9.387484315307068616e-01,-7.044782596475656078e-01,-9.019116857682050181e-01,-4.289018127811287939e-02,6.053435515610978632e-03
1.624000000000000199e+01,5.000000000000000000e+00,5.710157161756338695e+00,-1.290527732625820967e+01,-1.290527732625820967e+01,-9.998030962379595987e-01,2.839451054386744056e-01,-9.305679171142013928e-01,-7.101571617563386951e-01,-8.946873897524083574e-01,-4.295076640844257276e-02,7.070239046649546069e-03
1.626000000000000156e+01,5.000000000000000000e+00,5.719977030982984267e+00,-1.292515936271303723e+01,-1.292515936271303723e+01,-9.941018227414054609e-01,4.909934613322911590e-01,-9.427903612724182203e-01,-7.199770309829842674e-01,-9.018995954305502050e-01,-4.301183992435361758e-02,2.121074082485684652e-03
1.628000000000000114e+01,5.000000000000000000e+00,5.714909420852424482e+00,-1.294497489578301241e+01,-1.294497489578301241e+01,-9.907766534987186846e-01,-2.533805065279973179e-01,-9.608501303145375871e-01,-7.149094208524244820e-01,-9.143708293483899796e-01,-4.307375794901815297e-02,-3.405543017129516147e-03
1.630000000000000071e+01,5.000000000000000000e+00,5.709746344887054015e+00,-1.296471073637580673e+01,-1.296471073637580673e+01,-9.867920296397230118e-01,-2.581537982685324639e-01,-9.509304149087625113e-01,-7.097463448870540148e-01,-9.079349644825791543e-01,-4.313524015921146176e-02,1.397897330281112731e-04
1.632000000000000028e+01,5.000000000000000000e+00,5.710527048118683169e+00,-1.298435680305273721e+01,-1.298435680305273721e+01,-9.823033338465063657e-01,3.903516158145758919e-02,-9.419050717075561074e-01,-7.105270481186831688e-01,-9.013778580065585633e-01,-4.319627834487174689e-02,2.669064643874170199e-03
1.633999999999999986e+01,5.000000000000000000e+00,5.712595244611232026e+00,-1.300392655742145465e+01,-1.300392655742145465e+01,-9.784877184358934388e-01,1.034098246274300914e-01,-9.441471797403770960e-01,-7.125952446112320260e-01,-9.023693511107276910e-01,-4.325738367100995241e-02,1.479555041360600511e-03
1.635999999999999943e+01,5.000000000000000000e+00,5.724759600188666475e+00,-1.302343595415498534e+01,-1.302343595415498534e+01,-9.754698366765689466e-01,6.082177788717285649e-01,-9.483089008426480726e-01,-7.247596001886664752e-01,-9.049959606562646419e-01,-4.331866686204651623e-02,5.726675663089665289e-06
1.637999999999999901e+01,5.000000000000000000e+00,5.738039867553094808e+00,-1.304293417027282764e+01,-1.304293417027282764e+01,-9.749108058920987752e-01,6.640133682214373056e-01,-9.698795288318674546e-01,-7.380398675530948083e-01,-9.204446922396064545e-01,-4.338099618766274451e-02,-6.053840404598193059e-03
1.639999999999999858e+01,5.000000000000000000e+00,5.746448386902703653e+00,-1.306246577750056481e+01,-1.306246577750056481e+01,-9.765803613868295763e-01,4.204259674804625702e-01,-9.916063608394067863e-01,-7.464483869027036533e-01,-9.373106317924304598e-01,-4.344446761627231146e-02,-1.085126143070404628e-02
1.642000000000000171e+01,5.000000000000000000e+00,5.767042650925010783e+00,-1.308205078688389023e+01,-1.308205078688389023e+01,-9.792504691663044269e-01,1.029713201115350030e+00,-1.003281439181577639e+00,-7.670426509250107827e-01,-9.479894513664336442e-01,-4.350866217754594673e-02,-1.178332563759803761e-02
1.644000000000000128e+01,5.000000000000000000e+00,5.789189089634867891e+00,-1.310174974146078242e+01,-1.310174974146078242e+01,-9.849477288446456535e-01,1.107321935492837639e+00,-1.036223065949716915e+00,-7.891890896348678908e-01,-9.741441666747636674e-01,-4.357462784552549456e-02,-1.850427142942757605e-02
1.646000000000000085e+01,5.000000000000000000e+00,5.809836345052543649e+00,-1.312161858969682982e+01,-1.312161858969682982e+01,-9.934424118023434946e-01,1.032362770883775704e+00,-1.069894558421624398e+00,-8.098363450525436491e-01,-1.002270143836282212e+00,-4.364249810723409145e-02,-2.398191647810814231e-02
1.648000000000000043e+01,5.000000000000000000e+00,5.832136915830560042e+00,-1.314169910106323691e+01,-1.314169910106323691e+01,-1.004025568320340955e+00,1.115028538900807664e+00,-1.099273976982317214e+00,-8.321369158305600422e-01,-1.028492158216730346e+00,-4.371214403290860778e-02,-2.706967473267822555e-02
1.650000000000000000e+01,5.000000000000000000e+00,5.834598537972238930e+00,-1.316203286538794792e+01,-1.316203286538794792e+01,-1.016688216235587694e+00,1.230811070839347154e-01,-1.130652047472808119e+00,-8.345985379722389297e-01,-1.056813883104811280e+00,-4.378370780767003312e-02,-3.005445656032692051e-02
1.651999999999999957e+01,5.000000000000000000e+00,5.849551385494656586e+00,-1.318258537254803997e+01,-1.318258537254803997e+01,-1.027625358004575329e+00,7.476423761208693675e-01,-1.126059633925464043e+00,-8.495513854946565857e-01,-1.059940143224743503e+00,-4.385548328193564910e-02,-2.226400741878493267e-02
1.653999999999999915e+01,5.000000000000000000e+00,5.866831955985063018e+00,-1.320337440924719985e+01,-1.320337440924719985e+01,-1.039451834957979326e+00,8.640285245203146447e-01,-1.145890127538615522e+00,-8.668319559850630185e-01,-1.078930259578213979e+00,-4.392854470108818743e-02,-2.303132325931344510e-02
1.655999999999999872e+01,5.000000000000000000e+00,5.875154253534710769e+00,-1.322442375692991590e+01,-1.322442375692991590e+01,-1.052467384135788775e+00,4.161148774823670293e-01,-1.169607326736074704e+00,-8.751542535347107687e-01,-1.100876584101029954e+00,-4.400309224930290530e-02,-2.472765038574181728e-02
1.658000000000000185e+01,5.000000000000000000e+00,5.932073658132193117e+00,-1.324572212607826849e+01,-1.324572212607826849e+01,-1.064918457417603159e+00,2.845970229874104085e+00,-1.176978116953933506e+00,-9.320736581321931169e-01,-1.111445901989082774e+00,-4.407835551510688732e-02,-2.145385944974385201e-02
1.660000000000000142e+01,5.000000000000000000e+00,5.952085658726725903e+00,-1.326743316956134855e+01,-1.326743316956134855e+01,-1.085552174154038596e+00,1.000600029726656404e+00,-1.271255624781958415e+00,-9.520856587267259030e-01,-1.183733545827885258e+00,-4.415851384970625321e-02,-4.336356510436691070e-02
1.662000000000000099e+01,5.000000000000000000e+00,5.976187066149463156e+00,-1.328956052799945731e+01,-1.328956052799945731e+01,-1.106367921905478058e+00,1.205070371136883534e+00,-1.293709651668432992e+00,-9.761870661494631563e-01,-1.209148786582942003e+00,-4.424039321635675481e-02,-4.032047186913416403e-02
1.664000000000000057e+01,5.000000000000000000e+00,6.037201467030177682e+00,-1.331212376809479281e+01,-1.331212376809479281e+01,-1.128162004766808391e+00,3.050720044035724499e+00,-1.324308750518780720e+00,-1.037201467030177682e+00,-1.239757574009818120e+00,-4.432434530404560924e-02,-4.022683120491706704e-02
1.666000000000000014e+01,5.000000000000000000e+00,6.040684185079083335e+00,-1.333527109090307583e+01,-1.333527109090307583e+01,-1.157366140414184841e+00,1.741359024452885373e-01,-1.420203361240573781e+00,-1.040684185079083335e+00,-1.317245863128325700e+00,-4.441354463021020271e-02,-5.854395348203778049e-02
1.667999999999999972e+01,5.000000000000000000e+00,6.045371354316815271e+00,-1.335892145566962341e+01,-1.335892145566962341e+01,-1.182518238327400883e+00,2.343584618866130231e-01,-1.408887119546344380e+00,-1.045371354316815271e+00,-1.321668915050435933e+00,-4.450304347012700584e-02,-4.271516102578146179e-02
1.669999999999999929e+01,5.000000000000000000e+00,6.054708206608568233e+00,-1.338301568273629094e+01,-1.338301568273629094e+01,-1.204711353333399959e+00,4.668426145876373168e-01,-1.404449388387391195e+00,-1.054708206608568233e+00,-1.327621619982355394e+00,-4.459294540659825001e-02,-3.223482299843753035e-02
1.671999999999999886e+01,5.000000000000000000e+00,6.064928870189749688e+00,-1.340752324149878305e+01,-1.340752324149878305e+01,-1.225377938124604604e+00,5.110331790590530998e-01,-1.411377201245447521e+00,-1.064928870189749688e+00,-1.339479422392881647e+00,-4.468365031236658930e-02,-2.721412854019924707e-02
1.674000000000000199e+01,5.000000000000000000e+00,6.074871573877099529e+00,-1.343242279374458192e+01,-1.343242279374458192e+01,-1.244977612289919433e+00,4.971351843675131388e-01,-1.421374679777752892e+00,-1.074871573877099529e+00,-1.352459665140982148e+00,-4.477523419520290648e-02,-2.413978044156783742e-02
1.676000000000000156e+01,5.000000000000000000e+00,6.071057875362957823e+00,-1.345769599853523957e+01,-1.345769599853523957e+01,-1.263660239532914620e+00,-1.906849257070992176e-01,-1.431803884719870634e+00,-1.071057875362957823e+00,-1.365086898823916428e+00,-4.486767315055633504e-02,-2.184931274539770804e-02
1.678000000000000114e+01,5.000000000000000000e+00,6.063989831244407824e+00,-1.348327908001263253e+01,-1.348327908001263253e+01,-1.279154073869676056e+00,-3.534022059275010452e-01,-1.418598582900529870e+00,-1.063989831244407824e+00,-1.360243501710956426e+00,-4.495978412783754874e-02,-1.339529706173582697e-02
1.680000000000000071e+01,5.000000000000000000e+00,6.049693802589324321e+00,-1.350910820373209908e+01,-1.350910820373209908e+01,-1.291456185973298476e+00,-7.148014327541629687e-01,-1.402175194905899591e+00,-1.049693802589324321e+00,-1.351267085680397884e+00,-4.505128725332456507e-02,-5.856821972177179807e-03
1.682000000000000028e+01,5.000000000000000000e+00,6.053871453620353726e+00,-1.353510488116625687e+01,-1.353510488116625687e+01,-1.299833871707876787e+00,2.088825515514607378e-01,-1.375233043319081583e+00,-1.053871453620353726e+00,-1.333111129288441887e+00,-4.514156092034724704e-02,3.019646889707559324e-03
1.683999999999999986e+01,5.000000000000000000e+00,6.047832994775832027e+00,-1.356126912217170677e+01,-1.356126912217170677e+01,-1.308212050272475668e+00,-3.019229422260895634e-01,-1.383615657353865380e+00,-1.047832994775832027e+00,-1.338416746097849330e+00,-4.523219386535859421e-02,3.328260934264744980e-05
1.685999999999999943e+01,5.000000000000000000e+00,6.046648125886205705e+00,-1.358756301859768634e+01,-1.358756301859768634e+01,-1.314694821298938443e+00,-5.924344448131908802e-02,-1.373039760537104303e+00,-1.046648125886205705e+00,-1.330747903365306684e+00,-4.532230750290931753e-02,3.030450331111658995e-03
1.687999999999999901e+01,5.000000000000000000e+00,6.041083901181092841e+00,-1.361397141349942430e+01,-1.361397141349942430e+01,-1.320419745086885088e+00,-2.782112352556311285e-01,-1.371944059178404673e+00,-1.041083901181092841e+00,-1.329243119875481272e+00,-4.541231924173553397e-02,2.711379938812070057e-03
1.689999999999999858e+01,5.000000000000000000e+00,6.033638559600619011e+00,-1.364046498782518135e+01,-1.364046498782518135e+01,-1.324678716287887692e+00,-3.722670790236928262e-01,-1.363009457096910237e+00,-1.033638559600619011e+00,-1.322176554499987944e+00,-4.550185245723710470e-02,4.668949860314654948e-03
1.692000000000000171e+01,5.000000000000000000e+00,6.035404465784226957e+00,-1.366701187606047618e+01,-1.366701187606047618e+01,-1.327344411764784127e+00,8.829530918041941789e-02,-1.351335671056852927e+00,-1.035404465784226957e+00,-1.312720970692786260e+00,-4.559074537336275934e-02,6.976045009296225410e-03
1.694000000000000128e+01,5.000000000000000000e+00,6.039999532476788779e+00,-1.369361735477519559e+01,-1.369361735477519559e+01,-1.330273935735937441e+00,2.297533346280763444e-01,-1.356639651476317932e+00,-1.039999532476788779e+00,-1.314963671545968271e+00,-4.567979015742019977e-02,4.003810227070600178e-03
1.696000000000000085e+01,5.000000000000000000e+00,6.080255741307673212e+00,-1.372029439424327535e+01,-1.372029439424327535e+01,-1.333851973404011737e+00,2.012810441544236717e+00,-1.366054312416681293e+00,-1.080255741307673212e+00,-1.320799406245521723e+00,-4.576923011721320544e-02,5.143239460536326926e-04
1.698000000000000043e+01,5.000000000000000000e+00,6.067163623335590117e+00,-1.374717867874216282e+01,-1.374717867874216282e+01,-1.344214224944335845e+00,-6.546058986041584093e-01,-1.437474488807253481e+00,-1.067163623335590117e+00,-1.371924791460745086e+00,-4.586213211096566711e-02,-1.968756523554290525e-02
1.700000000000000000e+01,5.000000000000000000e+00,6.047575319139954608e+00,-1.377419156105262843e+01,-1.377419156105262843e+01,-1.350644115523257804e+00,-9.794152097817820923e-01,-1.408513130733554553e+00,-1.047575319139954608e+00,-1.355297801636199395e+00,-4.595390818257252818e-02,-7.261420914782653474e-03
1.701999999999999957e+01,5.000000000000000000e+00,6.032906744360343687e+00,-1.380124674048028410e+01,-1.380124674048028410e+01,-1.352758971382800324e+00,-7.334287389805489443e-01,-1.371792674118682331e+00,-1.032906744360343687e+00,-1.330420655307742450e+00,-4.604399966001856276e-02,4.671980849078626041e-03
1.703999999999999915e+01,5.000000000000000000e+00,6.022798776872430260e+00,-1.382829110008146145e+01,-1.382829110008146145e+01,-1.352217980058827207e+00,-5.053983743956709240e-01,-1.347349058143068712e+00,-1.022798776872430260e+00,-1.311791565337636412e+00,-4.613282964003355413e-02,1.057533683460127813e-02
1.705999999999999872e+01,5.000000000000000000e+00,6.013754563123015373e+00,-1.385529650118925993e+01,-1.385529650118925993e+01,-1.350270055389907409e+00,-4.522106874707281787e-01,-1.332738733369629447e+00,-1.013754563123015373e+00,-1.298954446627986536e+00,-4.622079033484458033e-02,1.243650359320178089e-02
1.708000000000000185e+01,5.000000000000000000e+00,6.000209042405865389e+00,-1.388224249558114032e+01,-1.388224249558114032e+01,-1.347299719594021949e+00,-6.772760358575162787e-01,-1.320566697431052816e+00,-1.000209042405865389e+00,-1.287468295166229515e+00,-4.630797322727316090e-02,1.320957096244985973e-02
1.710000000000000142e+01,5.000000000000000000e+00,5.991825554504656814e+00,-1.390909522474597182e+01,-1.390909522474597182e+01,-1.342636458241571074e+00,-4.191743950604394642e-01,-1.300667106069513412e+00,-9.918255545046568145e-01,-1.270265483855449018e+00,-4.639399120492006257e-02,1.599236899085559188e-02
1.712000000000000099e+01,5.000000000000000000e+00,5.958728139667116785e+00,-1.393584413720862969e+01,-1.393584413720862969e+01,-1.337445623132926142e+00,-1.654870741876996565e+00,-1.290728107155120874e+00,-9.587281396671167855e-01,-1.259618454220914119e+00,-4.647928820260746607e-02,1.536963526840078378e-02
1.714000000000000057e+01,5.000000000000000000e+00,5.931911567408178598e+00,-1.396239196886286749e+01,-1.396239196886286749e+01,-1.327391582711921814e+00,-1.340828612946895149e+00,-1.236905218922881744e+00,-9.319115674081785983e-01,-1.217584737377238380e+00,-4.656173882261883945e-02,2.724125727697548210e-02
1.716000000000000014e+01,5.000000000000000000e+00,5.917511019259677596e+00,-1.398868050943317520e+01,-1.398868050943317520e+01,-1.314427028515426477e+00,-7.200274074250687661e-01,-1.197746040746968887e+00,-9.175110192596775960e-01,-1.183527690608386918e+00,-4.664188321741594145e-02,3.242353307883405478e-02
1.717999999999999972e+01,5.000000000000000000e+00,5.895575494347376377e+00,-1.401470437962143656e+01,-1.401470437962143656e+01,-1.301193509413056448e+00,-1.096776245615059153e+00,-1.182091837491725528e+00,-8.955754943473763774e-01,-1.165238994459790511e+00,-4.672078916507227397e-02,2.986794613313733734e-02
1.719999999999999929e+01,5.000000000000000000e+00,5.887415429994756977e+00,-1.404043055725643008e+01,-1.404043055725643008e+01,-1.286308881749673949e+00,-4.080032176309680292e-01,-1.152347232779232122e+00,-8.874154299947569768e-01,-1.137380877821168035e+00,-4.679780865758614850e-02,3.183145369952214421e-02
1.721999999999999886e+01,5.000000000000000000e+00,5.881638752424966476e+00,-1.406587920911360534e+01,-1.406587920911360534e+01,-1.272432592858770306e+00,-2.888338784895198574e-01,-1.147545992840637075e+00,-8.816387524249664764e-01,-1.127017596093341290e+00,-4.687412638456570080e-02,2.634572963726996425e-02
1.724000000000000199e+01,5.000000000000000000e+00,5.872471194959692831e+00,-1.409107362051850565e+01,-1.409107362051850565e+01,-1.259720570245006943e+00,-4.583778732636757391e-01,-1.145312366721137121e+00,-8.724711949596928307e-01,-1.119681215579707345e+00,-4.694994731727424736e-02,2.131879617584464537e-02
1.726000000000000156e+01,5.000000000000000000e+00,5.855103342916397224e+00,-1.411601974037591134e+01,-1.411601974037591134e+01,-1.247305992870311631e+00,-8.683926021647596638e-01,-1.135574796498053152e+00,-8.551033429163972244e-01,-1.108038417598809833e+00,-4.702497984004078146e-02,1.948860094079752844e-02
1.728000000000000114e+01,5.000000000000000000e+00,5.844794986629091582e+00,-1.414069282535408689e+01,-1.414069282535408689e+01,-1.233654248908804041e+00,-5.154178143652881072e-01,-1.110788553255236621e+00,-8.447949866290915821e-01,-1.085981245503824466e+00,-4.709851872753158947e-02,2.229121097611948266e-02
1.730000000000000071e+01,5.000000000000000000e+00,5.834707244899035139e+00,-1.416509724862444664e+01,-1.416509724862444664e+01,-1.220221163518020235e+00,-5.043870865028402539e-01,-1.099323395000966208e+00,-8.347072448990351390e-01,-1.072889633018946354e+00,-4.717117109638169214e-02,2.073740911436184817e-02
1.732000000000000028e+01,5.000000000000000000e+00,5.817211593329721708e+00,-1.418923679211813038e+01,-1.418923679211813038e+01,-1.206977174684177756e+00,-8.747825784656726444e-01,-1.087781275179596108e+00,-8.172115933297217083e-01,-1.060078201021774635e+00,-4.724295591944301098e-02,1.953988176162140336e-02
1.733999999999999986e+01,5.000000000000000000e+00,5.804530871867087605e+00,-1.421308794367830686e+01,-1.421308794367830686e+01,-1.192557578008816233e+00,-6.340360731317172815e-01,-1.062781207930562966e+00,-8.045308718670876047e-01,-1.037858723528746641e+00,-4.731323611646937044e-02,2.239075171465306976e-02
1.735999999999999943e+01,5.000000000000000000e+00,5.801076048650483763e+00,-1.423664827629757390e+01,-1.423664827629757390e+01,-1.178016630963334865e+00,-1.727411608301913648e-01,-1.047148107554002339e+00,-8.010760486504837630e-01,-1.021754207271201365e+00,-4.738242577144993750e-02,2.198852548864893217e-02
1.737999999999999901e+01,5.000000000000000000e+00,5.784945645271423409e+00,-1.425994798651550077e+01,-1.425994798651550077e+01,-1.164985510896384024e+00,-8.065201689530041573e-01,-1.047705430293825346e+00,-7.849456452714234089e-01,-1.017366581786114388e+00,-4.745131831163387770e-02,1.711246980392296807e-02
1.740000000000000213e+01,5.000000000000000000e+00,5.773138569486811811e+00,-1.428296650195840911e+01,-1.428296650195840911e+01,-1.150925772145377390e+00,-5.903537892305967816e-01,-1.024388123386316796e+00,-7.731385694868118108e-01,-9.968809694947077249e-01,-4.751882363712722074e-02,2.001166974551813263e-02
1.742000000000000171e+01,5.000000000000000000e+00,5.761116776966540343e+00,-1.430570233226550592e+01,-1.430570233226550592e+01,-1.136791515354815152e+00,-6.010896260135905056e-01,-1.009583204239754783e+00,-7.611167769665403426e-01,-9.818859832482510486e-01,-4.758531355410308694e-02,1.988809256259926883e-02
1.744000000000000128e+01,5.000000000000000000e+00,5.779932879590077732e+00,-1.432815330065964332e+01,-1.432815330065964332e+01,-1.122548419706884903e+00,9.408051311768675928e-01,-9.943605588755137781e-01,-7.799328795900777322e-01,-9.666183067475062618e-01,-4.765076959692220865e-02,1.990851746891467849e-02
1.746000000000000085e+01,5.000000000000000000e+00,5.823041139766723440e+00,-1.435042650632993144e+01,-1.435042650632993144e+01,-1.113660283514421145e+00,2.155413008832288924e+00,-1.033667057782247101e+00,-8.230411397667234397e-01,-9.905147570793987333e-01,-4.771784382456695228e-02,4.565543121718656019e-03
1.748000000000000043e+01,5.000000000000000000e+00,5.821904896354224590e+00,-1.437269503724568942e+01,-1.437269503724568942e+01,-1.113426545787888244e+00,-5.681217062495158565e-02,-1.111322906249092135e+00,-8.219048963542245900e-01,-1.045262247503738751e+00,-4.778862536258689231e-02,-1.827203338276649908e-02
1.750000000000000000e+01,5.000000000000000000e+00,5.824433319497685169e+00,-1.439494452127327584e+01,-1.439494452127327584e+01,-1.112474201379304528e+00,1.264211571730451678e-01,-1.103903101702050860e+00,-8.244333194976851686e-01,-1.043819218369865354e+00,-4.785930918367335696e-02,-1.222457414851212121e-02
1.751999999999999957e+01,5.000000000000000000e+00,5.825168483940244890e+00,-1.441717861066378426e+01,-1.441717861066378426e+01,-1.111704469525435224e+00,3.675822212797894700e-02,-1.104776882840612151e+00,-8.251684839402448901e-01,-1.047030315762060182e+00,-4.793021044915015544e-02,-9.816356629401853592e-03
1.753999999999999915e+01,5.000000000000000000e+00,5.833025845148558375e+00,-1.443939569653739419e+01,-1.443939569653739419e+01,-1.110854293680477278e+00,3.928680604156913336e-01,-1.103202711075855991e+00,-8.330258451485583748e-01,-1.047963974604110948e+00,-4.800117493876901453e-02,-7.237561532976039165e-03
1.755999999999999872e+01,5.000000000000000000e+00,5.823514383488261892e+00,-1.446162106361855315e+01,-1.446162106361855315e+01,-1.111268354057924013e+00,-4.755730830148384713e-01,-1.114994897454944400e+00,-8.235143834882618918e-01,-1.057942823338669180e+00,-4.807281516145178735e-02,-8.979258954823342298e-03
1.758000000000000185e+01,5.000000000000000000e+00,5.830698927103262541e+00,-1.448381500534717681e+01,-1.448381500534717681e+01,-1.109697086431138846e+00,3.592271807500484471e-01,-1.095555677790073235e+00,-8.306989271032625410e-01,-1.045863267030092691e+00,-4.814363739843177670e-02,-1.548773361548691843e-03
1.760000000000000142e+01,5.000000000000000000e+00,5.844053863035765239e+00,-1.450600528242093823e+01,-1.450600528242093823e+01,-1.109513853688091078e+00,6.677467966251531273e-01,-1.107864759000660726e+00,-8.440538630357652394e-01,-1.054987637421143543e+00,-4.821507750616265547e-02,-4.662044073354407354e-03
1.762000000000000099e+01,5.000000000000000000e+00,5.854308977869764341e+00,-1.452823683230960228e+01,-1.452823683230960228e+01,-1.111577494433235946e+00,5.127557416999519724e-01,-1.130150261139539980e+00,-8.543089778697643411e-01,-1.071948406055421854e+00,-4.828766613838372801e-02,-9.914188945734429131e-03
1.764000000000000057e+01,5.000000000000000000e+00,5.858311894329742309e+00,-1.455053598824550853e+01,-1.455053598824550853e+01,-1.114957796795355005e+00,2.001458229988947179e-01,-1.145380518054426977e+00,-8.583118943297423087e-01,-1.084972401894600758e+00,-4.836113671048052759e-02,-1.204697944934565376e-02
1.766000000000000014e+01,5.000000000000000000e+00,5.858125604599109693e+00,-1.457290306337851327e+01,-1.457290306337851327e+01,-1.118353756650197095e+00,-9.314486531637411471e-03,-1.148917395343776571e+00,-8.581256045991096926e-01,-1.090056105798772768e+00,-4.843495153339288234e-02,-1.042633801161098502e-02
1.767999999999999972e+01,5.000000000000000000e+00,5.869330229013091760e+00,-1.459532449886321359e+01,-1.459532449886321359e+01,-1.121071774235030460e+00,5.602312206991181265e-01,-1.145533932498530527e+00,-8.693302290130917598e-01,-1.089819517840869390e+00,-4.850875033538840780e-02,-7.205664322272646583e-03
1.769999999999999929e+01,5.000000000000000000e+00,5.888137648527956181e+00,-1.461783030434257569e+01,-1.461783030434257569e+01,-1.125290273968073906e+00,9.403709757432192617e-01,-1.163256771565464032e+00,-8.881376485279561805e-01,-1.104049390846626455e+00,-4.858351273508353108e-02,-1.062386798375392245e-02
1.771999999999999886e+01,5.000000000000000000e+00,5.892565224740077490e+00,-1.464047232429142120e+01,-1.464047232429142120e+01,-1.132100997442305745e+00,2.213788106060540217e-01,-1.193397508710391408e+00,-8.925652247400774897e-01,-1.127934813630504296e+00,-4.865989257285693870e-02,-1.680280250703022893e-02
1.774000000000000199e+01,5.000000000000000000e+00,5.910052767360662429e+00,-1.466324266501200313e+01,-1.466324266501200313e+01,-1.138517036029139229e+00,8.743771310292418608e-01,-1.196261383310640802e+00,-9.100527673606624290e-01,-1.133557835419898518e+00,-4.873665318218458470e-02,-1.396689470855757252e-02
1.776000000000000156e+01,5.000000000000000000e+00,5.937172864580930742e+00,-1.468618210677010616e+01,-1.468618210677010616e+01,-1.146972087905151261e+00,1.356004861013428986e+00,-1.223067554789260436e+00,-9.371728645809307423e-01,-1.155767014548041205e+00,-4.881491772017760439e-02,-1.848562252104159892e-02
1.778000000000000114e+01,5.000000000000000000e+00,5.964751593422755960e+00,-1.470935870594596828e+01,-1.470935870594596828e+01,-1.158829958793109682e+00,1.378936442091246661e+00,-1.265550796784736143e+00,-9.647515934227559598e-01,-1.190209538017781954e+00,-4.889551458653156740e-02,-2.644574418042273944e-02
1.780000000000000071e+01,5.000000000000000000e+00,5.963840185606543720e+00,-1.473283056367376354e+01,-1.473283056367376354e+01,-1.173592886389797751e+00,-4.557039081059055530e-02,-1.306459234759990817e+00,-9.638401856065437201e-01,-1.225234523646899998e+00,-4.897848322356592593e-02,-3.224622788952487967e-02
1.782000000000000028e+01,5.000000000000000000e+00,5.973386179459120093e+00,-1.475654574940404018e+01,-1.475654574940404018e+01,-1.185759286513821120e+00,4.772996926288157749e-01,-1.295256887630032328e+00,-9.733861794591200933e-01,-1.224077035720310569e+00,-4.906137347952808925e-02,-2.211847843019372137e-02
1.783999999999999986e+01,5.000000000000000000e+00,5.983547115915195391e+00,-1.478050058130617650e+01,-1.478050058130617650e+01,-1.197741595106815327e+00,5.080468228037616774e-01,-1.305582372443762740e+00,-9.835471159151953913e-01,-1.236200447913082590e+00,-4.914508469096157128e-02,-2.023683983971863790e-02
1.785999999999999943e+01,5.000000000000000000e+00,5.990037696027828318e+00,-1.480469505090049509e+01,-1.480469505090049509e+01,-1.209723479715949512e+00,3.245290056316658678e-01,-1.317560441198156962e+00,-9.900376960278283178e-01,-1.249104837212298147e+00,-4.922966974293027653e-02,-1.922593424292854541e-02
1.787999999999999901e+01,5.000000000000000000e+00,5.999329200588404021e+00,-1.482911677983499388e+01,-1.482911677983499388e+01,-1.221086446724981789e+00,4.645752280287768210e-01,-1.323353149806272055e+00,-9.993292005884040208e-01,-1.257347873955342088e+00,-4.931481298478866682e-02,-1.669046286614117927e-02
1.790000000000000213e+01,5.000000000000000000e+00,6.005842174889049367e+00,-1.485376605454268528e+01,-1.485376605454268528e+01,-1.232463735384561332e+00,3.256487150322630031e-01,-1.334859333320778108e+00,-1.005842174889049367e+00,-1.269148084747273142e+00,-4.940075529603926707e-02,-1.631049327746552507e-02
1.792000000000000171e+01,5.000000000000000000e+00,6.027769019007976681e+00,-1.487863353703226288e+01,-1.487863353703226288e+01,-1.243374124478917153e+00,1.096342205946367665e+00,-1.341567626328119767e+00,-1.027769019007976681e+00,-1.277419562109092688e+00,-4.948725772307972781e-02,-1.466080649594725047e-02
1.794000000000000128e+01,5.000000000000000000e+00,6.032138315437379106e+00,-1.490376632013871827e+01,-1.490376632013871827e+01,-1.256639155322748724e+00,2.184648214701152558e-01,-1.376024432917233531e+00,-1.032138315437379106e+00,-1.305266654140130322e+00,-4.957564585871441359e-02,-2.118213291838887818e-02
1.796000000000000085e+01,5.000000000000000000e+00,6.049656043068733169e+00,-1.492914079188057563e+01,-1.492914079188057563e+01,-1.268723587092876581e+00,8.758863815676993791e-01,-1.377483473024028182e+00,-1.049656043068733169e+00,-1.310815660605471500e+00,-4.966440975384203010e-02,-1.700340266471462441e-02
1.798000000000000043e+01,5.000000000000000000e+00,6.046864576532109403e+00,-1.495478470457844011e+01,-1.495478470457844011e+01,-1.282195634893244174e+00,-1.395733268311854514e-01,-1.403444065096551840e+00,-1.046864576532109403e+00,-1.333063174697291187e+00,-4.975468017354594402e-02,-2.062621022571456061e-02
1.800000000000000000e+01,5.000000000000000000e+00,6.056365663358440621e+00,-1.498064904784560980e+01,-1.498064904784560980e+01,-1.293217163358486577e+00,4.750543413165779771e-01,-1.392410919545668424e+00,-1.056365663358440621e+00,-1.329518012195779031e+00,-4.984471052712770300e-02,-1.304819682276155829e-02
1.801999999999999957e+01,5.000000000000000000e+00,6.064552957809767442e+00,-1.500673772724497290e+01,-1.500673772724497290e+01,-1.304433969968122220e+00,4.093647225663207267e-01,-1.405385229454842122e+00,-1.064552957809767442e+00,-1.341584392465219544e+00,-4.993555797417652958e-02,-1.386527901544603626e-02
1.803999999999999915e+01,5.000000000000000000e+00,6.064777368553147419e+00,-1.503304912337218902e+01,-1.503304912337218902e+01,-1.315569806360762595e+00,1.122053716899656939e-02,-1.415792333894525967e+00,-1.064777368553147419e+00,-1.351982256418404749e+00,-5.002710952854817067e-02,-1.378296794757298202e-02
1.805999999999999872e+01,5.000000000000000000e+00,6.066514104510365435e+00,-1.505955367143179835e+01,-1.505955367143179835e+01,-1.325227402980510893e+00,8.683679786090692243e-02,-1.412145772558245360e+00,-1.066514104510365435e+00,-1.352267258062497257e+00,-5.011868038224374239e-02,-9.759834113504315539e-03
1.808000000000000185e+01,5.000000000000000000e+00,6.059847874461450346e+00,-1.508623252486886734e+01,-1.508623252486886734e+01,-1.333942671853414197e+00,-3.333115024457450337e-01,-1.412380091709543484e+00,-1.059847874461450346e+00,-1.354472912728164058e+00,-5.021040059523163707e-02,-7.696778386147592674e-03
1.810000000000000142e+01,5.000000000000000000e+00,6.057770066315526059e+00,-1.511304024558299730e+01,-1.511304024558299730e+01,-1.340386035706514933e+00,-1.038904072962114622e-01,-1.398376310384420895e+00,-1.057770066315526059e+00,-1.346006800566041939e+00,-5.030154751243531841e-02,-2.067962305943600761e-03
1.812000000000000099e+01,5.000000000000000000e+00,6.061293446527511009e+00,-1.513995554087594719e+01,-1.513995554087594719e+01,-1.345764764647498168e+00,1.761690105992305688e-01,-1.394173325116346618e+00,-1.061293446527511009e+00,-1.343367984220718014e+00,-5.039251573813845198e-02,-4.128251574902256325e-04
1.814000000000000057e+01,5.000000000000000000e+00,6.046192016483583842e+00,-1.516698004680964296e+01,-1.516698004680964296e+01,-1.351225296684777311e+00,-7.550715021963577689e-01,-1.400370085020290478e+00,-1.046192016483583842e+00,-1.347842677089938990e+00,-5.048378697453981961e-02,-2.043620955811663222e-03
1.816000000000000014e+01,5.000000000000000000e+00,6.030138814486823762e+00,-1.519404839743582691e+01,-1.519404839743582691e+01,-1.353417531309229815e+00,-8.026600998380091223e-01,-1.373147642929301249e+00,-1.030138814486823762e+00,-1.328663860934151453e+00,-5.057375948795740650e-02,6.089977492807563744e-03
1.817999999999999972e+01,5.000000000000000000e+00,6.008237760478258416e+00,-1.522110327533336260e+01,-1.522110327533336260e+01,-1.352743894876798691e+00,-1.095052700428269521e+00,-1.346681166984917466e+00,-1.008237760478258416e+00,-1.308276294398266204e+00,-5.066235142600327562e-02,1.225747883935181422e-02
1.819999999999999929e+01,5.000000000000000000e+00,5.996652725268424078e+00,-1.524807611355233838e+01,-1.524807611355233838e+01,-1.348641910948816802e+00,-5.792517604917344354e-01,-1.311724055596980687e+00,-9.966527252684240779e-01,-1.280461955807388197e+00,-5.074905987340440350e-02,1.948696008381181274e-02
1.821999999999999886e+01,5.000000000000000000e+00,5.987065496994270930e+00,-1.527494601497642890e+01,-1.527494601497642890e+01,-1.343495071204486191e+00,-4.793614137076565584e-01,-1.297173513505510245e+00,-9.870654969942709300e-01,-1.265748961090898517e+00,-5.083477200777748728e-02,1.941021959316576936e-02
1.824000000000000199e+01,5.000000000000000000e+00,5.978609671199508035e+00,-1.530170118875296481e+01,-1.530170118875296481e+01,-1.337758688826787390e+00,-4.227912897381477242e-01,-1.286131247427498847e+00,-9.786096711995080355e-01,-1.253573181182724205e+00,-5.091965964051899801e-02,1.836159339574430782e-02
1.826000000000000156e+01,5.000000000000000000e+00,5.970792033936545451e+00,-1.532833439312359225e+01,-1.532833439312359225e+01,-1.331660218531389051e+00,-3.908818631481150163e-01,-1.276773985872804440e+00,-9.707920339365454510e-01,-1.242834282423375125e+00,-5.100382007224215503e-02,1.706411662281293734e-02
1.828000000000000114e+01,5.000000000000000000e+00,5.968557381806631312e+00,-1.535484058730974510e+01,-1.535484058730974510e+01,-1.325309709307615158e+00,-1.117326064957212539e-01,-1.268155126293649237e+00,-9.685573818066313123e-01,-1.232905883099412847e+00,-5.108730818716069461e-02,1.583806499292442216e-02
1.830000000000000071e+01,5.000000000000000000e+00,5.951847416899944676e+00,-1.538123424003080331e+01,-1.538123424003080331e+01,-1.319682636052921021e+00,-8.354982453343330340e-01,-1.269038976760673565e+00,-9.518474168999446761e-01,-1.230067874894421820e+00,-5.117060412199606750e-02,1.219950225574433639e-02
1.832000000000000028e+01,5.000000000000000000e+00,5.931098615044176015e+00,-1.540747500241647572e+01,-1.540747500241647572e+01,-1.312038119283651660e+00,-1.037440092788438184e+00,-1.243237468360228082e+00,-9.310986150441760145e-01,-1.208846219462929694e+00,-5.125246299984946574e-02,1.686121410255098096e-02
1.833999999999999986e+01,5.000000000000000000e+00,5.913528459197879172e+00,-1.543351507261436240e+01,-1.543351507261436240e+01,-1.302003509894375410e+00,-8.785077923148569834e-01,-1.211692025390888272e+00,-9.135284591978791724e-01,-1.182495241106103601e+00,-5.133253748074326217e-02,2.213575319595847968e-02
1.835999999999999943e+01,5.000000000000000000e+00,5.884459911021510337e+00,-1.545932583035098240e+01,-1.545932583035098240e+01,-1.290537886831029324e+00,-1.453427408818435129e+00,-1.187347279260914101e+00,-8.844599110215103366e-01,-1.160181143181306496e+00,-5.141110092823428235e-02,2.424496484862676340e-02
1.837999999999999901e+01,5.000000000000000000e+00,5.866932168877035281e+00,-1.548484211959212509e+01,-1.548484211959212509e+01,-1.275814462057129450e+00,-8.763871072237587878e-01,-1.143303639092029700e+00,-8.669321688770352807e-01,-1.123264086997318056e+00,-5.148716448058213158e-02,3.144761238587041874e-02
1.840000000000000213e+01,5.000000000000000000e+00,5.848711323064970991e+00,-1.551005042677087964e+01,-1.551005042677087964e+01,-1.260415358937704733e+00,-9.110422906032165091e-01,-1.121823430862882498e+00,-8.487113230649709905e-01,-1.101003854473834753e+00,-5.156172064710555503e-02,3.074214425805787271e-02
1.842000000000000171e+01,5.000000000000000000e+00,5.826935490911820281e+00,-1.553493571244759508e+01,-1.553493571244759508e+01,-1.244264283835769591e+00,-1.088791607657534355e+00,-1.098904607918353982e+00,-8.269354909118202812e-01,-1.077863380292513273e+00,-5.163470982088914224e-02,3.059348219504852764e-02
1.844000000000000128e+01,5.000000000000000000e+00,5.808841838865759222e+00,-1.555947177775220425e+01,-1.555947177775220425e+01,-1.226803265230424156e+00,-9.046826023030419828e-01,-1.069654097782316349e+00,-8.088418388657592217e-01,-1.050208073458011704e+00,-5.170582627310756074e-02,3.225980194880301993e-02
1.846000000000000085e+01,5.000000000000000000e+00,5.792841137407527263e+00,-1.558364906057024690e+01,-1.558364906057024690e+01,-1.208864140902148110e+00,-8.000350729116116888e-01,-1.047412021947663696e+00,-7.928411374075272633e-01,-1.027229135359514212e+00,-5.177538667125001354e-02,3.159250008310052205e-02
1.848000000000000043e+01,5.000000000000000000e+00,5.780296100704734208e+00,-1.560746595253874958e+01,-1.560746595253874958e+01,-1.190844598425158996e+00,-6.272518351396748626e-01,-1.028668716132256744e+00,-7.802961007047342079e-01,-1.006908244507559669e+00,-5.184357100906705762e-02,3.008309938436988171e-02
1.850000000000000000e+01,5.000000000000000000e+00,5.770484106546600600e+00,-1.563093231756344537e+01,-1.563093231756344537e+01,-1.173318251234812148e+00,-4.905997079066592992e-01,-1.015581126521690303e+00,-7.704841065466006000e-01,-9.909760478950124796e-01,-5.191067647372766408e-02,2.730559784704985823e-02
1.851999999999999957e+01,5.000000000000000000e+00,5.761372185192139561e+00,-1.565406502900934704e+01,-1.565406502900934704e+01,-1.156635572295069636e+00,-4.555960677230384559e-01,-1.006491461837388135e+00,-7.613721851921395611e-01,-9.785148153141828287e-01,-5.197693810689067023e-02,2.400029158368543677e-02
1.853999999999999915e+01,5.000000000000000000e+00,5.766764587343782722e+00,-1.567687976361139057e+01,-1.567687976361139057e+01,-1.140736730102136054e+00,2.696201075821459403e-01,-9.976471503657331485e-01,-7.667645873437827220e-01,-9.669426751940172204e-01,-5.204241611481719154e-02,2.133794094310140221e-02
1.855999999999999872e+01,5.000000000000000000e+00,5.753564950077713291e+00,-1.569944032123604316e+01,-1.569944032123604316e+01,-1.128027881232650520e+00,-6.599818633034570947e-01,-1.013648241407280048e+00,-7.535649500777132914e-01,-9.737910259266040480e-01,-5.210835786932875580e-02,1.225114238865268775e-02
1.858000000000000185e+01,5.000000000000000000e+00,5.744231085602386599e+00,-1.572173292596227689e+01,-1.572173292596227689e+01,-1.114630236311702660e+00,-4.666932237663128369e-01,-9.940514320231718104e-01,-7.442310856023865995e-01,-9.570274865986958535e-01,-5.217316445503544092e-02,1.514921903055945797e-02
1.860000000000000142e+01,5.000000000000000000e+00,5.739421203977464359e+00,-1.574376058607431439e+01,-1.574376058607431439e+01,-1.101383005601864751e+00,-2.404940812460976685e-01,-9.821579292133238992e-01,-7.394212039774643586e-01,-9.451734787150309902e-01,-5.223716832839724739e-02,1.525271783010431412e-02
1.862000000000000099e+01,5.000000000000000000e+00,5.734969884540222829e+00,-1.576554206710329353e+01,-1.576554206710329353e+01,-1.089074051448981839e+00,-2.225659718620877636e-01,-9.782934640730347464e-01,-7.349698845402228287e-01,-9.390649290513797265e-01,-5.230075855193930950e-02,1.307222353028429651e-02
1.864000000000000057e+01,5.000000000000000000e+00,5.736193413115632467e+00,-1.578709421684092895e+01,-1.578709421684092895e+01,-1.077607486881798415e+00,6.117642877046347571e-02,-9.744084057771473795e-01,-7.361934131156324668e-01,-9.334117533660829524e-01,-5.236396596200976888e-02,1.136731355094528981e-02
1.866000000000000014e+01,5.000000000000000000e+00,5.725469787908942898e+00,-1.580845124182679662e+01,-1.580845124182679662e+01,-1.067851249293346960e+00,-5.361812603344875416e-01,-9.800451109972833086e-01,-7.254697879089428980e-01,-9.349656346568532284e-01,-5.242727859553771019e-02,7.347802255107703691e-03
1.867999999999999972e+01,5.000000000000000000e+00,5.725106188254500239e+00,-1.582959926925949645e+01,-1.582959926925949645e+01,-1.057401371635027232e+00,-1.817998272213688926e-02,-9.633524727101485663e-01,-7.251061882545002391e-01,-9.213466306443575116e-01,-5.248966899729787944e-02,1.048382693150679869e-02
1.869999999999999929e+01,5.000000000000000000e+00,5.726718915998084469e+00,-1.585056432822039163e+01,-1.585056432822039163e+01,-1.048252948044798183e+00,8.063638717922258503e-02,-9.659171357327358542e-01,-7.267189159980844693e-01,-9.208848590832152681e-01,-5.255202812948776836e-02,7.519751479967203001e-03
1.871999999999999886e+01,5.000000000000000000e+00,5.710912511506529121e+00,-1.587137505500850665e+01,-1.587137505500850665e+01,-1.040536339405734312e+00,-7.903202245777524171e-01,-9.710868616541588061e-01,-7.109125115065291212e-01,-9.229330233175673248e-01,-5.261452595626360529e-02,4.460687619672095393e-03
1.874000000000000199e+01,5.000000000000000000e+00,5.727337985911579388e+00,-1.589199379008435997e+01,-1.589199379008435997e+01,-1.030936753792658811e+00,8.212737202524954538e-01,-9.445404832749800805e-01,-7.273379859115793877e-01,-9.028588896132919706e-01,-5.267566443225316780e-02,1.099407077056503007e-02
1.876000000000000156e+01,5.000000000000000000e+00,5.744447944182485166e+00,-1.591250453464127013e+01,-1.591250453464127013e+01,-1.025537227845499721e+00,8.554979135452743799e-01,-9.769414943210669167e-01,-7.444479441824851662e-01,-9.237192421077058402e-01,-5.273821549904156303e-02,-4.840367143195117156e-04
1.878000000000000114e+01,5.000000000000000000e+00,5.731402733811385097e+00,-1.593297842616659565e+01,-1.593297842616659565e+01,-1.023694576266243050e+00,-6.522605185549856799e-01,-1.007110712052932122e+00,-7.314027338113850973e-01,-9.454488891117561744e-01,-5.280223802224125879e-02,-8.859584918934734071e-03
1.880000000000000071e+01,5.000000000000000000e+00,5.743459256072398489e+00,-1.595336783214994014e+01,-1.595336783214994014e+01,-1.019470299167244187e+00,6.028261130506824550e-01,-9.814518052762545297e-01,-7.434592560723984889e-01,-9.288814719404591136e-01,-5.286513865734903533e-02,2.948053215535203359e-04
1.882000000000000028e+01,5.000000000000000000e+00,5.741319211080108786e+00,-1.597372413776640343e+01,-1.597372413776640343e+01,-1.017815280823141322e+00,-1.070022496144998336e-01,-1.002920115726214645e+00,-7.413192110801087864e-01,-9.441932552119460809e-01,-5.292907615337125865e-02,-5.797784360897204753e-03
1.883999999999999986e+01,5.000000000000000000e+00,5.763432952850872759e+00,-1.599403973468986706e+01,-1.599403973468986706e+01,-1.015779846173200163e+00,1.105687088538193752e+00,-9.974609343237300640e-01,-7.634329528508727591e-01,-9.414753980717381898e-01,-5.299282960552414989e-02,-2.992706646467771167e-03
1.885999999999999943e+01,5.000000000000000000e+00,5.782072137550201774e+00,-1.601439522366701240e+01,-1.601439522366701240e+01,-1.017774448857324820e+00,9.319592349664500563e-01,-1.035725873014445630e+00,-7.820721375502017736e-01,-9.695598501206084130e-01,-5.305848483946932342e-02,-1.310753805436789751e-02
1.887999999999999901e+01,5.000000000000000000e+00,5.790435921845311640e+00,-1.603484479364314552e+01,-1.603484479364314552e+01,-1.022478498806630220e+00,4.181892147554876482e-01,-1.064814948350378154e+00,-7.904359218453116398e-01,-9.932316146887563146e-01,-5.312574304329863856e-02,-1.845759061832337802e-02
1.890000000000000213e+01,5.000000000000000000e+00,5.802009644290216706e+00,-1.605539767226024139e+01,-1.605539767226024139e+01,-1.027643930854758691e+00,5.786861222452464038e-01,-1.074132819287914264e+00,-8.020096442902167055e-01,-1.003853620743545783e+00,-5.319372053257733629e-02,-1.708547801179107969e-02
1.892000000000000171e+01,5.000000000000000000e+00,5.812531997896784652e+00,-1.607607433999562119e+01,-1.607607433999562119e+01,-1.033833386768920670e+00,5.261176803283804659e-01,-1.089538489996377812e+00,-8.125319978967846524e-01,-1.018552248248575154e+00,-5.326269336198629495e-02,-1.772354838581647815e-02
1.894000000000000128e+01,5.000000000000000000e+00,5.815887096800593348e+00,-1.609688913060627868e+01,-1.609688913060627868e+01,-1.040739530532915014e+00,1.677549451904483124e-01,-1.102894824408864327e+00,-8.158870968005933477e-01,-1.031915637328916446e+00,-5.333257111380541871e-02,-1.764661596614237188e-02
1.896000000000000085e+01,5.000000000000000000e+00,5.831759668456269807e+00,-1.611782964779741434e+01,-1.611782964779741434e+01,-1.047025859556751648e+00,7.936285827838184259e-01,-1.103602820771280246e+00,-8.317596684562698073e-01,-1.036176612936753560e+00,-5.340273740413026965e-02,-1.402347043039639009e-02
1.898000000000000043e+01,5.000000000000000000e+00,5.835832407097917951e+00,-1.613893117330475846e+01,-1.613893117330475846e+01,-1.055076275367164973e+00,2.036369320823905871e-01,-1.127530017660884454e+00,-8.358324070979179510e-01,-1.056334778939462593e+00,-5.347426873561750976e-02,-1.772096998580435095e-02
1.900000000000000000e+01,5.000000000000000000e+00,5.842431638224204526e+00,-1.616018151868170705e+01,-1.616018151868170705e+01,-1.062517268847507301e+00,3.299615563143069030e-01,-1.129486210170587590e+00,-8.424316382242045265e-01,-1.061507157014355718e+00,-5.354615032262793201e-02,-1.443290283360382231e-02
1.901999999999999957e+01,5.000000000000000000e+00,5.851106825282431423e+00,-1.618158062197910851e+01,-1.618158062197910851e+01,-1.069955164870023401e+00,4.337593529113304980e-01,-1.136896229072668296e+00,-8.511068252824314229e-01,-1.069888180544739775e+00,-5.361859944351521357e-02,-1.338944908441339066e-02
1.903999999999999915e+01,5.000000000000000000e+00,5.869337920706293232e+00,-1.620313639558727559e+01,-1.620313639558727559e+01,-1.077788680408347410e+00,9.115547711930709340e-01,-1.148290320253263941e+00,-8.693379207062932323e-01,-1.080905668108687934e+00,-5.369179463048950190e-02,-1.369285751408636821e-02
1.905999999999999872e+01,5.000000000000000000e+00,5.879613987832676081e+00,-1.622488957144016553e+01,-1.622488957144016553e+01,-1.087658792644473404e+00,5.138033563191563013e-01,-1.176489802769606241e+00,-8.796139878326760808e-01,-1.104059159296992387e+00,-5.376655769167024146e-02,-1.866408578094364001e-02
1.908000000000000185e+01,5.000000000000000000e+00,5.895772060425882088e+00,-1.624684569832880143e+01,-1.624684569832880143e+01,-1.097806344431798253e+00,8.079036296603174794e-01,-1.189134310517721671e+00,-8.957720604258820885e-01,-1.117109764547498552e+00,-5.384220449462385344e-02,-1.818234147559920702e-02
1.910000000000000142e+01,5.000000000000000000e+00,5.906685220036777650e+00,-1.626903086076220717e+01,-1.626903086076220717e+01,-1.109258121670321007e+00,5.456579805447707709e-01,-1.212324116817026898e+00,-9.066852200367776504e-01,-1.137630516740870235e+00,-5.391924089182047880e-02,-2.077435918433603521e-02
1.912000000000000099e+01,5.000000000000000000e+00,5.924278487735741727e+00,-1.629144843545264010e+01,-1.629144843545264010e+01,-1.120878734521560061e+00,8.796633849481829692e-01,-1.225464250182712433e+00,-9.242784877357417272e-01,-1.151490229446707536e+00,-5.399721582074364090e-02,-1.997680491526121482e-02
1.914000000000000057e+01,5.000000000000000000e+00,5.928682820872459125e+00,-1.631412556386192847e+01,-1.631412556386192847e+01,-1.133856420464388837e+00,2.202166568358535637e-01,-1.250655593949847821e+00,-9.286828208724591249e-01,-1.173833679424391985e+00,-5.407670377068891227e-02,-2.274521075476695908e-02
1.916000000000000014e+01,5.000000000000000000e+00,5.954636843813649882e+00,-1.633703837694715233e+01,-1.633703837694715233e+01,-1.145640654261122826e+00,1.297701147059537874e+00,-1.251698758431729397e+00,-9.546368438136498824e-01,-1.179427182508023142e+00,-5.415657049328394257e-02,-1.811500543042213543e-02
1.917999999999999972e+01,5.000000000000000000e+00,5.958196750766666661e+00,-1.636024437486011607e+01,-1.636024437486011607e+01,-1.160299895648130075e+00,1.779953476508455701e-01,-1.292233068131195761e+00,-9.581967507666666606e-01,-1.212388791643335351e+00,-5.423866926185191839e-02,-2.560560722600849215e-02
1.919999999999999929e+01,5.000000000000000000e+00,5.974689720879818644e+00,-1.638371162839453632e+01,-1.638371162839453632e+01,-1.173362676721006359e+00,8.246485056575998396e-01,-1.290927706376892914e+00,-9.746897208798186441e-01,-1.216909873473666748e+00,-5.432107418241784863e-02,-1.969675872080830017e-02
1.921999999999999886e+01,5.000000000000000000e+00,5.981838252891147789e+00,-1.640746068072198938e+01,-1.640746068072198938e+01,-1.187452616372575598e+00,3.574266005664726298e-01,-1.314262073236698747e+00,-9.818382528911477891e-01,-1.237855945517369660e+00,-5.440489749841351252e-02,-2.200123022091549779e-02
1.924000000000000199e+01,5.000000000000000000e+00,5.969021047607829367e+00,-1.643147559731040985e+01,-1.643147559731040985e+01,-1.200745829420938326e+00,-6.408602641659277843e-01,-1.320384746856202662e+00,-9.690210476078293667e-01,-1.246934581171757817e+00,-5.448933558816215078e-02,-1.896083009628276445e-02
1.926000000000000156e+01,5.000000000000000000e+00,5.979782704015396355e+00,-1.645567326026937849e+01,-1.645567326026937849e+01,-1.209883147948495052e+00,5.380828203783688535e-01,-1.292119014696505142e+00,-9.797827040153963551e-01,-1.230656730461943349e+00,-5.457267139825642405e-02,-6.889612836305361587e-03
1.928000000000000114e+01,5.000000000000000000e+00,5.983567965295390145e+00,-1.648006948293382479e+01,-1.648006948293382479e+01,-1.219811133222319377e+00,1.892630639996823461e-01,-1.309163000686737188e+00,-9.835679652953901453e-01,-1.244324034099553389e+00,-5.465693271080174914e-02,-1.018203387638211277e-02
1.930000000000000071e+01,5.000000000000000000e+00,5.988280333254619947e+00,-1.650465185397045076e+01,-1.650465185397045076e+01,-1.229118551831274164e+00,2.356183979614986934e-01,-1.312885319311867249e+00,-9.882803332546199471e-01,-1.249131315925145591e+00,-5.474151955581715162e-02,-9.012483830904386914e-03
1.932000000000000028e+01,5.000000000000000000e+00,5.969492272332482585e+00,-1.652941318396905857e+01,-1.652941318396905857e+01,-1.238066499930464026e+00,-9.394030461068716420e-01,-1.318598032823173893e+00,-9.694922723324825853e-01,-1.255116023233367351e+00,-5.482651166447705116e-02,-8.655497925329512510e-03
1.933999999999999986e+01,5.000000000000000000e+00,5.961491010787977274e+00,-1.655426411590394764e+01,-1.655426411590394764e+01,-1.242546596744483312e+00,-4.000630772252767864e-01,-1.282867468070656880e+00,-9.614910107879772738e-01,-1.231255185862252910e+00,-5.490988799989764135e-02,3.297605791493749341e-03
1.935999999999999943e+01,5.000000000000000000e+00,5.963701069954365330e+00,-1.657916954106059748e+01,-1.657916954106059748e+01,-1.245271257832469614e+00,1.105029583194030440e-01,-1.269793207624346998e+00,-9.637010699543653303e-01,-1.221093583700731067e+00,-5.499257622682540703e-02,6.292952303209269418e-03
1.937999999999999901e+01,5.000000000000000000e+00,5.961658895633760835e+00,-1.660413576641400724e+01,-1.660413576641400724e+01,-1.248311267670572766e+00,-1.021087160302463215e-01,-1.275671356213500252e+00,-9.616588956337608352e-01,-1.223900358842044067e+00,-5.507545451884147958e-02,3.304457147385236621e-03
1.940000000000000213e+01,5.000000000000000000e+00,5.965824490979443340e+00,-1.662915163889572412e+01,-1.662915163889572412e+01,-1.250793624085906552e+00,2.082797672841033565e-01,-1.273134831823911517e+00,-9.658244909794433397e-01,-1.221306797454876358e+00,-5.515815718386598426e-02,3.330122814830704242e-03
1.942000000000000171e+01,5.000000000000000000e+00,5.964936982409344779e+00,-1.665422908753356168e+01,-1.665422908753356168e+01,-1.253872431891891015e+00,-4.437542850494921587e-02,-1.281581702145751622e+00,-9.649369824093447789e-01,-1.226597103543892953e+00,-5.524121809009021472e-02,2.566194882316057829e-04
1.944000000000000128e+01,5.000000000000000000e+00,5.997115706532561319e+00,-1.667935913642245893e+01,-1.667935913642245893e+01,-1.256502444444779432e+00,1.608936206160828775e+00,-1.280172557420774071e+00,-9.971157065325613189e-01,-1.225469967659867931e+00,-5.532420267057741592e-02,6.216129096712074038e-04
1.946000000000000085e+01,5.000000000000000000e+00,5.990435836028042083e+00,-1.670465085397745497e+01,-1.670465085397745497e+01,-1.264585877749729859e+00,-3.339935252259464415e-01,-1.337336777494283924e+00,-9.904358360280420825e-01,-1.266336947296352822e+00,-5.540995462133921357e-02,-1.558987557659199247e-02
1.948000000000000043e+01,5.000000000000000000e+00,5.983677047055527609e+00,-1.673005526973945223e+01,-1.673005526973945223e+01,-1.270220788099878373e+00,-3.379394486257099040e-01,-1.320934981251215001e+00,-9.836770470555276091e-01,-1.257853511755613551e+00,-5.549513210323762241e-02,-7.586337392363815338e-03
1.950000000000000000e+01,5.000000000000000000e+00,5.985394461666122545e+00,-1.675553283219996104e+01,-1.675553283219996104e+01,-1.273878123025505182e+00,8.587073052975036092e-02,-1.306794137356147134e+00,-9.853944616661225453e-01,-1.249269849760520135e+00,-5.557972832928440021e-02,-1.944559266342463927e-03
1.951999999999999957e+01,5.000000000000000000e+00,5.978088464821884607e+00,-1.678108130221948358e+01,-1.678108130221948358e+01,-1.277423500976102577e+00,-3.652998422119103084e-01,-1.309331902531479352e+00,-9.780884648218846067e-01,-1.251450966315975633e+00,-5.566447225298768592e-02,-2.216463962516002778e-03
1.953999999999999915e+01,5.000000000000000000e+00,5.966928340784432017e+00,-1.680666659339011204e+01,-1.680666659339011204e+01,-1.279264558531501006e+00,-5.580062018726372752e-01,-1.295834076530086421e+00,-9.669283407844320166e-01,-1.242172350323793362e+00,-5.574858786096236613e-02,2.086861654669290751e-03
1.955999999999999872e+01,5.000000000000000000e+00,5.954401995456541030e+00,-1.683224697982680951e+01,-1.683224697982680951e+01,-1.279019321834908851e+00,-6.263172663945513197e-01,-1.276812191565578569e+00,-9.544019954565410302e-01,-1.227998992796228706e+00,-5.583174369826982703e-02,7.018544928919893088e-03
1.958000000000000185e+01,5.000000000000000000e+00,5.943787066414104814e+00,-1.685778303412999080e+01,-1.685778303412999080e+01,-1.276802715159033319e+00,-5.307464521218027143e-01,-1.256853255076152642e+00,-9.437870664141048138e-01,-1.212090534229807171e+00,-5.591382226987908627e-02,1.115110142353363532e-02
1.960000000000000142e+01,5.000000000000000000e+00,5.946262569452040125e+00,-1.688324850811613942e+01,-1.688324850811613942e+01,-1.273273699307519768e+00,1.237751518967836750e-01,-1.241512556643896925e+00,-9.462625694520401254e-01,-1.198609574345913087e+00,-5.599498795759069725e-02,1.309200565960677923e-02
1.962000000000000099e+01,5.000000000000000000e+00,5.938118610272542952e+00,-1.690866723115626158e+01,-1.690866723115626158e+01,-1.270936152006149955e+00,-4.071979589748397910e-01,-1.249898226293821413e+00,-9.381186102725429521e-01,-1.201753463204090933e+00,-5.607636653856357123e-02,7.931603448832959258e-03
1.964000000000000057e+01,5.000000000000000000e+00,5.916693181192621331e+00,-1.693402000162377163e+01,-1.693402000162377163e+01,-1.267638523375495430e+00,-1.071271453996066603e+00,-1.237959865699603812e+00,-9.166931811926213314e-01,-1.191410635046129540e+00,-5.615704473904700733e-02,9.607814085572664517e-03
1.966000000000000014e+01,5.000000000000000000e+00,5.912916673602769180e+00,-1.695924357681838046e+01,-1.695924357681838046e+01,-1.261178759730501531e+00,-1.888253794925910389e-01,-1.203040886925556663e+00,-9.129166736027691798e-01,-1.164200340114629029e+00,-5.623588035262957335e-02,1.739533354170183163e-02
1.967999999999999972e+01,5.000000000000000000e+00,5.891225337240969750e+00,-1.698434811675833700e+01,-1.698434811675833700e+01,-1.255226996997765188e+00,-1.084566818089966800e+00,-1.201661132403138543e+00,-8.912253372409697505e-01,-1.159404175475516885e+00,-5.631439118655941212e-02,1.405743425893765317e-02
1.969999999999999929e+01,5.000000000000000000e+00,5.874740133215876625e+00,-1.700927741215503985e+01,-1.700927741215503985e+01,-1.246464769835204933e+00,-8.242602012546510482e-01,-1.167604725372161534e+00,-8.747401332158766252e-01,-1.131856178296031690e+00,-5.639103656556213734e-02,2.064248948943247369e-02
1.971999999999999886e+01,5.000000000000000000e+00,5.868913216878237193e+00,-1.703400323173038089e+01,-1.703400323173038089e+01,-1.236290978767092819e+00,-2.913458168819599292e-01,-1.144726859154082899e+00,-8.689132168782371934e-01,-1.110919969184163358e+00,-5.646626421701870374e-02,2.265937424709910802e-02
1.974000000000000199e+01,5.000000000000000000e+00,5.865123107100050248e+00,-1.705853906416794885e+01,-1.705853906416794885e+01,-1.226791621878375427e+00,-1.895054889093251704e-01,-1.141297409879917790e+00,-8.651231071000502482e-01,-1.103519785435361333e+00,-5.654099075367022970e-02,1.876336630911381448e-02
1.976000000000000156e+01,5.000000000000000000e+00,5.855033492561120489e+00,-1.708290191317430384e+01,-1.708290191317430384e+01,-1.218142450317740710e+00,-5.044807269464949284e-01,-1.140299906272028041e+00,-8.550334925611204895e-01,-1.098706346017063851e+00,-5.661539134088083153e-02,1.502183108591676960e-02
1.978000000000000114e+01,5.000000000000000000e+00,5.832790145264177717e+00,-1.710708256037996833e+01,-1.710708256037996833e+01,-1.209032360283300189e+00,-1.112167364847144180e+00,-1.127041549973335499e+00,-8.327901452641777169e-01,-1.085892535552622995e+00,-5.668892422124108960e-02,1.553990980052875892e-02
1.980000000000000071e+01,5.000000000000000000e+00,5.830083176908819276e+00,-1.713103004067475865e+01,-1.713103004067475865e+01,-1.197374014739469361e+00,-1.353484177679041278e-01,-1.092448904844991908e+00,-8.300831769088192758e-01,-1.057643484485505825e+00,-5.676054417373380817e-02,2.195512381424763113e-02
1.982000000000000028e+01,5.000000000000000000e+00,5.810540849365086302e+00,-1.715477141475825107e+01,-1.715477141475825107e+01,-1.187068704174543132e+00,-9.771163771866669956e-01,-1.094320909090206628e+00,-8.105408493650863022e-01,-1.054205634674200587e+00,-5.683193132694796396e-02,1.671665691094184614e-02
1.983999999999999986e+01,5.000000000000000000e+00,5.806793863577519588e+00,-1.717826836098855026e+01,-1.717826836098855026e+01,-1.174847311515010206e+00,-1.873492893783371971e-01,-1.064854777579214540e+00,-8.067938635775195877e-01,-1.029386878693659524e+00,-5.690163783999336450e-02,2.143373895443831390e-02
1.985999999999999943e+01,5.000000000000000000e+00,5.796721872585707480e+00,-1.720154507182115111e+01,-1.720154507182115111e+01,-1.163835541630048764e+00,-5.035995495905873920e-01,-1.064729612665395786e+00,-7.967218725857074801e-01,-1.024628206743449788e+00,-5.697102211226102997e-02,1.686961619031504545e-02
1.987999999999999901e+01,5.000000000000000000e+00,5.809503805196717607e+00,-1.722459821504155286e+01,-1.722459821504155286e+01,-1.152657161020044896e+00,6.390966305505223488e-01,-1.052051735530008969e+00,-8.095038051967176074e-01,-1.011836778183848429e+00,-5.703954019330340075e-02,1.682458284714296107e-02
1.990000000000000213e+01,5.000000000000000000e+00,5.812722354393602409e+00,-1.724750557830904896e+01,-1.724750557830904896e+01,-1.145368163374806958e+00,1.609274598442213544e-01,-1.079767184567664629e+00,-8.127223543936024086e-01,-1.028069832599831424e+00,-5.710915752055031880e-02,5.411805552717028830e-03
1.992000000000000171e+01,5.000000000000000000e+00,5.812804785643288952e+00,-1.727029650728046661e+01,-1.727029650728046661e+01,-1.139546448570931236e+00,4.121562484343754829e-03,-1.087151015336049964e+00,-8.128047856432889517e-01,-1.032157390079875059e+00,-5.717905164302816701e-02,2.185426386853289282e-03
1.994000000000000128e+01,5.000000000000000000e+00,5.803179396405526269e+00,-1.729298438792056913e+01,-1.729298438792056913e+01,-1.134394032005149766e+00,-4.812694618881524500e-01,-1.088022282913117200e+00,-8.031793964055262691e-01,-1.032262077766977093e+00,-5.724895285459349198e-02,1.488747708453403915e-03
1.996000000000000085e+01,5.000000000000000000e+00,5.801957802283634003e+00,-1.731554652108162529e+01,-1.731554652108162529e+01,-1.128106658052772771e+00,-6.107970609462690104e-02,-1.071520292481379588e+00,-8.019578022836340025e-01,-1.020037833435018415e+00,-5.731802628268437005e-02,5.835567236323198695e-03
1.998000000000000043e+01,5.000000000000000000e+00,5.789538105268952073e+00,-1.733799480123180814e+01,-1.733799480123180814e+01,-1.122414007509072276e+00,-6.209848507340810508e-01,-1.071180152615767378e+00,-7.895381052689520729e-01,-1.018486408900215245e+00,-5.738699465368076597e-02,4.693250938128588207e-03
2.000000000000000000e+01,5.000000000000000000e+00,5.808504177752809028e+00,-1.736029964937467440e+01,-1.736029964937467440e+01,-1.115242407143395287e+00,9.483036241928310961e-01,-1.050698003852301277e+00,-8.085041777528090279e-01,-1.002713393691569088e+00,-5.745489493073389908e-02,9.470284770001613506e-03
