t_s,x_meas_cm,x_true_cm,v_true_cmps,v_cmd_cmps,err_cm,p_term,i_term,d_term
0.000000000000000000e+00,1.499999999999999944e-02,1.499999999999999944e-02,7.500000000000000000e-01,7.500000000000000000e+00,4.985000000000000320e+00,7.500000000000000000e+00,0.000000000000000000e+00,0.000000000000000000e+00
2.000000000000000042e-02,4.345500000000000751e-02,4.345500000000000751e-02,1.422750000000000181e+00,7.477500000000000924e+00,4.956545000000000201e+00,7.477500000000000924e+00,0.000000000000000000e+00,0.000000000000000000e+00
4.000000000000000083e-02,8.393413500000002081e-02,8.393413500000002081e-02,2.023956750000000415e+00,7.434817500000000301e+00,4.916065865000000201e+00,7.434817500000000301e+00,0.000000000000000000e+00,0.000000000000000000e+00
5.999999999999999778e-02,1.351135540950000324e-01,1.351135540950000324e-01,2.558970954750000359e+00,7.374098797500000302e+00,4.864886445905000301e+00,7.374098797500000302e+00,0.000000000000000000e+00,0.000000000000000000e+00
8.000000000000000167e-02,1.957696906182150309e-01,1.957696906182150309e-01,3.032806826160750369e+00,7.297329668857500451e+00,4.804230309381784636e+00,7.297329668857500451e+00,0.000000000000000000e+00,0.000000000000000000e+00
1.000000000000000056e-01,2.647729044172538737e-01,2.647729044172538737e-01,3.450160689951943027e+00,7.206345464072676954e+00,4.735227095582746237e+00,7.206345464072676954e+00,0.000000000000000000e+00,0.000000000000000000e+00
1.199999999999999956e-01,3.410814781231371051e-01,3.410814781231371051e-01,3.815428685294160793e+00,7.102840643374118912e+00,4.658918521876862506e+00,7.102840643374118912e+00,0.000000000000000000e+00,0.000000000000000000e+00
1.400000000000000133e-01,4.237359500240626131e-01,4.237359500240626131e-01,4.132723595046273957e+00,6.988377782815293315e+00,4.576264049975937276e+00,6.988377782815293315e+00,0.000000000000000000e+00,0.000000000000000000e+00
1.600000000000000033e-01,5.118537668848233135e-01,5.118537668848233135e-01,4.405890843038037019e+00,6.864396074963906358e+00,4.488146233115176464e+00,6.864396074963906358e+00,0.000000000000000000e+00,0.000000000000000000e+00
1.799999999999999933e-01,6.046242407588535706e-01,6.046242407588535706e-01,4.638523693701509742e+00,6.732219349672764253e+00,4.395375759241145985e+00,6.732219349672764253e+00,0.000000000000000000e+00,0.000000000000000000e+00
2.000000000000000111e-01,7.013037945232042381e-01,7.013037945232042381e-01,4.833977688217530932e+00,6.593063638861718978e+00,4.298696205476796095e+00,6.593063638861718978e+00,0.000000000000000000e+00,0.000000000000000000e+00
2.200000000000000011e-01,8.012114815275501734e-01,8.012114815275501734e-01,4.995384350217297431e+00,6.448044308215194143e+00,4.198788518472449383e+00,6.448044308215194143e+00,0.000000000000000000e+00,0.000000000000000000e+00
2.399999999999999911e-01,9.037247653868788477e-01,9.037247653868788477e-01,5.125664192966435273e+00,6.298182777708674074e+00,4.096275234613121263e+00,6.298182777708674074e+00,0.000000000000000000e+00,0.000000000000000000e+00
2.600000000000000089e-01,1.008275546564114000e+00,1.008275546564114000e+00,5.227539058861760068e+00,6.144412851919682339e+00,3.991724453435885778e+00,6.144412851919682339e+00,0.000000000000000000e+00,0.000000000000000000e+00
2.800000000000000266e-01,1.114346422983933271e+00,1.114346422983933271e+00,5.303543820990967106e+00,5.987586680153828667e+00,3.885653577016066507e+00,5.987586680153828667e+00,0.000000000000000000e+00,0.000000000000000000e+00
2.999999999999999889e-01,1.221467172492818776e+00,1.221467172492818776e+00,5.356037475444280105e+00,5.828480365524099760e+00,3.778532827507181224e+00,5.828480365524099760e+00,0.000000000000000000e+00,0.000000000000000000e+00
3.200000000000000067e-01,1.329211445533337255e+00,1.329211445533337255e+00,5.387213652025929278e+00,5.667799241260771836e+00,3.670788554466662745e+00,5.667799241260771836e+00,0.000000000000000000e+00,0.000000000000000000e+00
3.400000000000000244e-01,1.437193656933204000e+00,1.437193656933204000e+00,5.399110569993335496e+00,5.506182831699994118e+00,3.562806343066796000e+00,5.506182831699994118e+00,0.000000000000000000e+00,0.000000000000000000e+00
3.599999999999999867e-01,1.545066066222284373e+00,1.545066066222284373e+00,5.393620464454021324e+00,5.344209514600193778e+00,3.454933933777715627e+00,5.344209514600193778e+00,0.000000000000000000e+00,0.000000000000000000e+00
3.800000000000000044e-01,1.652516036383789855e+00,1.652516036383789855e+00,5.372498508075276291e+00,5.182400900666573662e+00,3.347483963616210367e+00,5.182400900666573662e+00,0.000000000000000000e+00,0.000000000000000000e+00
4.000000000000000222e-01,1.759263461419993568e+00,1.759263461419993568e+00,5.337371251810179906e+00,5.021225945424315995e+00,3.240736538580006432e+00,5.021225945424315995e+00,0.000000000000000000e+00,0.000000000000000000e+00
4.199999999999999845e-01,1.865058353568316729e+00,1.865058353568316729e+00,5.289744607416162481e+00,4.861104807870010092e+00,3.134941646431683271e+00,4.861104807870010092e+00,0.000000000000000000e+00,0.000000000000000000e+00
4.400000000000000022e-01,1.969678581441102638e+00,1.969678581441102638e+00,5.231011393639298568e+00,4.702412469647525128e+00,3.030321418558897584e+00,4.702412469647525128e+00,0.000000000000000000e+00,0.000000000000000000e+00
4.600000000000000200e-01,2.072927750782286527e+00,2.072927750782286527e+00,5.162458467059202860e+00,4.545482127838345932e+00,2.927072249217713473e+00,4.545482127838345932e+00,0.000000000000000000e+00,0.000000000000000000e+00
4.799999999999999822e-01,2.174633219937005535e+00,2.174633219937005535e+00,5.085273457735939751e+00,4.390608373826569988e+00,2.825366780062994465e+00,4.390608373826569988e+00,0.000000000000000000e+00,0.000000000000000000e+00
5.000000000000000000e-01,2.274644242516441484e+00,2.274644242516441484e+00,5.000551128971794768e+00,4.238050170094491698e+00,2.725355757483558516e+00,4.238050170094491698e+00,0.000000000000000000e+00,0.000000000000000000e+00
5.200000000000000178e-01,2.372830230110384520e+00,2.372830230110384520e+00,4.909299379697149135e+00,4.088033636225337553e+00,2.627169769889615480e+00,4.088033636225337553e+00,0.000000000000000000e+00,0.000000000000000000e+00
5.400000000000000355e-01,2.469079128254601851e+00,2.469079128254601851e+00,4.812444907210876366e+00,3.940754654834423221e+00,2.530920871745398149e+00,3.940754654834423221e+00,0.000000000000000000e+00,0.000000000000000000e+00
5.600000000000000533e-01,2.563295899199633965e+00,2.563295899199633965e+00,4.710838547251598563e+00,3.796381307618097445e+00,2.436704100800366035e+00,3.796381307618097445e+00,0.000000000000000000e+00,0.000000000000000000e+00
5.799999999999999600e-01,2.655401105352563906e+00,2.655401105352563906e+00,4.605260307646493523e+00,3.655056151200549053e+00,2.344598894647436094e+00,3.655056151200549053e+00,0.000000000000000000e+00,0.000000000000000000e+00
5.999999999999999778e-01,2.745329587574143027e+00,2.745329587574143027e+00,4.496424111078959562e+00,3.516898341971153918e+00,2.254670412425856973e+00,3.516898341971153918e+00,0.000000000000000000e+00,0.000000000000000000e+00
6.199999999999999956e-01,2.833029232810841958e+00,2.833029232810841958e+00,4.384982261834942108e+00,3.382005618638785460e+00,2.166970767189158042e+00,3.382005618638785460e+00,0.000000000000000000e+00,0.000000000000000000e+00
6.400000000000000133e-01,2.918459825825438170e+00,2.918459825825438170e+00,4.271529650729821270e+00,3.250456150783737286e+00,2.081540174174561830e+00,3.250456150783737286e+00,0.000000000000000000e+00,0.000000000000000000e+00
6.600000000000000311e-01,3.001591980061098841e+00,3.001591980061098841e+00,4.156607711783023795e+00,3.122310261261842967e+00,1.998408019938901159e+00,3.122310261261842967e+00,0.000000000000000000e+00,0.000000000000000000e+00
6.800000000000000488e-01,3.082406142933010074e+00,3.082406142933010074e+00,4.040708143595556301e+00,2.997612029908351516e+00,1.917593857066989926e+00,2.997612029908351516e+00,0.000000000000000000e+00,0.000000000000000000e+00
7.000000000000000666e-01,3.160891671088930988e+00,3.160891671088930988e+00,3.924276407796049249e+00,2.876390785600484890e+00,1.839108328911069012e+00,2.876390785600484890e+00,0.000000000000000000e+00,0.000000000000000000e+00
7.199999999999999734e-01,3.237045971415993151e+00,3.237045971415993151e+00,3.807715016353104609e+00,2.758662493366603741e+00,1.762954028584006849e+00,2.758662493366603741e+00,0.000000000000000000e+00,0.000000000000000000e+00
7.399999999999999911e-01,3.310873703796100909e+00,3.310873703796100909e+00,3.691386619005394998e+00,2.644431042876010274e+00,1.689126296203899091e+00,2.644431042876010274e+00,0.000000000000000000e+00,0.000000000000000000e+00
7.600000000000000089e-01,3.382386041826809908e+00,3.382386041826809908e+00,3.575616901535440206e+00,2.533689444305848859e+00,1.617613958173190092e+00,2.533689444305848859e+00,0.000000000000000000e+00,0.000000000000000000e+00
7.800000000000000266e-01,3.451599987928967384e+00,3.451599987928967384e+00,3.460697305107874655e+00,2.426420937259785138e+00,1.548400012071032616e+00,2.426420937259785138e+00,0.000000000000000000e+00,0.000000000000000000e+00
8.000000000000000444e-01,3.518537739457122449e+00,3.518537739457122449e+00,3.346887576407742149e+00,2.322600018106548703e+00,1.481462260542877551e+00,2.322600018106548703e+00,0.000000000000000000e+00,0.000000000000000000e+00
8.200000000000000622e-01,3.583226102614090358e+00,3.583226102614090358e+00,3.234418157848399478e+00,2.222193390814316327e+00,1.416773897385909642e+00,2.222193390814316327e+00,0.000000000000000000e+00,0.000000000000000000e+00
8.399999999999999689e-01,3.645695951147519320e+00,3.645695951147519320e+00,3.123492426671445887e+00,2.125160846078864463e+00,1.354304048852480680e+00,2.125160846078864463e+00,0.000000000000000000e+00,0.000000000000000000e+00
8.599999999999999867e-01,3.705981726974162616e+00,3.705981726974162616e+00,3.014288791332173645e+00,2.031456073278721242e+00,1.294018273025837384e+00,2.031456073278721242e+00,0.000000000000000000e+00,0.000000000000000000e+00
8.800000000000000044e-01,3.764120980037219066e+00,3.764120980037219066e+00,2.906962653152831866e+00,1.941027409538756077e+00,1.235879019962780934e+00,1.941027409538756077e+00,0.000000000000000000e+00,0.000000000000000000e+00
9.000000000000000222e-01,3.820153944853858174e+00,3.820153944853858174e+00,2.801648240831965619e+00,1.853818529944171400e+00,1.179846055146141826e+00,1.853818529944171400e+00,0.000000000000000000e+00,0.000000000000000000e+00
9.200000000000000400e-01,3.874123151354271766e+00,3.874123151354271766e+00,2.698460325020690220e+00,1.769769082719212738e+00,1.125876848645728234e+00,1.769769082719212738e+00,0.000000000000000000e+00,0.000000000000000000e+00
9.400000000000000577e-01,3.926073067750581291e+00,3.926073067750581291e+00,2.597495819815480278e+00,1.688815272968592351e+00,1.073926932249418709e+00,1.688815272968592351e+00,0.000000000000000000e+00,0.000000000000000000e+00
9.599999999999999645e-01,3.976049773304008106e+00,3.976049773304008106e+00,2.498835277671345168e+00,1.610890398374128063e+00,1.023950226695991894e+00,1.610890398374128063e+00,0.000000000000000000e+00,0.000000000000000000e+00
9.799999999999999822e-01,4.024100658982180612e+00,4.024100658982180612e+00,2.402544283908609302e+00,1.535925340043987841e+00,9.758993410178193884e-01,1.535925340043987841e+00,0.000000000000000000e+00,0.000000000000000000e+00
1.000000000000000000e+00,4.070274154115589127e+00,4.070274154115589127e+00,2.308674756670421324e+00,1.463849011526729083e+00,9.297258458844108731e-01,1.463849011526729083e+00,0.000000000000000000e+00,0.000000000000000000e+00
1.020000000000000018e+00,4.114619477273310011e+00,4.114619477273310011e+00,2.217266157886040645e+00,1.394588768826616310e+00,8.853805227266899891e-01,1.394588768826616310e+00,0.000000000000000000e+00,0.000000000000000000e+00
1.040000000000000036e+00,4.157186409683438555e+00,4.157186409683438555e+00,2.128346620506440079e+00,1.328070784090034984e+00,8.428135903165614451e-01,1.328070784090034984e+00,0.000000000000000000e+00,0.000000000000000000e+00
1.060000000000000053e+00,4.198025089623504513e+00,4.198025089623504513e+00,2.041933997003280155e+00,1.264220385474842168e+00,8.019749103764954867e-01,1.264220385474842168e+00,0.000000000000000000e+00,0.000000000000000000e+00
1.080000000000000071e+00,4.237185826300692959e+00,4.237185826300692959e+00,1.958036833859426507e+00,1.202962365564743230e+00,7.628141736993070410e-01,1.202962365564743230e+00,0.000000000000000000e+00,0.000000000000000000e+00
1.100000000000000089e+00,4.274718931831260171e+00,4.274718931831260171e+00,1.876655276528379934e+00,1.144221260548960561e+00,7.252810681687398286e-01,1.144221260548960561e+00,0.000000000000000000e+00,0.000000000000000000e+00
1.120000000000000107e+00,4.310674570013277140e+00,4.310674570013277140e+00,1.797781909100852893e+00,1.087921602253109743e+00,6.893254299867228596e-01,1.087921602253109743e+00,0.000000000000000000e+00,0.000000000000000000e+00
1.140000000000000124e+00,4.345102620667052662e+00,4.345102620667052662e+00,1.721402532688776077e+00,1.033988144980084289e+00,6.548973793329473381e-01,1.033988144980084289e+00,0.000000000000000000e+00,0.000000000000000000e+00
1.159999999999999920e+00,4.378052558393449090e+00,4.378052558393449090e+00,1.647496886319840481e+00,9.823460689994210071e-01,6.219474416065509104e-01,9.823460689994210071e-01,0.000000000000000000e+00,0.000000000000000000e+00
1.179999999999999938e+00,4.409573344672025996e+00,4.409573344672025996e+00,1.576039313928839114e+00,9.329211624098263655e-01,5.904266553279740037e-01,9.329211624098263655e-01,0.000000000000000000e+00,0.000000000000000000e+00
1.199999999999999956e+00,4.439713332288729219e+00,4.439713332288729219e+00,1.506999380835151392e+00,8.856399829919610056e-01,5.602866677112707805e-01,8.856399829919610056e-01,0.000000000000000000e+00,0.000000000000000000e+00
1.219999999999999973e+00,4.468520181146895531e+00,4.468520181146895531e+00,1.440342442908326914e+00,8.404300015669061708e-01,5.314798188531044687e-01,8.404300015669061708e-01,0.000000000000000000e+00,0.000000000000000000e+00
1.239999999999999991e+00,4.496040784575805027e+00,4.496040784575805027e+00,1.376030171445459915e+00,7.972197282796567031e-01,5.039592154241949729e-01,7.972197282796567031e-01,0.000000000000000000e+00,0.000000000000000000e+00
1.260000000000000009e+00,4.522321205308095671e+00,4.522321205308095671e+00,1.314021036614543281e+00,7.559388231362924593e-01,4.776787946919043293e-01,7.559388231362924593e-01,0.000000000000000000e+00,0.000000000000000000e+00
1.280000000000000027e+00,4.547406620351233109e+00,4.547406620351233109e+00,1.254270752156874558e+00,7.165181920378564939e-01,4.525933796487668914e-01,7.165181920378564939e-01,0.000000000000000000e+00,0.000000000000000000e+00
1.300000000000000044e+00,4.571341274029003365e+00,4.571341274029003365e+00,1.196732683888502180e+00,6.788900694731503371e-01,4.286587259709966347e-01,6.788900694731503371e-01,0.000000000000000000e+00,0.000000000000000000e+00
1.320000000000000062e+00,4.594168438516909703e+00,4.594168438516909703e+00,1.141358224395301546e+00,6.429880889564949520e-01,4.058315614830902973e-01,6.429880889564949520e-01,0.000000000000000000e+00,0.000000000000000000e+00
1.340000000000000080e+00,4.615930381240474389e+00,4.615930381240474389e+00,1.088097136178235003e+00,6.087473422246354460e-01,3.840696187595256106e-01,6.087473422246354460e-01,0.000000000000000000e+00,0.000000000000000000e+00
1.360000000000000098e+00,4.636668338547961454e+00,4.636668338547961454e+00,1.036897865374340366e+00,5.761044281392884159e-01,3.633316614520385457e-01,5.761044281392884159e-01,0.000000000000000000e+00,0.000000000000000000e+00
1.380000000000000115e+00,4.656422495109056037e+00,4.656422495109056037e+00,9.877078280547121336e-01,5.449974921780578185e-01,3.435775048909439633e-01,5.449974921780578185e-01,0.000000000000000000e+00,0.000000000000000000e+00
1.400000000000000133e+00,4.675231968528713367e+00,4.675231968528713367e+00,9.404736709828824814e-01,5.153662573364159449e-01,3.247680314712866334e-01,5.153662573364159449e-01,0.000000000000000000e+00,0.000000000000000000e+00
1.419999999999999929e+00,4.693134798700818955e+00,4.693134798700818955e+00,8.951415086052871839e-01,4.871520472069299501e-01,3.068652012991810452e-01,4.871520472069299501e-01,0.000000000000000000e+00,0.000000000000000000e+00
1.439999999999999947e+00,4.710167941459611818e+00,4.710167941459611818e+00,8.516571379396356001e-01,4.602978019487715677e-01,2.898320585403881822e-01,4.602978019487715677e-01,0.000000000000000000e+00,0.000000000000000000e+00
1.459999999999999964e+00,4.726367266118146837e+00,4.726367266118146837e+00,8.099662329267303118e-01,4.347480878105822732e-01,2.736327338818531629e-01,4.347480878105822732e-01,0.000000000000000000e+00,0.000000000000000000e+00
1.479999999999999982e+00,4.741767556512473725e+00,4.741767556512473725e+00,7.700145197163352773e-01,4.104491008227797444e-01,2.582324434875262753e-01,4.104491008227797444e-01,0.000000000000000000e+00,0.000000000000000000e+00
1.500000000000000000e+00,4.756402515197830638e+00,4.756402515197830638e+00,7.317479342678306908e-01,3.873486652312894130e-01,2.435974848021693617e-01,3.873486652312894130e-01,0.000000000000000000e+00,0.000000000000000000e+00
1.520000000000000018e+00,4.770304770469057765e+00,4.770304770469057765e+00,6.951127635613729705e-01,3.653962272032540426e-01,2.296952295309422354e-01,3.653962272032540426e-01,0.000000000000000000e+00,0.000000000000000000e+00
1.540000000000000036e+00,4.783505885901755406e+00,4.783505885901755406e+00,6.600557716348770532e-01,3.445428442964133531e-01,2.164941140982445944e-01,3.445428442964133531e-01,0.000000000000000000e+00,0.000000000000000000e+00
1.560000000000000053e+00,4.796036372133477776e+00,4.796036372133477776e+00,6.265243115861260925e-01,3.247411711473668916e-01,2.039636278665222235e-01,3.247411711473668916e-01,0.000000000000000000e+00,0.000000000000000000e+00
1.580000000000000071e+00,4.807925700625627741e+00,4.807925700625627741e+00,5.944664246074917724e-01,3.059454417997833353e-01,1.920742993743722593e-01,3.059454417997833353e-01,0.000000000000000000e+00,0.000000000000000000e+00
1.600000000000000089e+00,4.819202319166685733e+00,4.819202319166685733e+00,5.638309270528983896e-01,2.881114490615583890e-01,1.807976808333142671e-01,2.881114490615583890e-01,0.000000000000000000e+00,0.000000000000000000e+00
1.620000000000000107e+00,4.829893668896137804e+00,4.829893668896137804e+00,5.345674864726056574e-01,2.711965212499714006e-01,1.701063311038621961e-01,2.711965212499714006e-01,0.000000000000000000e+00,0.000000000000000000e+00
1.640000000000000124e+00,4.840026202645955955e+00,4.840026202645955955e+00,5.066266874909244322e-01,2.551594966557932942e-01,1.599737973540440450e-01,2.551594966557932942e-01,0.000000000000000000e+00,0.000000000000000000e+00
1.660000000000000142e+00,4.849625404412854834e+00,4.849625404412854834e+00,4.799600883449385846e-01,2.399606960310660675e-01,1.503745955871451656e-01,2.399606960310660675e-01,0.000000000000000000e+00,0.000000000000000000e+00
1.679999999999999938e+00,4.858715809789825535e+00,4.858715809789825535e+00,4.545202688485164844e-01,2.255618933807177484e-01,1.412841902101744651e-01,2.255618933807177484e-01,0.000000000000000000e+00,0.000000000000000000e+00
1.699999999999999956e+00,4.867321027199729144e+00,4.867321027199729144e+00,4.302608704951910168e-01,2.119262853152616977e-01,1.326789728002708557e-01,2.119262853152616977e-01,0.000000000000000000e+00,0.000000000000000000e+00
1.719999999999999973e+00,4.875463759787043827e+00,4.875463759787043827e+00,4.071366293657125435e-01,1.990184592004062836e-01,1.245362402129561730e-01,1.990184592004062836e-01,0.000000000000000000e+00,0.000000000000000000e+00
1.739999999999999991e+00,4.883165827836265294e+00,4.883165827836265294e+00,3.851034024610847095e-01,1.868043603194342595e-01,1.168341721637347064e-01,1.868043603194342595e-01,0.000000000000000000e+00,0.000000000000000000e+00
1.760000000000000009e+00,4.890448191597055683e+00,4.890448191597055683e+00,3.641181880395364390e-01,1.752512582456020596e-01,1.095518084029443173e-01,1.752512582456020596e-01,0.000000000000000000e+00,0.000000000000000000e+00
1.780000000000000027e+00,4.897330974406975734e+00,4.897330974406975734e+00,3.441391404960244538e-01,1.643277126044164760e-01,1.026690255930242657e-01,1.643277126044164760e-01,0.000000000000000000e+00,0.000000000000000000e+00
1.800000000000000044e+00,4.903833486012683096e+00,4.903833486012683096e+00,3.251255802853756371e-01,1.540035383895363985e-01,9.616651398731690392e-02,1.540035383895363985e-01,0.000000000000000000e+00,0.000000000000000000e+00
1.820000000000000062e+00,4.909974245999781495e+00,4.909974245999781495e+00,3.070379993549355868e-01,1.442497709809753559e-01,9.002575400021850527e-02,1.442497709809753559e-01,0.000000000000000000e+00,0.000000000000000000e+00
1.840000000000000080e+00,4.915771007250170577e+00,4.915771007250170577e+00,2.898380625194748039e-01,1.350386310003277579e-01,8.422899274982942330e-02,1.350386310003277579e-01,0.000000000000000000e+00,0.000000000000000000e+00
1.860000000000000098e+00,4.921240779353770911e+00,4.921240779353770911e+00,2.734886051800017315e-01,1.263434891247441350e-01,7.875922064622908891e-02,1.263434891247441350e-01,0.000000000000000000e+00,0.000000000000000000e+00
1.880000000000000115e+00,4.926399851908949579e+00,4.926399851908949579e+00,2.579536277589359328e-01,1.181388309693436334e-01,7.360014809105042133e-02,1.181388309693436334e-01,0.000000000000000000e+00,0.000000000000000000e+00
1.900000000000000133e+00,4.931263817652883574e+00,4.931263817652883574e+00,2.431982871966998916e-01,1.104002221365756320e-01,6.873618234711642572e-02,1.104002221365756320e-01,0.000000000000000000e+00,0.000000000000000000e+00
1.919999999999999929e+00,4.935847595369465601e+00,4.935847595369465601e+00,2.291888858290973552e-01,1.031042735206746386e-01,6.415240463053439868e-02,1.031042735206746386e-01,0.000000000000000000e+00,0.000000000000000000e+00
1.939999999999999947e+00,4.940165452528280987e+00,4.940165452528280987e+00,2.158928579407677906e-01,9.622860694580159802e-02,5.983454747171901289e-02,9.622860694580159802e-02,0.000000000000000000e+00,0.000000000000000000e+00
1.959999999999999964e+00,4.944231027613629870e+00,4.944231027613629870e+00,2.032787542674488745e-01,8.975182120757851933e-02,5.576897238637013032e-02,8.975182120757851933e-02,0.000000000000000000e+00,0.000000000000000000e+00
1.979999999999999982e+00,4.948057352107603002e+00,4.948057352107603002e+00,1.913162246986594983e-01,8.365345857955519548e-02,5.194264789239699809e-02,8.365345857955519548e-02,0.000000000000000000e+00,0.000000000000000000e+00
2.000000000000000000e+00,4.951656872095855810e+00,4.951656872095855810e+00,1.799759994126531037e-01,7.791397183859549713e-02,4.834312790414418970e-02,7.791397183859549713e-02,0.000000000000000000e+00,0.000000000000000000e+00
2.020000000000000018e+00,4.955041469468995707e+00,4.955041469468995707e+00,1.692298686570094246e-01,7.251469185621628455e-02,4.495853053100429264e-02,7.251469185621628455e-02,0.000000000000000000e+00,0.000000000000000000e+00
2.040000000000000036e+00,4.958222482696414524e+00,4.958222482696414524e+00,1.590506613709591344e-01,6.743779579650643896e-02,4.177751730358547633e-02,6.743779579650643896e-02,0.000000000000000000e+00,0.000000000000000000e+00
2.060000000000000053e+00,4.961210727153002153e+00,4.961210727153002153e+00,1.494122228294010313e-01,6.266627595537821449e-02,3.878927284699784650e-02,6.266627595537821449e-02,0.000000000000000000e+00,0.000000000000000000e+00
2.080000000000000071e+00,4.964016514982472650e+00,4.964016514982472650e+00,1.402893914735106051e-01,5.818390927049676975e-02,3.598348501752735018e-02,5.818390927049676975e-02,0.000000000000000000e+00,0.000000000000000000e+00
2.100000000000000089e+00,4.966649674484048482e+00,4.966649674484048482e+00,1.316579750787886527e-01,5.397522752629102527e-02,3.335032551595151773e-02,5.397522752629102527e-02,0.000000000000000000e+00,0.000000000000000000e+00
2.120000000000000107e+00,4.969119569012014459e+00,4.969119569012014459e+00,1.234947263983025151e-01,5.002548827392727659e-02,3.088043098798554098e-02,5.002548827392727659e-02,0.000000000000000000e+00,0.000000000000000000e+00
2.140000000000000124e+00,4.971435115380147707e+00,4.971435115380147707e+00,1.157773184066700906e-01,4.632064648197831147e-02,2.856488461985229321e-02,4.632064648197831147e-02,0.000000000000000000e+00,0.000000000000000000e+00
2.160000000000000142e+00,4.973604801765326933e+00,4.973604801765326933e+00,1.084843192589809296e-01,4.284732692977843982e-02,2.639519823467306736e-02,4.284732692977843982e-02,0.000000000000000000e+00,0.000000000000000000e+00
2.180000000000000160e+00,4.975636705106692759e+00,4.975636705106692759e+00,1.015951670682837954e-01,3.959279735200960104e-02,2.436329489330724130e-02,3.959279735200960104e-02,0.000000000000000000e+00,0.000000000000000000e+00
2.200000000000000178e+00,4.977538507998601425e+00,4.977538507998601425e+00,9.509014459545150899e-02,3.654494233996086194e-02,2.246149200139857527e-02,3.654494233996086194e-02,0.000000000000000000e+00,0.000000000000000000e+00
2.220000000000000195e+00,4.979317515077323897e+00,4.979317515077323897e+00,8.895035393611613883e-02,3.369223800209786290e-02,2.068248492267610317e-02,3.369223800209786290e-02,0.000000000000000000e+00,0.000000000000000000e+00
2.240000000000000213e+00,4.980980668902941666e+00,4.980980668902941666e+00,8.315769128090594320e-02,3.102372738401415475e-02,1.901933109705833402e-02,3.102372738401415475e-02,0.000000000000000000e+00,0.000000000000000000e+00
2.260000000000000231e+00,4.982534565339289401e+00,4.982534565339289401e+00,7.769482181737409621e-02,2.852899664558750104e-02,1.746543466071059925e-02,2.852899664558750104e-02,0.000000000000000000e+00,0.000000000000000000e+00
2.280000000000000249e+00,4.983985468435983890e+00,4.983985468435983890e+00,7.254515483474327509e-02,2.619815199106589887e-02,1.601453156401611011e-02,2.619815199106589887e-02,0.000000000000000000e+00,0.000000000000000000e+00
2.300000000000000266e+00,4.985339324817701367e+00,4.985339324817701367e+00,6.769281908587136687e-02,2.402179734602416517e-02,1.466067518229863254e-02,2.402179734602416517e-02,0.000000000000000000e+00,0.000000000000000000e+00
2.319999999999999840e+00,4.986601777586794348e+00,4.986601777586794348e+00,6.312263845462902367e-02,2.199101277344794880e-02,1.339822241320565155e-02,2.199101277344794880e-02,0.000000000000000000e+00,0.000000000000000000e+00
2.339999999999999858e+00,4.987778179746217511e+00,4.987778179746217511e+00,5.882010797114697181e-02,2.009733361980847732e-02,1.222182025378248937e-02,2.009733361980847732e-02,0.000000000000000000e+00,0.000000000000000000e+00
2.359999999999999876e+00,4.988873607150459577e+00,4.988873607150459577e+00,5.477137021209965012e-02,1.833273038067373406e-02,1.112639284954042296e-02,1.833273038067373406e-02,0.000000000000000000e+00,0.000000000000000000e+00
2.379999999999999893e+00,4.989892870992825635e+00,4.989892870992825635e+00,5.096319211832074647e-02,1.668958927431063444e-02,1.010712900717436469e-02,1.668958927431063444e-02,0.000000000000000000e+00,0.000000000000000000e+00
2.399999999999999911e+00,4.990840529837976547e+00,4.990840529837976547e+00,4.738294225756482791e-02,1.516069351076154703e-02,9.159470162023453099e-03,1.516069351076154703e-02,0.000000000000000000e+00,0.000000000000000000e+00
2.419999999999999929e+00,4.991720901209098393e+00,4.991720901209098393e+00,4.401856855611186586e-02,1.373920524303517965e-02,8.279098790901606719e-03,1.373920524303517965e-02,0.000000000000000000e+00,0.000000000000000000e+00
2.439999999999999947e+00,4.992538072739480803e+00,4.992538072739480803e+00,4.085857651913592237e-02,1.241864818635241008e-02,7.461927260519196636e-03,1.241864818635241008e-02,0.000000000000000000e+00,0.000000000000000000e+00
2.459999999999999964e+00,4.993295912898607192e+00,4.993295912898607192e+00,3.789200795630021101e-02,1.119289089077879495e-02,6.704087101392808279e-03,1.119289089077879495e-02,0.000000000000000000e+00,0.000000000000000000e+00
2.479999999999999982e+00,4.993998081303124614e+00,4.993998081303124614e+00,3.510842022587910838e-02,1.005613065208921242e-02,6.001918696875385706e-03,1.005613065208921242e-02,0.000000000000000000e+00,0.000000000000000000e+00
2.500000000000000000e+00,4.994648038623281217e+00,4.994648038623281217e+00,3.249786600782250678e-02,9.002878045313078559e-03,5.351961376718783470e-03,9.002878045313078559e-03,0.000000000000000000e+00,0.000000000000000000e+00
2.520000000000000018e+00,4.995249056095552476e+00,4.995249056095552476e+00,3.005087361354807224e-02,8.027942065078175204e-03,4.750943904447524346e-03,8.027942065078175204e-03,0.000000000000000000e+00,0.000000000000000000e+00
2.540000000000000036e+00,4.995804224652309777e+00,4.995804224652309777e+00,2.775842783786039436e-02,7.126415856671286519e-03,4.195775347690222645e-03,7.126415856671286519e-03,0.000000000000000000e+00,0.000000000000000000e+00
2.560000000000000053e+00,4.996316463679434605e+00,4.996316463679434605e+00,2.561195135622788832e-02,6.293663021535333968e-03,3.683536320565394817e-03,6.293663021535333968e-03,0.000000000000000000e+00,0.000000000000000000e+00
2.580000000000000071e+00,4.996788529412808266e+00,4.996788529412808266e+00,2.360328666868991010e-02,5.525304480848092226e-03,3.211470587191733728e-03,5.525304480848092226e-03,0.000000000000000000e+00,0.000000000000000000e+00
2.600000000000000089e+00,4.997223022984606189e+00,4.997223022984606189e+00,2.172467858989967845e-02,4.817205880787600591e-03,2.776977015393811143e-03,4.817205880787600591e-03,0.000000000000000000e+00,0.000000000000000000e+00
2.620000000000000107e+00,4.997622398130270760e+00,4.997622398130270760e+00,1.996875728321878193e-02,4.165465523090716715e-03,2.377601869729240036e-03,4.165465523090716715e-03,0.000000000000000000e+00,0.000000000000000000e+00
2.640000000000000124e+00,4.997988968566978052e+00,4.997988968566978052e+00,1.832852183535629148e-02,3.566402804593860054e-03,2.011031433021948089e-03,3.566402804593860054e-03,0.000000000000000000e+00,0.000000000000000000e+00
2.660000000000000142e+00,4.998324915054313422e+00,4.998324915054313422e+00,1.679732436677395385e-02,3.016547149532922134e-03,1.675084945686577953e-03,3.016547149532922134e-03,0.000000000000000000e+00,0.000000000000000000e+00
2.680000000000000160e+00,4.998632292147752842e+00,4.998632292147752842e+00,1.536885467194954585e-02,2.512627418529866929e-03,1.367707852247157518e-03,2.512627418529866929e-03,0.000000000000000000e+00,0.000000000000000000e+00
2.700000000000000178e+00,4.998913034655404708e+00,4.998913034655404708e+00,1.403712538259166420e-02,2.051561778370736278e-03,1.086965344595292038e-03,2.051561778370736278e-03,0.000000000000000000e+00,0.000000000000000000e+00
2.720000000000000195e+00,4.999168963808324762e+00,4.999168963808324762e+00,1.279645764602179228e-02,1.630448016892938057e-03,8.310361916752384559e-04,1.630448016892938057e-03,0.000000000000000000e+00,0.000000000000000000e+00
2.740000000000000213e+00,4.999401793154528484e+00,4.999401793154528484e+00,1.164146731017089847e-02,1.246554287512857684e-03,5.982068454715161465e-04,1.246554287512857684e-03,0.000000000000000000e+00,0.000000000000000000e+00
2.760000000000000231e+00,4.999613134186647656e+00,4.999613134186647656e+00,1.056705160597453536e-02,8.973102682072742198e-04,3.868658133523439346e-04,8.973102682072742198e-04,0.000000000000000000e+00,0.000000000000000000e+00
2.780000000000000249e+00,4.999804501712994842e+00,4.999804501712994842e+00,9.568376317379933063e-03,5.802987200285159020e-04,1.954982870051580335e-04,5.802987200285159020e-04,0.000000000000000000e+00,0.000000000000000000e+00
2.800000000000000266e+00,4.999977318981568608e+00,4.999977318981568608e+00,8.640863428692713635e-03,2.932474305077370502e-04,2.268101843139191942e-05,2.932474305077370502e-04,0.000000000000000000e+00,0.000000000000000000e+00
2.819999999999999840e+00,5.000132922566340454e+00,5.000132922566340454e+00,7.780179238588150886e-03,3.402152764708787913e-05,-1.329225663404542956e-04,3.402152764708787913e-05,0.000000000000000000e+00,0.000000000000000000e+00
2.839999999999999858e+00,5.000272567024936166e+00,5.000272567024936166e+00,6.982222929778268000e-03,-1.993838495106814435e-04,-2.725670249361655806e-04,-1.993838495106814435e-04,0.000000000000000000e+00,0.000000000000000000e+00
2.859999999999999876e+00,5.000397429336597810e+00,5.000397429336597810e+00,6.243115583060016537e-03,-4.088505374042483709e-04,-3.974293365978098791e-04,-4.088505374042483709e-04,0.000000000000000000e+00,0.000000000000000000e+00
2.879999999999999893e+00,5.000508613129083457e+00,5.000508613129083457e+00,5.559189624264343314e-03,-5.961440048967148186e-04,-5.086131290834572383e-04,-5.961440048967148186e-04,0.000000000000000000e+00,0.000000000000000000e+00
2.899999999999999911e+00,5.000607152702932545e+00,5.000607152702932545e+00,4.926978692475390657e-03,-7.629196936251858574e-04,-6.071527029325451963e-04,-7.629196936251858574e-04,0.000000000000000000e+00,0.000000000000000000e+00
2.919999999999999929e+00,5.000694016861288560e+00,5.000694016861288560e+00,4.343207917787969725e-03,-9.107290543988177944e-04,-6.940168612885599941e-04,-9.107290543988177944e-04,0.000000000000000000e+00,0.000000000000000000e+00
2.939999999999999947e+00,5.000770112553224678e+00,5.000770112553224678e+00,3.804784596815888667e-03,-1.041025291932839991e-03,-7.701125532246777539e-04,-1.041025291932839991e-03,0.000000000000000000e+00,0.000000000000000000e+00
2.959999999999999964e+00,5.000836288338307511e+00,5.000836288338307511e+00,3.308789254150598051e-03,-1.155168829837016631e-03,-8.362883383075114807e-04,-1.155168829837016631e-03,0.000000000000000000e+00,0.000000000000000000e+00
2.979999999999999982e+00,5.000893337679867656e+00,5.000893337679867656e+00,2.852467077989411827e-03,-1.254432507461267221e-03,-8.933376798676562203e-04,-1.254432507461267221e-03,0.000000000000000000e+00,0.000000000000000000e+00
3.000000000000000000e+00,5.000942002074231674e+00,5.000942002074231674e+00,2.433219718210322298e-03,-1.340006519801484330e-03,-9.420020742316737028e-04,-1.340006519801484330e-03,0.000000000000000000e+00,0.000000000000000000e+00
3.020000000000000018e+00,5.000982974022936567e+00,5.000982974022936567e+00,2.048597435254539099e-03,-1.413003111347510554e-03,-9.829740229365668824e-04,-1.413003111347510554e-03,0.000000000000000000e+00,0.000000000000000000e+00
3.040000000000000036e+00,5.001016899854702658e+00,5.001016899854702658e+00,1.696291588288600070e-03,-1.474461034404850324e-03,-1.016899854702657535e-03,-1.474461034404850324e-03,0.000000000000000000e+00,0.000000000000000000e+00
3.060000000000000053e+00,5.001044382403727617e+00,5.001044382403727617e+00,1.374127451254341346e-03,-1.525349782053986303e-03,-1.044382403727617259e-03,-1.525349782053986303e-03,0.000000000000000000e+00,0.000000000000000000e+00
3.080000000000000071e+00,5.001065983550638805e+00,5.001065983550638805e+00,1.080057345569764580e-03,-1.566573605591425888e-03,-1.065983550638804900e-03,-1.566573605591425888e-03,0.000000000000000000e+00,0.000000000000000000e+00
3.100000000000000089e+00,5.001082226632207473e+00,5.001082226632207473e+00,8.121540784169674083e-04,-1.598975325958207350e-03,-1.082226632207472505e-03,-1.598975325958207350e-03,0.000000000000000000e+00,0.000000000000000000e+00
3.120000000000000107e+00,5.001093598725722345e+00,5.001093598725722345e+00,5.686046757441497700e-04,-1.623339948311208758e-03,-1.093598725722344511e-03,-1.623339948311208758e-03,0.000000000000000000e+00,0.000000000000000000e+00
3.140000000000000124e+00,5.001100552813708688e+00,5.001100552813708688e+00,3.477043993113831163e-04,-1.640398088583516767e-03,-1.100552813708688404e-03,-1.640398088583516767e-03,0.000000000000000000e+00,0.000000000000000000e+00
3.160000000000000142e+00,5.001103509834455174e+00,5.001103509834455174e+00,1.478510373239415223e-04,-1.650829220563032607e-03,-1.103509834455174143e-03,-1.650829220563032607e-03,0.000000000000000000e+00,0.000000000000000000e+00
3.180000000000000160e+00,5.001102860623623414e+00,5.001102860623623414e+00,-3.246054157672874601e-05,-1.655264751682761215e-03,-1.102860623623413971e-03,-1.655264751682761215e-03,0.000000000000000000e+00,0.000000000000000000e+00
3.200000000000000178e+00,5.001098967752004576e+00,5.001098967752004576e+00,-1.946435809625679698e-04,-1.654290935435120957e-03,-1.098967752004575971e-03,-1.654290935435120957e-03,0.000000000000000000e+00,0.000000000000000000e+00
3.220000000000000195e+00,5.001092167264291177e+00,5.001092167264291177e+00,-3.400243856669975468e-04,-1.648451628006863956e-03,-1.092167264291177275e-03,-1.648451628006863956e-03,0.000000000000000000e+00,0.000000000000000000e+00
3.240000000000000213e+00,5.001082770323556304e+00,5.001082770323556304e+00,-4.698470367439744159e-04,-1.638250896436765913e-03,-1.082770323556303538e-03,-1.638250896436765913e-03,0.000000000000000000e+00,0.000000000000000000e+00
3.260000000000000231e+00,5.001071064765924667e+00,5.001071064765924667e+00,-5.852778816030225050e-04,-1.624155485334455307e-03,-1.071064765924667483e-03,-1.624155485334455307e-03,0.000000000000000000e+00,0.000000000000000000e+00
3.280000000000000249e+00,5.001057316569758271e+00,5.001057316569758271e+00,-6.874098083314203987e-04,-1.606597148887001225e-03,-1.057316569758270930e-03,-1.606597148887001225e-03,0.000000000000000000e+00,0.000000000000000000e+00
3.300000000000000266e+00,5.001041771243499134e+00,5.001041771243499134e+00,-7.772663129620190200e-04,-1.585974854637406395e-03,-1.041771243499134414e-03,-1.585974854637406395e-03,0.000000000000000000e+00,0.000000000000000000e+00
3.320000000000000284e+00,5.001024655136135699e+00,5.001024655136135699e+00,-8.558053681906873126e-04,-1.562656865248701621e-03,-1.024655136135699252e-03,-1.562656865248701621e-03,0.000000000000000000e+00,0.000000000000000000e+00
3.339999999999999858e+00,5.001006176674099635e+00,5.001006176674099635e+00,-9.239231017919735016e-04,-1.536982704203548877e-03,-1.006176674099634738e-03,-1.536982704203548877e-03,0.000000000000000000e+00,0.000000000000000000e+00
3.359999999999999876e+00,5.000986527528245240e+00,5.000986527528245240e+00,-9.824572927277213513e-04,-1.509265011149452107e-03,-9.865275282452401484e-04,-1.509265011149452107e-03,0.000000000000000000e+00,0.000000000000000000e+00
3.379999999999999893e+00,5.000965883714391325e+00,5.000965883714391325e+00,-1.032190692691735238e-03,-1.479791292367860223e-03,-9.658837143913245882e-04,-1.479791292367860223e-03,0.000000000000000000e+00,0.000000000000000000e+00
3.399999999999999911e+00,5.000944406630779326e+00,5.000944406630779326e+00,-1.073854180581260403e-03,-1.448825571586986882e-03,-9.444066307793264059e-04,-1.448825571586986882e-03,0.000000000000000000e+00,0.000000000000000000e+00
3.419999999999999929e+00,5.000922244035636233e+00,5.000922244035636233e+00,-1.108129757140033410e-03,-1.416609946168989609e-03,-9.222440356362326952e-04,-1.416609946168989609e-03,0.000000000000000000e+00,0.000000000000000000e+00
3.439999999999999947e+00,5.000899530967901185e+00,5.000899530967901185e+00,-1.135653386771465038e-03,-1.383366053454349043e-03,-8.995309679011853632e-04,-1.383366053454349043e-03,0.000000000000000000e+00,0.000000000000000000e+00
3.459999999999999964e+00,5.000876390614035216e+00,5.000876390614035216e+00,-1.157017693279496296e-03,-1.349296451851778045e-03,-8.763906140352162311e-04,-1.349296451851778045e-03,0.000000000000000000e+00,0.000000000000000000e+00
3.479999999999999982e+00,5.000852935123713650e+00,5.000852935123713650e+00,-1.172774516056829123e-03,-1.314585921052824347e-03,-8.529351237136495456e-04,-1.314585921052824347e-03,0.000000000000000000e+00,0.000000000000000000e+00
3.500000000000000000e+00,5.000829266377053273e+00,5.000829266377053273e+00,-1.183437333008193577e-03,-1.279402685570474318e-03,-8.292663770532726630e-04,-1.279402685570474318e-03,0.000000000000000000e+00,0.000000000000000000e+00
3.520000000000000018e+00,5.000805476705927788e+00,5.000805476705927788e+00,-1.189483556265365227e-03,-1.243899565579908995e-03,-8.054767059277878616e-04,-1.243899565579908995e-03,0.000000000000000000e+00,0.000000000000000000e+00
3.540000000000000036e+00,5.000781649571797161e+00,5.000781649571797161e+00,-1.191356706527996884e-03,-1.208215058891681792e-03,-7.816495717971605472e-04,-1.208215058891681792e-03,0.000000000000000000e+00,0.000000000000000000e+00
3.560000000000000053e+00,5.000757860202364569e+00,5.000757860202364569e+00,-1.189468471644771364e-03,-1.172474357695740821e-03,-7.578602023645686359e-04,-1.172474357695740821e-03,0.000000000000000000e+00,0.000000000000000000e+00
3.580000000000000071e+00,5.000734176189268076e+00,5.000734176189268076e+00,-1.184200654834979480e-03,-1.136790303546852954e-03,-7.341761892680764845e-04,-1.136790303546852954e-03,0.000000000000000000e+00,0.000000000000000000e+00
3.600000000000000089e+00,5.000710658048912904e+00,5.000710658048912904e+00,-1.175907017741693004e-03,-1.101264283902114727e-03,-7.106580489129044054e-04,-1.101264283902114727e-03,0.000000000000000000e+00,0.000000000000000000e+00
3.620000000000000107e+00,5.000687359748447136e+00,5.000687359748447136e+00,-1.164915023304459365e-03,-1.065987073369356608e-03,-6.873597484471360985e-04,-1.065987073369356608e-03,0.000000000000000000e+00,0.000000000000000000e+00
3.640000000000000124e+00,5.000664329198782454e+00,5.000664329198782454e+00,-1.151527483241083930e-03,-1.031039622670704148e-03,-6.643291987824540001e-04,-1.031039622670704148e-03,0.000000000000000000e+00,0.000000000000000000e+00
3.660000000000000142e+00,5.000641608716487774e+00,5.000641608716487774e+00,-1.136024114734343572e-03,-9.964937981736810002e-04,-6.416087164877737337e-04,-9.964937981736810002e-04,0.000000000000000000e+00,0.000000000000000000e+00
3.680000000000000160e+00,5.000619235456273515e+00,5.000619235456273515e+00,-1.118663010734075296e-03,-9.624130747316606005e-04,-6.192354562735147283e-04,-9.624130747316606005e-04,0.000000000000000000e+00,0.000000000000000000e+00
3.700000000000000178e+00,5.000597241815711413e+00,5.000597241815711413e+00,-1.099682028101695063e-03,-9.288531844102720925e-04,-5.972418157114134374e-04,-9.288531844102720925e-04,0.000000000000000000e+00,0.000000000000000000e+00
3.720000000000000195e+00,5.000575655813758402e+00,5.000575655813758402e+00,-1.079300097648237637e-03,-8.958627235671201561e-04,-5.756558137584022461e-04,-8.958627235671201561e-04,0.000000000000000000e+00,0.000000000000000000e+00
3.740000000000000213e+00,5.000554501444559818e+00,5.000554501444559818e+00,-1.057718459947174124e-03,-8.634837206376033691e-04,-5.545014445598184238e-04,-8.634837206376033691e-04,0.000000000000000000e+00,0.000000000000000000e+00
3.760000000000000231e+00,5.000533799007946811e+00,5.000533799007946811e+00,-1.035121830636429388e-03,-8.317521668397276358e-04,-5.337990079468113436e-04,-8.317521668397276358e-04,0.000000000000000000e+00,0.000000000000000000e+00
3.780000000000000249e+00,5.000513565417971762e+00,5.000513565417971762e+00,-1.011679498764808238e-03,-8.006985119202170154e-04,-5.135654179717619172e-04,-8.006985119202170154e-04,0.000000000000000000e+00,0.000000000000000000e+00
3.800000000000000266e+00,5.000493814490740263e+00,5.000493814490740263e+00,-9.875463615840916146e-04,-7.703481269576428758e-04,-4.938144907402630679e-04,-7.703481269576428758e-04,0.000000000000000000e+00,0.000000000000000000e+00
3.820000000000000284e+00,5.000474557212759130e+00,5.000474557212759130e+00,-9.628638990367219134e-04,-7.407217361103946018e-04,-4.745572127591302092e-04,-7.407217361103946018e-04,0.000000000000000000e+00,0.000000000000000000e+00
3.839999999999999858e+00,5.000455801990938198e+00,5.000455801990938198e+00,-9.377610910469191992e-04,-7.118358191386953138e-04,-4.558019909381982870e-04,-7.118358191386953138e-04,0.000000000000000000e+00,0.000000000000000000e+00
3.859999999999999876e+00,5.000437554885326819e+00,5.000437554885326819e+00,-9.123552805829570440e-04,-6.837029864072974306e-04,-4.375548853268185212e-04,-6.837029864072974306e-04,0.000000000000000000e+00,0.000000000000000000e+00
3.879999999999999893e+00,5.000419819825620671e+00,5.000419819825620671e+00,-8.867529853236841720e-04,-6.563323279902277818e-04,-4.198198256206708834e-04,-6.563323279902277818e-04,0.000000000000000000e+00,0.000000000000000000e+00
3.899999999999999911e+00,5.000402598812407895e+00,5.000402598812407895e+00,-8.610506606344163439e-04,-6.297297384310063251e-04,-4.025988124078949681e-04,-6.297297384310063251e-04,0.000000000000000000e+00,0.000000000000000000e+00
3.919999999999999929e+00,5.000385892104079133e+00,5.000385892104079133e+00,-8.353354164321589222e-04,-6.038982186118424522e-04,-3.858921040791329915e-04,-6.038982186118424522e-04,0.000000000000000000e+00,0.000000000000000000e+00
3.939999999999999947e+00,5.000369698390271012e+00,5.000369698390271012e+00,-8.096856904008130004e-04,-5.788381561186994873e-04,-3.696983902710115899e-04,-5.788381561186994873e-04,0.000000000000000000e+00,0.000000000000000000e+00
3.959999999999999964e+00,5.000354014952672621e+00,5.000354014952672621e+00,-7.841718799013834822e-04,-5.545475854065173849e-04,-3.540149526726210638e-04,-5.545475854065173849e-04,0.000000000000000000e+00,0.000000000000000000e+00
3.979999999999999982e+00,5.000338837813976589e+00,5.000338837813976589e+00,-7.588569348121383153e-04,-5.310224290089315957e-04,-3.388378139765890751e-04,-5.310224290089315957e-04,0.000000000000000000e+00,0.000000000000000000e+00
4.000000000000000000e+00,5.000324161875708384e+00,5.000324161875708384e+00,-7.337969134274128016e-04,-5.082567209648836126e-04,-3.241618757083841729e-04,-5.082567209648836126e-04,0.000000000000000000e+00,0.000000000000000000e+00
4.020000000000000462e+00,5.000309981045639951e+00,5.000309981045639951e+00,-7.090415034409291257e-04,-4.862428135625762593e-04,-3.099810456399509917e-04,-4.862428135625762593e-04,0.000000000000000000e+00,0.000000000000000000e+00
4.040000000000000036e+00,5.000296288355441376e+00,5.000296288355441376e+00,-6.846345099428288944e-04,-4.649715684599264875e-04,-2.962883554413764386e-04,-4.649715684599264875e-04,0.000000000000000000e+00,0.000000000000000000e+00
4.060000000000000497e+00,5.000283076069195864e+00,5.000283076069195864e+00,-6.606143122647524816e-04,-4.444325331620646580e-04,-2.830760691958644770e-04,-4.444325331620646580e-04,0.000000000000000000e+00,0.000000000000000000e+00
4.080000000000000071e+00,5.000270335783367770e+00,5.000270335783367770e+00,-6.370142914176569159e-04,-4.246141037937967155e-04,-2.703357833677699773e-04,-4.246141037937967155e-04,0.000000000000000000e+00,0.000000000000000000e+00
4.099999999999999645e+00,5.000258058518772586e+00,5.000258058518772586e+00,-6.138632297810566775e-04,-4.055036750516549660e-04,-2.580585187725858987e-04,-4.055036750516549660e-04,0.000000000000000000e+00,0.000000000000000000e+00
4.120000000000000107e+00,5.000246234805080014e+00,5.000246234805080014e+00,-5.911856846188388729e-04,-3.870877781588788480e-04,-2.462348050800144961e-04,-3.870877781588788480e-04,0.000000000000000000e+00,0.000000000000000000e+00
4.139999999999999680e+00,5.000234854758341285e+00,5.000234854758341285e+00,-5.690023369189571275e-04,-3.693522076200217441e-04,-2.348547583412852191e-04,-3.693522076200217441e-04,0.000000000000000000e+00,0.000000000000000000e+00
4.160000000000000142e+00,5.000223908152001684e+00,5.000223908152001684e+00,-5.473303169782542518e-04,-3.522821375119278287e-04,-2.239081520016839022e-04,-3.522821375119278287e-04,0.000000000000000000e+00,0.000000000000000000e+00
4.179999999999999716e+00,5.000213384481839718e+00,5.000213384481839718e+00,-5.261835080806814228e-04,-3.358622280025258533e-04,-2.133844818397179210e-04,-3.358622280025258533e-04,0.000000000000000000e+00,0.000000000000000000e+00
4.200000000000000178e+00,5.000203273025248585e+00,5.000203273025248585e+00,-5.055728295485709253e-04,-3.200767227595768816e-04,-2.032730252485848155e-04,-3.200767227595768816e-04,0.000000000000000000e+00,0.000000000000000000e+00
4.219999999999999751e+00,5.000193562895240973e+00,5.000193562895240973e+00,-4.855065003810015768e-04,-3.049095378728772232e-04,-1.935628952409729209e-04,-3.049095378728772232e-04,0.000000000000000000e+00,0.000000000000000000e+00
4.240000000000000213e+00,5.000184243089548453e+00,5.000184243089548453e+00,-4.659902846290473301e-04,-2.903443428614593813e-04,-1.842430895484525877e-04,-2.903443428614593813e-04,0.000000000000000000e+00,0.000000000000000000e+00
4.259999999999999787e+00,5.000175302535156519e+00,5.000175302535156519e+00,-4.470277195984104961e-04,-2.763646343226788815e-04,-1.753025351565185019e-04,-2.763646343226788815e-04,0.000000000000000000e+00,0.000000000000000000e+00
4.280000000000000249e+00,5.000166730128598580e+00,5.000166730128598580e+00,-4.286203279120472326e-04,-2.629538027347777529e-04,-1.667301285985800519e-04,-2.629538027347777529e-04,0.000000000000000000e+00,0.000000000000000000e+00
4.299999999999999822e+00,5.000158514772309992e+00,5.000158514772309992e+00,-4.107678144106295171e-04,-2.500951928978700778e-04,-1.585147723099922246e-04,-2.500951928978700778e-04,0.000000000000000000e+00,0.000000000000000000e+00
4.320000000000000284e+00,5.000150645407333450e+00,5.000150645407333450e+00,-3.934682488160654154e-04,-2.377721584649883368e-04,-1.506454073334495547e-04,-2.377721584649883368e-04,0.000000000000000000e+00,0.000000000000000000e+00
4.339999999999999858e+00,5.000143111042632427e+00,5.000143111042632427e+00,-3.767182350344763179e-04,-2.259681110001743320e-04,-1.431110426324266882e-04,-2.259681110001743320e-04,0.000000000000000000e+00,0.000000000000000000e+00
4.360000000000000320e+00,5.000135900781273790e+00,5.000135900781273790e+00,-3.605130679258926893e-04,-2.146665639486400323e-04,-1.359007812737900167e-04,-2.146665639486400323e-04,0.000000000000000000e+00,0.000000000000000000e+00
4.379999999999999893e+00,5.000129003843706954e+00,5.000129003843706954e+00,-3.448468783243719446e-04,-2.038511719106850251e-04,-1.290038437069540578e-04,-2.038511719106850251e-04,0.000000000000000000e+00,0.000000000000000000e+00
4.400000000000000355e+00,5.000122409588366068e+00,5.000122409588366068e+00,-3.297127670479778859e-04,-1.935057655604310867e-04,-1.224095883660680784e-04,-1.935057655604310867e-04,0.000000000000000000e+00,0.000000000000000000e+00
4.419999999999999929e+00,5.000116107529794185e+00,5.000116107529794185e+00,-3.151029285980902874e-04,-1.836143825491021175e-04,-1.161075297941849271e-04,-1.836143825491021175e-04,0.000000000000000000e+00,0.000000000000000000e+00
4.440000000000000391e+00,5.000110087354490140e+00,5.000110087354490140e+00,-3.010087652074090086e-04,-1.741612946912773907e-04,-1.100873544901403989e-04,-1.741612946912773907e-04,0.000000000000000000e+00,0.000000000000000000e+00
4.459999999999999964e+00,5.000104338934653114e+00,5.000104338934653114e+00,-2.874209918601891784e-04,-1.651310317352105983e-04,-1.043389346531142792e-04,-1.651310317352105983e-04,0.000000000000000000e+00,0.000000000000000000e+00
4.480000000000000426e+00,5.000098852339995403e+00,5.000098852339995403e+00,-2.743297328721374024e-04,-1.565084019796714188e-04,-9.885233999540332661e-05,-1.565084019796714188e-04,0.000000000000000000e+00,0.000000000000000000e+00
4.500000000000000000e+00,5.000093617847783278e+00,5.000093617847783278e+00,-2.617246105842341774e-04,-1.482785099931049899e-04,-9.361784778327830736e-05,-1.482785099931049899e-04,0.000000000000000000e+00,0.000000000000000000e+00
4.520000000000000462e+00,5.000088625951249810e+00,5.000088625951249810e+00,-2.495948266933025275e-04,-1.404267716749174610e-04,-8.862595124980998662e-05,-1.404267716749174610e-04,0.000000000000000000e+00,0.000000000000000000e+00
4.540000000000000036e+00,5.000083867366515555e+00,5.000083867366515555e+00,-2.379292367114437727e-04,-1.329389268747149799e-04,-8.386736651555537492e-05,-1.329389268747149799e-04,0.000000000000000000e+00,0.000000000000000000e+00
4.560000000000000497e+00,5.000079333038154772e+00,5.000079333038154772e+00,-2.267164180176327044e-04,-1.258010497733330624e-04,-7.933303815477188436e-05,-1.258010497733330624e-04,0.000000000000000000e+00,0.000000000000000000e+00
4.580000000000000071e+00,5.000075014143516405e+00,5.000075014143516405e+00,-2.159447319390852193e-04,-1.189995572321578265e-04,-7.501414351640534051e-05,-1.189995572321578265e-04,0.000000000000000000e+00,0.000000000000000000e+00
4.600000000000000533e+00,5.000070902095910874e+00,5.000070902095910874e+00,-2.056023802726375039e-04,-1.125212152746080108e-04,-7.090209591087415220e-05,-1.125212152746080108e-04,0.000000000000000000e+00,0.000000000000000000e+00
4.620000000000000107e+00,5.000066988546778113e+00,5.000066988546778113e+00,-1.956774566320048899e-04,-1.063531438663112283e-04,-6.698854677811283409e-05,-1.063531438663112283e-04,0.000000000000000000e+00,0.000000000000000000e+00
4.639999999999999680e+00,5.000063265386918587e+00,5.000063265386918587e+00,-1.861579929855213368e-04,-1.004828201671692511e-04,-6.326538691858729635e-05,-1.004828201671692511e-04,0.000000000000000000e+00,0.000000000000000000e+00
4.660000000000000142e+00,5.000059724746884093e+00,5.000059724746884093e+00,-1.770320017247573085e-04,-9.489808037788094452e-05,-5.972474688409334931e-05,-9.489808037788094452e-05,0.000000000000000000e+00,0.000000000000000000e+00
4.679999999999999716e+00,5.000056358996612715e+00,5.000056358996612715e+00,-1.682875135848955692e-04,-8.958712032614002396e-05,-5.635899661271537298e-05,-8.958712032614002396e-05,0.000000000000000000e+00,0.000000000000000000e+00
4.700000000000000178e+00,5.000053160744378111e+00,5.000053160744378111e+00,-1.599126117183133290e-04,-8.453849491907305946e-05,-5.316074437811124653e-05,-8.453849491907305946e-05,0.000000000000000000e+00,0.000000000000000000e+00
4.719999999999999751e+00,5.000050122835133948e+00,5.000050122835133948e+00,-1.518954622031986831e-04,-7.974111656716686980e-05,-5.012283513394777401e-05,-7.974111656716686980e-05,0.000000000000000000e+00,0.000000000000000000e+00
4.740000000000000213e+00,5.000047238348308554e+00,5.000047238348308554e+00,-1.442243412529709836e-04,-7.518425270092166102e-05,-4.723834830855366818e-05,-7.518425270092166102e-05,0.000000000000000000e+00,0.000000000000000000e+00
4.759999999999999787e+00,5.000044500595120844e+00,5.000044500595120844e+00,-1.368876593739569436e-04,-7.085752246283050226e-05,-4.450059512084436619e-05,-7.085752246283050226e-05,0.000000000000000000e+00,0.000000000000000000e+00
4.780000000000000249e+00,5.000041903115466368e+00,5.000041903115466368e+00,-1.298739827046879096e-04,-6.675089268126654929e-05,-4.190311546636849016e-05,-6.675089268126654929e-05,0.000000000000000000e+00,0.000000000000000000e+00
4.799999999999999822e+00,5.000039439674431208e+00,5.000039439674431208e+00,-1.231720517541743840e-04,-6.285467319955273524e-05,-3.943967443120754979e-05,-6.285467319955273524e-05,0.000000000000000000e+00,0.000000000000000000e+00
4.820000000000000284e+00,5.000037104258476361e+00,5.000037104258476361e+00,-1.167707977434380754e-04,-5.915951164681132468e-05,-3.710425847636145136e-05,-5.915951164681132468e-05,0.000000000000000000e+00,0.000000000000000000e+00
4.839999999999999858e+00,5.000034891071341470e+00,5.000034891071341470e+00,-1.106593567405484910e-04,-5.565638771454217704e-05,-3.489107134146962608e-05,-5.565638771454217704e-05,0.000000000000000000e+00,0.000000000000000000e+00
4.860000000000000320e+00,5.000032794529706059e+00,5.000032794529706059e+00,-1.048270817677140912e-04,-5.233660701220443912e-05,-3.279452970605944984e-05,-5.233660701220443912e-05,0.000000000000000000e+00,0.000000000000000000e+00
4.879999999999999893e+00,5.000030809258644737e+00,5.000030809258644737e+00,-9.926355304685160227e-05,-4.919179455908917475e-05,-3.080925864473726961e-05,-4.919179455908917475e-05,0.000000000000000000e+00,0.000000000000000000e+00
4.900000000000000355e+00,5.000028930086913626e+00,5.000028930086913626e+00,-9.395858653887703520e-05,-4.621388796710590441e-05,-2.893008691362553009e-05,-4.621388796710590441e-05,0.000000000000000000e+00,0.000000000000000000e+00
4.919999999999999929e+00,5.000027152042095580e+00,5.000027152042095580e+00,-8.890224092203316119e-05,-4.339513037043829513e-05,-2.715204209557953163e-05,-4.339513037043829513e-05,0.000000000000000000e+00,0.000000000000000000e+00
4.940000000000000391e+00,5.000025470345632606e+00,5.000025470345632606e+00,-8.408482314416677753e-05,-4.072806314336929745e-05,-2.547034563260552886e-05,-4.072806314336929745e-05,0.000000000000000000e+00,0.000000000000000000e+00
4.959999999999999964e+00,5.000023880407779231e+00,5.000023880407779231e+00,-7.949689267464092504e-05,-3.820551844890829329e-05,-2.388040777923094993e-05,-3.820551844890829329e-05,0.000000000000000000e+00,0.000000000000000000e+00
4.980000000000000426e+00,5.000022377822487485e+00,5.000022377822487485e+00,-7.512926457406147638e-05,-3.582061166884642489e-05,-2.237782248748487746e-05,-3.582061166884642489e-05,0.000000000000000000e+00,0.000000000000000000e+00
5.000000000000000000e+00,5.000020958362258128e+00,5.000020958362258128e+00,-7.097301148977805494e-05,-3.356673373122731618e-05,-2.095836225812774956e-05,-3.356673373122731618e-05,0.000000000000000000e+00,0.000000000000000000e+00
5.020000000000000462e+00,5.000019617972964348e+00,5.000019617972964348e+00,-6.701946467951940781e-05,-3.143754338719162433e-05,-1.961797296434752980e-05,-3.143754338719162433e-05,0.000000000000000000e+00,0.000000000000000000e+00
5.040000000000000036e+00,5.000018352768680785e+00,5.000018352768680785e+00,-6.326021415621960057e-05,-2.942695944652129469e-05,-1.835276868078494772e-05,-2.942695944652129469e-05,0.000000000000000000e+00,0.000000000000000000e+00
5.060000000000000497e+00,5.000017159026519664e+00,5.000017159026519664e+00,-5.968710804271538538e-05,-2.752915302117742158e-05,-1.715902651966416670e-05,-2.752915302117742158e-05,0.000000000000000000e+00,0.000000000000000000e+00
5.080000000000000071e+00,5.000016033181495345e+00,5.000016033181495345e+00,-5.629225121639347455e-05,-2.573853977949625005e-05,-1.603318149534516124e-05,-2.573853977949625005e-05,0.000000000000000000e+00,0.000000000000000000e+00
5.100000000000000533e+00,5.000014971821428844e+00,5.000014971821428844e+00,-5.306800331905590061e-05,-2.404977224301774186e-05,-1.497182142884412315e-05,-2.404977224301774186e-05,0.000000000000000000e+00,0.000000000000000000e+00
5.120000000000000107e+00,5.000013971681904756e+00,5.000013971681904756e+00,-5.000697620147692902e-05,-2.245773214326618472e-05,-1.397168190475639449e-05,-2.245773214326618472e-05,0.000000000000000000e+00,0.000000000000000000e+00
5.139999999999999680e+00,5.000013029641287687e+00,5.000013029641287687e+00,-4.710203086704269732e-05,-2.095752285713459173e-05,-1.302964128768735463e-05,-2.095752285713459173e-05,0.000000000000000000e+00,0.000000000000000000e+00
5.160000000000000142e+00,5.000012142715807961e+00,5.000012142715807961e+00,-4.434627397349152943e-05,-1.954446193153103195e-05,-1.214271580796122407e-05,-1.954446193153103195e-05,0.000000000000000000e+00,0.000000000000000000e+00
5.179999999999999716e+00,5.000011308054729042e+00,5.000011308054729042e+00,-4.173305394733656281e-05,-1.821407371194183611e-05,-1.130805472904228282e-05,-1.821407371194183611e-05,0.000000000000000000e+00,0.000000000000000000e+00
5.200000000000000178e+00,5.000010522935594004e+00,5.000010522935594004e+00,-3.925595676195924624e-05,-1.696208209356342422e-05,-1.052293559400396816e-05,-1.696208209356342422e-05,0.000000000000000000e+00,0.000000000000000000e+00
5.219999999999999751e+00,5.000009784759565257e+00,5.000009784759565257e+00,-3.690880142486391752e-05,-1.578440339100595224e-05,-9.784759565256706537e-06,-1.578440339100595224e-05,0.000000000000000000e+00,0.000000000000000000e+00
5.240000000000000213e+00,5.000009091046861087e+00,5.000009091046861087e+00,-3.468563521716602836e-05,-1.467713934788505981e-05,-9.091046861087193065e-06,-1.467713934788505981e-05,0.000000000000000000e+00,0.000000000000000000e+00
5.259999999999999787e+00,5.000008439432286345e+00,5.000008439432286345e+00,-3.258072872461250313e-05,-1.363657029163078960e-05,-8.439432286344583645e-06,-1.363657029163078960e-05,0.000000000000000000e+00,0.000000000000000000e+00
5.280000000000000249e+00,5.000007827660872373e+00,5.000007827660872373e+00,-3.058857069510294307e-05,-1.265914842951687547e-05,-7.827660872372632639e-06,-1.265914842951687547e-05,0.000000000000000000e+00,0.000000000000000000e+00
5.299999999999999822e+00,5.000007253583617306e+00,5.000007253583617306e+00,-2.870386275644854434e-05,-1.174149130855894896e-05,-7.253583617305991993e-06,-1.174149130855894896e-05,0.000000000000000000e+00,0.000000000000000000e+00
5.320000000000000284e+00,5.000006715153336501e+00,5.000006715153336501e+00,-2.692151402339958803e-05,-1.088037542595898799e-05,-6.715153336500634396e-06,-1.088037542595898799e-05,0.000000000000000000e+00,0.000000000000000000e+00
5.339999999999999858e+00,5.000006210420623987e+00,5.000006210420623987e+00,-2.523663562153472540e-05,-1.007273000475095159e-05,-6.210420623986578903e-06,-1.007273000475095159e-05,0.000000000000000000e+00,0.000000000000000000e+00
5.360000000000000320e+00,5.000005737529920502e+00,5.000005737529920502e+00,-2.364453515297923868e-05,-9.315630935979868354e-06,-5.737529920502026926e-06,-9.315630935979868354e-06,0.000000000000000000e+00,0.000000000000000000e+00
5.379999999999999893e+00,5.000005294715697879e+00,5.000005294715697879e+00,-2.214071112575661987e-05,-8.606294880753040388e-06,-5.294715697878871197e-06,-8.606294880753040388e-06,0.000000000000000000e+00,0.000000000000000000e+00
5.400000000000000355e+00,5.000004880298750898e+00,5.000004880298750898e+00,-2.072084736786278890e-05,-7.942073546818306795e-06,-4.880298750897793525e-06,-7.942073546818306795e-06,0.000000000000000000e+00,0.000000000000000000e+00
5.419999999999999929e+00,5.000004492682601942e+00,5.000004492682601942e+00,-1.938080744371117734e-05,-7.320448126346690287e-06,-4.492682601942021847e-06,-7.320448126346690287e-06,0.000000000000000000e+00,0.000000000000000000e+00
5.440000000000000391e+00,5.000004130350020226e+00,5.000004130350020226e+00,-1.811662908963136424e-05,-6.739023902913032771e-06,-4.130350020226103425e-06,-6.739023902913032771e-06,0.000000000000000000e+00,0.000000000000000000e+00
5.459999999999999964e+00,5.000003791859646718e+00,5.000003791859646718e+00,-1.692451868370214502e-05,-6.195525030339155137e-06,-3.791859646717909982e-06,-6.195525030339155137e-06,0.000000000000000000e+00,0.000000000000000000e+00
5.480000000000000426e+00,5.000003475842731859e+00,5.000003475842731859e+00,-1.580084576233961634e-05,-5.687789470076864973e-06,-3.475842731859302148e-06,-5.687789470076864973e-06,0.000000000000000000e+00,0.000000000000000000e+00
5.500000000000000000e+00,5.000003180999979868e+00,5.000003180999979868e+00,-1.474213759588454969e-05,-5.213764097788953222e-06,-3.180999979868204264e-06,-5.213764097788953222e-06,0.000000000000000000e+00,0.000000000000000000e+00
5.520000000000000462e+00,5.000002906098503175e+00,5.000002906098503175e+00,-1.374507383327632519e-05,-4.771499969802306396e-06,-2.906098503174803227e-06,-4.771499969802306396e-06,0.000000000000000000e+00,0.000000000000000000e+00
5.540000000000000036e+00,5.000002649968878998e+00,5.000002649968878998e+00,-1.280648122542491333e-05,-4.359147754762204841e-06,-2.649968878998265609e-06,-4.359147754762204841e-06,0.000000000000000000e+00,0.000000000000000000e+00
5.560000000000000497e+00,5.000002411502310729e+00,5.000002411502310729e+00,-1.192332843473216200e-05,-3.974953318497398413e-06,-2.411502310728508292e-06,-3.974953318497398413e-06,0.000000000000000000e+00,0.000000000000000000e+00
5.580000000000000071e+00,5.000002189647892337e+00,5.000002189647892337e+00,-1.109272093786822289e-05,-3.617253466092762437e-06,-2.189647892336665791e-06,-3.617253466092762437e-06,0.000000000000000000e+00,0.000000000000000000e+00
5.600000000000000533e+00,5.000001983409971373e+00,5.000001983409971373e+00,-1.031189602793190013e-05,-3.284471838504998686e-06,-1.983409971373362168e-06,-3.284471838504998686e-06,0.000000000000000000e+00,0.000000000000000000e+00
5.620000000000000107e+00,5.000001791845613219e+00,5.000001791845613219e+00,-9.578217920844715294e-06,-2.975114957060043253e-06,-1.791845613219322786e-06,-2.975114957060043253e-06,0.000000000000000000e+00,0.000000000000000000e+00
5.639999999999999680e+00,5.000001614062154154e+00,5.000001614062154154e+00,-8.889172970743142182e-06,-2.687768419828984179e-06,-1.614062154153828033e-06,-2.687768419828984179e-06,0.000000000000000000e+00,0.000000000000000000e+00
5.660000000000000142e+00,5.000001449214853899e+00,5.000001449214853899e+00,-8.242364996791901830e-06,-2.421093231230742049e-06,-1.449214853899150057e-06,-2.421093231230742049e-06,0.000000000000000000e+00,0.000000000000000000e+00
5.679999999999999716e+00,5.000001296504639647e+00,5.000001296504639647e+00,-7.635510725197583817e-06,-2.173822280848725086e-06,-1.296504639647366730e-06,-2.173822280848725086e-06,0.000000000000000000e+00,0.000000000000000000e+00
5.700000000000000178e+00,5.000001155175932688e+00,5.000001155175932688e+00,-7.066435348624930445e-06,-1.944756959471050095e-06,-1.155175932687768636e-06,-1.944756959471050095e-06,0.000000000000000000e+00,0.000000000000000000e+00
5.719999999999999751e+00,5.000001024514568293e+00,5.000001024514568293e+00,-6.533068203665602865e-06,-1.732763899031652954e-06,-1.024514568293000139e-06,-1.732763899031652954e-06,0.000000000000000000e+00,0.000000000000000000e+00
5.740000000000000213e+00,5.000000903845797318e+00,5.000000903845797318e+00,-6.033438568542992853e-06,-1.536771852439500208e-06,-9.038457973176150517e-07,-1.536771852439500208e-06,0.000000000000000000e+00,0.000000000000000000e+00
5.759999999999999787e+00,5.000000792532365956e+00,5.000000792532365956e+00,-5.565671581286336165e-06,-1.355768695976422578e-06,-7.925323659563332512e-07,-1.355768695976422578e-06,0.000000000000000000e+00,0.000000000000000000e+00
5.780000000000000249e+00,5.000000689972680767e+00,5.000000689972680767e+00,-5.127984278051152112e-06,-1.188798548934499877e-06,-6.899726807674255724e-07,-1.188798548934499877e-06,0.000000000000000000e+00,0.000000000000000000e+00
5.799999999999999822e+00,5.000000595599045639e+00,5.000000595599045639e+00,-4.718681752361150398e-06,-1.034959021151138359e-06,-5.955990456385507059e-07,-1.034959021151138359e-06,0.000000000000000000e+00,0.000000000000000000e+00
5.820000000000000284e+00,5.000000508875976912e+00,5.000000508875976912e+00,-4.336153433970817541e-06,-8.933985684578260589e-07,-5.088759769122930265e-07,-8.933985684578260589e-07,0.000000000000000000e+00,0.000000000000000000e+00
5.839999999999999858e+00,5.000000429298586901e+00,5.000000429298586901e+00,-3.978869487110579402e-06,-7.633139653684395398e-07,-4.292985869014387390e-07,-7.633139653684395398e-07,0.000000000000000000e+00,0.000000000000000000e+00
5.860000000000000320e+00,5.000000356391040235e+00,5.000000356391040235e+00,-3.645377326434737103e-06,-6.439478803521581085e-07,-3.563910402348824391e-07,-6.439478803521581085e-07,0.000000000000000000e+00,0.000000000000000000e+00
5.879999999999999893e+00,5.000000289705075041e+00,5.000000289705075041e+00,-3.334298249826495674e-06,-5.345865603523236587e-07,-2.897050750405583130e-07,-5.345865603523236587e-07,0.000000000000000000e+00,0.000000000000000000e+00
5.900000000000000355e+00,5.000000228818591630e+00,5.000000228818591630e+00,-3.044324186099929642e-06,-4.345576125608374696e-07,-2.288185916299312339e-07,-4.345576125608374696e-07,0.000000000000000000e+00,0.000000000000000000e+00
5.919999999999999929e+00,5.000000173334300690e+00,5.000000173334300690e+00,-2.774214556234426447e-06,-3.432278874448968509e-07,-1.733343006904419781e-07,-3.432278874448968509e-07,0.000000000000000000e+00,0.000000000000000000e+00
5.940000000000000391e+00,5.000000122878435427e+00,5.000000122878435427e+00,-2.522793245714549972e-06,-2.600014510356629671e-07,-1.228784354267986600e-07,-2.600014510356629671e-07,0.000000000000000000e+00,0.000000000000000000e+00
5.959999999999999964e+00,5.000000077099521434e+00,5.000000077099521434e+00,-2.288945686457114605e-06,-1.843176531401979901e-07,-7.709952143386544776e-08,-1.843176531401979901e-07,0.000000000000000000e+00,0.000000000000000000e+00
5.980000000000000426e+00,5.000000035667200748e+00,5.000000035667200748e+00,-2.071616046026483088e-06,-1.156492821507981716e-07,-3.566720074843487964e-08,-1.156492821507981716e-07,0.000000000000000000e+00,0.000000000000000000e+00
6.000000000000000000e+00,4.999999998271110080e+00,4.999999998271110080e+00,-1.869804521536099927e-06,-5.350080112265231946e-08,1.728889920116216672e-09,-5.350080112265231946e-08,0.000000000000000000e+00,0.000000000000000000e+00
6.020000000000000462e+00,4.999999964619814996e+00,4.999999964619814996e+00,-1.682564735894472586e-06,2.593334880174325008e-09,3.538018500393036447e-08,2.593334880174325008e-09,0.000000000000000000e+00,0.000000000000000000e+00
6.040000000000000036e+00,4.999999934439790295e+00,4.999999934439790295e+00,-1.509001234554435688e-06,5.307027750589554671e-08,6.556020970549525373e-08,5.307027750589554671e-08,0.000000000000000000e+00,0.000000000000000000e+00
6.060000000000000497e+00,4.999999907474448335e+00,4.999999907474448335e+00,-1.348267079643167768e-06,9.834031455824288059e-08,9.252555166483489302e-08,9.834031455824288059e-08,0.000000000000000000e+00,0.000000000000000000e+00
6.080000000000000071e+00,4.999999883483217999e+00,4.999999883483217999e+00,-1.199561538929125842e-06,1.387883274972523395e-07,1.165167820005308386e-07,1.387883274972523395e-07,0.000000000000000000e+00,0.000000000000000000e+00
6.100000000000000533e+00,4.999999862240660953e+00,4.999999862240660953e+00,-1.062127867736133611e-06,1.747751730007962578e-07,1.377593390472497958e-07,1.747751730007962578e-07,0.000000000000000000e+00,0.000000000000000000e+00
6.120000000000000107e+00,4.999999843535637645e+00,4.999999843535637645e+00,-9.352511801054328438e-07,2.066390085708746938e-07,1.564643623552797180e-07,2.066390085708746938e-07,0.000000000000000000e+00,0.000000000000000000e+00
6.140000000000000568e+00,4.999999827170509725e+00,4.999999827170509725e+00,-8.182564077415975805e-07,2.346965435329195770e-07,1.728294902747506967e-07,2.346965435329195770e-07,0.000000000000000000e+00,0.000000000000000000e+00
6.160000000000000142e+00,4.999999812960382428e+00,4.999999812960382428e+00,-7.105063434262252286e-07,2.592442354121260450e-07,1.870396175718269660e-07,2.592442354121260450e-07,0.000000000000000000e+00,0.000000000000000000e+00
6.179999999999999716e+00,4.999999800732386923e+00,4.999999800732386923e+00,-6.113997664478286290e-07,2.805594263577404490e-07,1.992676130768700204e-07,2.805594263577404490e-07,0.000000000000000000e+00,0.000000000000000000e+00
6.200000000000000178e+00,4.999999790324993754e+00,4.999999790324993754e+00,-5.203696478415153054e-07,2.989014196153050307e-07,2.096750062463570430e-07,2.989014196153050307e-07,0.000000000000000000e+00,0.000000000000000000e+00
6.219999999999999751e+00,4.999999781587365355e+00,4.999999781587365355e+00,-4.368814321204102184e-07,3.145125093695355645e-07,2.184126346449488665e-07,3.145125093695355645e-07,0.000000000000000000e+00,0.000000000000000000e+00
6.240000000000000213e+00,4.999999774378737882e+00,4.999999774378737882e+00,-3.604313937116268719e-07,3.276189519674232997e-07,2.256212621176700850e-07,3.276189519674232997e-07,0.000000000000000000e+00,0.000000000000000000e+00
6.259999999999999787e+00,4.999999768567836789e+00,4.999999768567836789e+00,-2.905450650228136773e-07,3.384318931765051275e-07,2.314321632113092164e-07,3.384318931765051275e-07,0.000000000000000000e+00,0.000000000000000000e+00
6.280000000000000249e+00,4.999999764032321714e+00,4.999999764032321714e+00,-2.267757340388359377e-07,3.471482448169638246e-07,2.359676782859310151e-07,3.471482448169638246e-07,0.000000000000000000e+00,0.000000000000000000e+00
6.299999999999999822e+00,4.999999760658261572e+00,4.999999760658261572e+00,-1.687030088920626757e-07,3.539515174288965227e-07,2.393417384283225147e-07,3.539515174288965227e-07,0.000000000000000000e+00,0.000000000000000000e+00
6.320000000000000284e+00,4.999999758339632727e+00,4.999999758339632727e+00,-1.159314472386080310e-07,3.590126076424837720e-07,2.416603672728001584e-07,3.590126076424837720e-07,0.000000000000000000e+00,0.000000000000000000e+00
6.339999999999999858e+00,4.999999756977847376e+00,4.999999756977847376e+00,-6.808924742382722000e-08,3.624905509092002376e-07,2.430221526239506602e-07,3.624905509092002376e-07,0.000000000000000000e+00,0.000000000000000000e+00
6.360000000000000320e+00,4.999999756481307678e+00,4.999999756481307678e+00,-2.482699978785189764e-08,3.645332289359259903e-07,2.435186923221976940e-07,3.645332289359259903e-07,0.000000000000000000e+00,0.000000000000000000e+00
6.379999999999999893e+00,4.999999756764977654e+00,4.999999756764977654e+00,1.418350403926293894e-08,3.652780384832965410e-07,2.432350223458001892e-07,3.652780384832965410e-07,0.000000000000000000e+00,0.000000000000000000e+00
6.400000000000000355e+00,4.999999757749986173e+00,4.999999757749986173e+00,4.925040698720667409e-08,3.648525335187002838e-07,2.422500138266059366e-07,3.648525335187002838e-07,0.000000000000000000e+00,0.000000000000000000e+00
6.419999999999999929e+00,4.999999759363243257e+00,4.999999759363243257e+00,8.066286836247690710e-08,3.633750207399089049e-07,2.406367567431288990e-07,3.633750207399089049e-07,0.000000000000000000e+00,0.000000000000000000e+00
6.440000000000000391e+00,4.999999761537084808e+00,4.999999761537084808e+00,1.086920950376985565e-07,3.609551351146933484e-07,2.384629151919170909e-07,3.609551351146933484e-07,0.000000000000000000e+00,0.000000000000000000e+00
6.459999999999999964e+00,4.999999764208931552e+00,4.999999764208931552e+00,1.335923228127162539e-07,3.576943727878756363e-07,2.357910684480657437e-07,3.576943727878756363e-07,0.000000000000000000e+00,0.000000000000000000e+00
6.480000000000000426e+00,4.999999767320966626e+00,4.999999767320966626e+00,1.556017507986544874e-07,3.536866026720986156e-07,2.326790333739836569e-07,3.536866026720986156e-07,0.000000000000000000e+00,0.000000000000000000e+00
6.500000000000000000e+00,4.999999770819835376e+00,4.999999770819835376e+00,1.749434307248865925e-07,3.490185500609754854e-07,2.291801646236990564e-07,3.490185500609754854e-07,0.000000000000000000e+00,0.000000000000000000e+00
6.520000000000000462e+00,4.999999774656357587e+00,4.999999774656357587e+00,1.918261123459527891e-07,3.437702469355485846e-07,2.253436424126675774e-07,3.437702469355485846e-07,0.000000000000000000e+00,0.000000000000000000e+00
6.540000000000000036e+00,4.999999778785258364e+00,4.999999778785258364e+00,2.064450474732576415e-07,3.380154636190013662e-07,2.212147416358334340e-07,3.380154636190013662e-07,0.000000000000000000e+00,0.000000000000000000e+00
6.560000000000000497e+00,4.999999783164913225e+00,4.999999783164913225e+00,2.189827539713068951e-07,3.318221124537501510e-07,2.168350867748358723e-07,3.318221124537501510e-07,0.000000000000000000e+00,0.000000000000000000e+00
6.580000000000000071e+00,4.999999787757108294e+00,4.999999787757108294e+00,2.296097415904015944e-07,3.252526301622538085e-07,2.122428917061824905e-07,3.252526301622538085e-07,0.000000000000000000e+00,0.000000000000000000e+00
6.600000000000000533e+00,4.999999792526812037e+00,4.999999792526812037e+00,2.384852011872888006e-07,3.183643375592737357e-07,2.074731879631031006e-07,3.183643375592737357e-07,0.000000000000000000e+00,0.000000000000000000e+00
6.620000000000000107e+00,4.999999797441965654e+00,4.999999797441965654e+00,2.457576592630254121e-07,3.112097819446546509e-07,2.025580343456567789e-07,3.112097819446546509e-07,0.000000000000000000e+00,0.000000000000000000e+00
6.640000000000000568e+00,4.999999802473277910e+00,4.999999802473277910e+00,2.515655984885713983e-07,3.038370515184851683e-07,1.975267220899468157e-07,3.038370515184851683e-07,0.000000000000000000e+00,0.000000000000000000e+00
6.660000000000000142e+00,4.999999807594038614e+00,4.999999807594038614e+00,2.560380469532062649e-07,2.962900831349202235e-07,1.924059613855888529e-07,2.962900831349202235e-07,0.000000000000000000e+00,0.000000000000000000e+00
6.679999999999999716e+00,4.999999812779940989e+00,4.999999812779940989e+00,2.592951364657239505e-07,2.886089420783832793e-07,1.872200590113948238e-07,2.886089420783832793e-07,0.000000000000000000e+00,0.000000000000000000e+00
6.700000000000000178e+00,4.999999818008913799e+00,4.999999818008913799e+00,2.614486316708608002e-07,2.808300885170922356e-07,1.819910862010942765e-07,2.808300885170922356e-07,0.000000000000000000e+00,0.000000000000000000e+00
6.719999999999999751e+00,4.999999823260962373e+00,4.999999823260962373e+00,2.626024314339388563e-07,2.729866293016414147e-07,1.767390376272715002e-07,2.729866293016414147e-07,0.000000000000000000e+00,0.000000000000000000e+00
6.740000000000000213e+00,4.999999828518022937e+00,4.999999828518022937e+00,2.628530439346357169e-07,2.651085564409072504e-07,1.714819770626263562e-07,2.651085564409072504e-07,0.000000000000000000e+00,0.000000000000000000e+00
6.759999999999999787e+00,4.999999833763824064e+00,4.999999833763824064e+00,2.622900361005660775e-07,2.572229655939395343e-07,1.662361759358077506e-07,2.572229655939395343e-07,0.000000000000000000e+00,0.000000000000000000e+00
6.780000000000000249e+00,4.999999838983753442e+00,4.999999838983753442e+00,2.609964588808806323e-07,2.493542639037116260e-07,1.610162465581765900e-07,2.493542639037116260e-07,0.000000000000000000e+00,0.000000000000000000e+00
6.799999999999999822e+00,4.999999844164738860e+00,4.999999844164738860e+00,2.590492499765190417e-07,2.415243698372648851e-07,1.558352611397140208e-07,2.415243698372648851e-07,0.000000000000000000e+00,0.000000000000000000e+00
6.820000000000000284e+00,4.999999849295130971e+00,4.999999849295130971e+00,2.565196141498242460e-07,2.337528917095710312e-07,1.507048690285728298e-07,2.337528917095710312e-07,0.000000000000000000e+00,0.000000000000000000e+00
6.839999999999999858e+00,4.999999854364598484e+00,4.999999854364598484e+00,2.534733830891277670e-07,2.260573035428592448e-07,1.456354015161309690e-07,2.260573035428592448e-07,0.000000000000000000e+00,0.000000000000000000e+00
6.860000000000000320e+00,4.999999859364026022e+00,4.999999859364026022e+00,2.499713550076346251e-07,2.184531022741964534e-07,1.406359739775098205e-07,2.184531022741964534e-07,0.000000000000000000e+00,0.000000000000000000e+00
6.879999999999999893e+00,4.999999864285418205e+00,4.999999864285418205e+00,2.460696156034976462e-07,2.109539609662647308e-07,1.357145817948435251e-07,2.109539609662647308e-07,0.000000000000000000e+00,0.000000000000000000e+00
6.900000000000000355e+00,4.999999869121815266e+00,4.999999869121815266e+00,2.418198413123744051e-07,2.035718726922652877e-07,1.308781847342288529e-07,2.035718726922652877e-07,0.000000000000000000e+00,0.000000000000000000e+00
6.919999999999999929e+00,4.999999873867206901e+00,4.999999873867206901e+00,2.372695848912712872e-07,1.963172771013432794e-07,1.261327930990319146e-07,1.963172771013432794e-07,0.000000000000000000e+00,0.000000000000000000e+00
6.940000000000000391e+00,4.999999878516457663e+00,4.999999878516457663e+00,2.324625453669989404e-07,1.891991896485478719e-07,1.214835423368754164e-07,1.891991896485478719e-07,0.000000000000000000e+00,0.000000000000000000e+00
6.959999999999999964e+00,4.999999883065234130e+00,4.999999883065234130e+00,2.274388221808303562e-07,1.822253135053131246e-07,1.169347658702690751e-07,1.822253135053131246e-07,0.000000000000000000e+00,0.000000000000000000e+00
6.980000000000000426e+00,4.999999887509937402e+00,4.999999887509937402e+00,2.222351548432876924e-07,1.754021488054036126e-07,1.124900625981695157e-07,1.754021488054036126e-07,0.000000000000000000e+00,0.000000000000000000e+00
7.000000000000000000e+00,4.999999891847640043e+00,4.999999891847640043e+00,2.168851487486843558e-07,1.687350938972542735e-07,1.081523599566480698e-07,1.687350938972542735e-07,0.000000000000000000e+00,0.000000000000000000e+00
7.020000000000000462e+00,4.999999896076030126e+00,4.999999896076030126e+00,2.114194878673131280e-07,1.622285399349721047e-07,1.039239698741312168e-07,1.622285399349721047e-07,0.000000000000000000e+00,0.000000000000000000e+00
7.040000000000000036e+00,4.999999900193352609e+00,4.999999900193352609e+00,2.058661345617014898e-07,1.558859548111968252e-07,9.980664739117628415e-08,1.558859548111968252e-07,0.000000000000000000e+00,0.000000000000000000e+00
7.060000000000000497e+00,4.999999904198363154e+00,4.999999904198363154e+00,2.002505182142077861e-07,1.497099710867644262e-07,9.580163684574927174e-08,1.497099710867644262e-07,0.000000000000000000e+00,0.000000000000000000e+00
7.080000000000000071e+00,4.999999908090277501e+00,4.999999908090277501e+00,1.945957119196493877e-07,1.437024552686239076e-07,9.190972249939477479e-08,1.437024552686239076e-07,0.000000000000000000e+00,0.000000000000000000e+00
7.100000000000000533e+00,4.999999911868729718e+00,4.999999911868729718e+00,1.889225991025936678e-07,1.378645837490921622e-07,8.813127028162170973e-08,1.378645837490921622e-07,0.000000000000000000e+00,0.000000000000000000e+00
7.120000000000000107e+00,4.999999915533730466e+00,4.999999915533730466e+00,1.832500297345775469e-07,1.321969054224325646e-07,8.446626953428904017e-08,1.321969054224325646e-07,0.000000000000000000e+00,0.000000000000000000e+00
7.140000000000000568e+00,4.999999919085629685e+00,4.999999919085629685e+00,1.775949671912631456e-07,1.266994043014335602e-07,8.091437031509940425e-08,1.266994043014335602e-07,0.000000000000000000e+00,0.000000000000000000e+00
7.160000000000000142e+00,4.999999922525081963e+00,4.999999922525081963e+00,1.719726260194017337e-07,1.213715554726491064e-07,7.747491803655748299e-08,1.213715554726491064e-07,0.000000000000000000e+00,0.000000000000000000e+00
7.179999999999999716e+00,4.999999925853013671e+00,4.999999925853013671e+00,1.663966011229451775e-07,1.162123770548362245e-07,7.414698632857152916e-08,1.162123770548362245e-07,0.000000000000000000e+00,0.000000000000000000e+00
7.200000000000000178e+00,4.999999929070593652e+00,4.999999929070593652e+00,1.608789889599363812e-07,1.112204794928572937e-07,7.092940634834121738e-08,1.112204794928572937e-07,0.000000000000000000e+00,0.000000000000000000e+00
7.219999999999999751e+00,4.999999932179203910e+00,4.999999932179203910e+00,1.554305010161939204e-07,1.063941095225118261e-07,6.782079609024549427e-08,1.063941095225118261e-07,0.000000000000000000e+00,0.000000000000000000e+00
7.240000000000000213e+00,4.999999935180415633e+00,4.999999935180415633e+00,1.500605703281113525e-07,1.017311941353682414e-07,6.481958436665991030e-08,1.017311941353682414e-07,0.000000000000000000e+00,0.000000000000000000e+00
7.259999999999999787e+00,4.999999938075964323e+00,4.999999938075964323e+00,1.447774509502991985e-07,9.722937654998986545e-08,6.192403567695237143e-08,9.722937654998986545e-08,0.000000000000000000e+00,0.000000000000000000e+00
7.280000000000000249e+00,4.999999940867730253e+00,4.999999940867730253e+00,1.395883112068121290e-07,9.288605351542855715e-08,5.913226974740837250e-08,9.288605351542855715e-08,0.000000000000000000e+00,0.000000000000000000e+00
7.299999999999999822e+00,4.999999943557716264e+00,4.999999943557716264e+00,1.344993205482421694e-07,8.869840462111255874e-08,5.644228373569148971e-08,8.869840462111255874e-08,0.000000000000000000e+00,0.000000000000000000e+00
7.320000000000000284e+00,4.999999946148030894e+00,4.999999946148030894e+00,1.295157310537716732e-07,8.466342560353723457e-08,5.385196910623335498e-08,8.466342560353723457e-08,0.000000000000000000e+00,0.000000000000000000e+00
7.339999999999999858e+00,4.999999948640869718e+00,4.999999948640869718e+00,1.246419533143295065e-07,8.077795365935003247e-08,5.135913028198046959e-08,8.077795365935003247e-08,0.000000000000000000e+00,0.000000000000000000e+00
7.360000000000000320e+00,4.999999951038502033e+00,4.999999951038502033e+00,1.198816275251936316e-07,7.703869542297070439e-08,4.896149796707049973e-08,7.703869542297070439e-08,0.000000000000000000e+00,0.000000000000000000e+00
7.379999999999999893e+00,4.999999953343255754e+00,4.999999953343255754e+00,1.152376894677348487e-07,7.344224695060574959e-08,4.665674424586541136e-08,7.344224695060574959e-08,0.000000000000000000e+00,0.000000000000000000e+00
7.400000000000000355e+00,4.999999955557504094e+00,4.999999955557504094e+00,1.107124321578411729e-07,6.998511636879811704e-08,4.444249590562776575e-08,6.998511636879811704e-08,0.000000000000000000e+00,0.000000000000000000e+00
7.419999999999999929e+00,4.999999957683655794e+00,4.999999957683655794e+00,1.063075633279012152e-07,6.666374385844164863e-08,4.231634420648333617e-08,6.666374385844164863e-08,0.000000000000000000e+00,0.000000000000000000e+00
7.440000000000000391e+00,4.999999959724140908e+00,4.999999959724140908e+00,1.020242586260835927e-07,6.347451630972500425e-08,4.027585909227582306e-08,6.347451630972500425e-08,0.000000000000000000e+00,0.000000000000000000e+00
7.459999999999999964e+00,4.999999961681405480e+00,4.999999961681405480e+00,9.786321162731660296e-08,6.041378863841373459e-08,3.831859451963737229e-08,6.041378863841373459e-08,0.000000000000000000e+00,0.000000000000000000e+00
7.480000000000000426e+00,4.999999963557899108e+00,4.999999963557899108e+00,9.382467964253054851e-08,5.747789177945605843e-08,3.644210089248645090e-08,5.747789177945605843e-08,0.000000000000000000e+00,0.000000000000000000e+00
7.500000000000000000e+00,4.999999965356069609e+00,4.999999965356069609e+00,8.990852681215046526e-08,5.466315133872967635e-08,3.464393039109836536e-08,5.466315133872967635e-08,0.000000000000000000e+00,0.000000000000000000e+00
7.520000000000000462e+00,4.999999967078355034e+00,4.999999967078355034e+00,8.611426368960017486e-08,5.196589558664754804e-08,3.292164496571103882e-08,5.196589558664754804e-08,0.000000000000000000e+00,0.000000000000000000e+00
7.540000000000000036e+00,4.999999968727176558e+00,4.999999968727176558e+00,8.244108406549681320e-08,4.938246744856655823e-08,3.127282344195236874e-08,4.938246744856655823e-08,0.000000000000000000e+00,0.000000000000000000e+00
7.560000000000000497e+00,4.999999970304934926e+00,4.999999970304934926e+00,7.888789917523998851e-08,4.690923516292855311e-08,2.969506507355390568e-08,4.690923516292855311e-08,0.000000000000000000e+00,0.000000000000000000e+00
7.580000000000000071e+00,4.999999971814002464e+00,4.999999971814002464e+00,7.545336901874907022e-08,4.454259761033085852e-08,2.818599753595663060e-08,4.454259761033085852e-08,0.000000000000000000e+00,0.000000000000000000e+00
7.600000000000000533e+00,4.999999973256721297e+00,4.999999973256721297e+00,7.213593174726765249e-08,4.227899630393494590e-08,2.674327870266779428e-08,4.227899630393494590e-08,0.000000000000000000e+00,0.000000000000000000e+00
7.620000000000000107e+00,4.999999974635398026e+00,4.999999974635398026e+00,6.893383037794105109e-08,4.011491805400169142e-08,2.536460197433143549e-08,4.011491805400169142e-08,0.000000000000000000e+00,0.000000000000000000e+00
7.640000000000000568e+00,4.999999975952301057e+00,4.999999975952301057e+00,6.584513763629666792e-08,3.804690296149715323e-08,2.404769894326364010e-08,3.804690296149715323e-08,0.000000000000000000e+00,0.000000000000000000e+00
7.660000000000000142e+00,4.999999977209657054e+00,4.999999977209657054e+00,6.286777871415655244e-08,3.607154841489546016e-08,2.279034294616621992e-08,3.607154841489546016e-08,0.000000000000000000e+00,0.000000000000000000e+00
7.679999999999999716e+00,4.999999978409648271e+00,4.999999978409648271e+00,5.999955228466582754e-08,3.418551441924932988e-08,2.159035172866197172e-08,3.418551441924932988e-08,0.000000000000000000e+00,0.000000000000000000e+00
7.700000000000000178e+00,4.999999979554411667e+00,4.999999979554411667e+00,5.723814981549854319e-08,3.238552759299295758e-08,2.044558833347309701e-08,3.238552759299295758e-08,0.000000000000000000e+00,0.000000000000000000e+00
7.719999999999999751e+00,4.999999980646035347e+00,4.999999980646035347e+00,5.458117308396965474e-08,3.066838250020964551e-08,1.935396465313488079e-08,3.066838250020964551e-08,0.000000000000000000e+00,0.000000000000000000e+00
7.740000000000000213e+00,4.999999981686558570e+00,4.999999981686558570e+00,5.202615047354292139e-08,2.903094697970232119e-08,1.831344142999569158e-08,2.903094697970232119e-08,0.000000000000000000e+00,0.000000000000000000e+00
7.759999999999999787e+00,4.999999982677969967e+00,4.999999982677969967e+00,4.957055164068798563e-08,2.747016214499353737e-08,1.732203003257382079e-08,2.747016214499353737e-08,0.000000000000000000e+00,0.000000000000000000e+00
7.780000000000000249e+00,4.999999983622205768e+00,4.999999983622205768e+00,4.721180098150525953e-08,2.598304504886073119e-08,1.637779423191432215e-08,2.598304504886073119e-08,0.000000000000000000e+00,0.000000000000000000e+00
7.799999999999999822e+00,4.999999984521151575e+00,4.999999984521151575e+00,4.494729001814188256e-08,2.456669134787148323e-08,1.547884842523217230e-08,2.456669134787148323e-08,0.000000000000000000e+00,0.000000000000000000e+00
7.820000000000000284e+00,4.999999985376639700e+00,4.999999985376639700e+00,4.277438828011251949e-08,2.321827263784825846e-08,1.462336030044752988e-08,2.321827263784825846e-08,0.000000000000000000e+00,0.000000000000000000e+00
7.839999999999999858e+00,4.999999986190449164e+00,4.999999986190449164e+00,4.069045349716839504e-08,2.193504045067129482e-08,1.380955083618573553e-08,2.193504045067129482e-08,0.000000000000000000e+00,0.000000000000000000e+00
7.860000000000000320e+00,4.999999986964305698e+00,4.999999986964305698e+00,3.869284077287941785e-08,2.071432625427860330e-08,1.303569430177731192e-08,2.071432625427860330e-08,0.000000000000000000e+00,0.000000000000000000e+00
7.879999999999999893e+00,4.999999987699883519e+00,4.999999987699883519e+00,3.677891084085806954e-08,1.955354145266596788e-08,1.230011648090112431e-08,1.955354145266596788e-08,0.000000000000000000e+00,0.000000000000000000e+00
7.900000000000000355e+00,4.999999988398804440e+00,4.999999988398804440e+00,3.494603722890743388e-08,1.845017472135168646e-08,1.160119555976280026e-08,1.845017472135168646e-08,0.000000000000000000e+00,0.000000000000000000e+00
7.919999999999999929e+00,4.999999989062636985e+00,4.999999989062636985e+00,3.319161283998111252e-08,1.740179333964420039e-08,1.093736301527314936e-08,1.740179333964420039e-08,0.000000000000000000e+00,0.000000000000000000e+00
7.940000000000000391e+00,4.999999989692898161e+00,4.999999989692898161e+00,3.151305600827397367e-08,1.640604452290972404e-08,1.030710183869132379e-08,1.640604452290972404e-08,0.000000000000000000e+00,0.000000000000000000e+00
7.959999999999999964e+00,4.999999990291054353e+00,4.999999990291054353e+00,2.990781568325027553e-08,1.546065275803698569e-08,9.708945647446398652e-09,1.546065275803698569e-08,0.000000000000000000e+00,0.000000000000000000e+00
7.980000000000000426e+00,4.999999990858522203e+00,4.999999990858522203e+00,2.837337596204220645e-08,1.456341847116959798e-08,9.141477796958952240e-09,1.456341847116959798e-08,0.000000000000000000e+00,0.000000000000000000e+00
8.000000000000000000e+00,4.999999991396667731e+00,4.999999991396667731e+00,2.690726003538182765e-08,1.371221669543842836e-08,8.603332268819485762e-09,1.371221669543842836e-08,0.000000000000000000e+00,0.000000000000000000e+00
8.019999999999999574e+00,4.999999991906808106e+00,4.999999991906808106e+00,2.550703387216656742e-08,1.290499840322922864e-08,8.093191894431583933e-09,1.290499840322922864e-08,0.000000000000000000e+00,0.000000000000000000e+00
8.040000000000000924e+00,4.999999992390214310e+00,4.999999992390214310e+00,2.417030926911464926e-08,1.213978784164737590e-08,7.609785690476655873e-09,1.213978784164737590e-08,0.000000000000000000e+00,0.000000000000000000e+00
8.060000000000000497e+00,4.999999992848109365e+00,4.999999992848109365e+00,2.289474619577468139e-08,1.141467853571498381e-08,7.151890635270774510e-09,1.141467853571498381e-08,0.000000000000000000e+00,0.000000000000000000e+00
8.080000000000000071e+00,4.999999993281670108e+00,4.999999993281670108e+00,2.167805517148783042e-08,1.072783595290616176e-08,6.718329892407837178e-09,1.072783595290616176e-08,0.000000000000000000e+00,0.000000000000000000e+00
8.099999999999999645e+00,4.999999993692029854e+00,4.999999993692029854e+00,2.051799913820022329e-08,1.007749483861175577e-08,6.307970146224306518e-09,1.007749483861175577e-08,0.000000000000000000e+00,0.000000000000000000e+00
8.120000000000000995e+00,4.999999994080277510e+00,4.999999994080277510e+00,1.941239474631384627e-08,9.461955219336459777e-09,5.919722489977630175e-09,9.461955219336459777e-09,0.000000000000000000e+00,0.000000000000000000e+00
8.140000000000000568e+00,4.999999994447459351e+00,4.999999994447459351e+00,1.835911364517910518e-08,8.879583734966445263e-09,5.552540649489401403e-09,8.879583734966445263e-09,0.000000000000000000e+00,0.000000000000000000e+00
8.160000000000000142e+00,4.999999994794580793e+00,4.999999994794580793e+00,1.735608337808460421e-08,8.328810974234102105e-09,5.205419206788519659e-09,8.328810974234102105e-09,0.000000000000000000e+00,0.000000000000000000e+00
8.179999999999999716e+00,4.999999995122606400e+00,4.999999995122606400e+00,1.640128792129442141e-08,7.808128810182779489e-09,4.877393600111190608e-09,7.808128810182779489e-09,0.000000000000000000e+00,0.000000000000000000e+00
8.199999999999999289e+00,4.999999995432461652e+00,4.999999995432461652e+00,1.549276816918165653e-08,7.316090400166785912e-09,4.567538347544086719e-09,7.316090400166785912e-09,0.000000000000000000e+00,0.000000000000000000e+00
8.220000000000000639e+00,4.999999995725033841e+00,4.999999995725033841e+00,1.462862210439510356e-08,6.851307521316130078e-09,4.274966158845927566e-09,6.851307521316130078e-09,0.000000000000000000e+00,0.000000000000000000e+00
8.240000000000000213e+00,4.999999996001173841e+00,4.999999996001173841e+00,1.380700481778248300e-08,6.412449238268891349e-09,3.998826159090640431e-09,6.412449238268891349e-09,0.000000000000000000e+00,0.000000000000000000e+00
8.259999999999999787e+00,4.999999996261696111e+00,4.999999996261696111e+00,1.302612825986783027e-08,5.998239238635960646e-09,3.738303888667360297e-09,5.998239238635960646e-09,0.000000000000000000e+00,0.000000000000000000e+00
8.279999999999999361e+00,4.999999996507381361e+00,4.999999996507381361e+00,1.228426101718115162e-08,5.607455833001040446e-09,3.492618638745170756e-09,5.607455833001040446e-09,0.000000000000000000e+00,0.000000000000000000e+00
8.300000000000000711e+00,4.999999996738975661e+00,4.999999996738975661e+00,1.157972771127481190e-08,5.238927958117756134e-09,3.261024339451523701e-09,5.238927958117756134e-09,0.000000000000000000e+00,0.000000000000000000e+00
8.320000000000000284e+00,4.999999996957193993e+00,4.999999996957193993e+00,1.091090859106505960e-08,4.891536509177285552e-09,3.042806007158560533e-09,4.891536509177285552e-09,0.000000000000000000e+00,0.000000000000000000e+00
8.339999999999999858e+00,4.999999997162718479e+00,4.999999997162718479e+00,1.027623863303233821e-08,4.564209010737840799e-09,2.837281520839951554e-09,4.564209010737840799e-09,0.000000000000000000e+00,0.000000000000000000e+00
8.359999999999999432e+00,4.999999997356202819e+00,4.999999997356202819e+00,9.674206997855096796e-09,4.255922281259927331e-09,2.643797181178797473e-09,4.255922281259927331e-09,0.000000000000000000e+00,0.000000000000000000e+00
8.380000000000000782e+00,4.999999997538269625e+00,4.999999997538269625e+00,9.103355875246406572e-09,3.965695771768196209e-09,2.461730375102888502e-09,3.965695771768196209e-09,0.000000000000000000e+00,0.000000000000000000e+00
8.400000000000000355e+00,4.999999997709514865e+00,4.999999997709514865e+00,8.562279843987199190e-09,3.692595562654332753e-09,2.290485134892605856e-09,3.692595562654332753e-09,0.000000000000000000e+00,0.000000000000000000e+00
8.419999999999999929e+00,4.999999997870506974e+00,4.999999997870506974e+00,8.049624629822369487e-09,3.435727702338908784e-09,2.129493026359341457e-09,3.435727702338908784e-09,0.000000000000000000e+00,0.000000000000000000e+00
8.439999999999999503e+00,4.999999998021788628e+00,4.999999998021788628e+00,7.564086120794033592e-09,3.194239539539012185e-09,1.978211372488658526e-09,3.194239539539012185e-09,0.000000000000000000e+00,0.000000000000000000e+00
8.460000000000000853e+00,4.999999998163876747e+00,4.999999998163876747e+00,7.104409214587929011e-09,2.967317058732987789e-09,1.836123253440291592e-09,2.967317058732987789e-09,0.000000000000000000e+00,0.000000000000000000e+00
8.480000000000000426e+00,4.999999998297264270e+00,4.999999998297264270e+00,6.669386781145179849e-09,2.754184880160437388e-09,1.702735730191307084e-09,2.754184880160437388e-09,0.000000000000000000e+00,0.000000000000000000e+00
8.500000000000000000e+00,4.999999998422421044e+00,4.999999998422421044e+00,6.257858462559357927e-09,2.554103595286960626e-09,1.577578956357683637e-09,2.554103595286960626e-09,0.000000000000000000e+00,0.000000000000000000e+00
8.519999999999999574e+00,4.999999998539795598e+00,4.999999998539795598e+00,5.868709459757074597e-09,2.366368434536525456e-09,1.460204401837472687e-09,2.366368434536525456e-09,0.000000000000000000e+00,0.000000000000000000e+00
8.540000000000000924e+00,4.999999998649813371e+00,4.999999998649813371e+00,5.500869174056987627e-09,2.190306602756209031e-09,1.350186629167637875e-09,2.190306602756209031e-09,0.000000000000000000e+00,0.000000000000000000e+00
8.560000000000000497e+00,4.999999998752879371e+00,4.999999998752879371e+00,5.153310251026434711e-09,2.025279943751456813e-09,1.247120628988795943e-09,2.025279943751456813e-09,0.000000000000000000e+00,0.000000000000000000e+00
8.580000000000000071e+00,4.999999998849379956e+00,4.999999998849379956e+00,4.825047320272111045e-09,1.870680943483193914e-09,1.150620043688377336e-09,1.870680943483193914e-09,0.000000000000000000e+00,0.000000000000000000e+00
8.599999999999999645e+00,4.999999998939682833e+00,4.999999998939682833e+00,4.515135594798156872e-09,1.725930065532566005e-09,1.060317167400626204e-09,1.725930065532566005e-09,0.000000000000000000e+00,0.000000000000000000e+00
8.620000000000000995e+00,4.999999999024136166e+00,4.999999999024136166e+00,4.222669610428435280e-09,1.590475751100939306e-09,9.758638341850200959e-10,1.590475751100939306e-09,0.000000000000000000e+00,0.000000000000000000e+00
8.640000000000000568e+00,4.999999999103072135e+00,4.999999999103072135e+00,3.946782224513345015e-09,1.463795751277530144e-09,8.969278653125911660e-10,1.463795751277530144e-09,0.000000000000000000e+00,0.000000000000000000e+00
8.660000000000000142e+00,4.999999999176805154e+00,4.999999999176805154e+00,3.686643181858899106e-09,1.345391797968886749e-09,8.231948456227655697e-10,1.345391797968886749e-09,0.000000000000000000e+00,0.000000000000000000e+00
8.679999999999999716e+00,4.999999999245634541e+00,4.999999999245634541e+00,3.441458090516423948e-09,1.234792268434148355e-09,7.543654589881043648e-10,1.234792268434148355e-09,0.000000000000000000e+00,0.000000000000000000e+00
8.700000000000001066e+00,4.999999999309843624e+00,4.999999999309843624e+00,3.210467100312997166e-09,1.131548188482156547e-09,6.901563764927232114e-10,1.131548188482156547e-09,0.000000000000000000e+00,0.000000000000000000e+00
8.720000000000000639e+00,4.999999999369702408e+00,4.999999999369702408e+00,2.992943846755605931e-09,1.035234564739084817e-09,6.302975918970332714e-10,1.035234564739084817e-09,0.000000000000000000e+00,0.000000000000000000e+00
8.740000000000000213e+00,4.999999999425466690e+00,4.999999999425466690e+00,2.788194100864600329e-09,9.454463878455499071e-10,5.745333098161609087e-10,9.454463878455499071e-10,0.000000000000000000e+00,0.000000000000000000e+00
8.759999999999999787e+00,4.999999999477378054e+00,4.999999999477378054e+00,2.595554687250564350e-09,8.617999647242413630e-10,5.226219457199476892e-10,8.617999647242413630e-10,0.000000000000000000e+00,0.000000000000000000e+00
8.779999999999999361e+00,4.999999999525665650e+00,4.999999999525665650e+00,2.414392510383500151e-09,7.839329185799215338e-10,4.743343495761109807e-10,7.839329185799215338e-10,0.000000000000000000e+00,0.000000000000000000e+00
8.800000000000000711e+00,4.999999999570547971e+00,4.999999999570547971e+00,2.244103411781566948e-09,7.115015243641664711e-10,4.294520294934045523e-10,7.115015243641664711e-10,0.000000000000000000e+00,0.000000000000000000e+00
8.820000000000000284e+00,4.999999999612230184e+00,4.999999999612230184e+00,2.084110875027421060e-09,6.441780442401068285e-10,3.877698162568776752e-10,6.441780442401068285e-10,0.000000000000000000e+00,0.000000000000000000e+00
8.839999999999999858e+00,4.999999999650907689e+00,4.999999999650907689e+00,1.933865259963210771e-09,5.816547243853165128e-10,3.490923106141963217e-10,5.816547243853165128e-10,0.000000000000000000e+00,0.000000000000000000e+00
8.859999999999999432e+00,4.999999999686764340e+00,4.999999999686764340e+00,1.792842580559019101e-09,5.236384659212944825e-10,3.132356596324825659e-10,5.236384659212944825e-10,0.000000000000000000e+00,0.000000000000000000e+00
8.880000000000000782e+00,4.999999999719975108e+00,4.999999999719975108e+00,1.660543671447989534e-09,4.698534894487238489e-10,2.800248921630554833e-10,4.698534894487238489e-10,0.000000000000000000e+00,0.000000000000000000e+00
8.900000000000000355e+00,4.999999999750705193e+00,4.999999999750705193e+00,1.536493038127648800e-09,4.200373382445832249e-10,2.492948070198508503e-10,4.200373382445832249e-10,0.000000000000000000e+00,0.000000000000000000e+00
8.919999999999999929e+00,4.999999999779110027e+00,4.999999999779110027e+00,1.420237955367861630e-09,3.739422105297762755e-10,2.208899729794211453e-10,3.739422105297762755e-10,0.000000000000000000e+00,0.000000000000000000e+00
8.939999999999999503e+00,4.999999999805337048e+00,4.999999999805337048e+00,1.311347655777988618e-09,3.313349594691317179e-10,1.946629524240961473e-10,3.313349594691317179e-10,0.000000000000000000e+00,0.000000000000000000e+00
8.960000000000000853e+00,4.999999999829525699e+00,4.999999999829525699e+00,1.209412333063804096e-09,2.919944286361442209e-10,1.704743013419829367e-10,2.919944286361442209e-10,0.000000000000000000e+00,0.000000000000000000e+00
8.980000000000000426e+00,4.999999999851806542e+00,4.999999999851806542e+00,1.114042244958721189e-09,2.557114520129744051e-10,1.481934575053855951e-10,2.557114520129744051e-10,0.000000000000000000e+00,0.000000000000000000e+00
9.000000000000000000e+00,4.999999999872303924e+00,4.999999999872303924e+00,1.024867039088656909e-09,2.222901862580783927e-10,1.276960759355461050e-10,2.222901862580783927e-10,0.000000000000000000e+00,0.000000000000000000e+00
9.019999999999999574e+00,4.999999999891134195e+00,4.999999999891134195e+00,9.415347465701231134e-10,1.915441139033191575e-10,1.088658052594837500e-10,1.915441139033191575e-10,0.000000000000000000e+00,0.000000000000000000e+00
9.040000000000000924e+00,4.999999999908408377e+00,4.999999999908408377e+00,8.637111427020333645e-10,1.632987078892256250e-10,9.159162317473601433e-11,1.632987078892256250e-10,0.000000000000000000e+00,0.000000000000000000e+00
9.060000000000000497e+00,4.999999999924230387e+00,4.999999999924230387e+00,7.910787719080403785e-10,1.373874347621040215e-10,7.576961280619798345e-11,1.373874347621040215e-10,0.000000000000000000e+00,0.000000000000000000e+00
9.080000000000000071e+00,4.999999999938697037e+00,4.999999999938697037e+00,7.233363366381660795e-10,1.136544192092969752e-10,6.130296270612234366e-11,1.136544192092969752e-10,0.000000000000000000e+00,0.000000000000000000e+00
9.099999999999999645e+00,4.999999999951900698e+00,4.999999999951900698e+00,6.601981473802678025e-10,9.195444405918351549e-11,4.809930231886028196e-11,9.195444405918351549e-11,0.000000000000000000e+00,0.000000000000000000e+00
9.120000000000000995e+00,4.999999999963928410e+00,4.999999999963928410e+00,6.013932279900700645e-10,7.214895347829042294e-11,3.607159015928118606e-11,7.214895347829042294e-11,0.000000000000000000e+00,0.000000000000000000e+00
9.140000000000000568e+00,4.999999999974861886e+00,4.999999999974861886e+00,5.466646437149552360e-10,5.410738523892177909e-11,2.513811381277264445e-11,5.410738523892177909e-11,0.000000000000000000e+00,0.000000000000000000e+00
9.160000000000000142e+00,4.999999999984777510e+00,4.999999999984777510e+00,4.957688964153755884e-10,3.770717071915896668e-11,1.522248993524044636e-11,3.770717071915896668e-11,0.000000000000000000e+00,0.000000000000000000e+00
9.179999999999999716e+00,4.999999999993747224e+00,4.999999999993747224e+00,4.484753802641240758e-10,2.283373490286066954e-11,6.252776074688881636e-12,2.283373490286066954e-11,0.000000000000000000e+00,0.000000000000000000e+00
9.200000000000001066e+00,5.000000000001838529e+00,5.000000000001838529e+00,4.045657586489149953e-10,9.379164112033322453e-12,-1.838529328779259231e-12,9.379164112033322453e-12,0.000000000000000000e+00,0.000000000000000000e+00
9.220000000000000639e+00,5.000000000009115375e+00,5.000000000009115375e+00,3.638334033847066120e-10,-2.757793993168888846e-12,-9.115375121382385259e-12,-2.757793993168888846e-12,0.000000000000000000e+00,0.000000000000000000e+00
9.240000000000000213e+00,5.000000000015637269e+00,5.000000000015637269e+00,3.260827567780285982e-10,-1.367306268207357789e-11,-1.563726925724040484e-11,-1.367306268207357789e-11,0.000000000000000000e+00,0.000000000000000000e+00
9.259999999999999787e+00,5.000000000021460167e+00,5.000000000021460167e+00,2.911288907116396880e-10,-2.345590388586060726e-11,-2.146016697679442586e-11,-2.345590388586060726e-11,0.000000000000000000e+00,0.000000000000000000e+00
9.279999999999999361e+00,5.000000000026636471e+00,5.000000000026636471e+00,2.587969765939565605e-10,-3.219025046519163880e-11,-2.663647080680675572e-11,-3.219025046519163880e-11,0.000000000000000000e+00,0.000000000000000000e+00
9.300000000000000711e+00,5.000000000031215031e+00,5.000000000031215031e+00,2.289218083135398963e-10,-3.995470621021013358e-11,-3.121503056036090129e-11,-3.995470621021013358e-11,0.000000000000000000e+00,0.000000000000000000e+00
9.320000000000000284e+00,5.000000000035242032e+00,5.000000000035242032e+00,2.013473728981317611e-10,-4.682254584054135194e-11,-3.524203151528126909e-11,-4.682254584054135194e-11,0.000000000000000000e+00,0.000000000000000000e+00
9.339999999999999858e+00,5.000000000038760994e+00,5.000000000038760994e+00,1.759263308810263946e-10,-5.286304727292190364e-11,-3.876099441413316526e-11,-5.286304727292190364e-11,0.000000000000000000e+00,0.000000000000000000e+00
9.359999999999999432e+00,5.000000000041810999e+00,5.000000000041810999e+00,1.525195486308037778e-10,-5.814149162119974790e-11,-4.181099910738339531e-11,-5.814149162119974790e-11,0.000000000000000000e+00,0.000000000000000000e+00
9.380000000000000782e+00,5.000000000044431125e+00,5.000000000044431125e+00,1.309959439016158855e-10,-6.271649866107509297e-11,-4.443112544549876475e-11,-6.271649866107509297e-11,0.000000000000000000e+00,0.000000000000000000e+00
9.400000000000000355e+00,5.000000000046656012e+00,5.000000000046656012e+00,1.112316806946294823e-10,-6.664668816824814712e-11,-4.665601238684757845e-11,-6.664668816824814712e-11,0.000000000000000000e+00,0.000000000000000000e+00
9.419999999999999929e+00,5.000000000048518523e+00,5.000000000048518523e+00,9.311011076713939858e-11,-6.998401858027136768e-11,-4.851852253295874107e-11,-6.998401858027136768e-11,0.000000000000000000e+00,0.000000000000000000e+00
9.439999999999999503e+00,5.000000000050048854e+00,5.000000000050048854e+00,7.652132131048163980e-11,-7.277778379943811160e-11,-5.004885395010205684e-11,-7.277778379943811160e-11,0.000000000000000000e+00,0.000000000000000000e+00
9.460000000000000853e+00,5.000000000051276317e+00,5.000000000051276317e+00,6.136186108691816471e-11,-7.507328092515308526e-11,-5.127631652612762991e-11,-7.507328092515308526e-11,0.000000000000000000e+00,0.000000000000000000e+00
9.480000000000000426e+00,5.000000000052226667e+00,5.000000000052226667e+00,4.753422749930720117e-11,-7.691447478919144487e-11,-5.222666743520676391e-11,-7.691447478919144487e-11,0.000000000000000000e+00,0.000000000000000000e+00
9.500000000000000000e+00,5.000000000052925664e+00,5.000000000052925664e+00,3.494680463409547034e-11,-7.834000115281014587e-11,-5.292566385151076247e-11,-7.834000115281014587e-11,0.000000000000000000e+00,0.000000000000000000e+00
9.519999999999999574e+00,5.000000000053395510e+00,5.000000000053395510e+00,2.351327459295931152e-11,-7.938849577726614370e-11,-5.339551023553212872e-11,-7.938849577726614370e-11,0.000000000000000000e+00,0.000000000000000000e+00
9.540000000000000924e+00,5.000000000053658411e+00,5.000000000053658411e+00,1.315262059833356074e-11,-8.009326535329819308e-11,-5.365841104776336579e-11,-8.009326535329819308e-11,0.000000000000000000e+00,0.000000000000000000e+00
9.560000000000000497e+00,5.000000000053733906e+00,5.000000000053733906e+00,3.788596881335700283e-12,-8.048761657164504868e-11,-5.373390621343787643e-11,-8.048761657164504868e-11,0.000000000000000000e+00,0.000000000000000000e+00
9.580000000000000071e+00,5.000000000053640647e+00,5.000000000053640647e+00,-4.650348738813551048e-12,-8.060085932015681465e-11,-5.364064747936936328e-11,-8.060085932015681465e-11,0.000000000000000000e+00,0.000000000000000000e+00
9.599999999999999645e+00,5.000000000053396398e+00,5.000000000053396398e+00,-1.223141098683759963e-11,-8.046097121905404492e-11,-5.339639841395182884e-11,-8.046097121905404492e-11,0.000000000000000000e+00,0.000000000000000000e+00
9.620000000000000995e+00,5.000000000053016258e+00,5.000000000053016258e+00,-1.901772965024661189e-11,-8.009459762092774326e-11,-5.301625805032017524e-11,-8.009459762092774326e-11,0.000000000000000000e+00,0.000000000000000000e+00
9.640000000000000568e+00,5.000000000052515325e+00,5.000000000052515325e+00,-2.506839539276997764e-11,-7.952438707548026287e-11,-5.251532542160930461e-11,-7.952438707548026287e-11,0.000000000000000000e+00,0.000000000000000000e+00
9.660000000000000142e+00,5.000000000051906923e+00,5.000000000051906923e+00,-3.043885466673437750e-11,-7.877298813241395692e-11,-5.190692320411471883e-11,-7.877298813241395692e-11,0.000000000000000000e+00,0.000000000000000000e+00
9.679999999999999716e+00,5.000000000051203486e+00,5.000000000051203486e+00,-3.518100768067814499e-11,-7.786038480617207824e-11,-5.120348589571221964e-11,-7.786038480617207824e-11,0.000000000000000000e+00,0.000000000000000000e+00
9.700000000000001066e+00,5.000000000050416560e+00,5.000000000050416560e+00,-3.934342979696716085e-11,-7.680522884356832947e-11,-5.041655981585790869e-11,-7.680522884356832947e-11,0.000000000000000000e+00,0.000000000000000000e+00
9.720000000000000639e+00,5.000000000049556803e+00,5.000000000049556803e+00,-4.297157078964913043e-11,-7.562483972378686303e-11,-4.955680310558818746e-11,-7.562483972378686303e-11,0.000000000000000000e+00,0.000000000000000000e+00
9.740000000000000213e+00,5.000000000048634874e+00,5.000000000048634874e+00,-4.610793417652244227e-11,-7.433520465838228120e-11,-4.863487390593945747e-11,-7.433520465838228120e-11,0.000000000000000000e+00,0.000000000000000000e+00
9.759999999999999787e+00,5.000000000047658766e+00,5.000000000047658766e+00,-4.879237184476111408e-11,-7.295231085890918621e-11,-4.765876582268901984e-11,-7.295231085890918621e-11,0.000000000000000000e+00,0.000000000000000000e+00
9.779999999999999361e+00,5.000000000046637361e+00,5.000000000046637361e+00,-5.106194953368835888e-11,-7.148814873403352976e-11,-4.663736064003387582e-11,-7.148814873403352976e-11,0.000000000000000000e+00,0.000000000000000000e+00
9.800000000000000711e+00,5.000000000045578652e+00,5.000000000045578652e+00,-5.295135867632460566e-11,-6.995604096005081374e-11,-4.557865196375132655e-11,-6.995604096005081374e-11,0.000000000000000000e+00,0.000000000000000000e+00
9.820000000000000284e+00,5.000000000044488857e+00,5.000000000044488857e+00,-5.449302060325484214e-11,-6.836797794562698982e-11,-4.448885704277927289e-11,-6.836797794562698982e-11,0.000000000000000000e+00,0.000000000000000000e+00
9.839999999999999858e+00,5.000000000043374193e+00,5.000000000043374193e+00,-5.571704709934625015e-11,-6.673328556416890933e-11,-4.337419312605561572e-11,-6.673328556416890933e-11,0.000000000000000000e+00,0.000000000000000000e+00
9.859999999999999432e+00,5.000000000042240877e+00,5.000000000042240877e+00,-5.665147135831996749e-11,-6.506128968908342358e-11,-4.224087746251825592e-11,-6.506128968908342358e-11,0.000000000000000000e+00,0.000000000000000000e+00
9.880000000000000782e+00,5.000000000041094239e+00,5.000000000041094239e+00,-5.732245584186570913e-11,-6.336131619377738389e-11,-4.109423912268539425e-11,-6.336131619377738389e-11,0.000000000000000000e+00,0.000000000000000000e+00
9.900000000000000355e+00,5.000000000039938719e+00,5.000000000039938719e+00,-5.775434612608194736e-11,-6.164135868402809137e-11,-3.993871899865553132e-11,-6.164135868402809137e-11,0.000000000000000000e+00,0.000000000000000000e+00
9.919999999999999929e+00,5.000000000038779646e+00,5.000000000038779646e+00,-5.796971936327208296e-11,-5.990807849798329698e-11,-3.877964616094686789e-11,-5.990807849798329698e-11,0.000000000000000000e+00,0.000000000000000000e+00
9.939999999999999503e+00,5.000000000037619685e+00,5.000000000037619685e+00,-5.798969435108690679e-11,-5.816946924142030184e-11,-3.761968514481850434e-11,-5.816946924142030184e-11,0.000000000000000000e+00,0.000000000000000000e+00
9.960000000000000853e+00,5.000000000036463277e+00,5.000000000036463277e+00,-5.783367768770098982e-11,-5.642952771722775651e-11,-3.646327684236894129e-11,-5.642952771722775651e-11,0.000000000000000000e+00,0.000000000000000000e+00
9.980000000000000426e+00,5.000000000035313086e+00,5.000000000035313086e+00,-5.751980144528623268e-11,-5.469491526355341193e-11,-3.531308578885727911e-11,-5.469491526355341193e-11,0.000000000000000000e+00,0.000000000000000000e+00
1.000000000000000000e+01,5.000000000034171777e+00,5.000000000034171777e+00,-5.706478416908620257e-11,-5.296962868328591867e-11,-3.417177651954261819e-11,-5.296962868328591867e-11,0.000000000000000000e+00,0.000000000000000000e+00
1.001999999999999957e+01,5.000000000033042014e+00,5.000000000033042014e+00,-5.648407223010897375e-11,-5.125766477931392728e-11,-3.304201356968405889e-11,-5.125766477931392728e-11,0.000000000000000000e+00,0.000000000000000000e+00
1.004000000000000092e+01,5.000000000031926461e+00,5.000000000031926461e+00,-5.579196704255068779e-11,-4.956302035452608834e-11,-3.192646147454070160e-11,-4.956302035452608834e-11,0.000000000000000000e+00,0.000000000000000000e+00
1.006000000000000050e+01,5.000000000030826008e+00,5.000000000030826008e+00,-5.500173955947672555e-11,-4.788969221181105240e-11,-3.082600841253224644e-11,-4.788969221181105240e-11,0.000000000000000000e+00,0.000000000000000000e+00
1.008000000000000007e+01,5.000000000029743319e+00,5.000000000029743319e+00,-5.412546686540889190e-11,-4.623901261879836966e-11,-2.974331891891779378e-11,-4.623901261879836966e-11,0.000000000000000000e+00,0.000000000000000000e+00
1.009999999999999964e+01,5.000000000028680169e+00,5.000000000028680169e+00,-5.317441801670567501e-11,-4.461497837837669067e-11,-2.868016935053674388e-11,-4.461497837837669067e-11,0.000000000000000000e+00,0.000000000000000000e+00
1.012000000000000099e+01,5.000000000027636560e+00,5.000000000027636560e+00,-5.215900161761562167e-11,-4.302025402580511582e-11,-2.763655970738909673e-11,-4.302025402580511582e-11,0.000000000000000000e+00,0.000000000000000000e+00
1.014000000000000057e+01,5.000000000026615155e+00,5.000000000026615155e+00,-5.108858541196242660e-11,-4.145483956108364509e-11,-2.661515452473395271e-11,-4.145483956108364509e-11,0.000000000000000000e+00,0.000000000000000000e+00
1.016000000000000014e+01,5.000000000025615954e+00,5.000000000025615954e+00,-4.997200004947627749e-11,-3.992273178710092907e-11,-2.561595380257131183e-11,-3.992273178710092907e-11,0.000000000000000000e+00,0.000000000000000000e+00
1.017999999999999972e+01,5.000000000024639846e+00,5.000000000024639846e+00,-4.881719311491434846e-11,-3.842393070385696774e-11,-2.463984571932087420e-11,-3.842393070385696774e-11,0.000000000000000000e+00,0.000000000000000000e+00
1.020000000000000107e+01,5.000000000023686830e+00,5.000000000023686830e+00,-4.763145066132104280e-11,-3.695976857898131129e-11,-2.368683027498263982e-11,-3.695976857898131129e-11,0.000000000000000000e+00,0.000000000000000000e+00
1.022000000000000064e+01,5.000000000022758684e+00,5.000000000022758684e+00,-4.642133013643633191e-11,-3.553024541247395973e-11,-2.275868382639600895e-11,-3.553024541247395973e-11,0.000000000000000000e+00,0.000000000000000000e+00
1.024000000000000021e+01,5.000000000021854518e+00,5.000000000021854518e+00,-4.519299969675209877e-11,-3.413802573959401343e-11,-2.185451819514128147e-11,-3.413802573959401343e-11,0.000000000000000000e+00,0.000000000000000000e+00
1.025999999999999979e+01,5.000000000020975222e+00,5.000000000020975222e+00,-4.395187745634807853e-11,-3.278177729271192220e-11,-2.097522155963815749e-11,-3.278177729271192220e-11,0.000000000000000000e+00,0.000000000000000000e+00
1.027999999999999936e+01,5.000000000020120794e+00,5.000000000020120794e+00,-4.270297294465899559e-11,-3.146283233945723623e-11,-2.012079391988663701e-11,-3.146283233945723623e-11,0.000000000000000000e+00,0.000000000000000000e+00
1.030000000000000071e+01,5.000000000019292123e+00,5.000000000019292123e+00,-4.145079473817609094e-11,-3.018119087982995552e-11,-1.929212345430642017e-11,-3.018119087982995552e-11,0.000000000000000000e+00,0.000000000000000000e+00
1.032000000000000028e+01,5.000000000018488322e+00,5.000000000018488322e+00,-4.019953378250444810e-11,-2.893818518145963026e-11,-1.848832198447780684e-11,-2.893818518145963026e-11,0.000000000000000000e+00,0.000000000000000000e+00
1.033999999999999986e+01,5.000000000017709390e+00,5.000000000017709390e+00,-3.895282870192567625e-11,-2.773248297671671025e-11,-1.770938951040079701e-11,-2.773248297671671025e-11,0.000000000000000000e+00,0.000000000000000000e+00
1.035999999999999943e+01,5.000000000016955326e+00,5.000000000016955326e+00,-3.771395425829322689e-11,-2.656408426560119551e-11,-1.695532603207539069e-11,-2.656408426560119551e-11,0.000000000000000000e+00,0.000000000000000000e+00
1.038000000000000078e+01,5.000000000016225243e+00,5.000000000016225243e+00,-3.648585773727521216e-11,-2.543298904811308603e-11,-1.622524337108188774e-11,-2.543298904811308603e-11,0.000000000000000000e+00,0.000000000000000000e+00
1.040000000000000036e+01,5.000000000015520030e+00,5.000000000015520030e+00,-3.527105846920997733e-11,-2.433786505662283162e-11,-1.552002970583998831e-11,-2.433786505662283162e-11,0.000000000000000000e+00,0.000000000000000000e+00
1.041999999999999993e+01,5.000000000014838797e+00,5.000000000014838797e+00,-3.407195707816497849e-11,-2.328004455875998246e-11,-1.483879685792999226e-11,-2.328004455875998246e-11,0.000000000000000000e+00,0.000000000000000000e+00
1.043999999999999950e+01,5.000000000014180657e+00,5.000000000014180657e+00,-3.289058089903798077e-11,-2.225819528689498839e-11,-1.418065664893219946e-11,-2.225819528689498839e-11,0.000000000000000000e+00,0.000000000000000000e+00
1.046000000000000085e+01,5.000000000013546497e+00,5.000000000013546497e+00,-3.172862130647401197e-11,-2.127098497339829919e-11,-1.354649725726631004e-11,-2.127098497339829919e-11,0.000000000000000000e+00,0.000000000000000000e+00
1.048000000000000043e+01,5.000000000012934542e+00,5.000000000012934542e+00,-3.058773376441655599e-11,-2.031974588589946507e-11,-1.293454232609292376e-11,-2.031974588589946507e-11,0.000000000000000000e+00,0.000000000000000000e+00
1.050000000000000000e+01,5.000000000012344792e+00,5.000000000012344792e+00,-2.946914173688883831e-11,-1.940181348913938564e-11,-1.234479185541204060e-11,-1.940181348913938564e-11,0.000000000000000000e+00,0.000000000000000000e+00
1.051999999999999957e+01,5.000000000011777246e+00,5.000000000011777246e+00,-2.837394634151175992e-11,-1.851718778311806091e-11,-1.177724584522366058e-11,-1.851718778311806091e-11,0.000000000000000000e+00,0.000000000000000000e+00
1.054000000000000092e+01,5.000000000011231016e+00,5.000000000011231016e+00,-2.730313858414413140e-11,-1.766586876783549087e-11,-1.123101611710808356e-11,-1.766586876783549087e-11,0.000000000000000000e+00,0.000000000000000000e+00
1.056000000000000050e+01,5.000000000010706103e+00,5.000000000010706103e+00,-2.625747714329593144e-11,-1.684652417566212534e-11,-1.070610267106530955e-11,-1.684652417566212534e-11,0.000000000000000000e+00,0.000000000000000000e+00
1.058000000000000007e+01,5.000000000010201617e+00,5.000000000010201617e+00,-2.523764482962613505e-11,-1.605915400659796433e-11,-1.020161732867563842e-11,-1.605915400659796433e-11,0.000000000000000000e+00,0.000000000000000000e+00
1.059999999999999964e+01,5.000000000009716672e+00,5.000000000009716672e+00,-2.424412294596486634e-11,-1.530242599301345763e-11,-9.716671911519370042e-12,-1.530242599301345763e-11,0.000000000000000000e+00,0.000000000000000000e+00
1.062000000000000099e+01,5.000000000009251266e+00,5.000000000009251266e+00,-2.327721143809628650e-11,-1.457500786727905506e-11,-9.251266419596504420e-12,-1.457500786727905506e-11,0.000000000000000000e+00,0.000000000000000000e+00
1.064000000000000057e+01,5.000000000008804513e+00,5.000000000008804513e+00,-2.233718025722613319e-11,-1.387689962939475663e-11,-8.804512674487341428e-12,-1.387689962939475663e-11,0.000000000000000000e+00,0.000000000000000000e+00
1.066000000000000014e+01,5.000000000008376411e+00,5.000000000008376411e+00,-2.142413913267662012e-11,-1.320676901173101214e-11,-8.376410676191881066e-12,-1.320676901173101214e-11,0.000000000000000000e+00,0.000000000000000000e+00
1.067999999999999972e+01,5.000000000007966072e+00,5.000000000007966072e+00,-2.053818682083774059e-11,-1.256461601428782160e-11,-7.966072246290423209e-12,-1.256461601428782160e-11,0.000000000000000000e+00,0.000000000000000000e+00
1.070000000000000107e+01,5.000000000007572609e+00,5.000000000007572609e+00,-1.967927897569753131e-11,-1.194910836943563481e-11,-7.572609206363267731e-12,-1.194910836943563481e-11,0.000000000000000000e+00,0.000000000000000000e+00
1.072000000000000064e+01,5.000000000007196022e+00,5.000000000007196022e+00,-1.884724245908226963e-11,-1.135891380954490160e-11,-7.196021556410414632e-12,-1.135891380954490160e-11,0.000000000000000000e+00,0.000000000000000000e+00
1.074000000000000021e+01,5.000000000006835421e+00,5.000000000006835421e+00,-1.804192144663560357e-11,-1.079403233461562195e-11,-6.835421118012163788e-12,-1.079403233461562195e-11,0.000000000000000000e+00,0.000000000000000000e+00
1.075999999999999979e+01,5.000000000006489920e+00,5.000000000006489920e+00,-1.726304246967386778e-11,-1.025313167701824568e-11,-6.489919712748815073e-12,-1.025313167701824568e-11,0.000000000000000000e+00,0.000000000000000000e+00
1.077999999999999936e+01,5.000000000006159517e+00,5.000000000006159517e+00,-1.651022617961880391e-11,-9.734879569123222609e-12,-6.159517340620368486e-12,-9.734879569123222609e-12,0.000000000000000000e+00,0.000000000000000000e+00
1.080000000000000071e+01,5.000000000005844214e+00,5.000000000005844214e+00,-1.578313116274998008e-11,-9.239276010930552729e-12,-5.844214001626824029e-12,-9.239276010930552729e-12,0.000000000000000000e+00,0.000000000000000000e+00
1.082000000000000028e+01,5.000000000005542233e+00,5.000000000005542233e+00,-1.508145014671900729e-11,-8.766321002440236043e-12,-5.542233338928781450e-12,-8.766321002440236043e-12,0.000000000000000000e+00,0.000000000000000000e+00
1.083999999999999986e+01,5.000000000005254464e+00,5.000000000005254464e+00,-1.440464013288642314e-11,-8.313350008393172175e-12,-5.254463530945940875e-12,-8.313350008393172175e-12,0.000000000000000000e+00,0.000000000000000000e+00
1.085999999999999943e+01,5.000000000004979128e+00,5.000000000004979128e+00,-1.375234564923967195e-11,-7.881695296418911312e-12,-4.979128220838902052e-12,-7.881695296418911312e-12,0.000000000000000000e+00,0.000000000000000000e+00
1.088000000000000078e+01,5.000000000004716227e+00,5.000000000004716227e+00,-1.312398031744154039e-11,-7.468692331258353079e-12,-4.716227408607664984e-12,-7.468692331258353079e-12,0.000000000000000000e+00,0.000000000000000000e+00
1.090000000000000036e+01,5.000000000004465761e+00,5.000000000004465761e+00,-1.251901639698853594e-11,-7.074341112911497476e-12,-4.465761094252229668e-12,-7.074341112911497476e-12,0.000000000000000000e+00,0.000000000000000000e+00
1.091999999999999993e+01,5.000000000004226841e+00,5.000000000004226841e+00,-1.193697892142751647e-11,-6.698641641378344502e-12,-4.226841099352895981e-12,-6.698641641378344502e-12,0.000000000000000000e+00,0.000000000000000000e+00
1.093999999999999950e+01,5.000000000003999467e+00,5.000000000003999467e+00,-1.137730719418769922e-11,-6.340261649029343971e-12,-3.999467423909663921e-12,-6.340261649029343971e-12,0.000000000000000000e+00,0.000000000000000000e+00
1.096000000000000085e+01,5.000000000003782752e+00,5.000000000003782752e+00,-1.083949658835537953e-11,-5.999201135864495882e-12,-3.782751889502833365e-12,-5.999201135864495882e-12,0.000000000000000000e+00,0.000000000000000000e+00
1.098000000000000043e+01,5.000000000003576694e+00,5.000000000003576694e+00,-1.032295971294526723e-11,-5.674127834254250047e-12,-3.576694496132404311e-12,-5.674127834254250047e-12,0.000000000000000000e+00,0.000000000000000000e+00
1.100000000000000000e+01,5.000000000003380407e+00,5.000000000003380407e+00,-9.827167916070600669e-12,-5.365041744198606466e-12,-3.380407065378676634e-12,-5.365041744198606466e-12,0.000000000000000000e+00,0.000000000000000000e+00
1.101999999999999957e+01,5.000000000003193001e+00,5.000000000003193001e+00,-9.351512184270342420e-12,-5.070610598068014951e-12,-3.193001418821950210e-12,-5.070610598068014951e-12,0.000000000000000000e+00,0.000000000000000000e+00
1.104000000000000092e+01,5.000000000003015366e+00,5.000000000003015366e+00,-8.895311178666600710e-12,-4.789502128232925315e-12,-3.015365734881925164e-12,-4.789502128232925315e-12,0.000000000000000000e+00,0.000000000000000000e+00
1.106000000000000050e+01,5.000000000002846612e+00,5.000000000002846612e+00,-8.458084921032228929e-12,-4.523048602322887746e-12,-2.846611835138901370e-12,-4.523048602322887746e-12,0.000000000000000000e+00,0.000000000000000000e+00
1.108000000000000007e+01,5.000000000002685852e+00,5.000000000002685852e+00,-8.039268204199841241e-12,-4.269917752708352054e-12,-2.685851541173178703e-12,-4.269917752708352054e-12,0.000000000000000000e+00,0.000000000000000000e+00
1.109999999999999964e+01,5.000000000002533085e+00,5.000000000002533085e+00,-7.638219114955834246e-12,-4.028777311759768054e-12,-2.533084852984757163e-12,-4.028777311759768054e-12,0.000000000000000000e+00,0.000000000000000000e+00
1.112000000000000099e+01,5.000000000002388312e+00,5.000000000002388312e+00,-7.254359931407964395e-12,-3.799627279477135744e-12,-2.388311770573636750e-12,-3.799627279477135744e-12,0.000000000000000000e+00,0.000000000000000000e+00
1.114000000000000057e+01,5.000000000002250644e+00,5.000000000002250644e+00,-6.887170703853213307e-12,-3.582467655860455125e-12,-2.250644115520117339e-12,-3.582467655860455125e-12,0.000000000000000000e+00,0.000000000000000000e+00
1.116000000000000014e+01,5.000000000002120082e+00,5.000000000002120082e+00,-6.536050250795909658e-12,-3.375966173280176008e-12,-2.120081887824198930e-12,-3.375966173280176008e-12,0.000000000000000000e+00,0.000000000000000000e+00
1.117999999999999972e+01,5.000000000001995737e+00,5.000000000001995737e+00,-6.200457508889948531e-12,-3.180122831736298394e-12,-1.995736909066181397e-12,-3.180122831736298394e-12,0.000000000000000000e+00,0.000000000000000000e+00
1.120000000000000107e+01,5.000000000001878497e+00,5.000000000001878497e+00,-5.879772294360880565e-12,-2.993605363599272096e-12,-1.878497357665764866e-12,-2.993605363599272096e-12,0.000000000000000000e+00,0.000000000000000000e+00
1.122000000000000064e+01,5.000000000001766587e+00,5.000000000001766587e+00,-5.573569668574657157e-12,-2.817746036498647300e-12,-1.766586876783549087e-12,-2.817746036498647300e-12,0.000000000000000000e+00,0.000000000000000000e+00
1.124000000000000021e+01,5.000000000001660894e+00,5.000000000001660894e+00,-5.281200733234723724e-12,-2.649880315175323631e-12,-1.660893644839234184e-12,-2.649880315175323631e-12,0.000000000000000000e+00,0.000000000000000000e+00
1.125999999999999979e+01,5.000000000001560529e+00,5.000000000001560529e+00,-5.002214706637136722e-12,-2.491340467258851277e-12,-1.560529483413120033e-12,-2.491340467258851277e-12,0.000000000000000000e+00,0.000000000000000000e+00
1.127999999999999936e+01,5.000000000001465494e+00,5.000000000001465494e+00,-4.736072658485390731e-12,-2.340794225119680050e-12,-1.465494392505206633e-12,-2.340794225119680050e-12,0.000000000000000000e+00,0.000000000000000000e+00
1.130000000000000071e+01,5.000000000001375788e+00,5.000000000001375788e+00,-4.482289551512632653e-12,-2.198241588757809950e-12,-1.375788372115493985e-12,-2.198241588757809950e-12,0.000000000000000000e+00,0.000000000000000000e+00
1.132000000000000028e+01,5.000000000001291411e+00,5.000000000001291411e+00,-4.240428852178693647e-12,-2.063682558173240977e-12,-1.291411422243982088e-12,-2.063682558173240977e-12,0.000000000000000000e+00,0.000000000000000000e+00
1.133999999999999986e+01,5.000000000001211475e+00,5.000000000001211475e+00,-4.010097680297421272e-12,-1.937117133365973132e-12,-1.211475364470970817e-12,-1.937117133365973132e-12,0.000000000000000000e+00,0.000000000000000000e+00
1.135999999999999943e+01,5.000000000001135980e+00,5.000000000001135980e+00,-3.790809216938324445e-12,-1.817213046706456225e-12,-1.135980198796460172e-12,-1.817213046706456225e-12,0.000000000000000000e+00,0.000000000000000000e+00
1.138000000000000078e+01,5.000000000001064038e+00,5.000000000001064038e+00,-3.582125325063961026e-12,-1.703970298194690258e-12,-1.064037746800750028e-12,-1.703970298194690258e-12,0.000000000000000000e+00,0.000000000000000000e+00
1.140000000000000036e+01,5.000000000000996536e+00,5.000000000000996536e+00,-3.383518454577677306e-12,-1.596056620201125043e-12,-9.965361869035405107e-13,-1.596056620201125043e-12,0.000000000000000000e+00,0.000000000000000000e+00
1.141999999999999993e+01,5.000000000000932587e+00,5.000000000000932587e+00,-3.194647037155440733e-12,-1.494804280355310766e-12,-9.325873406851314940e-13,-1.494804280355310766e-12,0.000000000000000000e+00,0.000000000000000000e+00
1.143999999999999950e+01,5.000000000000872191e+00,5.000000000000872191e+00,-3.015070434542666384e-12,-1.398881011027697241e-12,-8.721912081455229782e-13,-1.398881011027697241e-12,0.000000000000000000e+00,0.000000000000000000e+00
1.146000000000000085e+01,5.000000000000815348e+00,5.000000000000815348e+00,-2.844392072310228112e-12,-1.308286812218284467e-12,-8.153477892847149633e-13,-1.308286812218284467e-12,0.000000000000000000e+00,0.000000000000000000e+00
1.148000000000000043e+01,5.000000000000762057e+00,5.000000000000762057e+00,-2.682255033471912626e-12,-1.223021683927072445e-12,-7.620570841027074493e-13,-1.223021683927072445e-12,0.000000000000000000e+00,0.000000000000000000e+00
1.150000000000000000e+01,5.000000000000711431e+00,5.000000000000711431e+00,-2.528338092740127602e-12,-1.143085626154061174e-12,-7.114309141798003111e-13,-1.143085626154061174e-12,0.000000000000000000e+00,0.000000000000000000e+00
1.151999999999999957e+01,5.000000000000663469e+00,5.000000000000663469e+00,-2.382218920593084727e-12,-1.067146371269700467e-12,-6.634692795159935486e-13,-1.067146371269700467e-12,0.000000000000000000e+00,0.000000000000000000e+00
1.154000000000000092e+01,5.000000000000618172e+00,5.000000000000618172e+00,-2.243517420461175407e-12,-9.952039192739903228e-13,-6.181721801112871617e-13,-9.952039192739903228e-13,0.000000000000000000e+00,0.000000000000000000e+00
1.156000000000000050e+01,5.000000000000575540e+00,5.000000000000575540e+00,-2.111891505431750820e-12,-9.272582701669307426e-13,-5.755396159656811506e-13,-9.272582701669307426e-13,0.000000000000000000e+00,0.000000000000000000e+00
1.158000000000000007e+01,5.000000000000535572e+00,5.000000000000535572e+00,-1.987033297283427951e-12,-8.633094239485217258e-13,-5.355715870791755151e-13,-8.633094239485217258e-13,0.000000000000000000e+00,0.000000000000000000e+00
1.159999999999999964e+01,5.000000000000498268e+00,5.000000000000498268e+00,-1.868665705616961362e-12,-8.033573806187632727e-13,-4.982680934517702553e-13,-8.033573806187632727e-13,0.000000000000000000e+00,0.000000000000000000e+00
1.162000000000000099e+01,5.000000000000462741e+00,5.000000000000462741e+00,-1.756539349073030764e-12,-7.474021401776553830e-13,-4.627409566637652460e-13,-7.474021401776553830e-13,0.000000000000000000e+00,0.000000000000000000e+00
1.164000000000000057e+01,5.000000000000429878e+00,5.000000000000429878e+00,-1.650296557665292474e-12,-6.941114349956478691e-13,-4.298783551348606125e-13,-6.941114349956478691e-13,0.000000000000000000e+00,0.000000000000000000e+00
1.166000000000000014e+01,5.000000000000398792e+00,5.000000000000398792e+00,-1.549748655168992238e-12,-6.448175327022909187e-13,-3.987921104453562293e-13,-6.448175327022909187e-13,0.000000000000000000e+00,0.000000000000000000e+00
1.167999999999999972e+01,5.000000000000369482e+00,5.000000000000369482e+00,-1.454592606218896368e-12,-5.981881656680343440e-13,-3.694822225952520967e-13,-5.981881656680343440e-13,0.000000000000000000e+00,0.000000000000000000e+00
1.170000000000000107e+01,5.000000000000341949e+00,5.000000000000341949e+00,-1.364555678986294566e-12,-5.542233338928781450e-13,-3.419486915845482145e-13,-5.542233338928781450e-13,0.000000000000000000e+00,0.000000000000000000e+00
1.172000000000000064e+01,5.000000000000316192e+00,5.000000000000316192e+00,-1.279392414825347321e-12,-5.129230373768223217e-13,-3.161915174132445827e-13,-5.129230373768223217e-13,0.000000000000000000e+00,0.000000000000000000e+00
1.174000000000000021e+01,5.000000000000292211e+00,5.000000000000292211e+00,-1.198881900954799196e-12,-4.742872761198668741e-13,-2.922107000813412014e-13,-4.742872761198668741e-13,0.000000000000000000e+00,0.000000000000000000e+00
1.175999999999999979e+01,5.000000000000270006e+00,5.000000000000270006e+00,-1.122825315871520416e-12,-4.383160501220118022e-13,-2.700062395888380706e-13,-4.383160501220118022e-13,0.000000000000000000e+00,0.000000000000000000e+00
1.177999999999999936e+01,5.000000000000248690e+00,5.000000000000248690e+00,-1.051043720222694166e-12,-4.050093593832571059e-13,-2.486899575160350651e-13,-4.050093593832571059e-13,0.000000000000000000e+00,0.000000000000000000e+00
1.180000000000000071e+01,5.000000000000229150e+00,5.000000000000229150e+00,-9.832428418278299483e-13,-3.730349362740525976e-13,-2.291500322826323099e-13,-3.730349362740525976e-13,0.000000000000000000e+00,0.000000000000000000e+00
1.182000000000000028e+01,5.000000000000210498e+00,5.000000000000210498e+00,-9.192910624874418606e-13,-3.437250484239484649e-13,-2.104982854689296801e-13,-3.437250484239484649e-13,0.000000000000000000e+00,0.000000000000000000e+00
1.183999999999999986e+01,5.000000000000193623e+00,5.000000000000193623e+00,-8.589366990590371063e-13,-3.157474282033945201e-13,-1.936228954946273006e-13,-3.157474282033945201e-13,0.000000000000000000e+00,0.000000000000000000e+00
1.185999999999999943e+01,5.000000000000177636e+00,5.000000000000177636e+00,-8.020864634773274706e-13,-2.904343432419409510e-13,-1.776356839400250465e-13,-2.904343432419409510e-13,0.000000000000000000e+00,0.000000000000000000e+00
1.188000000000000078e+01,5.000000000000162537e+00,5.000000000000162537e+00,-7.485231697205984401e-13,-2.664535259100375697e-13,-1.625366508051229175e-13,-2.664535259100375697e-13,0.000000000000000000e+00,0.000000000000000000e+00
1.190000000000000036e+01,5.000000000000148326e+00,5.000000000000148326e+00,-6.980513503693070741e-13,-2.438049762076843763e-13,-1.483257960899209138e-13,-2.438049762076843763e-13,0.000000000000000000e+00,0.000000000000000000e+00
1.191999999999999993e+01,5.000000000000135003e+00,5.000000000000135003e+00,-6.504950847458644836e-13,-2.224886941348813707e-13,-1.350031197944190353e-13,-2.224886941348813707e-13,0.000000000000000000e+00,0.000000000000000000e+00
1.193999999999999950e+01,5.000000000000122569e+00,5.000000000000122569e+00,-6.056960442404409309e-13,-2.025046796916285530e-13,-1.225686219186172821e-13,-2.025046796916285530e-13,0.000000000000000000e+00,0.000000000000000000e+00
1.196000000000000085e+01,5.000000000000111022e+00,5.000000000000111022e+00,-5.635117331041894402e-13,-1.838529328779259231e-13,-1.110223024625156540e-13,-1.838529328779259231e-13,0.000000000000000000e+00,0.000000000000000000e+00
1.198000000000000043e+01,5.000000000000100364e+00,5.000000000000100364e+00,-5.238139051631478847e-13,-1.665334536937734811e-13,-1.003641614261141513e-13,-1.665334536937734811e-13,0.000000000000000000e+00,0.000000000000000000e+00
1.200000000000000000e+01,5.000000000000090594e+00,5.000000000000090594e+00,-4.864871388607502189e-13,-1.505462421391712269e-13,-9.059419880941277370e-14,-1.505462421391712269e-13,0.000000000000000000e+00,0.000000000000000000e+00
1.201999999999999957e+01,5.000000000000081712e+00,5.000000000000081712e+00,-4.514275547960871232e-13,-1.358912982141191605e-13,-8.171241461241152138e-14,-1.358912982141191605e-13,0.000000000000000000e+00,0.000000000000000000e+00
1.204000000000000092e+01,5.000000000000073719e+00,5.000000000000073719e+00,-4.185416615083401492e-13,-1.225686219186172821e-13,-7.371880883511039428e-14,-1.225686219186172821e-13,0.000000000000000000e+00,0.000000000000000000e+00
1.206000000000000050e+01,5.000000000000065725e+00,5.000000000000065725e+00,-3.877453166827727186e-13,-1.105782132526655914e-13,-6.572520305780926719e-14,-1.105782132526655914e-13,0.000000000000000000e+00,0.000000000000000000e+00
1.208000000000000007e+01,5.000000000000058620e+00,5.000000000000058620e+00,-3.588295654731668167e-13,-9.858780458671390079e-14,-5.861977570020826533e-14,-9.858780458671390079e-14,0.000000000000000000e+00,0.000000000000000000e+00
1.209999999999999964e+01,5.000000000000052403e+00,5.000000000000052403e+00,-3.317395752808813495e-13,-8.792966355031239800e-14,-5.240252676230738871e-14,-8.792966355031239800e-14,0.000000000000000000e+00,0.000000000000000000e+00
1.212000000000000099e+01,5.000000000000046185e+00,5.000000000000046185e+00,-3.064259967671393128e-13,-7.860379014346108306e-14,-4.618527782440651208e-14,-7.860379014346108306e-14,0.000000000000000000e+00,0.000000000000000000e+00
1.214000000000000057e+01,5.000000000000040856e+00,5.000000000000040856e+00,-2.827111887640863583e-13,-6.927791673660976812e-14,-4.085620730620576069e-14,-6.927791673660976812e-14,0.000000000000000000e+00,0.000000000000000000e+00
1.216000000000000014e+01,5.000000000000035527e+00,5.000000000000035527e+00,-2.605685009836085866e-13,-6.128431095930864103e-14,-3.552713678800500929e-14,-6.128431095930864103e-14,0.000000000000000000e+00,0.000000000000000000e+00
1.217999999999999972e+01,5.000000000000031086e+00,5.000000000000031086e+00,-2.398407214034484642e-13,-5.329070518200751394e-14,-3.108624468950438313e-14,-5.329070518200751394e-14,0.000000000000000000e+00,0.000000000000000000e+00
1.220000000000000107e+01,5.000000000000026645e+00,5.000000000000026645e+00,-2.205195859665292904e-13,-4.662936703425657470e-14,-2.664535259100375697e-14,-4.662936703425657470e-14,0.000000000000000000e+00,0.000000000000000000e+00
1.222000000000000064e+01,5.000000000000022204e+00,5.000000000000022204e+00,-2.024644302585269350e-13,-3.996802888650563546e-14,-2.220446049250313081e-14,-3.996802888650563546e-14,0.000000000000000000e+00,0.000000000000000000e+00
1.224000000000000021e+01,5.000000000000018652e+00,5.000000000000018652e+00,-1.855486563065497237e-13,-3.330669073875469621e-14,-1.865174681370262988e-14,-3.330669073875469621e-14,0.000000000000000000e+00,0.000000000000000000e+00
1.225999999999999979e+01,5.000000000000015099e+00,5.000000000000015099e+00,-1.697915526979501509e-13,-2.797762022055394482e-14,-1.509903313490212895e-14,-2.797762022055394482e-14,0.000000000000000000e+00,0.000000000000000000e+00
1.228000000000000114e+01,5.000000000000012434e+00,5.000000000000012434e+00,-1.550772523983904551e-13,-2.264854970235319342e-14,-1.243449787580175325e-14,-2.264854970235319342e-14,0.000000000000000000e+00,0.000000000000000000e+00
1.230000000000000071e+01,5.000000000000009770e+00,5.000000000000009770e+00,-1.414347018399216777e-13,-1.865174681370262988e-14,-9.769962616701377556e-15,-1.865174681370262988e-14,0.000000000000000000e+00,0.000000000000000000e+00
1.232000000000000028e+01,5.000000000000007105e+00,5.000000000000007105e+00,-1.287567260484347165e-13,-1.465494392505206633e-14,-7.105427357601001859e-15,-1.465494392505206633e-14,0.000000000000000000e+00,0.000000000000000000e+00
1.233999999999999986e+01,5.000000000000004441e+00,5.000000000000004441e+00,-1.169468675472314078e-13,-1.065814103640150279e-14,-4.440892098500626162e-15,-1.065814103640150279e-14,0.000000000000000000e+00,0.000000000000000000e+00
1.235999999999999943e+01,5.000000000000002665e+00,5.000000000000002665e+00,-1.059183146072833559e-13,-6.661338147750939243e-15,-2.664535259100375697e-15,-6.661338147750939243e-15,0.000000000000000000e+00,0.000000000000000000e+00
1.238000000000000078e+01,5.000000000000000888e+00,5.000000000000000888e+00,-9.572616343542007160e-14,-3.996802888650563546e-15,-8.881784197001252323e-16,-3.996802888650563546e-15,0.000000000000000000e+00,0.000000000000000000e+00
1.240000000000000036e+01,4.999999999999999112e+00,4.999999999999999112e+00,-8.628677385483308827e-14,-1.332267629550187849e-15,8.881784197001252323e-16,-1.332267629550187849e-15,0.000000000000000000e+00,0.000000000000000000e+00
1.241999999999999993e+01,4.999999999999997335e+00,4.999999999999997335e+00,-7.752486970639475687e-14,1.332267629550187849e-15,2.664535259100375697e-15,1.332267629550187849e-15,0.000000000000000000e+00,0.000000000000000000e+00
1.243999999999999950e+01,4.999999999999995559e+00,4.999999999999995559e+00,-6.937270244689022483e-14,3.996802888650563546e-15,4.440892098500626162e-15,3.996802888650563546e-15,0.000000000000000000e+00,0.000000000000000000e+00
1.246000000000000085e+01,4.999999999999994671e+00,4.999999999999994671e+00,-6.176929838742611095e-14,6.661338147750939243e-15,5.329070518200751394e-15,6.661338147750939243e-15,0.000000000000000000e+00,0.000000000000000000e+00
1.248000000000000043e+01,4.999999999999993783e+00,4.999999999999993783e+00,-5.479300797095338462e-14,7.993605777301127091e-15,6.217248937900876626e-15,7.993605777301127091e-15,0.000000000000000000e+00,0.000000000000000000e+00
1.250000000000000000e+01,4.999999999999992895e+00,4.999999999999992895e+00,-4.838111983317291214e-14,9.325873406851314940e-15,7.105427357601001859e-15,9.325873406851314940e-15,0.000000000000000000e+00,0.000000000000000000e+00
1.251999999999999957e+01,4.999999999999992006e+00,4.999999999999992006e+00,-4.247719374621546938e-14,1.065814103640150279e-14,7.993605777301127091e-15,1.065814103640150279e-14,0.000000000000000000e+00,0.000000000000000000e+00
1.254000000000000092e+01,4.999999999999991118e+00,4.999999999999991118e+00,-3.703043350499875464e-14,1.199040866595169064e-14,8.881784197001252323e-15,1.199040866595169064e-14,0.000000000000000000e+00,0.000000000000000000e+00
1.256000000000000050e+01,4.999999999999990230e+00,4.999999999999990230e+00,-3.199512252494869196e-14,1.332267629550187849e-14,9.769962616701377556e-15,1.332267629550187849e-14,0.000000000000000000e+00,0.000000000000000000e+00
1.258000000000000007e+01,4.999999999999989342e+00,4.999999999999989342e+00,-2.733011587994861676e-14,1.465494392505206633e-14,1.065814103640150279e-14,1.465494392505206633e-14,0.000000000000000000e+00,0.000000000000000000e+00
1.259999999999999964e+01,4.999999999999988454e+00,4.999999999999988454e+00,-2.299838313649352967e-14,1.598721155460225418e-14,1.154631945610162802e-14,1.598721155460225418e-14,0.000000000000000000e+00,0.000000000000000000e+00
1.262000000000000099e+01,4.999999999999988454e+00,4.999999999999988454e+00,-1.896659690442893092e-14,1.731947918415244203e-14,1.154631945610162802e-14,1.731947918415244203e-14,0.000000000000000000e+00,0.000000000000000000e+00
1.264000000000000057e+01,4.999999999999988454e+00,4.999999999999988454e+00,-1.533798929557079205e-14,1.731947918415244203e-14,1.154631945610162802e-14,1.731947918415244203e-14,0.000000000000000000e+00,0.000000000000000000e+00
1.266000000000000014e+01,4.999999999999988454e+00,4.999999999999988454e+00,-1.207224244759846864e-14,1.731947918415244203e-14,1.154631945610162802e-14,1.731947918415244203e-14,0.000000000000000000e+00,0.000000000000000000e+00
1.267999999999999972e+01,4.999999999999988454e+00,4.999999999999988454e+00,-9.133070284423377258e-15,1.731947918415244203e-14,1.154631945610162802e-14,1.731947918415244203e-14,0.000000000000000000e+00,0.000000000000000000e+00
1.270000000000000107e+01,4.999999999999988454e+00,4.999999999999988454e+00,-6.487815337565795960e-15,1.731947918415244203e-14,1.154631945610162802e-14,1.731947918415244203e-14,0.000000000000000000e+00,0.000000000000000000e+00
1.272000000000000064e+01,4.999999999999988454e+00,4.999999999999988454e+00,-4.107085885393972319e-15,1.731947918415244203e-14,1.154631945610162802e-14,1.731947918415244203e-14,0.000000000000000000e+00,0.000000000000000000e+00
1.274000000000000021e+01,4.999999999999988454e+00,4.999999999999988454e+00,-1.964429378439330568e-15,1.731947918415244203e-14,1.154631945610162802e-14,1.731947918415244203e-14,0.000000000000000000e+00,0.000000000000000000e+00
1.275999999999999979e+01,4.999999999999988454e+00,4.999999999999988454e+00,-3.603852218015354519e-17,1.731947918415244203e-14,1.154631945610162802e-14,1.731947918415244203e-14,0.000000000000000000e+00,0.000000000000000000e+00
1.278000000000000114e+01,4.999999999999988454e+00,4.999999999999988454e+00,1.699513248453105973e-15,1.731947918415244203e-14,1.154631945610162802e-14,1.731947918415244203e-14,0.000000000000000000e+00,0.000000000000000000e+00
1.280000000000000071e+01,4.999999999999988454e+00,4.999999999999988454e+00,3.261509842023039756e-15,1.731947918415244203e-14,1.154631945610162802e-14,1.731947918415244203e-14,0.000000000000000000e+00,0.000000000000000000e+00
1.282000000000000028e+01,4.999999999999988454e+00,4.999999999999988454e+00,4.667306776235979668e-15,1.731947918415244203e-14,1.154631945610162802e-14,1.731947918415244203e-14,0.000000000000000000e+00,0.000000000000000000e+00
1.283999999999999986e+01,4.999999999999988454e+00,4.999999999999988454e+00,5.932524017027625431e-15,1.731947918415244203e-14,1.154631945610162802e-14,1.731947918415244203e-14,0.000000000000000000e+00,0.000000000000000000e+00
1.285999999999999943e+01,4.999999999999988454e+00,4.999999999999988454e+00,7.071219533740106933e-15,1.731947918415244203e-14,1.154631945610162802e-14,1.731947918415244203e-14,0.000000000000000000e+00,0.000000000000000000e+00
1.288000000000000078e+01,4.999999999999988454e+00,4.999999999999988454e+00,8.096045498781339575e-15,1.731947918415244203e-14,1.154631945610162802e-14,1.731947918415244203e-14,0.000000000000000000e+00,0.000000000000000000e+00
1.290000000000000036e+01,4.999999999999988454e+00,4.999999999999988454e+00,9.018388867318449190e-15,1.731947918415244203e-14,1.154631945610162802e-14,1.731947918415244203e-14,0.000000000000000000e+00,0.000000000000000000e+00
1.291999999999999993e+01,4.999999999999988454e+00,4.999999999999988454e+00,9.848497899001848947e-15,1.731947918415244203e-14,1.154631945610162802e-14,1.731947918415244203e-14,0.000000000000000000e+00,0.000000000000000000e+00
1.293999999999999950e+01,4.999999999999988454e+00,4.999999999999988454e+00,1.059559602751690841e-14,1.731947918415244203e-14,1.154631945610162802e-14,1.731947918415244203e-14,0.000000000000000000e+00,0.000000000000000000e+00
1.296000000000000085e+01,4.999999999999988454e+00,4.999999999999988454e+00,1.126798434318046209e-14,1.731947918415244203e-14,1.154631945610162802e-14,1.731947918415244203e-14,0.000000000000000000e+00,0.000000000000000000e+00
1.298000000000000043e+01,4.999999999999988454e+00,4.999999999999988454e+00,1.187313382727765977e-14,1.731947918415244203e-14,1.154631945610162802e-14,1.731947918415244203e-14,0.000000000000000000e+00,0.000000000000000000e+00
1.300000000000000000e+01,4.999999999999988454e+00,4.999999999999988454e+00,1.241776836296513736e-14,1.731947918415244203e-14,1.154631945610162802e-14,1.731947918415244203e-14,0.000000000000000000e+00,0.000000000000000000e+00
1.301999999999999957e+01,4.999999999999988454e+00,4.999999999999988454e+00,1.290793944508386830e-14,1.731947918415244203e-14,1.154631945610162802e-14,1.731947918415244203e-14,0.000000000000000000e+00,0.000000000000000000e+00
1.304000000000000092e+01,4.999999999999988454e+00,4.999999999999988454e+00,1.334909341899072536e-14,1.731947918415244203e-14,1.154631945610162802e-14,1.731947918415244203e-14,0.000000000000000000e+00,0.000000000000000000e+00
1.306000000000000050e+01,4.999999999999988454e+00,4.999999999999988454e+00,1.374613199550689640e-14,1.731947918415244203e-14,1.154631945610162802e-14,1.731947918415244203e-14,0.000000000000000000e+00,0.000000000000000000e+00
1.308000000000000007e+01,4.999999999999988454e+00,4.999999999999988454e+00,1.410346671437145080e-14,1.731947918415244203e-14,1.154631945610162802e-14,1.731947918415244203e-14,0.000000000000000000e+00,0.000000000000000000e+00
1.309999999999999964e+01,4.999999999999988454e+00,4.999999999999988454e+00,1.442506796134955119e-14,1.731947918415244203e-14,1.154631945610162802e-14,1.731947918415244203e-14,0.000000000000000000e+00,0.000000000000000000e+00
1.312000000000000099e+01,4.999999999999988454e+00,4.999999999999988454e+00,1.471450908362983964e-14,1.731947918415244203e-14,1.154631945610162802e-14,1.731947918415244203e-14,0.000000000000000000e+00,0.000000000000000000e+00
1.314000000000000057e+01,4.999999999999988454e+00,4.999999999999988454e+00,1.497500609368210083e-14,1.731947918415244203e-14,1.154631945610162802e-14,1.731947918415244203e-14,0.000000000000000000e+00,0.000000000000000000e+00
1.316000000000000014e+01,4.999999999999988454e+00,4.999999999999988454e+00,1.520945340272913337e-14,1.731947918415244203e-14,1.154631945610162802e-14,1.731947918415244203e-14,0.000000000000000000e+00,0.000000000000000000e+00
1.317999999999999972e+01,4.999999999999988454e+00,4.999999999999988454e+00,1.542045598087146297e-14,1.731947918415244203e-14,1.154631945610162802e-14,1.731947918415244203e-14,0.000000000000000000e+00,0.000000000000000000e+00
1.320000000000000107e+01,4.999999999999988454e+00,4.999999999999988454e+00,1.561035830119956183e-14,1.731947918415244203e-14,1.154631945610162802e-14,1.731947918415244203e-14,0.000000000000000000e+00,0.000000000000000000e+00
1.322000000000000064e+01,4.999999999999988454e+00,4.999999999999988454e+00,1.578127038949484827e-14,1.731947918415244203e-14,1.154631945610162802e-14,1.731947918415244203e-14,0.000000000000000000e+00,0.000000000000000000e+00
1.324000000000000021e+01,4.999999999999988454e+00,4.999999999999988454e+00,1.593509126896060764e-14,1.731947918415244203e-14,1.154631945610162802e-14,1.731947918415244203e-14,0.000000000000000000e+00,0.000000000000000000e+00
1.325999999999999979e+01,4.999999999999988454e+00,4.999999999999988454e+00,1.607353006047979140e-14,1.731947918415244203e-14,1.154631945610162802e-14,1.731947918415244203e-14,0.000000000000000000e+00,0.000000000000000000e+00
1.328000000000000114e+01,4.999999999999988454e+00,4.999999999999988454e+00,1.619812497284705709e-14,1.731947918415244203e-14,1.154631945610162802e-14,1.731947918415244203e-14,0.000000000000000000e+00,0.000000000000000000e+00
1.330000000000000071e+01,4.999999999999988454e+00,4.999999999999988454e+00,1.631026039397759527e-14,1.731947918415244203e-14,1.154631945610162802e-14,1.731947918415244203e-14,0.000000000000000000e+00,0.000000000000000000e+00
1.332000000000000028e+01,4.999999999999988454e+00,4.999999999999988454e+00,1.641118227299508058e-14,1.731947918415244203e-14,1.154631945610162802e-14,1.731947918415244203e-14,0.000000000000000000e+00,0.000000000000000000e+00
1.333999999999999986e+01,4.999999999999988454e+00,4.999999999999988454e+00,1.650201196411081704e-14,1.731947918415244203e-14,1.154631945610162802e-14,1.731947918415244203e-14,0.000000000000000000e+00,0.000000000000000000e+00
1.335999999999999943e+01,4.999999999999988454e+00,4.999999999999988454e+00,1.658375868611498048e-14,1.731947918415244203e-14,1.154631945610162802e-14,1.731947918415244203e-14,0.000000000000000000e+00,0.000000000000000000e+00
1.338000000000000078e+01,4.999999999999988454e+00,4.999999999999988454e+00,1.665733073591872664e-14,1.731947918415244203e-14,1.154631945610162802e-14,1.731947918415244203e-14,0.000000000000000000e+00,0.000000000000000000e+00
1.340000000000000036e+01,4.999999999999988454e+00,4.999999999999988454e+00,1.672354558074209660e-14,1.731947918415244203e-14,1.154631945610162802e-14,1.731947918415244203e-14,0.000000000000000000e+00,0.000000000000000000e+00
1.341999999999999993e+01,4.999999999999988454e+00,4.999999999999988454e+00,1.678313894108312988e-14,1.731947918415244203e-14,1.154631945610162802e-14,1.731947918415244203e-14,0.000000000000000000e+00,0.000000000000000000e+00
1.343999999999999950e+01,4.999999999999988454e+00,4.999999999999988454e+00,1.683677296539006047e-14,1.731947918415244203e-14,1.154631945610162802e-14,1.731947918415244203e-14,0.000000000000000000e+00,0.000000000000000000e+00
1.346000000000000085e+01,4.999999999999988454e+00,4.999999999999988454e+00,1.688504358726629925e-14,1.731947918415244203e-14,1.154631945610162802e-14,1.731947918415244203e-14,0.000000000000000000e+00,0.000000000000000000e+00
1.348000000000000043e+01,4.999999999999988454e+00,4.999999999999988454e+00,1.692848714695491448e-14,1.731947918415244203e-14,1.154631945610162802e-14,1.731947918415244203e-14,0.000000000000000000e+00,0.000000000000000000e+00
1.350000000000000000e+01,4.999999999999988454e+00,4.999999999999988454e+00,1.696758635067466849e-14,1.731947918415244203e-14,1.154631945610162802e-14,1.731947918415244203e-14,0.000000000000000000e+00,0.000000000000000000e+00
1.351999999999999957e+01,4.999999999999988454e+00,4.999999999999988454e+00,1.700277563402244648e-14,1.731947918415244203e-14,1.154631945610162802e-14,1.731947918415244203e-14,0.000000000000000000e+00,0.000000000000000000e+00
1.354000000000000092e+01,4.999999999999988454e+00,4.999999999999988454e+00,1.703444598903544446e-14,1.731947918415244203e-14,1.154631945610162802e-14,1.731947918415244203e-14,0.000000000000000000e+00,0.000000000000000000e+00
1.356000000000000050e+01,4.999999999999988454e+00,4.999999999999988454e+00,1.706294930854714485e-14,1.731947918415244203e-14,1.154631945610162802e-14,1.731947918415244203e-14,0.000000000000000000e+00,0.000000000000000000e+00
1.358000000000000007e+01,4.999999999999988454e+00,4.999999999999988454e+00,1.708860229610767393e-14,1.731947918415244203e-14,1.154631945610162802e-14,1.731947918415244203e-14,0.000000000000000000e+00,0.000000000000000000e+00
1.359999999999999964e+01,4.999999999999988454e+00,4.999999999999988454e+00,1.711168998491214948e-14,1.731947918415244203e-14,1.154631945610162802e-14,1.731947918415244203e-14,0.000000000000000000e+00,0.000000000000000000e+00
1.362000000000000099e+01,4.999999999999988454e+00,4.999999999999988454e+00,1.713246890483617716e-14,1.731947918415244203e-14,1.154631945610162802e-14,1.731947918415244203e-14,0.000000000000000000e+00,0.000000000000000000e+00
1.364000000000000057e+01,4.999999999999988454e+00,4.999999999999988454e+00,1.715116993276780428e-14,1.731947918415244203e-14,1.154631945610162802e-14,1.731947918415244203e-14,0.000000000000000000e+00,0.000000000000000000e+00
1.366000000000000014e+01,4.999999999999988454e+00,4.999999999999988454e+00,1.716800085790626963e-14,1.731947918415244203e-14,1.154631945610162802e-14,1.731947918415244203e-14,0.000000000000000000e+00,0.000000000000000000e+00
1.367999999999999972e+01,4.999999999999988454e+00,4.999999999999988454e+00,1.718314869053088624e-14,1.731947918415244203e-14,1.154631945610162802e-14,1.731947918415244203e-14,0.000000000000000000e+00,0.000000000000000000e+00
1.370000000000000107e+01,4.999999999999988454e+00,4.999999999999988454e+00,1.719678173989304056e-14,1.731947918415244203e-14,1.154631945610162802e-14,1.731947918415244203e-14,0.000000000000000000e+00,0.000000000000000000e+00
1.372000000000000064e+01,4.999999999999988454e+00,4.999999999999988454e+00,1.720905148431897913e-14,1.731947918415244203e-14,1.154631945610162802e-14,1.731947918415244203e-14,0.000000000000000000e+00,0.000000000000000000e+00
1.374000000000000021e+01,4.999999999999988454e+00,4.999999999999988454e+00,1.722009425430232605e-14,1.731947918415244203e-14,1.154631945610162802e-14,1.731947918415244203e-14,0.000000000000000000e+00,0.000000000000000000e+00
1.375999999999999979e+01,4.999999999999988454e+00,4.999999999999988454e+00,1.723003274728733607e-14,1.731947918415244203e-14,1.154631945610162802e-14,1.731947918415244203e-14,0.000000000000000000e+00,0.000000000000000000e+00
1.378000000000000114e+01,4.999999999999988454e+00,4.999999999999988454e+00,1.723897739097384603e-14,1.731947918415244203e-14,1.154631945610162802e-14,1.731947918415244203e-14,0.000000000000000000e+00,0.000000000000000000e+00
1.380000000000000071e+01,4.999999999999988454e+00,4.999999999999988454e+00,1.724702757029170437e-14,1.731947918415244203e-14,1.154631945610162802e-14,1.731947918415244203e-14,0.000000000000000000e+00,0.000000000000000000e+00
1.382000000000000028e+01,4.999999999999988454e+00,4.999999999999988454e+00,1.725427273167777908e-14,1.731947918415244203e-14,1.154631945610162802e-14,1.731947918415244203e-14,0.000000000000000000e+00,0.000000000000000000e+00
1.383999999999999986e+01,4.999999999999988454e+00,4.999999999999988454e+00,1.726079337692524696e-14,1.731947918415244203e-14,1.154631945610162802e-14,1.731947918415244203e-14,0.000000000000000000e+00,0.000000000000000000e+00
1.385999999999999943e+01,4.999999999999988454e+00,4.999999999999988454e+00,1.726666195764796709e-14,1.731947918415244203e-14,1.154631945610162802e-14,1.731947918415244203e-14,0.000000000000000000e+00,0.000000000000000000e+00
1.388000000000000078e+01,4.999999999999988454e+00,4.999999999999988454e+00,1.727194368029841553e-14,1.731947918415244203e-14,1.154631945610162802e-14,1.731947918415244203e-14,0.000000000000000000e+00,0.000000000000000000e+00
1.390000000000000036e+01,4.999999999999988454e+00,4.999999999999988454e+00,1.727669723068381913e-14,1.731947918415244203e-14,1.154631945610162802e-14,1.731947918415244203e-14,0.000000000000000000e+00,0.000000000000000000e+00
1.391999999999999993e+01,4.999999999999988454e+00,4.999999999999988454e+00,1.728097542603068174e-14,1.731947918415244203e-14,1.154631945610162802e-14,1.731947918415244203e-14,0.000000000000000000e+00,0.000000000000000000e+00
1.393999999999999950e+01,4.999999999999988454e+00,4.999999999999988454e+00,1.728482580184285682e-14,1.731947918415244203e-14,1.154631945610162802e-14,1.731947918415244203e-14,0.000000000000000000e+00,0.000000000000000000e+00
1.396000000000000085e+01,4.999999999999988454e+00,4.999999999999988454e+00,1.728829114007381502e-14,1.731947918415244203e-14,1.154631945610162802e-14,1.731947918415244203e-14,0.000000000000000000e+00,0.000000000000000000e+00
1.398000000000000043e+01,4.999999999999988454e+00,4.999999999999988454e+00,1.729140994448167646e-14,1.731947918415244203e-14,1.154631945610162802e-14,1.731947918415244203e-14,0.000000000000000000e+00,0.000000000000000000e+00
1.400000000000000000e+01,4.999999999999988454e+00,4.999999999999988454e+00,1.729421686844875334e-14,1.731947918415244203e-14,1.154631945610162802e-14,1.731947918415244203e-14,0.000000000000000000e+00,0.000000000000000000e+00
1.401999999999999957e+01,4.999999999999988454e+00,4.999999999999988454e+00,1.729674310001912094e-14,1.731947918415244203e-14,1.154631945610162802e-14,1.731947918415244203e-14,0.000000000000000000e+00,0.000000000000000000e+00
1.404000000000000092e+01,4.999999999999988454e+00,4.999999999999988454e+00,1.729901670843245274e-14,1.731947918415244203e-14,1.154631945610162802e-14,1.731947918415244203e-14,0.000000000000000000e+00,0.000000000000000000e+00
1.406000000000000050e+01,4.999999999999988454e+00,4.999999999999988454e+00,1.730106295600445167e-14,1.731947918415244203e-14,1.154631945610162802e-14,1.731947918415244203e-14,0.000000000000000000e+00,0.000000000000000000e+00
1.408000000000000007e+01,4.999999999999988454e+00,4.999999999999988454e+00,1.730290457881924912e-14,1.731947918415244203e-14,1.154631945610162802e-14,1.731947918415244203e-14,0.000000000000000000e+00,0.000000000000000000e+00
1.409999999999999964e+01,4.999999999999988454e+00,4.999999999999988454e+00,1.730456203935256778e-14,1.731947918415244203e-14,1.154631945610162802e-14,1.731947918415244203e-14,0.000000000000000000e+00,0.000000000000000000e+00
1.412000000000000099e+01,4.999999999999988454e+00,4.999999999999988454e+00,1.730605375383255426e-14,1.731947918415244203e-14,1.154631945610162802e-14,1.731947918415244203e-14,0.000000000000000000e+00,0.000000000000000000e+00
1.414000000000000057e+01,4.999999999999988454e+00,4.999999999999988454e+00,1.730739629686454241e-14,1.731947918415244203e-14,1.154631945610162802e-14,1.731947918415244203e-14,0.000000000000000000e+00,0.000000000000000000e+00
1.416000000000000014e+01,4.999999999999988454e+00,4.999999999999988454e+00,1.730860458559333269e-14,1.731947918415244203e-14,1.154631945610162802e-14,1.731947918415244203e-14,0.000000000000000000e+00,0.000000000000000000e+00
1.417999999999999972e+01,4.999999999999988454e+00,4.999999999999988454e+00,1.730969204544924236e-14,1.731947918415244203e-14,1.154631945610162802e-14,1.731947918415244203e-14,0.000000000000000000e+00,0.000000000000000000e+00
1.420000000000000107e+01,4.999999999999988454e+00,4.999999999999988454e+00,1.731067075931956327e-14,1.731947918415244203e-14,1.154631945610162802e-14,1.731947918415244203e-14,0.000000000000000000e+00,0.000000000000000000e+00
1.422000000000000064e+01,4.999999999999988454e+00,4.999999999999988454e+00,1.731155160180285241e-14,1.731947918415244203e-14,1.154631945610162802e-14,1.731947918415244203e-14,0.000000000000000000e+00,0.000000000000000000e+00
1.424000000000000021e+01,4.999999999999988454e+00,4.999999999999988454e+00,1.731234436003781011e-14,1.731947918415244203e-14,1.154631945610162802e-14,1.731947918415244203e-14,0.000000000000000000e+00,0.000000000000000000e+00
1.425999999999999979e+01,4.999999999999988454e+00,4.999999999999988454e+00,1.731305784244927362e-14,1.731947918415244203e-14,1.154631945610162802e-14,1.731947918415244203e-14,0.000000000000000000e+00,0.000000000000000000e+00
1.428000000000000114e+01,4.999999999999988454e+00,4.999999999999988454e+00,1.731369997661958951e-14,1.731947918415244203e-14,1.154631945610162802e-14,1.731947918415244203e-14,0.000000000000000000e+00,0.000000000000000000e+00
1.430000000000000071e+01,4.999999999999988454e+00,4.999999999999988454e+00,1.731427789737287603e-14,1.731947918415244203e-14,1.154631945610162802e-14,1.731947918415244203e-14,0.000000000000000000e+00,0.000000000000000000e+00
1.432000000000000028e+01,4.999999999999988454e+00,4.999999999999988454e+00,1.731479802605083294e-14,1.731947918415244203e-14,1.154631945610162802e-14,1.731947918415244203e-14,0.000000000000000000e+00,0.000000000000000000e+00
1.433999999999999986e+01,4.999999999999988454e+00,4.999999999999988454e+00,1.731526614186099480e-14,1.731947918415244203e-14,1.154631945610162802e-14,1.731947918415244203e-14,0.000000000000000000e+00,0.000000000000000000e+00
1.435999999999999943e+01,4.999999999999988454e+00,4.999999999999988454e+00,1.731568744609014110e-14,1.731947918415244203e-14,1.154631945610162802e-14,1.731947918415244203e-14,0.000000000000000000e+00,0.000000000000000000e+00
1.438000000000000078e+01,4.999999999999988454e+00,4.999999999999988454e+00,1.731606661989637245e-14,1.731947918415244203e-14,1.154631945610162802e-14,1.731947918415244203e-14,0.000000000000000000e+00,0.000000000000000000e+00
1.440000000000000036e+01,4.999999999999988454e+00,4.999999999999988454e+00,1.731640787632197910e-14,1.731947918415244203e-14,1.154631945610162802e-14,1.731947918415244203e-14,0.000000000000000000e+00,0.000000000000000000e+00
1.441999999999999993e+01,4.999999999999988454e+00,4.999999999999988454e+00,1.731671500710502444e-14,1.731947918415244203e-14,1.154631945610162802e-14,1.731947918415244203e-14,0.000000000000000000e+00,0.000000000000000000e+00
1.443999999999999950e+01,4.999999999999988454e+00,4.999999999999988454e+00,1.731699142480976494e-14,1.731947918415244203e-14,1.154631945610162802e-14,1.731947918415244203e-14,0.000000000000000000e+00,0.000000000000000000e+00
1.446000000000000085e+01,4.999999999999988454e+00,4.999999999999988454e+00,1.731724020074403202e-14,1.731947918415244203e-14,1.154631945610162802e-14,1.731947918415244203e-14,0.000000000000000000e+00,0.000000000000000000e+00
1.448000000000000043e+01,4.999999999999988454e+00,4.999999999999988454e+00,1.731746409908487207e-14,1.731947918415244203e-14,1.154631945610162802e-14,1.731947918415244203e-14,0.000000000000000000e+00,0.000000000000000000e+00
1.450000000000000000e+01,4.999999999999988454e+00,4.999999999999988454e+00,1.731766560759162781e-14,1.731947918415244203e-14,1.154631945610162802e-14,1.731947918415244203e-14,0.000000000000000000e+00,0.000000000000000000e+00
1.451999999999999957e+01,4.999999999999988454e+00,4.999999999999988454e+00,1.731784696524770954e-14,1.731947918415244203e-14,1.154631945610162802e-14,1.731947918415244203e-14,0.000000000000000000e+00,0.000000000000000000e+00
1.454000000000000092e+01,4.999999999999988454e+00,4.999999999999988454e+00,1.731801018713818216e-14,1.731947918415244203e-14,1.154631945610162802e-14,1.731947918415244203e-14,0.000000000000000000e+00,0.000000000000000000e+00
1.456000000000000050e+01,4.999999999999988454e+00,4.999999999999988454e+00,1.731815708683960657e-14,1.731947918415244203e-14,1.154631945610162802e-14,1.731947918415244203e-14,0.000000000000000000e+00,0.000000000000000000e+00
1.458000000000000007e+01,4.999999999999988454e+00,4.999999999999988454e+00,1.731828929657088885e-14,1.731947918415244203e-14,1.154631945610162802e-14,1.731947918415244203e-14,0.000000000000000000e+00,0.000000000000000000e+00
1.459999999999999964e+01,4.999999999999988454e+00,4.999999999999988454e+00,1.731840828532904417e-14,1.731947918415244203e-14,1.154631945610162802e-14,1.731947918415244203e-14,0.000000000000000000e+00,0.000000000000000000e+00
1.462000000000000099e+01,4.999999999999988454e+00,4.999999999999988454e+00,1.731851537521138522e-14,1.731947918415244203e-14,1.154631945610162802e-14,1.731947918415244203e-14,0.000000000000000000e+00,0.000000000000000000e+00
1.464000000000000057e+01,4.999999999999988454e+00,4.999999999999988454e+00,1.731861175610549122e-14,1.731947918415244203e-14,1.154631945610162802e-14,1.731947918415244203e-14,0.000000000000000000e+00,0.000000000000000000e+00
1.466000000000000014e+01,4.999999999999988454e+00,4.999999999999988454e+00,1.731869849891018535e-14,1.731947918415244203e-14,1.154631945610162802e-14,1.731947918415244203e-14,0.000000000000000000e+00,0.000000000000000000e+00
1.467999999999999972e+01,4.999999999999988454e+00,4.999999999999988454e+00,1.731877656743440976e-14,1.731947918415244203e-14,1.154631945610162802e-14,1.731947918415244203e-14,0.000000000000000000e+00,0.000000000000000000e+00
1.470000000000000107e+01,4.999999999999988454e+00,4.999999999999988454e+00,1.731884682910621425e-14,1.731947918415244203e-14,1.154631945610162802e-14,1.731947918415244203e-14,0.000000000000000000e+00,0.000000000000000000e+00
1.472000000000000064e+01,4.999999999999988454e+00,4.999999999999988454e+00,1.731891006461083797e-14,1.731947918415244203e-14,1.154631945610162802e-14,1.731947918415244203e-14,0.000000000000000000e+00,0.000000000000000000e+00
1.474000000000000021e+01,4.999999999999988454e+00,4.999999999999988454e+00,1.731896697656499869e-14,1.731947918415244203e-14,1.154631945610162802e-14,1.731947918415244203e-14,0.000000000000000000e+00,0.000000000000000000e+00
1.475999999999999979e+01,4.999999999999988454e+00,4.999999999999988454e+00,1.731901819732374429e-14,1.731947918415244203e-14,1.154631945610162802e-14,1.731947918415244203e-14,0.000000000000000000e+00,0.000000000000000000e+00
1.478000000000000114e+01,4.999999999999988454e+00,4.999999999999988454e+00,1.731906429600661280e-14,1.731947918415244203e-14,1.154631945610162802e-14,1.731947918415244203e-14,0.000000000000000000e+00,0.000000000000000000e+00
1.480000000000000071e+01,4.999999999999988454e+00,4.999999999999988454e+00,1.731910578482119509e-14,1.731947918415244203e-14,1.154631945610162802e-14,1.731947918415244203e-14,0.000000000000000000e+00,0.000000000000000000e+00
1.482000000000000028e+01,4.999999999999988454e+00,4.999999999999988454e+00,1.731914312475431821e-14,1.731947918415244203e-14,1.154631945610162802e-14,1.731947918415244203e-14,0.000000000000000000e+00,0.000000000000000000e+00
1.483999999999999986e+01,4.999999999999988454e+00,4.999999999999988454e+00,1.731917673069413185e-14,1.731947918415244203e-14,1.154631945610162802e-14,1.731947918415244203e-14,0.000000000000000000e+00,0.000000000000000000e+00
1.485999999999999943e+01,4.999999999999988454e+00,4.999999999999988454e+00,1.731920697603996224e-14,1.731947918415244203e-14,1.154631945610162802e-14,1.731947918415244203e-14,0.000000000000000000e+00,0.000000000000000000e+00
1.488000000000000078e+01,4.999999999999988454e+00,4.999999999999988454e+00,1.731923419685120927e-14,1.731947918415244203e-14,1.154631945610162802e-14,1.731947918415244203e-14,0.000000000000000000e+00,0.000000000000000000e+00
1.490000000000000036e+01,4.999999999999988454e+00,4.999999999999988454e+00,1.731925869558133129e-14,1.731947918415244203e-14,1.154631945610162802e-14,1.731947918415244203e-14,0.000000000000000000e+00,0.000000000000000000e+00
1.491999999999999993e+01,4.999999999999988454e+00,4.999999999999988454e+00,1.731928074443844299e-14,1.731947918415244203e-14,1.154631945610162802e-14,1.731947918415244203e-14,0.000000000000000000e+00,0.000000000000000000e+00
1.493999999999999950e+01,4.999999999999988454e+00,4.999999999999988454e+00,1.731930058840984290e-14,1.731947918415244203e-14,1.154631945610162802e-14,1.731947918415244203e-14,0.000000000000000000e+00,0.000000000000000000e+00
1.496000000000000085e+01,4.999999999999988454e+00,4.999999999999988454e+00,1.731931844798410407e-14,1.731947918415244203e-14,1.154631945610162802e-14,1.731947918415244203e-14,0.000000000000000000e+00,0.000000000000000000e+00
1.498000000000000043e+01,4.999999999999988454e+00,4.999999999999988454e+00,1.731933452160093850e-14,1.731947918415244203e-14,1.154631945610162802e-14,1.731947918415244203e-14,0.000000000000000000e+00,0.000000000000000000e+00
1.500000000000000000e+01,4.999999999999988454e+00,4.999999999999988454e+00,1.731934898785608854e-14,1.731947918415244203e-14,1.154631945610162802e-14,1.731947918415244203e-14,0.000000000000000000e+00,0.000000000000000000e+00
1.501999999999999957e+01,4.999999999999988454e+00,4.999999999999988454e+00,1.731936200748572546e-14,1.731947918415244203e-14,1.154631945610162802e-14,1.731947918415244203e-14,0.000000000000000000e+00,0.000000000000000000e+00
1.504000000000000092e+01,4.999999999999988454e+00,4.999999999999988454e+00,1.731937372515239586e-14,1.731947918415244203e-14,1.154631945610162802e-14,1.731947918415244203e-14,0.000000000000000000e+00,0.000000000000000000e+00
1.506000000000000050e+01,4.999999999999988454e+00,4.999999999999988454e+00,1.731938427105240142e-14,1.731947918415244203e-14,1.154631945610162802e-14,1.731947918415244203e-14,0.000000000000000000e+00,0.000000000000000000e+00
1.508000000000000007e+01,4.999999999999988454e+00,4.999999999999988454e+00,1.731939376236240580e-14,1.731947918415244203e-14,1.154631945610162802e-14,1.731947918415244203e-14,0.000000000000000000e+00,0.000000000000000000e+00
1.509999999999999964e+01,4.999999999999988454e+00,4.999999999999988454e+00,1.731940230454140847e-14,1.731947918415244203e-14,1.154631945610162802e-14,1.731947918415244203e-14,0.000000000000000000e+00,0.000000000000000000e+00
1.512000000000000099e+01,4.999999999999988454e+00,4.999999999999988454e+00,1.731940999250251246e-14,1.731947918415244203e-14,1.154631945610162802e-14,1.731947918415244203e-14,0.000000000000000000e+00,0.000000000000000000e+00
1.514000000000000057e+01,4.999999999999988454e+00,4.999999999999988454e+00,1.731941691166750510e-14,1.731947918415244203e-14,1.154631945610162802e-14,1.731947918415244203e-14,0.000000000000000000e+00,0.000000000000000000e+00
1.516000000000000014e+01,4.999999999999988454e+00,4.999999999999988454e+00,1.731942313891599974e-14,1.731947918415244203e-14,1.154631945610162802e-14,1.731947918415244203e-14,0.000000000000000000e+00,0.000000000000000000e+00
1.517999999999999972e+01,4.999999999999988454e+00,4.999999999999988454e+00,1.731942874343964271e-14,1.731947918415244203e-14,1.154631945610162802e-14,1.731947918415244203e-14,0.000000000000000000e+00,0.000000000000000000e+00
1.520000000000000107e+01,4.999999999999988454e+00,4.999999999999988454e+00,1.731943378751092138e-14,1.731947918415244203e-14,1.154631945610162802e-14,1.731947918415244203e-14,0.000000000000000000e+00,0.000000000000000000e+00
1.522000000000000064e+01,4.999999999999988454e+00,4.999999999999988454e+00,1.731943832717507408e-14,1.731947918415244203e-14,1.154631945610162802e-14,1.731947918415244203e-14,0.000000000000000000e+00,0.000000000000000000e+00
1.524000000000000021e+01,4.999999999999988454e+00,4.999999999999988454e+00,1.731944241287281056e-14,1.731947918415244203e-14,1.154631945610162802e-14,1.731947918415244203e-14,0.000000000000000000e+00,0.000000000000000000e+00
1.525999999999999979e+01,4.999999999999988454e+00,4.999999999999988454e+00,1.731944609000077244e-14,1.731947918415244203e-14,1.154631945610162802e-14,1.731947918415244203e-14,0.000000000000000000e+00,0.000000000000000000e+00
1.528000000000000114e+01,4.999999999999988454e+00,4.999999999999988454e+00,1.731944939941594035e-14,1.731947918415244203e-14,1.154631945610162802e-14,1.731947918415244203e-14,0.000000000000000000e+00,0.000000000000000000e+00
1.530000000000000071e+01,4.999999999999988454e+00,4.999999999999988454e+00,1.731945237788959178e-14,1.731947918415244203e-14,1.154631945610162802e-14,1.731947918415244203e-14,0.000000000000000000e+00,0.000000000000000000e+00
1.532000000000000028e+01,4.999999999999988454e+00,4.999999999999988454e+00,1.731945505851587743e-14,1.731947918415244203e-14,1.154631945610162802e-14,1.731947918415244203e-14,0.000000000000000000e+00,0.000000000000000000e+00
1.533999999999999986e+01,4.999999999999988454e+00,4.999999999999988454e+00,1.731945747107953452e-14,1.731947918415244203e-14,1.154631945610162802e-14,1.731947918415244203e-14,0.000000000000000000e+00,0.000000000000000000e+00
1.535999999999999943e+01,4.999999999999988454e+00,4.999999999999988454e+00,1.731945964238682654e-14,1.731947918415244203e-14,1.154631945610162802e-14,1.731947918415244203e-14,0.000000000000000000e+00,0.000000000000000000e+00
1.538000000000000078e+01,4.999999999999988454e+00,4.999999999999988454e+00,1.731946159656338872e-14,1.731947918415244203e-14,1.154631945610162802e-14,1.731947918415244203e-14,0.000000000000000000e+00,0.000000000000000000e+00
1.540000000000000036e+01,4.999999999999988454e+00,4.999999999999988454e+00,1.731946335532229247e-14,1.731947918415244203e-14,1.154631945610162802e-14,1.731947918415244203e-14,0.000000000000000000e+00,0.000000000000000000e+00
1.541999999999999993e+01,4.999999999999988454e+00,4.999999999999988454e+00,1.731946493820530743e-14,1.731947918415244203e-14,1.154631945610162802e-14,1.731947918415244203e-14,0.000000000000000000e+00,0.000000000000000000e+00
1.543999999999999950e+01,4.999999999999988454e+00,4.999999999999988454e+00,1.731946636280002120e-14,1.731947918415244203e-14,1.154631945610162802e-14,1.731947918415244203e-14,0.000000000000000000e+00,0.000000000000000000e+00
1.546000000000000085e+01,4.999999999999988454e+00,4.999999999999988454e+00,1.731946764493526234e-14,1.731947918415244203e-14,1.154631945610162802e-14,1.731947918415244203e-14,0.000000000000000000e+00,0.000000000000000000e+00
1.548000000000000043e+01,4.999999999999988454e+00,4.999999999999988454e+00,1.731946879885698157e-14,1.731947918415244203e-14,1.154631945610162802e-14,1.731947918415244203e-14,0.000000000000000000e+00,0.000000000000000000e+00
1.550000000000000000e+01,4.999999999999988454e+00,4.999999999999988454e+00,1.731946983738652888e-14,1.731947918415244203e-14,1.154631945610162802e-14,1.731947918415244203e-14,0.000000000000000000e+00,0.000000000000000000e+00
1.551999999999999957e+01,4.999999999999988454e+00,4.999999999999988454e+00,1.731947077206311862e-14,1.731947918415244203e-14,1.154631945610162802e-14,1.731947918415244203e-14,0.000000000000000000e+00,0.000000000000000000e+00
1.554000000000000092e+01,4.999999999999988454e+00,4.999999999999988454e+00,1.731947161327205096e-14,1.731947918415244203e-14,1.154631945610162802e-14,1.731947918415244203e-14,0.000000000000000000e+00,0.000000000000000000e+00
1.556000000000000050e+01,4.999999999999988454e+00,4.999999999999988454e+00,1.731947237036009070e-14,1.731947918415244203e-14,1.154631945610162802e-14,1.731947918415244203e-14,0.000000000000000000e+00,0.000000000000000000e+00
1.558000000000000007e+01,4.999999999999988454e+00,4.999999999999988454e+00,1.731947305173932551e-14,1.731947918415244203e-14,1.154631945610162802e-14,1.731947918415244203e-14,0.000000000000000000e+00,0.000000000000000000e+00
1.559999999999999964e+01,4.999999999999988454e+00,4.999999999999988454e+00,1.731947366498063653e-14,1.731947918415244203e-14,1.154631945610162802e-14,1.731947918415244203e-14,0.000000000000000000e+00,0.000000000000000000e+00
1.562000000000000099e+01,4.999999999999988454e+00,4.999999999999988454e+00,1.731947421689781614e-14,1.731947918415244203e-14,1.154631945610162802e-14,1.731947918415244203e-14,0.000000000000000000e+00,0.000000000000000000e+00
1.564000000000000057e+01,4.999999999999988454e+00,4.999999999999988454e+00,1.731947471362327967e-14,1.731947918415244203e-14,1.154631945610162802e-14,1.731947918415244203e-14,0.000000000000000000e+00,0.000000000000000000e+00
1.566000000000000014e+01,4.999999999999988454e+00,4.999999999999988454e+00,1.731947516067619465e-14,1.731947918415244203e-14,1.154631945610162802e-14,1.731947918415244203e-14,0.000000000000000000e+00,0.000000000000000000e+00
1.567999999999999972e+01,4.999999999999988454e+00,4.999999999999988454e+00,1.731947556302381939e-14,1.731947918415244203e-14,1.154631945610162802e-14,1.731947918415244203e-14,0.000000000000000000e+00,0.000000000000000000e+00
1.570000000000000107e+01,4.999999999999988454e+00,4.999999999999988454e+00,1.731947592513668228e-14,1.731947918415244203e-14,1.154631945610162802e-14,1.731947918415244203e-14,0.000000000000000000e+00,0.000000000000000000e+00
1.572000000000000064e+01,4.999999999999988454e+00,4.999999999999988454e+00,1.731947625103825794e-14,1.731947918415244203e-14,1.154631945610162802e-14,1.731947918415244203e-14,0.000000000000000000e+00,0.000000000000000000e+00
1.574000000000000021e+01,4.999999999999988454e+00,4.999999999999988454e+00,1.731947654434967666e-14,1.731947918415244203e-14,1.154631945610162802e-14,1.731947918415244203e-14,0.000000000000000000e+00,0.000000000000000000e+00
1.575999999999999979e+01,4.999999999999988454e+00,4.999999999999988454e+00,1.731947680832995320e-14,1.731947918415244203e-14,1.154631945610162802e-14,1.731947918415244203e-14,0.000000000000000000e+00,0.000000000000000000e+00
1.578000000000000114e+01,4.999999999999988454e+00,4.999999999999988454e+00,1.731947704591220177e-14,1.731947918415244203e-14,1.154631945610162802e-14,1.731947918415244203e-14,0.000000000000000000e+00,0.000000000000000000e+00
1.580000000000000071e+01,4.999999999999988454e+00,4.999999999999988454e+00,1.731947725973622548e-14,1.731947918415244203e-14,1.154631945610162802e-14,1.731947918415244203e-14,0.000000000000000000e+00,0.000000000000000000e+00
1.582000000000000028e+01,4.999999999999988454e+00,4.999999999999988454e+00,1.731947745217784619e-14,1.731947918415244203e-14,1.154631945610162802e-14,1.731947918415244203e-14,0.000000000000000000e+00,0.000000000000000000e+00
1.583999999999999986e+01,4.999999999999988454e+00,4.999999999999988454e+00,1.731947762537530609e-14,1.731947918415244203e-14,1.154631945610162802e-14,1.731947918415244203e-14,0.000000000000000000e+00,0.000000000000000000e+00
1.586000000000000121e+01,4.999999999999988454e+00,4.999999999999988454e+00,1.731947778125301874e-14,1.731947918415244203e-14,1.154631945610162802e-14,1.731947918415244203e-14,0.000000000000000000e+00,0.000000000000000000e+00
1.588000000000000078e+01,4.999999999999988454e+00,4.999999999999988454e+00,1.731947792154295980e-14,1.731947918415244203e-14,1.154631945610162802e-14,1.731947918415244203e-14,0.000000000000000000e+00,0.000000000000000000e+00
1.590000000000000036e+01,4.999999999999988454e+00,4.999999999999988454e+00,1.731947804780390897e-14,1.731947918415244203e-14,1.154631945610162802e-14,1.731947918415244203e-14,0.000000000000000000e+00,0.000000000000000000e+00
1.591999999999999993e+01,4.999999999999988454e+00,4.999999999999988454e+00,1.731947816143876386e-14,1.731947918415244203e-14,1.154631945610162802e-14,1.731947918415244203e-14,0.000000000000000000e+00,0.000000000000000000e+00
1.593999999999999950e+01,4.999999999999988454e+00,4.999999999999988454e+00,1.731947826371013104e-14,1.731947918415244203e-14,1.154631945610162802e-14,1.731947918415244203e-14,0.000000000000000000e+00,0.000000000000000000e+00
1.596000000000000085e+01,4.999999999999988454e+00,4.999999999999988454e+00,1.731947835575436151e-14,1.731947918415244203e-14,1.154631945610162802e-14,1.731947918415244203e-14,0.000000000000000000e+00,0.000000000000000000e+00
1.598000000000000043e+01,4.999999999999988454e+00,4.999999999999988454e+00,1.731947843859416925e-14,1.731947918415244203e-14,1.154631945610162802e-14,1.731947918415244203e-14,0.000000000000000000e+00,0.000000000000000000e+00
1.600000000000000000e+01,4.999999999999988454e+00,4.999999999999988454e+00,1.731947851314999716e-14,1.731947918415244203e-14,1.154631945610162802e-14,1.731947918415244203e-14,0.000000000000000000e+00,0.000000000000000000e+00
1.601999999999999957e+01,4.999999999999988454e+00,4.999999999999988454e+00,1.731947858025024070e-14,1.731947918415244203e-14,1.154631945610162802e-14,1.731947918415244203e-14,0.000000000000000000e+00,0.000000000000000000e+00
1.603999999999999915e+01,4.999999999999988454e+00,4.999999999999988454e+00,1.731947864064046178e-14,1.731947918415244203e-14,1.154631945610162802e-14,1.731947918415244203e-14,0.000000000000000000e+00,0.000000000000000000e+00
1.605999999999999872e+01,4.999999999999988454e+00,4.999999999999988454e+00,1.731947869499165917e-14,1.731947918415244203e-14,1.154631945610162802e-14,1.731947918415244203e-14,0.000000000000000000e+00,0.000000000000000000e+00
1.608000000000000185e+01,4.999999999999988454e+00,4.999999999999988454e+00,1.731947874390773746e-14,1.731947918415244203e-14,1.154631945610162802e-14,1.731947918415244203e-14,0.000000000000000000e+00,0.000000000000000000e+00
1.610000000000000142e+01,4.999999999999988454e+00,4.999999999999988454e+00,1.731947878793220918e-14,1.731947918415244203e-14,1.154631945610162802e-14,1.731947918415244203e-14,0.000000000000000000e+00,0.000000000000000000e+00
1.612000000000000099e+01,4.999999999999988454e+00,4.999999999999988454e+00,1.731947882755423120e-14,1.731947918415244203e-14,1.154631945610162802e-14,1.731947918415244203e-14,0.000000000000000000e+00,0.000000000000000000e+00
1.614000000000000057e+01,4.999999999999988454e+00,4.999999999999988454e+00,1.731947886321405102e-14,1.731947918415244203e-14,1.154631945610162802e-14,1.731947918415244203e-14,0.000000000000000000e+00,0.000000000000000000e+00
1.616000000000000014e+01,4.999999999999988454e+00,4.999999999999988454e+00,1.731947889530789138e-14,1.731947918415244203e-14,1.154631945610162802e-14,1.731947918415244203e-14,0.000000000000000000e+00,0.000000000000000000e+00
1.617999999999999972e+01,4.999999999999988454e+00,4.999999999999988454e+00,1.731947892419234582e-14,1.731947918415244203e-14,1.154631945610162802e-14,1.731947918415244203e-14,0.000000000000000000e+00,0.000000000000000000e+00
1.619999999999999929e+01,4.999999999999988454e+00,4.999999999999988454e+00,1.731947895018835449e-14,1.731947918415244203e-14,1.154631945610162802e-14,1.731947918415244203e-14,0.000000000000000000e+00,0.000000000000000000e+00
1.621999999999999886e+01,4.999999999999988454e+00,4.999999999999988454e+00,1.731947897358476356e-14,1.731947918415244203e-14,1.154631945610162802e-14,1.731947918415244203e-14,0.000000000000000000e+00,0.000000000000000000e+00
1.624000000000000199e+01,4.999999999999988454e+00,4.999999999999988454e+00,1.731947899464153109e-14,1.731947918415244203e-14,1.154631945610162802e-14,1.731947918415244203e-14,0.000000000000000000e+00,0.000000000000000000e+00
1.626000000000000156e+01,4.999999999999988454e+00,4.999999999999988454e+00,1.731947901359262376e-14,1.731947918415244203e-14,1.154631945610162802e-14,1.731947918415244203e-14,0.000000000000000000e+00,0.000000000000000000e+00
1.628000000000000114e+01,4.999999999999988454e+00,4.999999999999988454e+00,1.731947903064860433e-14,1.731947918415244203e-14,1.154631945610162802e-14,1.731947918415244203e-14,0.000000000000000000e+00,0.000000000000000000e+00
1.630000000000000071e+01,4.999999999999988454e+00,4.999999999999988454e+00,1.731947904599898873e-14,1.731947918415244203e-14,1.154631945610162802e-14,1.731947918415244203e-14,0.000000000000000000e+00,0.000000000000000000e+00
1.632000000000000028e+01,4.999999999999988454e+00,4.999999999999988454e+00,1.731947905981433501e-14,1.731947918415244203e-14,1.154631945610162802e-14,1.731947918415244203e-14,0.000000000000000000e+00,0.000000000000000000e+00
1.633999999999999986e+01,4.999999999999988454e+00,4.999999999999988454e+00,1.731947907224814602e-14,1.731947918415244203e-14,1.154631945610162802e-14,1.731947918415244203e-14,0.000000000000000000e+00,0.000000000000000000e+00
1.635999999999999943e+01,4.999999999999988454e+00,4.999999999999988454e+00,1.731947908343857657e-14,1.731947918415244203e-14,1.154631945610162802e-14,1.731947918415244203e-14,0.000000000000000000e+00,0.000000000000000000e+00
1.637999999999999901e+01,4.999999999999988454e+00,4.999999999999988454e+00,1.731947909350996375e-14,1.731947918415244203e-14,1.154631945610162802e-14,1.731947918415244203e-14,0.000000000000000000e+00,0.000000000000000000e+00
1.639999999999999858e+01,4.999999999999988454e+00,4.999999999999988454e+00,1.731947910257421221e-14,1.731947918415244203e-14,1.154631945610162802e-14,1.731947918415244203e-14,0.000000000000000000e+00,0.000000000000000000e+00
1.642000000000000171e+01,4.999999999999988454e+00,4.999999999999988454e+00,1.731947911073203424e-14,1.731947918415244203e-14,1.154631945610162802e-14,1.731947918415244203e-14,0.000000000000000000e+00,0.000000000000000000e+00
1.644000000000000128e+01,4.999999999999988454e+00,4.999999999999988454e+00,1.731947911807407628e-14,1.731947918415244203e-14,1.154631945610162802e-14,1.731947918415244203e-14,0.000000000000000000e+00,0.000000000000000000e+00
1.646000000000000085e+01,4.999999999999988454e+00,4.999999999999988454e+00,1.731947912468191286e-14,1.731947918415244203e-14,1.154631945610162802e-14,1.731947918415244203e-14,0.000000000000000000e+00,0.000000000000000000e+00
1.648000000000000043e+01,4.999999999999988454e+00,4.999999999999988454e+00,1.731947913062896483e-14,1.731947918415244203e-14,1.154631945610162802e-14,1.731947918415244203e-14,0.000000000000000000e+00,0.000000000000000000e+00
1.650000000000000000e+01,4.999999999999988454e+00,4.999999999999988454e+00,1.731947913598131350e-14,1.731947918415244203e-14,1.154631945610162802e-14,1.731947918415244203e-14,0.000000000000000000e+00,0.000000000000000000e+00
1.651999999999999957e+01,4.999999999999988454e+00,4.999999999999988454e+00,1.731947914079842635e-14,1.731947918415244203e-14,1.154631945610162802e-14,1.731947918415244203e-14,0.000000000000000000e+00,0.000000000000000000e+00
1.653999999999999915e+01,4.999999999999988454e+00,4.999999999999988454e+00,1.731947914513382918e-14,1.731947918415244203e-14,1.154631945610162802e-14,1.731947918415244203e-14,0.000000000000000000e+00,0.000000000000000000e+00
1.655999999999999872e+01,4.999999999999988454e+00,4.999999999999988454e+00,1.731947914903568983e-14,1.731947918415244203e-14,1.154631945610162802e-14,1.731947918415244203e-14,0.000000000000000000e+00,0.000000000000000000e+00
1.658000000000000185e+01,4.999999999999988454e+00,4.999999999999988454e+00,1.731947915254736411e-14,1.731947918415244203e-14,1.154631945610162802e-14,1.731947918415244203e-14,0.000000000000000000e+00,0.000000000000000000e+00
1.660000000000000142e+01,4.999999999999988454e+00,4.999999999999988454e+00,1.731947915570787221e-14,1.731947918415244203e-14,1.154631945610162802e-14,1.731947918415244203e-14,0.000000000000000000e+00,0.000000000000000000e+00
1.662000000000000099e+01,4.999999999999988454e+00,4.999999999999988454e+00,1.731947915855232793e-14,1.731947918415244203e-14,1.154631945610162802e-14,1.731947918415244203e-14,0.000000000000000000e+00,0.000000000000000000e+00
1.664000000000000057e+01,4.999999999999988454e+00,4.999999999999988454e+00,1.731947916111233934e-14,1.731947918415244203e-14,1.154631945610162802e-14,1.731947918415244203e-14,0.000000000000000000e+00,0.000000000000000000e+00
1.666000000000000014e+01,4.999999999999988454e+00,4.999999999999988454e+00,1.731947916341634961e-14,1.731947918415244203e-14,1.154631945610162802e-14,1.731947918415244203e-14,0.000000000000000000e+00,0.000000000000000000e+00
1.667999999999999972e+01,4.999999999999988454e+00,4.999999999999988454e+00,1.731947916548995885e-14,1.731947918415244203e-14,1.154631945610162802e-14,1.731947918415244203e-14,0.000000000000000000e+00,0.000000000000000000e+00
1.669999999999999929e+01,4.999999999999988454e+00,4.999999999999988454e+00,1.731947916735620812e-14,1.731947918415244203e-14,1.154631945610162802e-14,1.731947918415244203e-14,0.000000000000000000e+00,0.000000000000000000e+00
1.671999999999999886e+01,4.999999999999988454e+00,4.999999999999988454e+00,1.731947916903583183e-14,1.731947918415244203e-14,1.154631945610162802e-14,1.731947918415244203e-14,0.000000000000000000e+00,0.000000000000000000e+00
1.674000000000000199e+01,4.999999999999988454e+00,4.999999999999988454e+00,1.731947917054749442e-14,1.731947918415244203e-14,1.154631945610162802e-14,1.731947918415244203e-14,0.000000000000000000e+00,0.000000000000000000e+00
1.676000000000000156e+01,4.999999999999988454e+00,4.999999999999988454e+00,1.731947917190798918e-14,1.731947918415244203e-14,1.154631945610162802e-14,1.731947918415244203e-14,0.000000000000000000e+00,0.000000000000000000e+00
1.678000000000000114e+01,4.999999999999988454e+00,4.999999999999988454e+00,1.731947917313243384e-14,1.731947918415244203e-14,1.154631945610162802e-14,1.731947918415244203e-14,0.000000000000000000e+00,0.000000000000000000e+00
1.680000000000000071e+01,4.999999999999988454e+00,4.999999999999988454e+00,1.731947917423443466e-14,1.731947918415244203e-14,1.154631945610162802e-14,1.731947918415244203e-14,0.000000000000000000e+00,0.000000000000000000e+00
1.682000000000000028e+01,4.999999999999988454e+00,4.999999999999988454e+00,1.731947917522623476e-14,1.731947918415244203e-14,1.154631945610162802e-14,1.731947918415244203e-14,0.000000000000000000e+00,0.000000000000000000e+00
1.683999999999999986e+01,4.999999999999988454e+00,4.999999999999988454e+00,1.731947917611885612e-14,1.731947918415244203e-14,1.154631945610162802e-14,1.731947918415244203e-14,0.000000000000000000e+00,0.000000000000000000e+00
1.685999999999999943e+01,4.999999999999988454e+00,4.999999999999988454e+00,1.731947917692221629e-14,1.731947918415244203e-14,1.154631945610162802e-14,1.731947918415244203e-14,0.000000000000000000e+00,0.000000000000000000e+00
1.687999999999999901e+01,4.999999999999988454e+00,4.999999999999988454e+00,1.731947917764523886e-14,1.731947918415244203e-14,1.154631945610162802e-14,1.731947918415244203e-14,0.000000000000000000e+00,0.000000000000000000e+00
1.689999999999999858e+01,4.999999999999988454e+00,4.999999999999988454e+00,1.731947917829595760e-14,1.731947918415244203e-14,1.154631945610162802e-14,1.731947918415244203e-14,0.000000000000000000e+00,0.000000000000000000e+00
1.692000000000000171e+01,4.999999999999988454e+00,4.999999999999988454e+00,1.731947917888160478e-14,1.731947918415244203e-14,1.154631945610162802e-14,1.731947918415244203e-14,0.000000000000000000e+00,0.000000000000000000e+00
1.694000000000000128e+01,4.999999999999988454e+00,4.999999999999988454e+00,1.731947917940868693e-14,1.731947918415244203e-14,1.154631945610162802e-14,1.731947918415244203e-14,0.000000000000000000e+00,0.000000000000000000e+00
1.696000000000000085e+01,4.999999999999988454e+00,4.999999999999988454e+00,1.731947917988306370e-14,1.731947918415244203e-14,1.154631945610162802e-14,1.731947918415244203e-14,0.000000000000000000e+00,0.000000000000000000e+00
1.698000000000000043e+01,4.999999999999988454e+00,4.999999999999988454e+00,1.731947918031000154e-14,1.731947918415244203e-14,1.154631945610162802e-14,1.731947918415244203e-14,0.000000000000000000e+00,0.000000000000000000e+00
1.700000000000000000e+01,4.999999999999988454e+00,4.999999999999988454e+00,1.731947918069424622e-14,1.731947918415244203e-14,1.154631945610162802e-14,1.731947918415244203e-14,0.000000000000000000e+00,0.000000000000000000e+00
1.701999999999999957e+01,4.999999999999988454e+00,4.999999999999988454e+00,1.731947918104006706e-14,1.731947918415244203e-14,1.154631945610162802e-14,1.731947918415244203e-14,0.000000000000000000e+00,0.000000000000000000e+00
1.703999999999999915e+01,4.999999999999988454e+00,4.999999999999988454e+00,1.731947918135130424e-14,1.731947918415244203e-14,1.154631945610162802e-14,1.731947918415244203e-14,0.000000000000000000e+00,0.000000000000000000e+00
1.705999999999999872e+01,4.999999999999988454e+00,4.999999999999988454e+00,1.731947918163141928e-14,1.731947918415244203e-14,1.154631945610162802e-14,1.731947918415244203e-14,0.000000000000000000e+00,0.000000000000000000e+00
1.708000000000000185e+01,4.999999999999988454e+00,4.999999999999988454e+00,1.731947918188352030e-14,1.731947918415244203e-14,1.154631945610162802e-14,1.731947918415244203e-14,0.000000000000000000e+00,0.000000000000000000e+00
1.710000000000000142e+01,4.999999999999988454e+00,4.999999999999988454e+00,1.731947918211041247e-14,1.731947918415244203e-14,1.154631945610162802e-14,1.731947918415244203e-14,0.000000000000000000e+00,0.000000000000000000e+00
1.712000000000000099e+01,4.999999999999988454e+00,4.999999999999988454e+00,1.731947918231461700e-14,1.731947918415244203e-14,1.154631945610162802e-14,1.731947918415244203e-14,0.000000000000000000e+00,0.000000000000000000e+00
1.714000000000000057e+01,4.999999999999988454e+00,4.999999999999988454e+00,1.731947918249839951e-14,1.731947918415244203e-14,1.154631945610162802e-14,1.731947918415244203e-14,0.000000000000000000e+00,0.000000000000000000e+00
1.716000000000000014e+01,4.999999999999988454e+00,4.999999999999988454e+00,1.731947918266380470e-14,1.731947918415244203e-14,1.154631945610162802e-14,1.731947918415244203e-14,0.000000000000000000e+00,0.000000000000000000e+00
1.717999999999999972e+01,4.999999999999988454e+00,4.999999999999988454e+00,1.731947918281266907e-14,1.731947918415244203e-14,1.154631945610162802e-14,1.731947918415244203e-14,0.000000000000000000e+00,0.000000000000000000e+00
1.719999999999999929e+01,4.999999999999988454e+00,4.999999999999988454e+00,1.731947918294664605e-14,1.731947918415244203e-14,1.154631945610162802e-14,1.731947918415244203e-14,0.000000000000000000e+00,0.000000000000000000e+00
1.721999999999999886e+01,4.999999999999988454e+00,4.999999999999988454e+00,1.731947918306722502e-14,1.731947918415244203e-14,1.154631945610162802e-14,1.731947918415244203e-14,0.000000000000000000e+00,0.000000000000000000e+00
1.724000000000000199e+01,4.999999999999988454e+00,4.999999999999988454e+00,1.731947918317574703e-14,1.731947918415244203e-14,1.154631945610162802e-14,1.731947918415244203e-14,0.000000000000000000e+00,0.000000000000000000e+00
1.726000000000000156e+01,4.999999999999988454e+00,4.999999999999988454e+00,1.731947918327341748e-14,1.731947918415244203e-14,1.154631945610162802e-14,1.731947918415244203e-14,0.000000000000000000e+00,0.000000000000000000e+00
1.728000000000000114e+01,4.999999999999988454e+00,4.999999999999988454e+00,1.731947918336131867e-14,1.731947918415244203e-14,1.154631945610162802e-14,1.731947918415244203e-14,0.000000000000000000e+00,0.000000000000000000e+00
1.730000000000000071e+01,4.999999999999988454e+00,4.999999999999988454e+00,1.731947918344043195e-14,1.731947918415244203e-14,1.154631945610162802e-14,1.731947918415244203e-14,0.000000000000000000e+00,0.000000000000000000e+00
1.732000000000000028e+01,4.999999999999988454e+00,4.999999999999988454e+00,1.731947918351163454e-14,1.731947918415244203e-14,1.154631945610162802e-14,1.731947918415244203e-14,0.000000000000000000e+00,0.000000000000000000e+00
1.733999999999999986e+01,4.999999999999988454e+00,4.999999999999988454e+00,1.731947918357571529e-14,1.731947918415244203e-14,1.154631945610162802e-14,1.731947918415244203e-14,0.000000000000000000e+00,0.000000000000000000e+00
1.735999999999999943e+01,4.999999999999988454e+00,4.999999999999988454e+00,1.731947918363338733e-14,1.731947918415244203e-14,1.154631945610162802e-14,1.731947918415244203e-14,0.000000000000000000e+00,0.000000000000000000e+00
1.737999999999999901e+01,4.999999999999988454e+00,4.999999999999988454e+00,1.731947918368529122e-14,1.731947918415244203e-14,1.154631945610162802e-14,1.731947918415244203e-14,0.000000000000000000e+00,0.000000000000000000e+00
1.740000000000000213e+01,4.999999999999988454e+00,4.999999999999988454e+00,1.731947918373200757e-14,1.731947918415244203e-14,1.154631945610162802e-14,1.731947918415244203e-14,0.000000000000000000e+00,0.000000000000000000e+00
1.742000000000000171e+01,4.999999999999988454e+00,4.999999999999988454e+00,1.731947918377405070e-14,1.731947918415244203e-14,1.154631945610162802e-14,1.731947918415244203e-14,0.000000000000000000e+00,0.000000000000000000e+00
1.744000000000000128e+01,4.999999999999988454e+00,4.999999999999988454e+00,1.731947918381189078e-14,1.731947918415244203e-14,1.154631945610162802e-14,1.731947918415244203e-14,0.000000000000000000e+00,0.000000000000000000e+00
1.746000000000000085e+01,4.999999999999988454e+00,4.999999999999988454e+00,1.731947918384594748e-14,1.731947918415244203e-14,1.154631945610162802e-14,1.731947918415244203e-14,0.000000000000000000e+00,0.000000000000000000e+00
1.748000000000000043e+01,4.999999999999988454e+00,4.999999999999988454e+00,1.731947918387659630e-14,1.731947918415244203e-14,1.154631945610162802e-14,1.731947918415244203e-14,0.000000000000000000e+00,0.000000000000000000e+00
1.750000000000000000e+01,4.999999999999988454e+00,4.999999999999988454e+00,1.731947918390418119e-14,1.731947918415244203e-14,1.154631945610162802e-14,1.731947918415244203e-14,0.000000000000000000e+00,0.000000000000000000e+00
1.751999999999999957e+01,4.999999999999988454e+00,4.999999999999988454e+00,1.731947918392900822e-14,1.731947918415244203e-14,1.154631945610162802e-14,1.731947918415244203e-14,0.000000000000000000e+00,0.000000000000000000e+00
1.753999999999999915e+01,4.999999999999988454e+00,4.999999999999988454e+00,1.731947918395135192e-14,1.731947918415244203e-14,1.154631945610162802e-14,1.731947918415244203e-14,0.000000000000000000e+00,0.000000000000000000e+00
1.755999999999999872e+01,4.999999999999988454e+00,4.999999999999988454e+00,1.731947918397146156e-14,1.731947918415244203e-14,1.154631945610162802e-14,1.731947918415244203e-14,0.000000000000000000e+00,0.000000000000000000e+00
1.758000000000000185e+01,4.999999999999988454e+00,4.999999999999988454e+00,1.731947918398955803e-14,1.731947918415244203e-14,1.154631945610162802e-14,1.731947918415244203e-14,0.000000000000000000e+00,0.000000000000000000e+00
1.760000000000000142e+01,4.999999999999988454e+00,4.999999999999988454e+00,1.731947918400584643e-14,1.731947918415244203e-14,1.154631945610162802e-14,1.731947918415244203e-14,0.000000000000000000e+00,0.000000000000000000e+00
1.762000000000000099e+01,4.999999999999988454e+00,4.999999999999988454e+00,1.731947918402050662e-14,1.731947918415244203e-14,1.154631945610162802e-14,1.731947918415244203e-14,0.000000000000000000e+00,0.000000000000000000e+00
1.764000000000000057e+01,4.999999999999988454e+00,4.999999999999988454e+00,1.731947918403369953e-14,1.731947918415244203e-14,1.154631945610162802e-14,1.731947918415244203e-14,0.000000000000000000e+00,0.000000000000000000e+00
1.766000000000000014e+01,4.999999999999988454e+00,4.999999999999988454e+00,1.731947918404557347e-14,1.731947918415244203e-14,1.154631945610162802e-14,1.731947918415244203e-14,0.000000000000000000e+00,0.000000000000000000e+00
1.767999999999999972e+01,4.999999999999988454e+00,4.999999999999988454e+00,1.731947918405626095e-14,1.731947918415244203e-14,1.154631945610162802e-14,1.731947918415244203e-14,0.000000000000000000e+00,0.000000000000000000e+00
1.769999999999999929e+01,4.999999999999988454e+00,4.999999999999988454e+00,1.731947918406587875e-14,1.731947918415244203e-14,1.154631945610162802e-14,1.731947918415244203e-14,0.000000000000000000e+00,0.000000000000000000e+00
1.771999999999999886e+01,4.999999999999988454e+00,4.999999999999988454e+00,1.731947918407453413e-14,1.731947918415244203e-14,1.154631945610162802e-14,1.731947918415244203e-14,0.000000000000000000e+00,0.000000000000000000e+00
1.774000000000000199e+01,4.999999999999988454e+00,4.999999999999988454e+00,1.731947918408232492e-14,1.731947918415244203e-14,1.154631945610162802e-14,1.731947918415244203e-14,0.000000000000000000e+00,0.000000000000000000e+00
1.776000000000000156e+01,4.999999999999988454e+00,4.999999999999988454e+00,1.731947918408933631e-14,1.731947918415244203e-14,1.154631945610162802e-14,1.731947918415244203e-14,0.000000000000000000e+00,0.000000000000000000e+00
1.778000000000000114e+01,4.999999999999988454e+00,4.999999999999988454e+00,1.731947918409564720e-14,1.731947918415244203e-14,1.154631945610162802e-14,1.731947918415244203e-14,0.000000000000000000e+00,0.000000000000000000e+00
1.780000000000000071e+01,4.999999999999988454e+00,4.999999999999988454e+00,1.731947918410132700e-14,1.731947918415244203e-14,1.154631945610162802e-14,1.731947918415244203e-14,0.000000000000000000e+00,0.000000000000000000e+00
1.782000000000000028e+01,4.999999999999988454e+00,4.999999999999988454e+00,1.731947918410643882e-14,1.731947918415244203e-14,1.154631945610162802e-14,1.731947918415244203e-14,0.000000000000000000e+00,0.000000000000000000e+00
1.783999999999999986e+01,4.999999999999988454e+00,4.999999999999988454e+00,1.731947918411103945e-14,1.731947918415244203e-14,1.154631945610162802e-14,1.731947918415244203e-14,0.000000000000000000e+00,0.000000000000000000e+00
1.785999999999999943e+01,4.999999999999988454e+00,4.999999999999988454e+00,1.731947918411517940e-14,1.731947918415244203e-14,1.154631945610162802e-14,1.731947918415244203e-14,0.000000000000000000e+00,0.000000000000000000e+00
1.787999999999999901e+01,4.999999999999988454e+00,4.999999999999988454e+00,1.731947918411890598e-14,1.731947918415244203e-14,1.154631945610162802e-14,1.731947918415244203e-14,0.000000000000000000e+00,0.000000000000000000e+00
1.790000000000000213e+01,4.999999999999988454e+00,4.999999999999988454e+00,1.731947918412226021e-14,1.731947918415244203e-14,1.154631945610162802e-14,1.731947918415244203e-14,0.000000000000000000e+00,0.000000000000000000e+00
1.792000000000000171e+01,4.999999999999988454e+00,4.999999999999988454e+00,1.731947918412527997e-14,1.731947918415244203e-14,1.154631945610162802e-14,1.731947918415244203e-14,0.000000000000000000e+00,0.000000000000000000e+00
1.794000000000000128e+01,4.999999999999988454e+00,4.999999999999988454e+00,1.731947918412799681e-14,1.731947918415244203e-14,1.154631945610162802e-14,1.731947918415244203e-14,0.000000000000000000e+00,0.000000000000000000e+00
1.796000000000000085e+01,4.999999999999988454e+00,4.999999999999988454e+00,1.731947918413044228e-14,1.731947918415244203e-14,1.154631945610162802e-14,1.731947918415244203e-14,0.000000000000000000e+00,0.000000000000000000e+00
1.798000000000000043e+01,4.999999999999988454e+00,4.999999999999988454e+00,1.731947918413264162e-14,1.731947918415244203e-14,1.154631945610162802e-14,1.731947918415244203e-14,0.000000000000000000e+00,0.000000000000000000e+00
1.800000000000000000e+01,4.999999999999988454e+00,4.999999999999988454e+00,1.731947918413462009e-14,1.731947918415244203e-14,1.154631945610162802e-14,1.731947918415244203e-14,0.000000000000000000e+00,0.000000000000000000e+00
1.801999999999999957e+01,4.999999999999988454e+00,4.999999999999988454e+00,1.731947918413640291e-14,1.731947918415244203e-14,1.154631945610162802e-14,1.731947918415244203e-14,0.000000000000000000e+00,0.000000000000000000e+00
1.803999999999999915e+01,4.999999999999988454e+00,4.999999999999988454e+00,1.731947918413800588e-14,1.731947918415244203e-14,1.154631945610162802e-14,1.731947918415244203e-14,0.000000000000000000e+00,0.000000000000000000e+00
1.805999999999999872e+01,4.999999999999988454e+00,4.999999999999988454e+00,1.731947918413944791e-14,1.731947918415244203e-14,1.154631945610162802e-14,1.731947918415244203e-14,0.000000000000000000e+00,0.000000000000000000e+00
1.808000000000000185e+01,4.999999999999988454e+00,4.999999999999988454e+00,1.731947918414074796e-14,1.731947918415244203e-14,1.154631945610162802e-14,1.731947918415244203e-14,0.000000000000000000e+00,0.000000000000000000e+00
1.810000000000000142e+01,4.999999999999988454e+00,4.999999999999988454e+00,1.731947918414191863e-14,1.731947918415244203e-14,1.154631945610162802e-14,1.731947918415244203e-14,0.000000000000000000e+00,0.000000000000000000e+00
1.812000000000000099e+01,4.999999999999988454e+00,4.999999999999988454e+00,1.731947918414296939e-14,1.731947918415244203e-14,1.154631945610162802e-14,1.731947918415244203e-14,0.000000000000000000e+00,0.000000000000000000e+00
1.814000000000000057e+01,4.999999999999988454e+00,4.999999999999988454e+00,1.731947918414391602e-14,1.731947918415244203e-14,1.154631945610162802e-14,1.731947918415244203e-14,0.000000000000000000e+00,0.000000000000000000e+00
1.816000000000000014e+01,4.999999999999988454e+00,4.999999999999988454e+00,1.731947918414476799e-14,1.731947918415244203e-14,1.154631945610162802e-14,1.731947918415244203e-14,0.000000000000000000e+00,0.000000000000000000e+00
1.817999999999999972e+01,4.999999999999988454e+00,4.999999999999988454e+00,1.731947918414553476e-14,1.731947918415244203e-14,1.154631945610162802e-14,1.731947918415244203e-14,0.000000000000000000e+00,0.000000000000000000e+00
1.819999999999999929e+01,4.999999999999988454e+00,4.999999999999988454e+00,1.731947918414622581e-14,1.731947918415244203e-14,1.154631945610162802e-14,1.731947918415244203e-14,0.000000000000000000e+00,0.000000000000000000e+00
1.821999999999999886e+01,4.999999999999988454e+00,4.999999999999988454e+00,1.731947918414684743e-14,1.731947918415244203e-14,1.154631945610162802e-14,1.731947918415244203e-14,0.000000000000000000e+00,0.000000000000000000e+00
1.824000000000000199e+01,4.999999999999988454e+00,4.999999999999988454e+00,1.731947918414740594e-14,1.731947918415244203e-14,1.154631945610162802e-14,1.731947918415244203e-14,0.000000000000000000e+00,0.000000000000000000e+00
1.826000000000000156e+01,4.999999999999988454e+00,4.999999999999988454e+00,1.731947918414791081e-14,1.731947918415244203e-14,1.154631945610162802e-14,1.731947918415244203e-14,0.000000000000000000e+00,0.000000000000000000e+00
1.828000000000000114e+01,4.999999999999988454e+00,4.999999999999988454e+00,1.731947918414836520e-14,1.731947918415244203e-14,1.154631945610162802e-14,1.731947918415244203e-14,0.000000000000000000e+00,0.000000000000000000e+00
1.830000000000000071e+01,4.999999999999988454e+00,4.999999999999988454e+00,1.731947918414877225e-14,1.731947918415244203e-14,1.154631945610162802e-14,1.731947918415244203e-14,0.000000000000000000e+00,0.000000000000000000e+00
1.832000000000000028e+01,4.999999999999988454e+00,4.999999999999988454e+00,1.731947918414913828e-14,1.731947918415244203e-14,1.154631945610162802e-14,1.731947918415244203e-14,0.000000000000000000e+00,0.000000000000000000e+00
1.833999999999999986e+01,4.999999999999988454e+00,4.999999999999988454e+00,1.731947918414946960e-14,1.731947918415244203e-14,1.154631945610162802e-14,1.731947918415244203e-14,0.000000000000000000e+00,0.000000000000000000e+00
1.835999999999999943e+01,4.999999999999988454e+00,4.999999999999988454e+00,1.731947918414976621e-14,1.731947918415244203e-14,1.154631945610162802e-14,1.731947918415244203e-14,0.000000000000000000e+00,0.000000000000000000e+00
1.837999999999999901e+01,4.999999999999988454e+00,4.999999999999988454e+00,1.731947918415003443e-14,1.731947918415244203e-14,1.154631945610162802e-14,1.731947918415244203e-14,0.000000000000000000e+00,0.000000000000000000e+00
1.840000000000000213e+01,4.999999999999988454e+00,4.999999999999988454e+00,1.731947918415027424e-14,1.731947918415244203e-14,1.154631945610162802e-14,1.731947918415244203e-14,0.000000000000000000e+00,0.000000000000000000e+00
1.842000000000000171e+01,4.999999999999988454e+00,4.999999999999988454e+00,1.731947918415049197e-14,1.731947918415244203e-14,1.154631945610162802e-14,1.731947918415244203e-14,0.000000000000000000e+00,0.000000000000000000e+00
1.844000000000000128e+01,4.999999999999988454e+00,4.999999999999988454e+00,1.731947918415068760e-14,1.731947918415244203e-14,1.154631945610162802e-14,1.731947918415244203e-14,0.000000000000000000e+00,0.000000000000000000e+00
1.846000000000000085e+01,4.999999999999988454e+00,4.999999999999988454e+00,1.731947918415086431e-14,1.731947918415244203e-14,1.154631945610162802e-14,1.731947918415244203e-14,0.000000000000000000e+00,0.000000000000000000e+00
1.848000000000000043e+01,4.999999999999988454e+00,4.999999999999988454e+00,1.731947918415102208e-14,1.731947918415244203e-14,1.154631945610162802e-14,1.731947918415244203e-14,0.000000000000000000e+00,0.000000000000000000e+00
1.850000000000000000e+01,4.999999999999988454e+00,4.999999999999988454e+00,1.731947918415116408e-14,1.731947918415244203e-14,1.154631945610162802e-14,1.731947918415244203e-14,0.000000000000000000e+00,0.000000000000000000e+00
1.851999999999999957e+01,4.999999999999988454e+00,4.999999999999988454e+00,1.731947918415129345e-14,1.731947918415244203e-14,1.154631945610162802e-14,1.731947918415244203e-14,0.000000000000000000e+00,0.000000000000000000e+00
1.853999999999999915e+01,4.999999999999988454e+00,4.999999999999988454e+00,1.731947918415140705e-14,1.731947918415244203e-14,1.154631945610162802e-14,1.731947918415244203e-14,0.000000000000000000e+00,0.000000000000000000e+00
1.855999999999999872e+01,4.999999999999988454e+00,4.999999999999988454e+00,1.731947918415151117e-14,1.731947918415244203e-14,1.154631945610162802e-14,1.731947918415244203e-14,0.000000000000000000e+00,0.000000000000000000e+00
1.858000000000000185e+01,4.999999999999988454e+00,4.999999999999988454e+00,1.731947918415160268e-14,1.731947918415244203e-14,1.154631945610162802e-14,1.731947918415244203e-14,0.000000000000000000e+00,0.000000000000000000e+00
1.860000000000000142e+01,4.999999999999988454e+00,4.999999999999988454e+00,1.731947918415168788e-14,1.731947918415244203e-14,1.154631945610162802e-14,1.731947918415244203e-14,0.000000000000000000e+00,0.000000000000000000e+00
1.862000000000000099e+01,4.999999999999988454e+00,4.999999999999988454e+00,1.731947918415176361e-14,1.731947918415244203e-14,1.154631945610162802e-14,1.731947918415244203e-14,0.000000000000000000e+00,0.000000000000000000e+00
1.864000000000000057e+01,4.999999999999988454e+00,4.999999999999988454e+00,1.731947918415182987e-14,1.731947918415244203e-14,1.154631945610162802e-14,1.731947918415244203e-14,0.000000000000000000e+00,0.000000000000000000e+00
1.866000000000000014e+01,4.999999999999988454e+00,4.999999999999988454e+00,1.731947918415188983e-14,1.731947918415244203e-14,1.154631945610162802e-14,1.731947918415244203e-14,0.000000000000000000e+00,0.000000000000000000e+00
1.867999999999999972e+01,4.999999999999988454e+00,4.999999999999988454e+00,1.731947918415194347e-14,1.731947918415244203e-14,1.154631945610162802e-14,1.731947918415244203e-14,0.000000000000000000e+00,0.000000000000000000e+00
1.869999999999999929e+01,4.999999999999988454e+00,4.999999999999988454e+00,1.731947918415199396e-14,1.731947918415244203e-14,1.154631945610162802e-14,1.731947918415244203e-14,0.000000000000000000e+00,0.000000000000000000e+00
1.871999999999999886e+01,4.999999999999988454e+00,4.999999999999988454e+00,1.731947918415203813e-14,1.731947918415244203e-14,1.154631945610162802e-14,1.731947918415244203e-14,0.000000000000000000e+00,0.000000000000000000e+00
1.874000000000000199e+01,4.999999999999988454e+00,4.999999999999988454e+00,1.731947918415207915e-14,1.731947918415244203e-14,1.154631945610162802e-14,1.731947918415244203e-14,0.000000000000000000e+00,0.000000000000000000e+00
1.876000000000000156e+01,4.999999999999988454e+00,4.999999999999988454e+00,1.731947918415211386e-14,1.731947918415244203e-14,1.154631945610162802e-14,1.731947918415244203e-14,0.000000000000000000e+00,0.000000000000000000e+00
1.878000000000000114e+01,4.999999999999988454e+00,4.999999999999988454e+00,1.731947918415214542e-14,1.731947918415244203e-14,1.154631945610162802e-14,1.731947918415244203e-14,0.000000000000000000e+00,0.000000000000000000e+00
1.880000000000000071e+01,4.999999999999988454e+00,4.999999999999988454e+00,1.731947918415217382e-14,1.731947918415244203e-14,1.154631945610162802e-14,1.731947918415244203e-14,0.000000000000000000e+00,0.000000000000000000e+00
1.882000000000000028e+01,4.999999999999988454e+00,4.999999999999988454e+00,1.731947918415220222e-14,1.731947918415244203e-14,1.154631945610162802e-14,1.731947918415244203e-14,0.000000000000000000e+00,0.000000000000000000e+00
1.883999999999999986e+01,4.999999999999988454e+00,4.999999999999988454e+00,1.731947918415222746e-14,1.731947918415244203e-14,1.154631945610162802e-14,1.731947918415244203e-14,0.000000000000000000e+00,0.000000000000000000e+00
1.885999999999999943e+01,4.999999999999988454e+00,4.999999999999988454e+00,1.731947918415224955e-14,1.731947918415244203e-14,1.154631945610162802e-14,1.731947918415244203e-14,0.000000000000000000e+00,0.000000000000000000e+00
1.887999999999999901e+01,4.999999999999988454e+00,4.999999999999988454e+00,1.731947918415226848e-14,1.731947918415244203e-14,1.154631945610162802e-14,1.731947918415244203e-14,0.000000000000000000e+00,0.000000000000000000e+00
1.890000000000000213e+01,4.999999999999988454e+00,4.999999999999988454e+00,1.731947918415228426e-14,1.731947918415244203e-14,1.154631945610162802e-14,1.731947918415244203e-14,0.000000000000000000e+00,0.000000000000000000e+00
1.892000000000000171e+01,4.999999999999988454e+00,4.999999999999988454e+00,1.731947918415230004e-14,1.731947918415244203e-14,1.154631945610162802e-14,1.731947918415244203e-14,0.000000000000000000e+00,0.000000000000000000e+00
1.894000000000000128e+01,4.999999999999988454e+00,4.999999999999988454e+00,1.731947918415231581e-14,1.731947918415244203e-14,1.154631945610162802e-14,1.731947918415244203e-14,0.000000000000000000e+00,0.000000000000000000e+00
1.896000000000000085e+01,4.999999999999988454e+00,4.999999999999988454e+00,1.731947918415232843e-14,1.731947918415244203e-14,1.154631945610162802e-14,1.731947918415244203e-14,0.000000000000000000e+00,0.000000000000000000e+00
1.898000000000000043e+01,4.999999999999988454e+00,4.999999999999988454e+00,1.731947918415234106e-14,1.731947918415244203e-14,1.154631945610162802e-14,1.731947918415244203e-14,0.000000000000000000e+00,0.000000000000000000e+00
1.900000000000000000e+01,4.999999999999988454e+00,4.999999999999988454e+00,1.731947918415235052e-14,1.731947918415244203e-14,1.154631945610162802e-14,1.731947918415244203e-14,0.000000000000000000e+00,0.000000000000000000e+00
1.901999999999999957e+01,4.999999999999988454e+00,4.999999999999988454e+00,1.731947918415235999e-14,1.731947918415244203e-14,1.154631945610162802e-14,1.731947918415244203e-14,0.000000000000000000e+00,0.000000000000000000e+00
1.903999999999999915e+01,4.999999999999988454e+00,4.999999999999988454e+00,1.731947918415236946e-14,1.731947918415244203e-14,1.154631945610162802e-14,1.731947918415244203e-14,0.000000000000000000e+00,0.000000000000000000e+00
1.905999999999999872e+01,4.999999999999988454e+00,4.999999999999988454e+00,1.731947918415237577e-14,1.731947918415244203e-14,1.154631945610162802e-14,1.731947918415244203e-14,0.000000000000000000e+00,0.000000000000000000e+00
1.908000000000000185e+01,4.999999999999988454e+00,4.999999999999988454e+00,1.731947918415238208e-14,1.731947918415244203e-14,1.154631945610162802e-14,1.731947918415244203e-14,0.000000000000000000e+00,0.000000000000000000e+00
1.910000000000000142e+01,4.999999999999988454e+00,4.999999999999988454e+00,1.731947918415238839e-14,1.731947918415244203e-14,1.154631945610162802e-14,1.731947918415244203e-14,0.000000000000000000e+00,0.000000000000000000e+00
1.912000000000000099e+01,4.999999999999988454e+00,4.999999999999988454e+00,1.731947918415239470e-14,1.731947918415244203e-14,1.154631945610162802e-14,1.731947918415244203e-14,0.000000000000000000e+00,0.000000000000000000e+00
1.914000000000000057e+01,4.999999999999988454e+00,4.999999999999988454e+00,1.731947918415239785e-14,1.731947918415244203e-14,1.154631945610162802e-14,1.731947918415244203e-14,0.000000000000000000e+00,0.000000000000000000e+00
1.916000000000000014e+01,4.999999999999988454e+00,4.999999999999988454e+00,1.731947918415240101e-14,1.731947918415244203e-14,1.154631945610162802e-14,1.731947918415244203e-14,0.000000000000000000e+00,0.000000000000000000e+00
1.917999999999999972e+01,4.999999999999988454e+00,4.999999999999988454e+00,1.731947918415240417e-14,1.731947918415244203e-14,1.154631945610162802e-14,1.731947918415244203e-14,0.000000000000000000e+00,0.000000000000000000e+00
1.919999999999999929e+01,4.999999999999988454e+00,4.999999999999988454e+00,1.731947918415240732e-14,1.731947918415244203e-14,1.154631945610162802e-14,1.731947918415244203e-14,0.000000000000000000e+00,0.000000000000000000e+00
1.921999999999999886e+01,4.999999999999988454e+00,4.999999999999988454e+00,1.731947918415241048e-14,1.731947918415244203e-14,1.154631945610162802e-14,1.731947918415244203e-14,0.000000000000000000e+00,0.000000000000000000e+00
1.924000000000000199e+01,4.999999999999988454e+00,4.999999999999988454e+00,1.731947918415241363e-14,1.731947918415244203e-14,1.154631945610162802e-14,1.731947918415244203e-14,0.000000000000000000e+00,0.000000000000000000e+00
1.926000000000000156e+01,4.999999999999988454e+00,4.999999999999988454e+00,1.731947918415241679e-14,1.731947918415244203e-14,1.154631945610162802e-14,1.731947918415244203e-14,0.000000000000000000e+00,0.000000000000000000e+00
1.928000000000000114e+01,4.999999999999988454e+00,4.999999999999988454e+00,1.731947918415241994e-14,1.731947918415244203e-14,1.154631945610162802e-14,1.731947918415244203e-14,0.000000000000000000e+00,0.000000000000000000e+00
1.930000000000000071e+01,4.999999999999988454e+00,4.999999999999988454e+00,1.731947918415242310e-14,1.731947918415244203e-14,1.154631945610162802e-14,1.731947918415244203e-14,0.000000000000000000e+00,0.000000000000000000e+00
1.932000000000000028e+01,4.999999999999988454e+00,4.999999999999988454e+00,1.731947918415242625e-14,1.731947918415244203e-14,1.154631945610162802e-14,1.731947918415244203e-14,0.000000000000000000e+00,0.000000000000000000e+00
1.933999999999999986e+01,4.999999999999988454e+00,4.999999999999988454e+00,1.731947918415242941e-14,1.731947918415244203e-14,1.154631945610162802e-14,1.731947918415244203e-14,0.000000000000000000e+00,0.000000000000000000e+00
1.935999999999999943e+01,4.999999999999988454e+00,4.999999999999988454e+00,1.731947918415242941e-14,1.731947918415244203e-14,1.154631945610162802e-14,1.731947918415244203e-14,0.000000000000000000e+00,0.000000000000000000e+00
1.937999999999999901e+01,4.999999999999988454e+00,4.999999999999988454e+00,1.731947918415242941e-14,1.731947918415244203e-14,1.154631945610162802e-14,1.731947918415244203e-14,0.000000000000000000e+00,0.000000000000000000e+00
1.940000000000000213e+01,4.999999999999988454e+00,4.999999999999988454e+00,1.731947918415242941e-14,1.731947918415244203e-14,1.154631945610162802e-14,1.731947918415244203e-14,0.000000000000000000e+00,0.000000000000000000e+00
1.942000000000000171e+01,4.999999999999988454e+00,4.999999999999988454e+00,1.731947918415242941e-14,1.731947918415244203e-14,1.154631945610162802e-14,1.731947918415244203e-14,0.000000000000000000e+00,0.000000000000000000e+00
1.944000000000000128e+01,4.999999999999988454e+00,4.999999999999988454e+00,1.731947918415242941e-14,1.731947918415244203e-14,1.154631945610162802e-14,1.731947918415244203e-14,0.000000000000000000e+00,0.000000000000000000e+00
1.946000000000000085e+01,4.999999999999988454e+00,4.999999999999988454e+00,1.731947918415242941e-14,1.731947918415244203e-14,1.154631945610162802e-14,1.731947918415244203e-14,0.000000000000000000e+00,0.000000000000000000e+00
1.948000000000000043e+01,4.999999999999988454e+00,4.999999999999988454e+00,1.731947918415242941e-14,1.731947918415244203e-14,1.154631945610162802e-14,1.731947918415244203e-14,0.000000000000000000e+00,0.000000000000000000e+00
1.950000000000000000e+01,4.999999999999988454e+00,4.999999999999988454e+00,1.731947918415242941e-14,1.731947918415244203e-14,1.154631945610162802e-14,1.731947918415244203e-14,0.000000000000000000e+00,0.000000000000000000e+00
1.951999999999999957e+01,4.999999999999988454e+00,4.999999999999988454e+00,1.731947918415242941e-14,1.731947918415244203e-14,1.154631945610162802e-14,1.731947918415244203e-14,0.000000000000000000e+00,0.000000000000000000e+00
1.953999999999999915e+01,4.999999999999988454e+00,4.999999999999988454e+00,1.731947918415242941e-14,1.731947918415244203e-14,1.154631945610162802e-14,1.731947918415244203e-14,0.000000000000000000e+00,0.000000000000000000e+00
1.955999999999999872e+01,4.999999999999988454e+00,4.999999999999988454e+00,1.731947918415242941e-14,1.731947918415244203e-14,1.154631945610162802e-14,1.731947918415244203e-14,0.000000000000000000e+00,0.000000000000000000e+00
1.958000000000000185e+01,4.999999999999988454e+00,4.999999999999988454e+00,1.731947918415242941e-14,1.731947918415244203e-14,1.154631945610162802e-14,1.731947918415244203e-14,0.000000000000000000e+00,0.000000000000000000e+00
1.960000000000000142e+01,4.999999999999988454e+00,4.999999999999988454e+00,1.731947918415242941e-14,1.731947918415244203e-14,1.154631945610162802e-14,1.731947918415244203e-14,0.000000000000000000e+00,0.000000000000000000e+00
1.962000000000000099e+01,4.999999999999988454e+00,4.999999999999988454e+00,1.731947918415242941e-14,1.731947918415244203e-14,1.154631945610162802e-14,1.731947918415244203e-14,0.000000000000000000e+00,0.000000000000000000e+00
1.964000000000000057e+01,4.999999999999988454e+00,4.999999999999988454e+00,1.731947918415242941e-14,1.731947918415244203e-14,1.154631945610162802e-14,1.731947918415244203e-14,0.000000000000000000e+00,0.000000000000000000e+00
1.966000000000000014e+01,4.999999999999988454e+00,4.999999999999988454e+00,1.731947918415242941e-14,1.731947918415244203e-14,1.154631945610162802e-14,1.731947918415244203e-14,0.000000000000000000e+00,0.000000000000000000e+00
1.967999999999999972e+01,4.999999999999988454e+00,4.999999999999988454e+00,1.731947918415242941e-14,1.731947918415244203e-14,1.154631945610162802e-14,1.731947918415244203e-14,0.000000000000000000e+00,0.000000000000000000e+00
1.969999999999999929e+01,4.999999999999988454e+00,4.999999999999988454e+00,1.731947918415242941e-14,1.731947918415244203e-14,1.154631945610162802e-14,1.731947918415244203e-14,0.000000000000000000e+00,0.000000000000000000e+00
1.971999999999999886e+01,4.999999999999988454e+00,4.999999999999988454e+00,1.731947918415242941e-14,1.731947918415244203e-14,1.154631945610162802e-14,1.731947918415244203e-14,0.000000000000000000e+00,0.000000000000000000e+00
1.974000000000000199e+01,4.999999999999988454e+00,4.999999999999988454e+00,1.731947918415242941e-14,1.731947918415244203e-14,1.154631945610162802e-14,1.731947918415244203e-14,0.000000000000000000e+00,0.000000000000000000e+00
1.976000000000000156e+01,4.999999999999988454e+00,4.999999999999988454e+00,1.731947918415242941e-14,1.731947918415244203e-14,1.154631945610162802e-14,1.731947918415244203e-14,0.000000000000000000e+00,0.000000000000000000e+00
1.978000000000000114e+01,4.999999999999988454e+00,4.999999999999988454e+00,1.731947918415242941e-14,1.731947918415244203e-14,1.154631945610162802e-14,1.731947918415244203e-14,0.000000000000000000e+00,0.000000000000000000e+00
1.980000000000000071e+01,4.999999999999988454e+00,4.999999999999988454e+00,1.731947918415242941e-14,1.731947918415244203e-14,1.154631945610162802e-14,1.731947918415244203e-14,0.000000000000000000e+00,0.000000000000000000e+00
1.982000000000000028e+01,4.999999999999988454e+00,4.999999999999988454e+00,1.731947918415242941e-14,1.731947918415244203e-14,1.154631945610162802e-14,1.731947918415244203e-14,0.000000000000000000e+00,0.000000000000000000e+00
1.983999999999999986e+01,4.999999999999988454e+00,4.999999999999988454e+00,1.731947918415242941e-14,1.731947918415244203e-14,1.154631945610162802e-14,1.731947918415244203e-14,0.000000000000000000e+00,0.000000000000000000e+00
1.985999999999999943e+01,4.999999999999988454e+00,4.999999999999988454e+00,1.731947918415242941e-14,1.731947918415244203e-14,1.154631945610162802e-14,1.731947918415244203e-14,0.000000000000000000e+00,0.000000000000000000e+00
1.987999999999999901e+01,4.999999999999988454e+00,4.999999999999988454e+00,1.731947918415242941e-14,1.731947918415244203e-14,1.154631945610162802e-14,1.731947918415244203e-14,0.000000000000000000e+00,0.000000000000000000e+00
1.990000000000000213e+01,4.999999999999988454e+00,4.999999999999988454e+00,1.731947918415242941e-14,1.731947918415244203e-14,1.154631945610162802e-14,1.731947918415244203e-14,0.000000000000000000e+00,0.000000000000000000e+00
1.992000000000000171e+01,4.999999999999988454e+00,4.999999999999988454e+00,1.731947918415242941e-14,1.731947918415244203e-14,1.154631945610162802e-14,1.731947918415244203e-14,0.000000000000000000e+00,0.000000000000000000e+00
1.994000000000000128e+01,4.999999999999988454e+00,4.999999999999988454e+00,1.731947918415242941e-14,1.731947918415244203e-14,1.154631945610162802e-14,1.731947918415244203e-14,0.000000000000000000e+00,0.000000000000000000e+00
1.996000000000000085e+01,4.999999999999988454e+00,4.999999999999988454e+00,1.731947918415242941e-14,1.731947918415244203e-14,1.154631945610162802e-14,1.731947918415244203e-14,0.000000000000000000e+00,0.000000000000000000e+00
1.998000000000000043e+01,4.999999999999988454e+00,4.999999999999988454e+00,1.731947918415242941e-14,1.731947918415244203e-14,1.154631945610162802e-14,1.731947918415244203e-14,0.000000000000000000e+00,0.000000000000000000e+00
2.000000000000000000e+01,4.999999999999988454e+00,4.999999999999988454e+00,1.731947918415242941e-14,1.731947918415244203e-14,1.154631945610162802e-14,1.731947918415244203e-14,0.000000000000000000e+00,0.000000000000000000e+00
