t_s,x_ref_cm,x_meas_cm,x_meas_raw_cm,x_true_cm,v_true_cmps,v_obs_cmps,v_cmd_cmps,err_cm,p_term,i_term,d_term
0.000000000000000000e+00,5.000000000000000000e+00,1.270085999999999785e-02,1.270085999999999785e-02,1.270085999999999785e-02,6.350429999999999131e-01,6.350429999999999131e-01,6.350429999999999353e+00,4.987299140000000186e+00,6.349999999999999645e+00,4.299999999999999894e-04,0.000000000000000000e+00
2.000000000000000042e-02,5.000000000000000000e+00,3.678844157449208396e-02,3.678844157449208396e-02,3.678844157449208396e-02,1.204379078724604035e+00,1.204379078724604035e+00,6.328403787246040579e+00,4.963211558425507874e+00,6.333869907800000476e+00,8.589077260400000474e-04,-6.325028279999998782e-03
4.000000000000000083e-02,5.000000000000000000e+00,7.104354756693567752e-02,7.104354756693567752e-02,7.104354756693567752e-02,1.712755299622179983e+00,1.712755299622179983e+00,6.288141287700362625e+00,4.928956452433064683e+00,6.303278679200395196e+00,1.285743920064593739e-03,-1.642313542009705973e-02
5.999999999999999778e-02,5.000000000000000000e+00,1.143390011425082509e-01,1.143390011425082509e-01,1.143390011425082509e-01,2.164772678778628112e+00,2.164772678778628112e+00,6.232929091186661275e+00,4.885660998857491499e+00,6.259774694589991917e+00,1.709634174973837309e-03,-2.855523757830484913e-02
8.000000000000000167e-02,5.000000000000000000e+00,1.656356482952924258e-01,1.656356482952924258e-01,1.656356482952924258e-01,2.564832357639209359e+00,2.564832357639209359e+00,6.165369467384441471e+00,4.834364351704707907e+00,6.204789468549014586e+00,2.129801020875581388e-03,-4.154980218544853526e-02
1.000000000000000056e-01,5.000000000000000000e+00,2.239777461152145932e-01,2.239777461152145932e-01,2.239777461152145932e-01,2.917104890996108590e+00,2.917104890996108590e+00,6.087557691208201227e+00,4.776022253884785407e+00,6.139642726664979122e+00,2.545556355122186032e-03,-5.463059181190049740e-02
1.199999999999999956e-01,5.000000000000000000e+00,2.884880517085844920e-01,2.884880517085844920e-01,2.884880517085844920e-01,3.225515279668496049e+00,3.225515279668496049e+00,6.001208777719981846e+00,4.711511948291415841e+00,6.065548262433677174e+00,2.956294268956277758e-03,-6.729577898265158564e-02
1.400000000000000133e-01,5.000000000000000000e+00,3.583628237049238940e-01,3.583628237049238940e-01,3.583628237049238940e-01,3.493738599816971657e+00,3.493738599816971657e+00,5.907748481153253017e+00,4.641637176295075662e+00,5.983620174330098074e+00,3.361484296509339303e-03,-7.923317747335431593e-02
1.600000000000000033e-01,5.000000000000000000e+00,4.328668765382351902e-01,4.328668765382351902e-01,4.328668765382351902e-01,3.725202641665563696e+00,3.725202641665563696e+00,5.808379018302891161e+00,4.567133123461764477e+00,5.894879213894745895e+00,3.760665093670715990e-03,-9.026086068552503783e-02
1.799999999999999933e-01,5.000000000000000000e+00,5.113287778573111231e-01,5.113287778573111231e-01,5.113287778573111231e-01,3.923095065953794425e+00,3.923095065953794425e+00,5.704126884547872756e+00,4.488671222142689210e+00,5.800259066796440877e+00,4.153438542288427453e-03,-1.002856207908565528e-01
2.000000000000000111e-01,5.000000000000000000e+00,5.931362449544356208e-01,5.931362449544356208e-01,5.931362449544356208e-01,4.090373354856225774e+00,4.090373354856225774e+00,5.595877954978108804e+00,4.406863755045564268e+00,5.700612452121215590e+00,4.539464267392698260e-03,-1.092739614104994011e-01
2.200000000000000011e-01,5.000000000000000000e+00,6.777317724055605952e-01,6.777317724055605952e-01,6.777317724055605952e-01,4.229776372556250941e+00,4.229776372556250941e+00,5.484403531856475666e+00,4.322268227594439516e+00,5.596716968907866629e+00,4.918454550326616798e-03,-1.172318916017175833e-01
2.399999999999999911e-01,5.000000000000000000e+00,7.646085069553150149e-01,7.646085069553150149e-01,7.646085069553150149e-01,4.343836727487722982e+00,4.343836727487722982e+00,5.370379921870975792e+00,4.235391493044684985e+00,5.489280649044938620e+00,5.290169617899738268e-03,-1.241908967918625428e-01
2.600000000000000089e-01,5.000000000000000000e+00,8.533063747858800063e-01,8.533063747858800063e-01,8.533063747858800063e-01,4.434893391528247797e+00,4.434893391528247797e+00,5.254403367892970245e+00,4.146693625214119550e+00,5.378947196166749656e+00,5.654413286301581028e-03,-1.301982415600814735e-01
2.800000000000000266e-01,5.000000000000000000e+00,9.434084590847651164e-01,9.434084590847651164e-01,9.434084590847651164e-01,4.505104214944255503e+00,4.505104214944255503e+00,5.137001625688323081e+00,4.056591540915235328e+00,5.266300904021932183e+00,6.011028938069995671e-03,-1.353103072716783928e-01
2.999999999999999889e-01,5.000000000000000000e+00,1.034537621153165610e+00,1.034537621153165610e+00,1.034537621153165610e+00,4.556458103420021999e+00,4.556458103420021999e+00,5.018643099701918686e+00,3.965462378846834390e+00,5.151871256962349044e+00,6.359895810588706358e-03,-1.395880530710196521e-01
3.200000000000000067e-01,5.000000000000000000e+00,1.126353355388427735e+00,1.126353355388427735e+00,1.126353355388427735e+00,4.590786711763106709e+00,4.590786711763106709e+00,4.899744186850872651e+00,3.873646644611572043e+00,5.036137221135479791e+00,6.700925575169534333e-03,-1.430939598597772144e-01
3.400000000000000244e-01,5.000000000000000000e+00,1.218548866780748252e+00,1.218548866780748252e+00,1.218548866780748252e+00,4.609775569616025415e+00,4.609775569616025415e+00,4.780675290292297319e+00,3.781451133219251748e+00,4.919531238656696281e+00,7.034059186606129478e-03,-1.458900075510045913e-01
3.599999999999999867e-01,5.000000000000000000e+00,1.310848358700263505e+00,1.310848358700263505e+00,1.310848358700263505e+00,4.614974595975766647e+00,4.614974595975766647e+00,4.661765833213434185e+00,3.689151641299736717e+00,4.802442939188449778e+00,7.359263984062985181e-03,-1.480363699590788173e-01
3.800000000000000044e-01,5.000000000000000000e+00,1.403004518446884452e+00,1.403004518446884452e+00,1.403004518446884452e+00,4.607807987331050903e+00,4.607807987331050903e+00,4.543308509528607431e+00,3.596995481553115326e+00,4.685222584450666083e+00,7.676531025214762896e-03,-1.495906059472737748e-01
4.000000000000000222e-01,5.000000000000000000e+00,1.494796188103827639e+00,1.494796188103827639e+00,1.494796188103827639e+00,4.589583482847163332e+00,4.589583482847163332e+00,4.425562942492176077e+00,3.505203811896172361e+00,4.568184261572456606e+00,7.985872636628331411e-03,-1.506071917169088670e-01
4.199999999999999845e-01,5.000000000000000000e+00,1.586026208546239769e+00,1.586026208546239769e+00,1.586026208546239769e+00,4.561501022120606486e+00,4.561501022120606486e+00,4.308758875581596648e+00,3.413973791453760231e+00,4.451608841108138925e+00,8.287320164451402946e-03,-1.511372856909939111e-01
4.400000000000000022e-01,5.000000000000000000e+00,1.676519424918196277e+00,1.676519424918196277e+00,1.676519424918196277e+00,4.524660818597823209e+00,4.524660818597823209e+00,4.193098986892774604e+00,3.323480575081803501e+00,4.335746715146275854e+00,8.580921910516426179e-03,-1.512286501640169867e-01
4.600000000000000200e-01,5.000000000000000000e+00,1.766120842442408634e+00,1.766120842442408634e+00,1.766120842442408634e+00,4.480070876210622721e+00,4.480070876210622721e+00,4.078761394725818334e+00,3.233879157557591366e+00,4.220820330353890704e+00,8.866741239973462141e-03,-1.509256768680462268e-01
4.799999999999999822e-01,5.000000000000000000e+00,1.854693922024621688e+00,1.854693922024621688e+00,1.854693922024621688e+00,4.428653979110658057e+00,4.428653979110658057e+00,3.965901905210974299e+00,3.145306077975378312e+00,4.107026530098140782e+00,9.144854847523415167e-03,-1.502694797346901256e-01
5.000000000000000000e-01,5.000000000000000000e+00,1.942119005730118975e+00,1.942119005730118975e+00,1.942119005730118975e+00,4.371254185274866089e+00,4.371254185274866089e+00,3.854656040752734381e+00,3.057880994269881025e+00,3.994538719028730700e+00,9.415351170229298294e-03,-1.492980294462251944e-01
5.200000000000000178e-01,5.000000000000000000e+00,2.028291862823788261e+00,2.028291862823788261e+00,2.028291862823788261e+00,4.308642854683458090e+00,4.308642854683458090e+00,3.745140879360790098e+00,2.971708137176211739e+00,3.883508862722748756e+00,9.678328935736507307e-03,-1.480463122976952706e-01
5.400000000000000355e-01,5.000000000000000000e+00,2.113122347665306933e+00,2.113122347665306933e+00,2.113122347665306933e+00,4.241524242075941586e+00,4.241524242075941586e+00,3.637456728608288614e+00,2.886877652334693067e+00,3.774069334213788984e+00,9.933895835533661234e-03,-1.465465014410339828e-01
5.600000000000000533e-01,5.000000000000000000e+00,2.196533161329311756e+00,2.196533161329311756e+00,2.196533161329311756e+00,4.170540683200236742e+00,4.170540683200236742e+00,3.531688653318894477e+00,2.803466838670688244e+00,3.666334618465060036e+00,1.018216731363444545e-02,-1.448281324598000852e-01
5.799999999999999600e-01,5.000000000000000000e+00,2.278458709372209956e+00,2.278458709372209956e+00,2.278458709372209956e+00,4.096277402144912649e+00,4.096277402144912649e+00,3.427907872646999365e+00,2.721541290627790044e+00,3.560402885111773941e+00,1.042326546176012420e-02,-1.429182779265344705e-01
5.999999999999999778e-01,5.000000000000000000e+00,2.358844048690090567e+00,2.358844048690090567e+00,2.358844048690090567e+00,4.019266965894032317e+00,4.019266965894032317e+00,3.326173039636109774e+00,2.641155951309909433e+00,3.456357439097293316e+00,1.065731801275411443e-02,-1.408417174739374222e-01
6.199999999999999956e-01,5.000000000000000000e+00,2.437643916904935537e+00,2.437643916904935537e+00,2.437643916904935537e+00,3.939993410742238300e+00,3.939993410742238300e+00,3.226531414376090812e+00,2.562356083095064463e+00,3.354268058163584865e+00,1.088445742456676732e-02,-1.386211012120607267e-01
6.400000000000000133e-01,5.000000000000000000e+00,2.514821838179013724e+00,2.514821838179013724e+00,2.514821838179013724e+00,3.858896063703915580e+00,3.858896063703915580e+00,3.129019940359009766e+00,2.485178161820986276e+00,3.254192225530732063e+00,1.110482004771294259e-02,-1.362771052194353127e-01
6.600000000000000311e-01,5.000000000000000000e+00,2.590349299790552617e+00,2.590349299790552617e+00,2.590349299790552617e+00,3.776373080576942876e+00,3.776373080576942876e+00,3.033666232434186760e+00,2.409650700209447383e+00,3.156176265512652623e+00,1.131854536962954676e-02,-1.338285784480956475e-01
6.800000000000000488e-01,5.000000000000000000e+00,2.664204994208537070e+00,2.664204994208537070e+00,2.664204994208537070e+00,3.692784720899211948e+00,3.692784720899211948e+00,2.940489483799632708e+00,2.335795005791462930e+00,3.060256389265998411e+00,1.152577532984755924e-02,-1.312926807962133124e-01
7.000000000000000666e-01,5.000000000000000000e+00,2.736374121782078728e+00,2.736374121782078728e+00,2.736374121782078728e+00,3.608456378677090459e+00,3.608456378677090459e+00,2.849501298677997951e+00,2.263625878217921272e+00,2.966459657355157820e+00,1.172665370034562532e-02,-1.286850123775055699e-01
7.199999999999999734e-01,5.000000000000000000e+00,2.806847749511599766e+00,2.806847749511599766e+00,2.806847749511599766e+00,3.523681386476056776e+00,3.523681386476056776e+00,2.760706456666754960e+00,2.193152250488400234e+00,2.874804865336760162e+00,1.192132552587236646e-02,-1.260197341958776418e-01
7.399999999999999911e-01,5.000000000000000000e+00,2.875622221696555236e+00,2.875622221696555236e+00,2.875622221696555236e+00,3.438723609247777979e+00,3.438723609247777979e+00,2.674103614193266587e+00,2.124377778303444764e+00,2.785303358120268413e+00,1.210993661941436872e-02,-1.233096805464158202e-01
7.600000000000000089e-01,5.000000000000000000e+00,2.942698618559061341e+00,2.942698618559061341e+00,2.942698618559061341e+00,3.353819843125312783e+00,3.353819843125312783e+00,2.589685948023124240e+00,2.057301381440938659e+00,2.697959778445374823e+00,1.229263310834846461e-02,-1.205664635305988969e-01
7.800000000000000266e-01,5.000000000000000000e+00,3.008082259226013466e+00,3.008082259226013466e+00,3.008082259226013466e+00,3.269182033347601379e+00,3.269182033347601379e+00,2.507441745348197859e+00,1.991917740773986534e+00,2.612772754429992350e+00,1.246956102715238504e-02,-1.178005701089472612e-01
8.000000000000000444e-01,5.000000000000000000e+00,3.071782245715485082e+00,3.071782245715485082e+00,3.071782245715485082e+00,3.184999324473583027e+00,3.184999324473583027e+00,2.427354944607416520e+00,1.928217754284514918e+00,2.529735530782962982e+00,1.264086595285894739e-02,-1.150214521284052410e-01
8.200000000000000622e-01,5.000000000000000000e+00,3.133811044817728320e+00,3.133811044817728320e+00,3.133811044817728320e+00,3.101439955112166746e+00,3.101439955112166746e+00,2.349405630859420668e+00,1.866188955182271680e+00,2.448836547941334096e+00,1.280669267972741644e-02,-1.122376097616405305e-01
8.399999999999999689e-01,5.000000000000000000e+00,3.194184104988198047e+00,3.194184104988198047e+00,3.194184104988198047e+00,3.018653008523479286e+00,3.018653008523479286e+00,2.273570489225292590e+00,1.805815895011801953e+00,2.370059973081485083e+00,1.296718492987309138e-02,-1.094566687860654974e-01
8.599999999999999867e-01,5.000000000000000000e+00,3.252919505580913917e+00,3.252919505580913917e+00,3.252919505580913917e+00,2.936770029635800583e+00,2.936770029635800583e+00,2.199823219646693140e+00,1.747080494419086083e+00,2.293386186664988724e+00,1.312248509684410709e-02,-1.066854521151397728e-01
8.800000000000000044e-01,5.000000000000000000e+00,3.310037635946270207e+00,3.310037635946270207e+00,3.310037635946270207e+00,2.855906518267803840e+00,2.855906518267803840e+00,2.128134915955833151e+00,1.689962364053729793e+00,2.218792227912239401e+00,1.327273401936414875e-02,-1.039300459757703521e-01
9.000000000000000222e-01,5.000000000000000000e+00,3.365560902099142382e+00,3.365560902099142382e+00,3.365560902099142382e+00,2.776163307643615852e+00,2.776163307643615852e+00,2.058474412025923073e+00,1.634439097900857618e+00,2.146252202348236882e+00,1.341807078267276930e-02,-1.011958611049866841e-01
9.200000000000000400e-01,5.000000000000000000e+00,3.419513458831850539e+00,3.419513458831850539e+00,3.419513458831850539e+00,2.697627836635410503e+00,2.697627836635410503e+00,1.990808597561560367e+00,1.580486541168149461e+00,2.075737654334089299e+00,1.355863254509224319e-02,-9.848768931762101608e-02
9.400000000000000577e-01,5.000000000000000000e+00,3.471920965303080031e+00,3.471920965303080031e+00,3.471920965303080031e+00,2.620375323561465297e+00,2.620375323561465297e+00,1.925102705895959332e+00,1.528079034696919969e+00,2.007217907283549874e+00,1.369455438763270486e-02,-9.580975577522338194e-02
9.599999999999999645e-01,5.000000000000000000e+00,3.522810362279155338e+00,3.522810362279155338e+00,3.522810362279155338e+00,2.544469848803756484e+00,2.544469848803756484e+00,1.861320575984376280e+00,1.477189637720844662e+00,1.940660374065088289e+00,1.382596918461664014e-02,-9.316576726532865838e-02
9.799999999999999822e-01,5.000000000000000000e+00,3.572209669338861193e+00,3.572209669338861193e+00,3.572209669338861193e+00,2.469965352985292739e+00,2.469965352985292739e+00,1.799424890619117923e+00,1.427790330661138807e+00,1.876030839905472813e+00,1.395300749346063338e-02,-9.055895677981556924e-02
1.000000000000000000e+00,5.000000000000000000e+00,3.620147800478076494e+00,3.620147800478076494e+00,3.620147800478076494e+00,2.396906556960757495e+00,2.396906556960757495e+00,1.739377392739939410e+00,1.379852199521923506e+00,1.813293719939646387e+00,1.407579746189749174e-02,-8.799212466160441504e-02
1.020000000000000018e+00,5.000000000000000000e+00,3.666654396666516824e+00,3.666654396666516824e+00,3.666654396666516824e+00,2.325329809422026273e+00,2.325329809422026273e+00,1.681139081573446825e+00,1.333345603333483176e+00,1.752412293392842768e+00,1.419446475105637720e-02,-8.546767657045231670e-02
1.040000000000000036e+00,5.000000000000000000e+00,3.711759674016523736e+00,3.711759674016523736e+00,3.711759674016523736e+00,2.255263867500354458e+00,2.255263867500354458e+00,1.624670390205306569e+00,1.288240325983476264e+00,1.693348916233523571e+00,1.430913247294305669e-02,-8.298765850115991105e-02
1.060000000000000053e+00,5.000000000000000000e+00,3.755494286323667996e+00,3.755494286323667996e+00,3.755494286323667996e+00,2.186730615357206808e+00,2.186730615357206808e+00,1.569931346068877076e+00,1.244505713676332004e+00,1.636065213999014833e+00,1.441992114097763629e-02,-8.055378907111537812e-02
1.080000000000000071e+00,5.000000000000000000e+00,3.797889200831543022e+00,3.797889200831543022e+00,3.797889200831543022e+00,2.119745725393741953e+00,2.119745725393741953e+00,1.516881715722556923e+00,1.202110799168456978e+00,1.580522256368941614e+00,1.452694863235380086e-02,-7.816748927873860830e-02
1.100000000000000089e+00,5.000000000000000000e+00,3.838975586159000475e+00,3.838975586159000475e+00,3.838975586159000475e+00,2.054319266372865993e+00,2.054319266372865993e+00,1.465481135184983907e+00,1.161024413840999525e+00,1.526680714943940309e+00,1.463033016108228855e-02,-7.582990992003878217e-02
1.120000000000000107e+00,5.000000000000000000e+00,3.878784711407715413e+00,3.878784711407715413e+00,3.878784711407715413e+00,1.990456262435743584e+00,1.990456262435743584e+00,1.415689227001641015e+00,1.121215288592284587e+00,1.474501005578069401e+00,1.473017826067261372e-02,-7.354195683710096354e-02
1.140000000000000124e+00,5.000000000000000000e+00,3.917347855541814639e+00,3.917347855541814639e+00,3.917347855541814639e+00,1.928157206704955495e+00,1.928157206704955495e+00,1.367465705127862252e+00,1.082652144458185361e+00,1.423943416512201354e+00,1.482660277549155067e-02,-7.130431415983071175e-02
1.159999999999999920e+00,5.000000000000000000e+00,3.954696226199766240e+00,3.954696226199766240e+00,3.954696226199766240e+00,1.867418532897574757e+00,1.867418532897574757e+00,1.320770468631147443e+00,1.045303773800233760e+00,1.374968223461895400e+00,1.491971085991495444e-02,-6.911746569066291868e-02
1.179999999999999938e+00,5.000000000000000000e+00,3.990860887162201998e+00,3.990860887162201998e+00,3.990860887162201998e+00,1.808233048121780762e+00,1.808233048121780762e+00,1.275563685139634806e+00,1.009139112837798002e+00,1.327535792726296959e+00,1.500960698446177424e-02,-6.698171457112393756e-02
1.199999999999999956e+00,5.000000000000000000e+00,4.025872693758180354e+00,4.025872693758180354e+00,4.025872693758180354e+00,1.750590329798911604e+00,1.750590329798911604e+00,1.231805864893089408e+00,9.741273062418196460e-01,1.281606673304003463e+00,1.509639294816582551e-02,-6.489720135907976750e-02
1.219999999999999973e+00,5.000000000000000000e+00,4.059762235546935827e+00,4.059762235546935827e+00,4.059762235546935827e+00,1.694477089437766537e+00,1.694477089437766537e+00,1.189457926187460712e+00,9.402377644530641732e-01,1.237141678927111021e+00,1.518016789650262176e-02,-6.286392063615306447e-02
1.239999999999999991e+00,5.000000000000000000e+00,4.092559785662702510e+00,4.092559785662702510e+00,4.092559785662702510e+00,1.639877505788342793e+00,1.639877505788342793e+00,1.148481252943529762e+00,9.074402143372974905e-01,1.194101960855391553e+00,1.526102834424558456e-02,-6.088173625610737022e-02
1.260000000000000009e+00,5.000000000000000000e+00,4.124295256257040521e+00,4.124295256257040521e+00,4.124295256257040521e+00,1.586773529716920539e+00,1.586773529716920539e+00,1.108837745074119363e+00,8.757047437429594794e-01,1.152449072208367786e+00,1.533906820267859177e-02,-5.895039533692696815e-02
1.280000000000000027e+00,5.000000000000000000e+00,4.154998159516489764e+00,4.154998159516489764e+00,4.154998159516489764e+00,1.535145162972465505e+00,1.535145162972465505e+00,1.070489862272369752e+00,8.450018404835102359e-01,1.112145024553558459e+00,1.541437881064048644e-02,-5.706954109182920537e-02
1.300000000000000044e+00,5.000000000000000000e+00,4.184697573773584978e+00,4.184697573773584978e+00,4.184697573773584978e+00,1.484970712854768227e+00,1.484970712854768227e+00,1.033400661795493836e+00,8.153024262264150224e-01,1.073152337414057911e+00,1.548704896892206910e-02,-5.523872458748616682e-02
1.320000000000000062e+00,5.000000000000000000e+00,4.213422114266518470e+00,4.213422114266518470e+00,4.213422114266518470e+00,1.436227024646676398e+00,1.436227024646676398e+00,9.975338307738510490e-01,7.865778857334815299e-01,1.035434081307547105e+00,1.555716497757754155e-02,-5.345741551127373287e-02
1.340000000000000080e+00,5.000000000000000000e+00,4.241199908137226693e+00,4.241199908137226693e+00,4.241199908137226693e+00,1.388889693535398706e+00,1.388889693535398706e+00,9.628537135338997022e-01,7.588000918627733071e-01,9.989539148815215208e-01,1.562481067575062152e-02,-5.172501202337249221e-02
1.360000000000000098e+00,5.000000000000000000e+00,4.268058573289634339e+00,4.268058573289634339e+00,4.268058573289634339e+00,1.342933257620398724e+00,1.342933257620398724e+00,9.293253343853995485e-01,7.319414267103656613e-01,9.636761166657220601e-01,1.569006748365081930e-02,-5.004084976397343842e-02
1.380000000000000115e+00,5.000000000000000000e+00,4.294025200759377547e+00,4.294025200759377547e+00,4.294025200759377547e+00,1.298331373487142004e+00,1.298331373487142004e+00,8.969144162878318616e-01,7.059747992406224526e-01,9.295656119221643587e-01,1.575301444634790923e-02,-4.840421008068041681e-02
1.400000000000000133e+00,5.000000000000000000e+00,4.319126340273702347e+00,4.319126340273702347e+00,4.319126340273702347e+00,1.255056975716254186e+00,1.255056975716254186e+00,8.655873957782646011e-01,6.808736597262976531e-01,8.965879950355905015e-01,1.581372827908260337e-02,-4.681432753640841354e-02
1.419999999999999929e+00,5.000000000000000000e+00,4.343387988705620373e+00,4.343387988705620373e+00,4.343387988705620373e+00,1.213082421595888416e+00,1.213082421595888416e+00,8.353114345125974838e-01,6.566120112943796272e-01,8.647095478523980638e-01,1.587228341381906327e-02,-4.527039675361964333e-02
1.439999999999999947e+00,5.000000000000000000e+00,4.366835581149834056e+00,4.366835581149834056e+00,4.366835581149834056e+00,1.172379622210701910e+00,1.172379622210701910e+00,8.060544277440235827e-01,6.331644188501659443e-01,8.338972543438621932e-01,1.592875204679038148e-02,-4.377157864662892944e-02
1.459999999999999964e+00,5.000000000000000000e+00,4.389493984369700286e+00,4.389493984369700286e+00,4.389493984369700286e+00,1.132920160993298175e+00,1.132920160993298175e+00,7.777850100366636710e-01,6.105060156302997143e-01,8.041188119397107981e-01,1.598320418681149421e-02,-4.231700608985866641e-02
1.479999999999999982e+00,5.000000000000000000e+00,4.411387492384555742e+00,4.411387492384555742e+00,4.411387492384555742e+00,1.094675400742792570e+00,1.094675400742792570e+00,7.504725584882420142e-01,5.886125076154442581e-01,7.753426398504806860e-01,1.603570770415569877e-02,-4.090578906639445039e-02
1.500000000000000000e+00,5.000000000000000000e+00,4.432539823985353067e+00,4.432539823985353067e+00,4.432539823985353067e+00,1.057616580039868470e+00,1.057616580039868470e+00,7.240871937135506808e-01,5.674601760146469331e-01,7.475378846716141945e-01,1.608632837981062783e-02,-3.953701933787413109e-02
1.520000000000000018e+00,5.000000000000000000e+00,4.452974121983710454e+00,4.452974121983710454e+00,4.452974121983710454e+00,1.021714899917865571e+00,1.021714899917865571e+00,6.985997788198404779e-01,5.470258780162895462e-01,7.206744235386015607e-01,1.613512995494788618e-02,-3.820977467370895858e-02
1.540000000000000036e+00,5.000000000000000000e+00,4.472712954015404918e+00,4.472712954015404918e+00,4.472712954015404918e+00,9.869416015847156665e-01,9.869416015847156665e-01,6.739819165863667472e-01,5.272870459845950819e-01,6.947228650806877015e-01,1.618217418045728856e-02,-3.692312267477824983e-02
1.560000000000000053e+00,5.000000000000000000e+00,4.491778314734014899e+00,4.491778314734014899e+00,4.491778314734014899e+00,9.532680359305160112e-01,9.532680359305160112e-01,6.502059450427192244e-01,5.082216852659851014e-01,6.696545484004358118e-01,1.622752086641196523e-02,-3.567612422412861500e-02
1.580000000000000071e+00,5.000000000000000000e+00,4.510191629244013178e+00,4.510191629244013178e+00,4.510191629244013178e+00,9.206657254999032203e-01,9.206657254999032203e-01,6.272449316243881023e-01,4.898083707559868216e-01,6.454415402878010966e-01,1.627122793134484074e-02,-3.446783659475780026e-02
1.600000000000000089e+00,5.000000000000000000e+00,4.527973757635149532e+00,4.527973757635149532e+00,4.527973757635149532e+00,8.891064195568152417e-01,8.891064195568152417e-01,6.050726660690235459e-01,4.720262423648504679e-01,6.220566308601033212e-01,1.631335145122985580e-02,-3.329731624230960335e-02
1.620000000000000107e+00,5.000000000000000000e+00,4.545145000491578102e+00,4.545145000491578102e+00,4.545145000491578102e+00,8.585621428214368356e-01,8.585621428214368356e-01,5.836636522030307361e-01,4.548549995084218978e-01,5.994733278033601565e-01,1.635394570807323367e-02,-3.216362130840262623e-02
1.640000000000000124e+00,5.000000000000000000e+00,4.561725105259874624e+00,4.561725105259874624e+00,4.561725105259874624e+00,8.290052384148275388e-01,8.290052384148275388e-01,5.629930987553435351e-01,4.382748947401253758e-01,5.776658493756958723e-01,1.639306323803095891e-02,-3.106581385838326492e-02
1.660000000000000142e+00,5.000000000000000000e+00,4.577733273369988254e+00,4.577733273369988254e+00,4.577733273369988254e+00,8.004084055056905900e-01,8.004084055056905900e-01,5.430369093234579392e-01,4.222667266300117461e-01,5.566091163199592406e-01,1.643075487897861092e-02,-3.000296187547995402e-02
1.679999999999999938e+00,5.000000000000000000e+00,4.593188168012302341e+00,4.593188168012302341e+00,4.593188168012302341e+00,7.727447321157125959e-01,7.727447321157125959e-01,5.237716716059112043e-01,4.068118319876976585e-01,5.362787428201148954e-01,1.646706981746879142e-02,-2.897414103167255534e-02
1.699999999999999956e+00,5.000000000000000000e+00,4.608107922482395757e+00,4.608107922482395757e+00,4.608107922482395757e+00,7.459877235046765698e-01,7.459877235046765698e-01,5.051746460053525567e-01,3.918920775176042426e-01,5.166510266243760086e-01,1.650205563501973283e-02,-2.797843625404320550e-02
1.719999999999999973e+00,5.000000000000000000e+00,4.622510149012874159e+00,4.622510149012874159e+00,4.622510149012874159e+00,7.201113265239196259e-01,7.201113265239196259e-01,4.872237536971068539e-01,3.774898509871258412e-01,4.977029384473574125e-01,1.653575835368624805e-02,-2.701494310393676504e-02
1.739999999999999991e+00,5.000000000000000000e+00,4.636411948018803741e+00,4.636411948018803741e+00,4.636411948018803741e+00,6.950899502964863474e-01,6.950899502964863474e-01,4.698975642495869520e-01,3.635880519811962586e-01,4.794121107536498116e-01,1.656822248087114202e-02,-2.608276898493398083e-02
1.760000000000000009e+00,5.000000000000000000e+00,4.649829917689890735e+00,4.649829917689890735e+00,4.649829917689890735e+00,6.708984835543431169e-01,6.708984835543431169e-01,4.531752828750540973e-01,3.501700823101092652e-01,4.617568260161192817e-01,1.659949105334152658e-02,-2.518103419440671786e-02
1.780000000000000027e+00,5.000000000000000000e+00,4.662780163868633032e+00,4.662780163868633032e+00,4.662780163868633032e+00,6.475123089371060958e-01,6.475123089371060958e-01,4.370367373819729617e-01,3.372198361313669679e-01,4.447160045338387491e-01,1.662960568042019457e-02,-2.430887283228602355e-02
1.800000000000000044e+00,5.000000000000000000e+00,4.675278310159288075e+00,4.675278310159288075e+00,4.675278310159288075e+00,6.249073145327505019e-01,6.249073145327505019e-01,4.214623648935496569e-01,3.247216898407119245e-01,4.282691918868360426e-01,1.665860658632749292e-02,-2.346543357961388201e-02
1.820000000000000062e+00,5.000000000000000000e+00,4.687339508217659656e+00,4.687339508217659656e+00,4.687339508217659656e+00,6.030599029185637061e-01,6.030599029185637061e-01,4.064331983908820445e-01,3.126604917823403440e-01,4.123965460977041531e-01,1.668653265165379387e-02,-2.264988035847593020e-02
1.840000000000000080e+00,5.000000000000000000e+00,4.698978448176460709e+00,4.698978448176460709e+00,4.698978448176460709e+00,5.819469979400589965e-01,5.819469979400589965e-01,3.919308531335171097e-01,3.010215518235392906e-01,3.970788245635722413e-01,1.671342145394707351e-02,-2.186139288400219816e-02
1.860000000000000098e+00,5.000000000000000000e+00,4.710209369165391458e+00,4.710209369165391458e+00,4.710209369165391458e+00,5.615460494465545072e-01,5.615460494465545072e-01,3.779375130050143250e-01,2.897906308346085424e-01,3.822973708158948769e-01,1.673930930740389830e-02,-2.109916711828446409e-02
1.880000000000000115e+00,5.000000000000000000e+00,4.721046069889082375e+00,4.721046069889082375e+00,4.721046069889082375e+00,5.418350361845312158e-01,5.418350361845312158e-01,3.644359168263218707e-01,2.789539301109176250e-01,3.680341011599528311e-01,1.676423130165567363e-02,-2.036241563528663756e-02
1.900000000000000133e+00,5.000000000000000000e+00,4.731501919229755160e+00,4.731501919229755160e+00,4.731501919229755160e+00,5.227924670336192570e-01,5.227924670336192570e-01,3.514093446754118499e-01,2.684980807702448402e-01,3.542714912408653771e-01,1.678822133964521374e-02,-1.965036790509872358e-02
1.919999999999999929e+00,5.000000000000000000e+00,4.741589866844855727e+00,4.741589866844855727e+00,4.741589866844855727e+00,5.043973807550151678e-01,5.043973807550151678e-01,3.388416042475783096e-01,2.584101331551442726e-01,3.409925625782109782e-01,1.681131217459145427e-02,-1.896227050522415400e-02
1.939999999999999947e+00,5.000000000000000000e+00,4.751322453733020090e+00,4.751322453733020090e+00,4.751322453733020090e+00,4.866293444082235853e-01,4.866293444082235853e-01,3.267170172870991207e-01,2.486775462669799097e-01,3.281808691070332573e-01,1.683353544604279661e-02,-1.829738726597698872e-02
1.959999999999999964e+00,5.000000000000000000e+00,4.760711822744603694e+00,4.760711822744603694e+00,4.760711822744603694e+00,4.694684505791608675e-01,4.694684505791608675e-01,3.150204061175964632e-01,2.392881772553963060e-01,3.158204837590644631e-01,1.685492171502175549e-02,-1.765499935648974505e-02
1.979999999999999982e+00,5.000000000000000000e+00,4.769769729015619575e+00,4.769769729015619575e+00,4.769769729015619575e+00,4.528953135507755579e-01,4.528953135507755579e-01,3.037370802953075488e-01,2.302302709843804251e-01,3.038959851143533397e-01,1.687550049826571849e-02,-1.703440531731145735e-02
2.000000000000000000e+00,5.000000000000000000e+00,4.778507550306346552e+00,4.778507550306346552e+00,4.778507550306346552e+00,4.368910645363629497e-01,4.368910645363629497e-01,2.928528234066495872e-01,2.214924496936534482e-01,2.923924441501631333e-01,1.689530030157037482e-02,-1.643492104508392782e-02
2.020000000000000018e+00,5.000000000000000000e+00,4.786936297228058912e+00,4.786936297228058912e+00,4.786936297228058912e+00,4.214373460856109532e-01,4.214373460856109532e-01,2.823538800288430961e-01,2.130637027719410881e-01,2.812954111109398636e-01,1.691434865224402881e-02,-1.585587973434078243e-02
2.040000000000000036e+00,5.000000000000000000e+00,4.795066623343339884e+00,4.795066623343339884e+00,4.795066623343339884e+00,4.065163057640495126e-01,4.065163057640495126e-01,2.722269428699962690e-01,2.049333766566601156e-01,2.705909025203651619e-01,1.693267213068241558e-02,-1.529663178105130326e-02
2.060000000000000053e+00,5.000000000000000000e+00,4.802908835127298381e+00,4.802908835127298381e+00,4.802908835127298381e+00,3.921105891979332903e-01,3.921105891979332903e-01,2.624591401028874005e-01,1.970911648727016185e-01,2.602653883539583490e-01,1.695029640107488869e-02,-1.475654465214583724e-02
2.080000000000000071e+00,5.000000000000000000e+00,4.810472901778670263e+00,4.810472901778670263e+00,4.810472901778670263e+00,3.782033325686071090e-01,3.782033325686071090e-01,2.530380229046715890e-01,1.895270982213297373e-01,2.503057793883310400e-01,1.696724624125394223e-02,-1.423500272491341756e-02
2.100000000000000089e+00,5.000000000000000000e+00,4.817768464871330814e+00,4.817768464871330814e+00,4.817768464871330814e+00,3.647781546330431390e-01,3.647781546330431390e-01,2.439515532129671593e-01,1.822315351286691865e-01,2.406994147410887741e-01,1.698354557170097742e-02,-1.373140709982258872e-02
2.120000000000000107e+00,5.000000000000000000e+00,4.824804847838139565e+00,4.824804847838139565e+00,4.824804847838139565e+00,3.518191483404499165e-01,3.518191483404499165e-01,2.351880917071111632e-01,1.751951521618604346e-01,2.314340496134098812e-01,1.699921748372204208e-02,-1.324517539002076708e-02
2.140000000000000124e+00,5.000000000000000000e+00,4.831591065280311348e+00,4.831591065280311348e+00,4.831591065280311348e+00,3.393108721085934532e-01,3.393108721085934532e-01,2.267363860218854221e-01,1.684089347196886521e-01,2.224978432455627653e-01,1.701428426680796219e-02,-1.277574149048529492e-02
2.160000000000000142e+00,5.000000000000000000e+00,4.838135832096665645e+00,4.838135832096665645e+00,4.838135832096665645e+00,3.272383408176998132e-01,3.272383408176998132e-01,2.185855591996571645e-01,1.618641679033343550e-01,2.138793470940045793e-01,1.702876743519385686e-02,-1.232255532954125432e-02
2.180000000000000160e+00,5.000000000000000000e+00,4.844447572428155269e+00,4.844447572428155269e+00,4.844447572428155269e+00,3.155870165744943390e-01,3.155870165744943390e-01,2.107250983856448767e-01,1.555524275718447313e-01,2.055674932372346386e-01,1.704268775363354527e-02,-1.188508260522331758e-02
2.200000000000000178e+00,5.000000000000000000e+00,4.850534428414036370e+00,4.850534428414036370e+00,4.850534428414036370e+00,3.043427992940358484e-01,3.043427992940358484e-01,2.031448437699093779e-01,1.494655715859636302e-01,1.975515830162428155e-01,1.705606526240472515e-02,-1.146280450873815582e-02
2.220000000000000195e+00,5.000000000000000000e+00,4.856404268756886466e+00,4.856404268756886466e+00,4.856404268756886466e+00,2.934920171424972302e-01,2.934920171424972302e-01,1.958349777786494439e-01,1.435957312431135335e-01,1.898212759141738037e-01,1.706891930156111820e-02,-1.105521743708549713e-02
2.240000000000000213e+00,5.000000000000000000e+00,4.862064697094484522e+00,4.862064697094484522e+00,4.862064697094484522e+00,2.830214168798977914e-01,2.830214168798977914e-01,1.887860145165030090e-01,1.379353029055154778e-01,1.823665786787541931e-01,1.708126853444802765e-02,-1.066183269669919616e-02
2.260000000000000231e+00,5.000000000000000000e+00,4.867523060177243899e+00,4.867523060177243899e+00,4.867523060177243899e+00,2.729181541379769316e-01,2.729181541379769316e-01,1.819887894606892764e-01,1.324769398227561013e-01,1.751778346900046690e-01,1.709313097049790231e-02,-1.028217619981326887e-02
2.280000000000000249e+00,5.000000000000000000e+00,4.872786455850541820e+00,4.872786455850541820e+00,4.872786455850541820e+00,2.631697836648931865e-01,2.631697836648931865e-01,1.754344494071394533e-01,1.272135441494581798e-01,1.682457135749002575e-01,1.710452398732265761e-02,-9.915788155083458261e-03
2.300000000000000266e+00,5.000000000000000000e+00,4.877861740841845872e+00,4.877861740841845872e+00,4.877861740841845872e+00,2.537642495652109309e-01,2.537642495652109309e-01,1.691144426680706025e-01,1.221382591581541277e-01,1.615612010698118939e-01,1.711546435211951100e-02,-9.562222753860784991e-03
2.319999999999999840e+00,5.000000000000000000e+00,4.882755538353059421e+00,4.882755538353059421e+00,4.882755538353059421e+00,2.446898755606789211e-01,2.446898755606789211e-01,1.630205095198908882e-01,1.172444616469405787e-01,1.551155891308557411e-01,1.712596824240711357e-02,-9.221047853371966418e-03
2.339999999999999858e+00,5.000000000000000000e+00,4.887474245458951039e+00,4.887474245458951039e+00,4.887474245458951039e+00,2.359353552945888943e-01,2.359353552945888943e-01,1.571446728997785702e-01,1.125257545410489612e-01,1.489004662916145472e-01,1.713605126610874899e-02,-8.891844657944724187e-03
2.359999999999999876e+00,5.000000000000000000e+00,4.892024040312951350e+00,4.892024040312951350e+00,4.892024040312951350e+00,2.274897427000136252e-01,2.274897427000136252e-01,1.514792293488361197e-01,1.079759596870486504e-01,1.429077082671321719e-01,1.714572848099927757e-02,-8.574207399295333265e-03
2.379999999999999893e+00,5.000000000000000000e+00,4.896410889161949775e+00,4.896410889161949775e+00,4.896410889161949775e+00,2.193424424499407777e-01,2.193424424499407777e-01,1.460167401992852609e-01,1.035891108380502246e-01,1.371294688025517794e-01,1.715501441353236428e-02,-8.267743016798887942e-03
2.399999999999999911e+00,5.000000000000000000e+00,4.900640553172054048e+00,4.900640553172054048e+00,4.900640553172054048e+00,2.114832005052294794e-01,2.114832005052294794e-01,1.407500230028277954e-01,9.935944682794595195e-02,1.315581707643238007e-01,1.716392307706443576e-02,-7.972070838560437606e-03
2.419999999999999929e+00,5.000000000000000000e+00,4.904718595067541820e+00,4.904718595067541820e+00,4.904718595067541820e+00,2.039020947744024093e-01,2.039020947744024093e-01,1.356721431969587499e-01,9.528140493245818021e-02,1.261864974714913545e-01,1.717246798949163822e-02,-7.686822264024234172e-03
2.439999999999999947e+00,5.000000000000000000e+00,4.908650385585492160e+00,4.908650385585492160e+00,4.908650385585492160e+00,1.965895258975389470e-01,1.965895258975389470e-01,1.307764060057678424e-01,9.134961441450784037e-02,1.210073842642218900e-01,1.718066219031582839e-02,-7.411640448769874281e-03
2.459999999999999964e+00,5.000000000000000000e+00,4.912441109748790780e+00,4.912441109748790780e+00,4.912441109748790780e+00,1.895362081649352715e-01,1.895362081649352715e-01,1.260563485715022747e-01,8.755889025120922042e-02,1.160140103064249556e-01,1.718851825715547732e-02,-7.146179992078180790e-03
2.479999999999999982e+00,5.000000000000000000e+00,4.916095772960385801e+00,4.916095772960385801e+00,4.916095772960385801e+00,1.827331605797392899e-01,1.827331605797392899e-01,1.215057323129753591e-01,8.390422703961419870e-02,1.111997906190357183e-01,1.719604832171708203e-02,-6.890106627777439416e-03
2.500000000000000000e+00,5.000000000000000000e+00,4.919619206921834298e+00,4.919619206921834298e+00,4.919619206921834298e+00,1.761716980724387649e-01,1.761716980724387649e-01,1.171185355067339978e-01,8.038079307816570207e-02,1.065583683403100307e-01,1.720326408524248951e-02,-6.643096918818528450e-03
2.520000000000000018e+00,5.000000000000000000e+00,4.923016075379311296e+00,4.923016075379311296e+00,4.923016075379311296e+00,1.698434228738692209e-01,1.698434228738692209e-01,1.128889460867433248e-01,7.698392462068870401e-02,1.020836072092704411e-01,1.721017683344721119e-02,-6.404837955974321435e-03
2.540000000000000036e+00,5.000000000000000000e+00,4.926290879700357728e+00,4.926290879700357728e+00,4.926290879700357728e+00,1.637402160523056538e-01,1.637402160523056538e-01,1.088113546582336749e-01,7.370912029964227230e-02,9.776958426827465909e-02,1.721679745096459102e-02,-6.175027061005569987e-03
2.560000000000000053e+00,5.000000000000000000e+00,4.929447964284741523e+00,4.929447964284741523e+00,4.929447964284741523e+00,1.578542292192021967e-01,1.578542292192021967e-01,1.048803477212710139e-01,7.055203571525847650e-02,9.361058278054568138e-02,1.722313643531036068e-02,-5.953371494585022079e-03
2.580000000000000071e+00,5.000000000000000000e+00,4.932491521812885971e+00,4.932491521812885971e+00,4.932491521812885971e+00,1.521778764072347356e-01,1.521778764072347356e-01,1.010907010995275024e-01,6.750847818711402937e-02,8.960108535837826849e-02,1.722920391038187254e-02,-5.739588169232645587e-03
2.600000000000000089e+00,5.000000000000000000e+00,4.935425598335355879e+00,4.935425598335355879e+00,4.935425598335355879e+00,1.467038261234774599e-01,1.467038261234774599e-01,9.743737356966200580e-02,6.457440166464412101e-02,8.573576729763482396e-02,1.723500963950596460e-02,-5.533403367478786222e-03
2.620000000000000107e+00,5.000000000000000000e+00,4.938254098206951603e+00,4.938254098206951603e+00,4.938254098206951603e+00,1.414249935798019275e-01,1.414249935798019275e-01,9.391550068672199769e-02,6.174590179304839666e-02,8.200949011409804090e-02,1.724056303804912330e-02,-5.334552465425164772e-03
2.640000000000000124e+00,5.000000000000000000e+00,4.940980788868990281e+00,4.940980788868990281e+00,4.940980788868990281e+00,1.363345331019139850e-01,1.363345331019139850e-01,9.052038880092250217e-02,5.901921113100971894e-02,7.841729527717146431e-02,1.724587318560332622e-02,-5.142779661852286618e-03
2.660000000000000142e+00,5.000000000000000000e+00,4.943609305483347427e+00,4.943609305483347427e+00,4.943609305483347427e+00,1.314258307178376994e-01,1.314258307178376994e-01,8.724750926115105998e-02,5.639069451665257304e-02,7.495439813638234139e-02,1.725094883776059212e-02,-4.957837712991862260e-03
2.680000000000000160e+00,5.000000000000000000e+00,4.946143155421869331e+00,4.946143155421869331e+00,4.946143155421869331e+00,1.266924969261132849e-01,1.266924969261132849e-01,8.409249280059362397e-02,5.385684457813066928e-02,7.161618203614876499e-02,1.725579843748902345e-02,-4.779487673044162735e-03
2.700000000000000178e+00,5.000000000000000000e+00,4.948585722614739169e+00,4.948585722614739169e+00,4.948585722614739169e+00,1.221283596434853402e-01,1.221283596434853402e-01,8.105112409983386557e-02,5.141427738526083147e-02,6.839819261422594443e-02,1.726043012612274441e-02,-4.607498640514821539e-03
2.720000000000000195e+00,5.000000000000000000e+00,4.950940271761367306e+00,4.950940271761367306e+00,4.950940271761367306e+00,1.177274573314217587e-01,1.177274573314217587e-01,7.811933652284958063e-02,4.905972823863269383e-02,6.529613227928125763e-02,1.726485175397787786e-02,-4.441647510409554855e-03
2.740000000000000213e+00,5.000000000000000000e+00,4.953209943969102191e+00,4.953209943969102191e+00,4.953209943969102191e+00,1.134836103867529755e-01,1.134836103867529755e-01,7.528898788473391279e-02,4.679005603089780863e-02,6.230585486306352422e-02,1.726485175397787786e-02,-4.281718732307501427e-03
2.760000000000000231e+00,5.000000000000000000e+00,4.955397770402146129e+00,4.955397770402146129e+00,4.955397770402146129e+00,1.093913216521927717e-01,1.093913216521927717e-01,7.256072304115088190e-02,4.460222959785387076e-02,5.942337115924022084e-02,1.726485175397787786e-02,-4.127499872067223741e-03
2.780000000000000249e+00,5.000000000000000000e+00,4.957506675983624156e+00,4.957506675983624156e+00,4.957506675983624156e+00,1.054452790738884260e-01,1.054452790738884260e-01,6.993089586914935651e-02,4.249332401637584411e-02,5.664483158927441364e-02,1.726485175397787786e-02,-3.978787474102937587e-03
2.800000000000000266e+00,5.000000000000000000e+00,4.959539482981040415e+00,4.959539482981040415e+00,4.959539482981040415e+00,1.016403498708322861e-01,1.016403498708322861e-01,6.739598704332708246e-02,4.046051701895958530e-02,5.396652150079732368e-02,1.726485175397787786e-02,-3.835386211448113449e-03
2.819999999999999840e+00,5.000000000000000000e+00,4.961498914478985611e+00,4.961498914478985611e+00,4.961498914478985611e+00,9.797157489728201829e-02,9.797157489728201829e-02,6.495260013532958010e-02,3.850108552101438875e-02,5.138485661407867638e-02,1.726485175397787786e-02,-3.697108232726976310e-03
2.839999999999999858e+00,5.000000000000000000e+00,4.963387597742570101e+00,4.963387597742570101e+00,4.963387597742570101e+00,9.443416317923186698e-02,9.443416317923186698e-02,6.259745771678056070e-02,3.661240225742989907e-02,4.889637861168827371e-02,1.726485175397787786e-02,-3.563772648885591299e-03
2.859999999999999876e+00,5.000000000000000000e+00,4.965208067474798703e+00,4.965208067474798703e+00,4.965208067474798703e+00,9.102348661145157060e-02,9.102348661145157060e-02,6.032739750142886159e-02,3.479193252520129676e-02,4.649775086693597181e-02,1.726485175397787786e-02,-3.435205119484989814e-03
2.879999999999999893e+00,5.000000000000000000e+00,4.966962768970906161e+00,4.966962768970906161e+00,4.966962768970906161e+00,8.773507480537583170e-02,8.773507480537583170e-02,5.813936855069419540e-02,3.303723102909383869e-02,4.418575430700565077e-02,1.726485175397787786e-02,-3.311237510289336688e-03
2.899999999999999911e+00,5.000000000000000000e+00,4.968654061172520287e+00,4.968654061172520287e+00,4.968654061172520287e+00,8.456461008070455254e-02,8.456461008070455254e-02,5.603042755866299851e-02,3.134593882747971350e-02,4.195728340694917374e-02,1.726485175397787786e-02,-3.191707602264049620e-03
2.919999999999999929e+00,5.000000000000000000e+00,4.970284219624426569e+00,4.970284219624426569e+00,4.970284219624426569e+00,8.150792259532294026e-02,8.150792259532294026e-02,5.399773522688844363e-02,2.971578037557343066e-02,3.980934231089923447e-02,1.726485175397787786e-02,-3.076458837988669138e-03
2.939999999999999947e+00,5.000000000000000000e+00,4.971855439336613003e+00,4.971855439336613003e+00,4.971855439336613003e+00,7.856098560932212038e-02,7.856098560932212038e-02,5.203855273531474146e-02,2.814456066338699713e-02,3.773904107697825805e-02,1.726485175397787786e-02,-2.965340095641397049e-03
2.959999999999999964e+00,5.000000000000000000e+00,4.973369837554206363e+00,4.973369837554206363e+00,4.973369837554206363e+00,7.571991087967606948e-02,7.571991087967606948e-02,5.015023831286154199e-02,2.663016244579363700e-02,3.574359204250148608e-02,1.726485175397787786e-02,-2.858205483617821951e-03
2.979999999999999982e+00,5.000000000000000000e+00,4.974829456437858788e+00,4.974829456437858788e+00,4.974829456437858788e+00,7.298094418263265104e-02,7.298094418263265104e-02,4.833024390924182956e-02,2.517054356214121213e-02,3.382030630615791983e-02,1.726485175397787786e-02,-2.754914150893968995e-03
3.000000000000000000e+00,5.000000000000000000e+00,4.976236265657082214e+00,4.976236265657082214e+00,4.976236265657082214e+00,7.034046096119063451e-02,7.034046096119063451e-02,4.657611196821252741e-02,2.376373434291778608e-02,3.196659032391933886e-02,1.726485175397787786e-02,-2.655330109684685830e-03
3.020000000000000018e+00,5.000000000000000000e+00,4.977592164898986482e+00,4.977592164898986482e+00,4.977592164898986482e+00,6.779496209522466177e-02,6.779496209522466177e-02,4.488547230153092094e-02,2.240783510101351794e-02,3.017994261550558874e-02,1.726485175397787786e-02,-2.559322067952546093e-03
3.040000000000000036e+00,5.000000000000000000e+00,4.978898986294825413e+00,4.978898986294825413e+00,4.978898986294825413e+00,6.534106979192519371e-02,6.534106979192519371e-02,4.325603906222993261e-02,2.110101370517458719e-02,2.845795057828716737e-02,1.726485175397787786e-02,-2.466763270035107845e-03
3.060000000000000053e+00,5.000000000000000000e+00,4.980158496766710741e+00,4.980158496766710741e+00,4.980158496766710741e+00,6.297552359427240065e-02,6.297552359427240065e-02,4.168560781539724230e-02,1.984150323328925936e-02,2.679828740557172601e-02,1.726485175397787786e-02,-2.377531344152362860e-03
3.080000000000000071e+00,5.000000000000000000e+00,4.981372400296816494e+00,4.981372400296816494e+00,4.981372400296816494e+00,6.069517650528012676e-02,6.069517650528012676e-02,4.017205270434968944e-02,1.862759970318350611e-02,2.519870910627735813e-02,1.726485175397787786e-02,-2.291508155905547413e-03
3.100000000000000089e+00,5.000000000000000000e+00,4.982542340121331570e+00,4.982542340121331570e+00,4.982542340121331570e+00,5.849699122574154864e-02,5.849699122574154864e-02,3.871332370989438026e-02,1.745765987866843005e-02,2.365705162304305303e-02,1.726485175397787786e-02,-2.208579667126548459e-03
3.120000000000000107e+00,5.000000000000000000e+00,4.983669900851395163e+00,4.983669900851395163e+00,4.983669900851395163e+00,5.637803650319636595e-02,5.637803650319636595e-02,3.730744400028968705e-02,1.633009914860483747e-02,2.217122804590890631e-02,1.726485175397787786e-02,-2.128635799597091913e-03
3.140000000000000124e+00,5.000000000000000000e+00,4.984756610523191966e+00,4.984756610523191966e+00,4.984756610523191966e+00,5.433548358981836468e-02,5.433548358981836468e-02,3.595250736941638797e-02,1.524338947680803358e-02,2.073922591872814220e-02,1.726485175397787786e-02,-2.051570303289633381e-03
3.160000000000000142e+00,5.000000000000000000e+00,4.985803942579329906e+00,4.985803942579329906e+00,4.985803942579329906e+00,5.236660280690318137e-02,5.236660280690318137e-02,3.464667576066652460e-02,1.419605742067009402e-02,1.935910463554620445e-02,1.726485175397787786e-02,-1.977280628857551632e-03
3.180000000000000160e+00,5.000000000000000000e+00,4.986813317783602706e+00,4.986813317783602706e+00,4.986813317783602706e+00,5.046876021362005360e-02,5.046876021362005360e-02,3.338817687407191759e-02,1.318668221639729410e-02,1.802899292425102010e-02,1.726485175397787786e-02,-1.905667804156979932e-03
3.200000000000000178e+00,5.000000000000000000e+00,4.987786106071156134e+00,4.987786106071156134e+00,4.987786106071156134e+00,4.863941437767451553e-02,4.863941437767451553e-02,3.217530185416470068e-02,1.221389392884386638e-02,1.674708641482456489e-02,1.726485175397787786e-02,-1.836636314637740339e-03
3.220000000000000195e+00,5.000000000000000000e+00,4.988723628336066973e+00,4.988723628336066973e+00,4.988723628336066973e+00,4.687611324552322378e-02,4.687611324552322378e-02,3.100640305616156334e-02,1.127637166393302692e-02,1.551164528963171023e-02,1.726485175397787786e-02,-1.770093987448025184e-03
3.240000000000000213e+00,5.000000000000000000e+00,4.989627158158262077e+00,4.989627158158262077e+00,4.989627158158262077e+00,4.517649110977425830e-02,4.517649110977425830e-02,2.987989188803360369e-02,1.037284184173792312e-02,1.432099201319494454e-02,1.726485175397787786e-02,-1.705951879139215675e-03
3.260000000000000231e+00,5.000000000000000000e+00,4.990497923471690633e+00,4.990497923471690633e+00,4.990497923471690633e+00,4.353826567141027420e-02,4.353826567141027420e-02,2.879423672613442772e-02,9.502076528309366665e-03,1.317350913900716333e-02,1.726485175397787786e-02,-1.644124166850612599e-03
3.280000000000000249e+00,5.000000000000000000e+00,4.991337108175580184e+00,4.991337108175580184e+00,4.991337108175580184e+00,4.195923519447403854e-02,4.195923519447403854e-02,2.774796090204792454e-02,8.662891824419816089e-03,1.206763719095289497e-02,1.726485175397787786e-02,-1.584528042882850027e-03
3.300000000000000266e+00,5.000000000000000000e+00,4.992145853690597157e+00,4.992145853690597157e+00,4.992145853690597157e+00,4.043727575087024267e-02,4.043727575087024267e-02,2.673964075843605209e-02,7.854146309402842974e-03,1.100187261701316734e-02,1.726485175397787786e-02,-1.527083612554991148e-03
3.320000000000000284e+00,5.000000000000000000e+00,4.992925260461656300e+00,4.992925260461656300e+00,4.992925260461656300e+00,3.897033855294847193e-02,3.897033855294847193e-02,2.576790377165254220e-02,7.074739538343699508e-03,9.974765812941609883e-03,1.726485175397787786e-02,-1.471713795266946408e-03
3.339999999999999858e+00,5.000000000000000000e+00,4.993676389409086980e+00,4.993676389409086980e+00,4.993676389409086980e+00,3.755644737155362789e-02,3.755644737155362789e-02,2.483142673900005926e-02,6.323610590913020246e-03,8.984919213696498930e-03,1.726485175397787786e-02,-1.418344228674316013e-03
3.359999999999999876e+00,5.000000000000000000e+00,4.994400263329832335e+00,4.994400263329832335e+00,4.994400263329832335e+00,3.619369603725275386e-02,3.619369603725275386e-02,2.392893402854491536e-02,5.599736670167665409e-03,8.030985450459535158e-03,1.726485175397787786e-02,-1.366903175892499392e-03
3.379999999999999893e+00,5.000000000000000000e+00,4.995097868250281792e+00,4.995097868250281792e+00,4.995097868250281792e+00,3.488024602247096623e-02,3.488024602247096623e-02,2.305919588943487752e-02,4.902131749718208198e-03,7.111665571112935243e-03,1.726485175397787786e-02,-1.317321435655936226e-03
3.399999999999999911e+00,5.000000000000000000e+00,4.995770154732327661e+00,4.995770154732327661e+00,4.995770154732327661e+00,3.361432410230157097e-02,3.361432410230157097e-02,2.222102682077701369e-02,4.229845267672338593e-03,6.225707322142124203e-03,1.726485175397787786e-02,-1.269532255342985120e-03
3.419999999999999929e+00,5.000000000000000000e+00,4.996418039134163713e+00,4.996418039134163713e+00,4.996418039134163713e+00,3.239422009178369311e-02,3.239422009178369311e-02,2.141328399712281658e-02,3.581960865836286700e-03,5.371903489943870118e-03,1.726485175397787786e-02,-1.223471246798932700e-03
3.439999999999999947e+00,5.000000000000000000e+00,4.997042404827313433e+00,4.997042404827313433e+00,4.997042404827313433e+00,3.121828465747696069e-02,3.121828465747696069e-02,2.063486574871635504e-02,2.957595172686566798e-03,4.549090299612083832e-03,1.726485175397787786e-02,-1.179076304873606651e-03
3.459999999999999964e+00,5.000000000000000000e+00,4.997644103371337465e+00,4.997644103371337465e+00,4.997644103371337465e+00,3.008492720119823952e-02,3.008492720119823952e-02,1.988471009468973510e-02,2.355896628662534908e-03,3.756145869311939937e-03,1.726485175397787786e-02,-1.136287528600085075e-03
3.479999999999999982e+00,5.000000000000000000e+00,4.998223955647613792e+00,4.998223955647613792e+00,4.998223955647613792e+00,2.899261381382194080e-02,2.899261381382194080e-02,1.916179332743526975e-02,1.776044352386207947e-03,2.991988718401419195e-03,1.726485175397787786e-02,-1.095047144944027518e-03
3.500000000000000000e+00,5.000000000000000000e+00,4.998782752953555786e+00,4.998782752953555786e+00,4.998782752953555786e+00,2.793986529708594041e-02,2.793986529708594041e-02,1.846512864646193339e-02,1.217247046444214220e-03,2.255576327530484093e-03,1.726485175397787786e-02,-1.055299435046430081e-03
3.520000000000000018e+00,5.000000000000000000e+00,4.999321258058583517e+00,4.999321258058583517e+00,4.999321258058583517e+00,2.692525525138438763e-02,2.692525525138438763e-02,1.779376484007041612e-02,6.787419414164830300e-04,1.545903748984151990e-03,1.726485175397787786e-02,-1.016990662891613948e-03
3.540000000000000036e+00,5.000000000000000000e+00,4.999840206223135297e+00,4.999840206223135297e+00,4.999840206223135297e+00,2.594740822757083537e-02,2.594740822757083537e-02,1.714678501324887194e-02,1.597937768647028633e-04,8.620022655989334221e-04,1.726485175397787786e-02,-9.800690063279399872e-04
3.560000000000000053e+00,5.000000000000000000e+00,5.000340306181952243e+00,5.000340306181952243e+00,5.000340306181952243e+00,2.500499794083572286e-02,2.500499794083572286e-02,1.652330536021970331e-02,-3.403061819522434917e-04,2.029380966181726375e-04,1.726485175397787786e-02,-9.444844903763445574e-04
3.580000000000000071e+00,5.000000000000000000e+00,5.000822241092847342e+00,5.000822241092847342e+00,5.000822241092847342e+00,2.409674554476657488e-02,2.409674554476657488e-02,1.592247398014424650e-02,-8.222410928473422587e-04,-4.321888510793492648e-04,1.726485175397787786e-02,-9.101889227542804637e-04
3.600000000000000089e+00,5.000000000000000000e+00,5.001286669452122524e+00,5.001286669452122524e+00,5.001286669452122524e+00,2.322141796374071684e-02,2.322141796374071684e-02,1.534346973450799630e-02,-1.286669452122524149e-03,-1.044246187916124695e-03,1.726485175397787786e-02,-8.771358315537554568e-04
3.620000000000000107e+00,5.000000000000000000e+00,5.001734225977759074e+00,5.001734225977759074e+00,5.001734225977759074e+00,2.237782628184420419e-02,2.237782628184420419e-02,1.478550114477560247e-02,-1.734225977759074055e-03,-1.634070204195605790e-03,1.726485175397787786e-02,-8.452804050066693806e-04
3.640000000000000124e+00,5.000000000000000000e+00,5.002165522461489822e+00,5.002165522461489822e+00,5.002165522461489822e+00,2.156482418655500388e-02,2.156482418655500388e-02,1.424780532895218374e-02,-2.165522461489821637e-03,-2.202466991754024103e-03,1.726485175397787786e-02,-8.145794332716704486e-04
3.660000000000000142e+00,5.000000000000000000e+00,5.002581148590799387e+00,5.002581148590799387e+00,5.002581148590799387e+00,2.078130646546927709e-02,2.078130646546927709e-02,1.372964697569772213e-02,-2.581148590799386966e-03,-2.750213526092073601e-03,1.726485175397787786e-02,-7.849912521880815812e-04
3.680000000000000160e+00,5.000000000000000000e+00,5.002981672741887209e+00,5.002981672741887209e+00,5.002981672741887209e+00,2.002620755439583206e-02,2.002620755439583206e-02,1.323031735473483538e-02,-2.981672741887209099e-03,-3.278058710315221499e-03,1.726485175397787786e-02,-7.564756889278206583e-04
3.700000000000000178e+00,5.000000000000000000e+00,5.003367642744590782e+00,5.003367642744590782e+00,5.003367642744590782e+00,1.929850013518524116e-02,1.929850013518524116e-02,1.274913336228991265e-02,-3.367642744590781945e-03,-3.786724382196755573e-03,1.726485175397787786e-02,-7.289940094912098541e-04
3.720000000000000195e+00,5.000000000000000000e+00,5.003739586620224777e+00,5.003739586620224777e+00,5.003739586620224777e+00,1.859719378170245421e-02,1.859719378170245421e-02,1.228543660035735785e-02,-3.739586620224777391e-03,-4.276906285630293313e-03,1.726485175397787786e-02,-7.025088679902261523e-04
3.740000000000000213e+00,5.000000000000000000e+00,5.004098013293273084e+00,5.004098013293273084e+00,5.004098013293273084e+00,1.792133365239556228e-02,1.792133365239556228e-02,1.183859248863352275e-02,-4.098013293273083946e-03,-4.749275007685467564e-03,1.726485175397787786e-02,-6.769842576588879814e-04
3.760000000000000231e+00,5.000000000000000000e+00,5.004443413277832597e+00,5.004443413277832597e+00,5.004443413277832597e+00,1.726999922795418446e-02,1.726999922795418446e-02,1.140798940798178410e-02,-4.443413277832597430e-03,-5.204476882456816368e-03,1.726485175397787786e-02,-6.523854635392782597e-04
3.780000000000000249e+00,5.000000000000000000e+00,5.004776259339684508e+00,5.004776259339684508e+00,5.004776259339684508e+00,1.664230309259299989e-02,1.664230309259299989e-02,1.099303787434234743e-02,-4.776259339684507665e-03,-5.643134862847398736e-03,1.726485175397787786e-02,-6.286790167881324510e-04
3.800000000000000266e+00,5.000000000000000000e+00,5.005097007134835074e+00,5.005097007134835074e+00,5.005097007134835074e+00,1.603738975753616139e-02,1.603738975753616139e-02,1.059316974202460793e-02,-5.097007134835074282e-03,-6.065849361399324423e-03,1.726485175397787786e-02,-6.058326505539439900e-04
3.820000000000000284e+00,5.000000000000000000e+00,5.005406095825341239e+00,5.005406095825341239e+00,5.005406095825341239e+00,1.545443452531900484e-02,1.545443452531900484e-02,1.020783743536459072e-02,-5.406095825341239447e-03,-6.473199061240544547e-03,1.726485175397787786e-02,-5.838152573727430246e-04
3.839999999999999858e+00,5.000000000000000000e+00,5.005703948673212444e+00,5.005703948673212444e+00,5.005703948673212444e+00,1.489264239356325598e-02,1.489264239356325598e-02,9.836513207761514443e-03,-5.703948673212444476e-03,-6.865741698183373820e-03,1.726485175397787786e-02,-5.625968480329903527e-04
3.859999999999999876e+00,5.000000000000000000e+00,5.005990973613150707e+00,5.005990973613150707e+00,5.005990973613150707e+00,1.435124699692044183e-02,1.435124699692044183e-02,9.478688427135117944e-03,-5.990973613150707422e-03,-7.244014814979805005e-03,1.726485175397787786e-02,-5.421485118629533907e-04
3.879999999999999893e+00,5.000000000000000000e+00,5.006267563804868814e+00,5.006267563804868814e+00,5.006267563804868814e+00,1.382950958591671296e-02,1.382950958591671296e-02,9.133872886883158404e-03,-6.267563804868814259e-03,-7.608536488701398738e-03,1.726485175397787786e-02,-5.224423783933223415e-04
3.899999999999999911e+00,5.000000000000000000e+00,5.006534098165698055e+00,5.006534098165698055e+00,5.006534098165698055e+00,1.332671804146939518e-02,1.332671804146939518e-02,8.801594141443540298e-03,-6.534098165698054572e-03,-7.959806032183394664e-03,1.726485175397787786e-02,-5.034515803509428955e-04
3.919999999999999929e+00,5.000000000000000000e+00,5.006790941884175616e+00,5.006790941884175616e+00,5.006790941884175616e+00,1.284218592388272802e-02,1.284218592388272802e-02,8.481396865602727070e-03,-6.790941884175616394e-03,-8.298304670436528613e-03,1.726485175397787786e-02,-4.851502179386216868e-04
3.939999999999999947e+00,5.000000000000000000e+00,5.007038446915278662e+00,5.007038446915278662e+00,5.007038446915278662e+00,1.237525155516605406e-02,1.237525155516605406e-02,8.172842236715984962e-03,-7.038446915278662175e-03,-8.624496192903032682e-03,1.726485175397787786e-02,-4.675133243588609723e-04
3.959999999999999964e+00,5.000000000000000000e+00,5.007276952457949903e+00,5.007276952457949903e+00,5.007276952457949903e+00,1.192527713355279531e-02,1.192527713355279531e-02,7.875507339033457899e-03,-7.276952457949903419e-03,-8.938827582403901031e-03,1.726485175397787786e-02,-4.505168325405194693e-04
3.979999999999999982e+00,5.000000000000000000e+00,5.007506785415532846e+00,5.007506785415532846e+00,5.007506785415532846e+00,1.149164787913280195e-02,1.149164787913280195e-02,7.588984589352859057e-03,-7.506785415532846173e-03,-9.241729621596377411e-03,1.726485175397787786e-02,-4.341375430286417681e-04
4.000000000000000000e+00,5.000000000000000000e+00,5.007728260839723333e+00,5.007728260839723333e+00,5.007728260839723333e+00,1.107377120954500249e-02,1.107377120954500249e-02,7.312881183254807405e-03,-7.728260839723333220e-03,-9.533617477726715264e-03,1.726485175397787786e-02,-4.183530929963547550e-04
4.020000000000000462e+00,5.000000000000000000e+00,5.007941682358617363e+00,5.007941682358617363e+00,5.007941682358617363e+00,1.067107594470899541e-02,1.067107594470899541e-02,7.046818561184933424e-03,-7.941682358617363491e-03,-9.814891266448633189e-03,1.726485175397787786e-02,-4.031419263443108644e-04
4.040000000000000036e+00,5.000000000000000000e+00,5.008147342589409412e+00,5.008147342589409412e+00,5.008147342589409412e+00,1.028301153960645489e-02,1.028301153960645489e-02,6.790431893683581549e-03,-8.147342589409412028e-03,-1.008593659544405191e-02,1.726485175397787786e-02,-3.884832648502446685e-04
4.060000000000000497e+00,5.000000000000000000e+00,5.008345523536292809e+00,5.008345523536292809e+00,5.008345523536292809e+00,9.909047344155640438e-03,9.909047344155640438e-03,6.543369585098312083e-03,-8.345523536292809297e-03,-1.034712508854995425e-02,1.726485175397787786e-02,-3.743570803296114189e-04
4.080000000000000071e+00,5.000000000000000000e+00,5.008536496974078212e+00,5.008536496974078212e+00,5.008536496974078212e+00,9.548671889250811770e-03,9.548671889250811770e-03,6.305292795107349420e-03,-8.536496974078211508e-03,-1.059881489109186850e-02,1.726485175397787786e-02,-3.607440677786598283e-04
4.099999999999999645e+00,5.000000000000000000e+00,5.008720524818039976e+00,5.008720524818039976e+00,5.008720524818039976e+00,9.201392198069365674e-03,9.201392198069365674e-03,6.075874977436356017e-03,-8.720524818039976367e-03,-1.084135115707932952e-02,1.726485175397787786e-02,-3.476256194621921603e-04
4.120000000000000107e+00,5.000000000000000000e+00,5.008897859480475390e+00,5.008897859480475390e+00,5.008897859480475390e+00,8.866733121777490775e-03,8.866733121777490775e-03,5.854801435150614082e-03,-8.897859480475389660e-03,-1.107506651891076999e-02,1.726485175397787786e-02,-3.349837999164934099e-04
4.139999999999999680e+00,5.000000000000000000e+00,5.009068744214451030e+00,5.009068744214451030e+00,5.009068744214451030e+00,8.544236698793717527e-03,8.544236698793717527e-03,5.641768891939751354e-03,-9.068744214451029961e-03,-1.130028154020374515e-02,1.726485175397787786e-02,-3.228013218343811952e-04
4.160000000000000142e+00,5.000000000000000000e+00,5.009233413445186578e+00,5.009233413445186578e+00,5.009233413445186578e+00,8.233461536796458924e-03,8.233461536796458924e-03,5.436485078821134097e-03,-9.233413445186577917e-03,-1.151730515235280770e-02,1.726485175397787786e-02,-3.110615228039357314e-04
4.179999999999999716e+00,5.000000000000000000e+00,5.009392093089520159e+00,5.009392093089520159e+00,5.009392093089520159e+00,7.933982216688999223e-03,7.933982216688999223e-03,5.238668335721866250e-03,-9.392093089520159310e-03,-1.172643507538695395e-02,1.726485175397787786e-02,-2.997483428690578700e-04
4.200000000000000178e+00,5.000000000000000000e+00,5.009545000863875330e+00,5.009545000863875330e+00,5.009545000863875330e+00,7.645388717760180641e-03,7.645388717760180641e-03,5.048047227400810806e-03,-9.545000863875330310e-03,-1.192795822369060316e-02,1.726485175397787786e-02,-2.888463028864640572e-04
4.219999999999999751e+00,5.000000000000000000e+00,5.009692346581141820e+00,5.009692346581141820e+00,5.009692346581141820e+00,7.367285863304843738e-03,7.367285863304843738e-03,4.864360173206808136e-03,-9.692346581141819684e-03,-1.212215109712166949e-02,1.726485175397787786e-02,-2.783404836494000108e-04
4.240000000000000213e+00,5.000000000000000000e+00,5.009834332436861715e+00,5.009834332436861715e+00,5.009834332436861715e+00,7.099292785991806465e-03,7.099292785991806465e-03,4.687355090174474478e-03,-9.834332436861714655e-03,-1.230928015805011176e-02,1.726485175397787786e-02,-2.682165057532917259e-04
4.259999999999999787e+00,5.000000000000000000e+00,5.009971153285107448e+00,5.009971153285107448e+00,5.009971153285107448e+00,6.841042412291394904e-03,6.841042412291394904e-03,4.516789048987689126e-03,-9.971153285107448028e-03,-1.248960219481437713e-02,1.726485175397787786e-02,-2.584605101758119311e-04
4.280000000000000249e+00,5.000000000000000000e+00,5.010102996904413075e+00,5.010102996904413075e+00,5.010102996904413075e+00,6.592180965296452581e-03,6.592180965296452581e-03,4.352427942341975144e-03,-1.010299690441307519e-02,-1.266336467208645927e-02,1.726485175397787786e-02,-2.490591395494435494e-04
4.299999999999999822e+00,5.000000000000000000e+00,5.010230044254118553e+00,5.010230044254118553e+00,5.010230044254118553e+00,6.352367485294252956e-03,6.352367485294252956e-03,4.194046165274458934e-03,-1.023004425411855323e-02,-1.283080606860460653e-02,1.726485175397787786e-02,-2.399995200988128032e-04
4.320000000000000284e+00,5.000000000000000000e+00,5.010352469721468083e+00,5.010352469721468083e+00,5.010352469721468083e+00,6.121273367467309177e-03,6.121273367467309177e-03,4.041426307024817768e-03,-1.035246972146808275e-02,-1.299215620273056274e-02,1.726485175397787786e-02,-2.312692442224970274e-04
4.339999999999999858e+00,5.000000000000000000e+00,5.010470441359790250e+00,5.010470441359790250e+00,5.010470441359790250e+00,5.898581916122338543e-03,5.898581916122338543e-03,3.894358854017599368e-03,-1.047044135979025015e-02,-1.314763654626446496e-02,1.726485175397787786e-02,-2.228563536958136132e-04
4.360000000000000320e+00,5.000000000000000000e+00,5.010584121118087708e+00,5.010584121118087708e+00,5.010584121118087708e+00,5.683987914867379490e-03,5.683987914867379490e-03,3.752641903572751913e-03,-1.058412111808770817e-02,-1.329746052693361706e-02,1.726485175397787786e-02,-2.147493234715088829e-04
4.379999999999999893e+00,5.000000000000000000e+00,5.010693665062331270e+00,5.010693665062331270e+00,5.010693665062331270e+00,5.477197212175071404e-03,5.477197212175071404e-03,3.616080887944297766e-03,-1.069366506233127012e-02,-1.344183381997138965e-02,1.726485175397787786e-02,-2.069370460621903043e-04
4.400000000000000355e+00,5.000000000000000000e+00,5.010799223588767504e+00,5.010799223588767504e+00,5.010799223588767504e+00,5.277926321791598201e-03,5.277926321791598201e-03,3.484488308340336765e-03,-1.079922358876750366e-02,-1.358095462916071409e-02,1.726485175397787786e-02,-1.994088164768270785e-04
4.419999999999999929e+00,5.000000000000000000e+00,5.010900941629516936e+00,5.010900941629516936e+00,5.010900941629516936e+00,5.085902037466850587e-03,5.085902037466850587e-03,3.357683478544124661e-03,-1.090094162951693590e-02,-1.371501395773472992e-02,1.726485175397787786e-02,-1.921543176990232478e-04
4.440000000000000391e+00,5.000000000000000000e+00,5.010998958850747087e+00,5.010998958850747087e+00,5.010998958850747087e+00,4.900861061501049325e-03,4.900861061501049325e-03,3.235492277808835367e-03,-1.099895885074708701e-02,-1.384419586948650895e-02,1.726485175397787786e-02,-1.851636066825335450e-04
4.459999999999999964e+00,5.000000000000000000e+00,5.011093409843679680e+00,5.011093409843679680e+00,5.011093409843679680e+00,4.722549646618813546e-03,4.722549646618813546e-03,3.117746912678688934e-03,-1.109340984367968019e-02,-1.396867774044880002e-02,1.726485175397787786e-02,-1.784271008503887407e-04
4.480000000000000426e+00,5.000000000000000000e+00,5.011184424308694041e+00,5.011184424308694041e+00,5.011184424308694041e+00,4.550723250699830261e-03,4.550723250699830261e-03,3.004285687428980261e-03,-1.118442430869404092e-02,-1.408863050147319412e-02,1.726485175397787786e-02,-1.719355650757035275e-04
4.500000000000000000e+00,5.000000000000000000e+00,5.011272127232771822e+00,5.011272127232771822e+00,5.011272127232771822e+00,4.385146203910477401e-03,4.385146203910477401e-03,2.894952782806302100e-03,-1.127212723277182249e-02,-1.420421887204143148e-02,1.726485175397787786e-02,-1.656800991301441155e-04
4.520000000000000462e+00,5.000000000000000000e+00,5.011356639060528195e+00,5.011356639060528195e+00,5.011356639060528195e+00,4.225591387797012280e-03,4.225591387797012280e-03,2.789598042775827055e-03,-1.135663906052819527e-02,-1.431560158562021449e-02,1.726485175397787786e-02,-1.596521255818360904e-04
4.540000000000000036e+00,5.000000000000000000e+00,5.011438075859046215e+00,5.011438075859046215e+00,5.011438075859046215e+00,4.071839925915022446e-03,4.071839925915022446e-03,2.688076768977110034e-03,-1.143807585904621504e-02,-1.442293160687080876e-02,1.726485175397787786e-02,-1.538433781299589011e-04
4.560000000000000497e+00,5.000000000000000000e+00,5.011516549476757731e+00,5.011516549476757731e+00,5.011516549476757731e+00,3.923680885587144118e-03,3.923680885587144118e-03,2.590249522636240039e-03,-1.151654947675773144e-02,-1.452635634098869283e-02,1.726485175397787786e-02,-1.482458903529450722e-04
4.580000000000000071e+00,5.000000000000000000e+00,5.011592167696565348e+00,5.011592167696565348e+00,5.011592167696565348e+00,3.780910990391245750e-03,3.780910990391245750e-03,2.495981933628162609e-03,-1.159216769656534751e-02,-1.462601783548231858e-02,1.726485175397787786e-02,-1.428519848673967204e-04
4.600000000000000533e+00,5.000000000000000000e+00,5.011665034383425699e+00,5.011665034383425699e+00,5.011665034383425699e+00,3.643334342998972783e-03,3.643334342998972783e-03,2.405144516468516076e-03,-1.166503438342569865e-02,-1.472205297463799120e-02,1.726485175397787786e-02,-1.376542628713705251e-04
4.620000000000000107e+00,5.000000000000000000e+00,5.011735249626585897e+00,5.011735249626585897e+00,5.011735249626585897e+00,3.510762157995157926e-03,3.510762157995157926e-03,2.317612492960825516e-03,-1.173524962658589743e-02,-1.481459366695063798e-02,1.726485175397787786e-02,-1.326455940664142267e-04
4.639999999999999680e+00,5.000000000000000000e+00,5.011802909876672096e+00,5.011802909876672096e+00,5.011802909876672096e+00,3.383012504322993868e-03,3.383012504322993868e-03,2.233265621273518211e-03,-1.180290987667209635e-02,-1.490376702576409057e-02,1.726485175397787786e-02,-1.278191069402689407e-04
4.660000000000000142e+00,5.000000000000000000e+00,5.011868108077812245e+00,5.011868108077812245e+00,5.011868108077812245e+00,3.259910057011014377e-03,3.259910057011014377e-03,2.151988031203200258e-03,-1.186810807781224497e-02,-1.498969554337356222e-02,1.726485175397787786e-02,-1.231681794011153254e-04
4.679999999999999716e+00,5.000000000000000000e+00,5.011930933794968901e+00,5.011930933794968901e+00,5.011930933794968901e+00,3.141285857850688226e-03,3.141285857850688226e-03,2.073668065407751563e-03,-1.193093379496890094e-02,-1.507249725882155167e-02,1.726485175397787786e-02,-1.186864297485747474e-04
4.700000000000000178e+00,5.000000000000000000e+00,5.011991473336663283e+00,5.011991473336663283e+00,5.011991473336663283e+00,3.026977084705555210e-03,3.026977084705555210e-03,1.998198126399357202e-03,-1.199147333666328308e-02,-1.515228591961050378e-02,1.726485175397787786e-02,-1.143677079680169994e-04
4.719999999999999751e+00,5.000000000000000000e+00,5.012049809873245998e+00,5.012049809873245998e+00,5.012049809873245998e+00,2.916826829142409212e-03,2.916826829142409212e-03,1.925474529074094584e-03,-1.204980987324599795e-02,-1.522917113756236916e-02,1.726485175397787786e-02,-1.102060873414142066e-04
4.740000000000000213e+00,5.000000000000000000e+00,5.012106023550887635e+00,5.012106023550887635e+00,5.012106023550887635e+00,2.810683882087995980e-03,2.810683882087995980e-03,1.855397358598278841e-03,-1.210602355088763460e-02,-1.530325853902241712e-02,1.726485175397787786e-02,-1.061958563571819528e-04
4.759999999999999787e+00,5.000000000000000000e+00,5.012160191601432224e+00,5.012160191601432224e+00,5.012160191601432224e+00,2.708402527222698170e-03,2.708402527222698170e-03,1.787870333435019393e-03,-1.216019160143222422e-02,-1.537464990962729601e-02,1.726485175397787786e-02,-1.023315109155624138e-04
4.780000000000000249e+00,5.000000000000000000e+00,5.012212388448268996e+00,5.012212388448268996e+00,5.012212388448268996e+00,2.609842341835113839e-03,2.609842341835113839e-03,1.722800673346853561e-03,-1.221238844826899594e-02,-1.544344333381892503e-02,1.726485175397787786e-02,-9.860774681209931664e-05
4.799999999999999822e+00,5.000000000000000000e+00,5.012262685808366314e+00,5.012262685808366314e+00,5.012262685808366314e+00,2.514868004869909562e-03,2.514868004869909562e-03,1.660098972183070634e-03,-1.226268580836631372e-02,-1.550973332930162540e-02,1.726485175397787786e-02,-9.501945249318184618e-05
4.820000000000000284e+00,5.000000000000000000e+00,5.012311152790604574e+00,5.012311152790604574e+00,5.012311152790604574e+00,2.423349111910815239e-03,2.423349111910815239e-03,1.599679075278968290e-03,-1.231115279060457368e-02,-1.557361097662521808e-02,1.726485175397787786e-02,-9.156170207369154117e-05
4.839999999999999858e+00,5.000000000000000000e+00,5.012357855990541289e+00,5.012357855990541289e+00,5.012357855990541289e+00,2.335159996850117055e-03,2.335159996850117055e-03,1.541457961303831876e-03,-1.235785599054128880e-02,-1.563516404406780844e-02,1.726485175397787786e-02,-8.822974860623754474e-05
4.860000000000000320e+00,5.000000000000000000e+00,5.012402859581741588e+00,5.012402859581741588e+00,5.012402859581741588e+00,2.250179560004864250e-03,2.250179560004864250e-03,1.485355628397590742e-03,-1.240285958174158765e-02,-1.569447710798743678e-02,1.726485175397787786e-02,-8.501901759285041492e-05
4.879999999999999893e+00,5.000000000000000000e+00,5.012446225403790478e+00,5.012446225403790478e+00,5.012446225403790478e+00,2.168291102447709312e-03,2.168291102447709312e-03,1.431294984433316821e-03,-1.244622540379047848e-02,-1.575163166881181701e-02,1.726485175397787786e-02,-8.192510073274411240e-05
4.900000000000000355e+00,5.000000000000000000e+00,5.012488013047117441e+00,5.012488013047117441e+00,5.012488013047117441e+00,2.089382166330008665e-03,2.089382166330008665e-03,1.379201741270703061e-03,-1.248801304711744109e-02,-1.580670626281390628e-02,1.726485175397787786e-02,-7.894374989326851354e-05
4.919999999999999929e+00,5.000000000000000000e+00,5.012528279934737263e+00,5.012528279934737263e+00,5.012528279934737263e+00,2.013344380980669132e-03,2.013344380980669132e-03,1.329004312836612033e-03,-1.252827993473726309e-02,-1.585977656983915060e-02,1.726485175397787786e-02,-7.607087130211533186e-05
4.940000000000000391e+00,5.000000000000000000e+00,5.012567081401028801e+00,5.012567081401028801e+00,5.012567081401028801e+00,1.940073314574142400e-03,1.940073314574142400e-03,1.280633716915402683e-03,-1.256708140102880122e-02,-1.591091551711632315e-02,1.726485175397787786e-02,-7.330251994615208909e-05
4.959999999999999964e+00,5.000000000000000000e+00,5.012604470767652032e+00,5.012604470767652032e+00,5.012604470767652032e+00,1.869468331166309000e-03,1.869468331166309000e-03,1.234023480495808614e-03,-1.260447076765203178e-02,-1.596019337930657672e-02,1.726485175397787786e-02,-7.063489417549245395e-05
4.980000000000000426e+00,5.000000000000000000e+00,5.012640499416709972e+00,5.012640499416709972e+00,5.012640499416709972e+00,1.801432452905536588e-03,1.801432452905536588e-03,1.189109548558584016e-03,-1.264049941670997157e-02,-1.600767787491808036e-02,1.726485175397787786e-02,-6.806433050121353219e-05
5.000000000000000000e+00,5.000000000000000000e+00,5.012675216861254945e+00,5.012675216861254945e+00,5.012675216861254945e+00,1.735872227232434107e-03,1.735872227232434107e-03,1.145830196174511123e-03,-1.267521686125494540e-02,-1.605343425922166334e-02,1.726485175397787786e-02,-6.558729858170349086e-05
5.020000000000000462e+00,5.000000000000000000e+00,5.012708670813232459e+00,5.012708670813232459e+00,5.012708670813232459e+00,1.672697598888541306e-03,1.672697598888541306e-03,1.104125943793506526e-03,-1.270867081323245884e-02,-1.609752541379378191e-02,1.726485175397787786e-02,-6.320039639058941080e-05
5.040000000000000036e+00,5.000000000000000000e+00,5.012740907248963929e+00,5.012740907248963929e+00,5.012740907248963929e+00,1.611821786561131158e-03,1.611821786561131158e-03,1.063939475614438966e-03,-1.274090724896392857e-02,-1.614001193280522467e-02,1.726485175397787786e-02,-6.090034555821428219e-05
5.060000000000000497e+00,5.000000000000000000e+00,5.012771970472243765e+00,5.012771970472243765e+00,5.012771970472243765e+00,1.553161163995884749e-03,1.553161163995884749e-03,1.025215560908666196e-03,-1.277197047224376547e-02,-1.618095220618418970e-02,1.726485175397787786e-02,-5.868398688502191848e-05
5.080000000000000071e+00,5.000000000000000000e+00,5.012801903175152063e+00,5.012801903175152063e+00,5.012801903175152063e+00,1.496635145417838210e-03,1.496635145417838210e-03,9.879009782154200142e-04,-1.280190317515206289e-02,-1.622040249974958381e-02,1.726485175397787786e-02,-5.654827601287412458e-05
5.100000000000000533e+00,5.000000000000000000e+00,5.012830746496653944e+00,5.012830746496653944e+00,5.012830746496653944e+00,1.442166075103795513e-03,1.442166075103795513e-03,9.519444422774121003e-04,-1.283074649665394418e-02,-1.625841703244312181e-02,1.726485175397787786e-02,-5.449027925734399651e-05
5.120000000000000107e+00,5.000000000000000000e+00,5.012858540079073499e+00,5.012858540079073499e+00,5.012858540079073499e+00,1.389679120957344836e-03,1.389679120957344836e-03,9.172965336392892863e-04,-1.285854007907349938e-02,-1.629504805075051091e-02,1.726485175397787786e-02,-5.250716958807768179e-05
5.139999999999999680e+00,5.000000000000000000e+00,5.012885322122512477e+00,5.012885322122512477e+00,5.012885322122512477e+00,1.339102171941404474e-03,1.339102171941404474e-03,8.839096307979418723e-04,-1.288532212251247699e-02,-1.633034590042334311e-02,1.726485175397787786e-02,-5.059622275659286984e-05
5.160000000000000142e+00,5.000000000000000000e+00,5.012911129437297220e+00,5.012911129437297220e+00,5.012911129437297220e+00,1.290365739229744606e-03,1.290365739229744606e-03,8.517378448248057957e-04,-1.291112943729721962e-02,-1.636435909559084620e-02,1.726485175397787786e-02,-4.875481356222586236e-05
5.179999999999999716e+00,5.000000000000000000e+00,5.012935997494516016e+00,5.012935997494516016e+00,5.012935997494516016e+00,1.243402860942175196e-03,1.243402860942175196e-03,8.207369563540500672e-04,-1.293599749451601610e-02,-1.639713438536746781e-02,1.726485175397787786e-02,-4.698041225635993012e-05
5.200000000000000178e+00,5.000000000000000000e+00,5.012959960474722365e+00,5.012959960474722365e+00,5.012959960474722365e+00,1.198149010334770281e-03,1.198149010334770281e-03,7.908643548681249663e-04,-1.295996047472236512e-02,-1.642871681803534031e-02,1.726485175397787786e-02,-4.527058107441259783e-05
5.219999999999999751e+00,5.000000000000000000e+00,5.012983051314868987e+00,5.012983051314868987e+00,5.012983051314868987e+00,1.154542007319855597e-03,1.154542007319855597e-03,7.620789801856231145e-04,-1.298305131486898745e-02,-1.645914980289740412e-02,1.726485175397787786e-02,-4.362297089485063056e-05
5.240000000000000213e+00,5.000000000000000000e+00,5.013005301753532983e+00,5.013005301753532983e+00,5.013005301753532983e+00,1.112521933195355188e-03,1.112521933195355188e-03,7.343412660748513962e-04,-1.300530175353298290e-02,-1.648847516988361309e-02,1.726485175397787786e-02,-4.203531801941336134e-05
5.259999999999999787e+00,5.000000000000000000e+00,5.013026742374502298e+00,5.013026742374502298e+00,5.013026742374502298e+00,1.072031048468092586e-03,1.072031048468092586e-03,7.076130859227289498e-04,-1.302674237450229811e-02,-1.651673322698688981e-02,1.726485175397787786e-02,-4.050544106825909092e-05
5.280000000000000249e+00,5.000000000000000000e+00,5.013047402648775019e+00,5.013047402648775019e+00,5.013047402648775019e+00,1.033013713658229244e-03,1.033013713658229244e-03,6.818577003694581895e-04,-1.304740264877501943e-02,-1.654396281561791929e-02,1.726485175397787786e-02,-3.903123799050033294e-05
5.299999999999999822e+00,5.000000000000000000e+00,5.013067310975034552e+00,5.013067310975034552e+00,5.013067310975034552e+00,9.954163129776501424e-04,9.954163129776501424e-04,6.570397068524386642e-04,-1.306731097503455175e-02,-1.657020136394427370e-02,1.726485175397787786e-02,-3.761068318116544886e-05
5.320000000000000284e+00,5.000000000000000000e+00,5.013086494718650421e+00,5.013086494718650421e+00,5.013086494718650421e+00,9.591871807778785779e-04,9.591871807778785779e-04,6.331249909799342799e-04,-1.308649471865042102e-02,-1.659548493829388072e-02,1.726485175397787786e-02,-3.624182470406290814e-05
5.339999999999999858e+00,5.000000000000000000e+00,5.013104980249264209e+00,5.013104980249264209e+00,5.013104980249264209e+00,9.242765306679203308e-04,9.242765306679203308e-04,6.100806796782962159e-04,-1.310498024926420868e-02,-1.661984829268603470e-02,1.726485175397787786e-02,-3.492278161354693143e-05
5.360000000000000320e+00,5.000000000000000000e+00,5.013122792977008579e+00,5.013122792977008579e+00,5.013122792977008579e+00,8.906363872048465163e-04,8.906363872048465163e-04,5.878750960371820775e-04,-1.312279297700857938e-02,-1.664332491656554669e-02,1.726485175397787786e-02,-3.365174137514910394e-05
5.379999999999999893e+00,5.000000000000000000e+00,5.013139957387410028e+00,5.013139957387410028e+00,5.013139957387410028e+00,8.582205200641298149e-04,8.582205200641298149e-04,5.664777157976792852e-04,-1.313995738741002839e-02,-1.666594708080089762e-02,1.726485175397787786e-02,-3.242695737930098321e-05
5.400000000000000355e+00,5.000000000000000000e+00,5.013156497075022422e+00,5.013156497075022422e+00,5.013156497075022422e+00,8.269843805998877695e-04,8.269843805998877695e-04,5.458591254217099028e-04,-1.315649707502242194e-02,-1.668774588201073564e-02,1.726485175397787786e-02,-3.124674654543228998e-05
5.419999999999999929e+00,5.000000000000000000e+00,5.013172434775836628e+00,5.013172434775836628e+00,5.013172434775836628e+00,7.968850407085617364e-04,7.968850407085617364e-04,5.259909816866279808e-04,-1.317243477583662781e-02,-1.670875128527847531e-02,1.726485175397787786e-02,-3.010948701277458981e-05
5.440000000000000391e+00,5.000000000000000000e+00,5.013187792398515086e+00,5.013187792398515086e+00,5.013187792398515086e+00,7.678811339127997833e-04,7.678811339127997833e-04,5.068459727509424216e-04,-1.318779239851508578e-02,-1.672899216531251870e-02,1.726485175397787786e-02,-2.901361591441673624e-05
5.459999999999999964e+00,5.000000000000000000e+00,5.013202591054486845e+00,5.013202591054486845e+00,5.013202591054486845e+00,7.399327985844951928e-04,7.399327985844951928e-04,4.883977806297543122e-04,-1.320259105448684522e-02,-1.674849634611415977e-02,1.726485175397787786e-02,-2.795762723396378691e-05
5.480000000000000426e+00,5.000000000000000000e+00,5.013216851086951031e+00,5.013216851086951031e+00,5.013216851086951031e+00,7.130016232302331539e-04,7.130016232302331539e-04,4.706210450418748040e-04,-1.321685108695103139e-02,-1.676729063919829218e-02,1.726485175397787786e-02,-2.694006973771085505e-05
5.500000000000000000e+00,5.000000000000000000e+00,5.013230592098826044e+00,5.013230592098826044e+00,5.013230592098826044e+00,6.870505937638604838e-04,6.870505937638604838e-04,4.534913285665060734e-04,-1.323059209882604392e-02,-1.678540088042780945e-02,1.726485175397787786e-02,-2.595954498356231005e-05
5.520000000000000462e+00,5.000000000000000000e+00,5.013243832979680015e+00,5.013243832979680015e+00,5.013243832979680015e+00,6.620440426941296775e-04,6.620440426941296775e-04,4.369850830665519326e-04,-1.324383297968001472e-02,-1.680285196550907606e-02,1.726485175397787786e-02,-2.501470540224985808e-05
5.540000000000000036e+00,5.000000000000000000e+00,5.013256591931683381e+00,5.013256591931683381e+00,5.013256591931683381e+00,6.379476001584574729e-04,6.379476001584574729e-04,4.210796173374079031e-04,-1.325659193168338135e-02,-1.681966788419361758e-02,1.726485175397787786e-02,-2.410425244685235427e-05
5.560000000000000497e+00,5.000000000000000000e+00,5.013268886494618215e+00,5.013268886494618215e+00,5.013268886494618215e+00,6.147281467355627605e-04,6.147281467355627605e-04,4.057530659295101858e-04,-1.326888649461821501e-02,-1.683587175323789445e-02,1.726485175397787786e-02,-2.322693481047322903e-05
5.580000000000000071e+00,5.000000000000000000e+00,5.013280733569978054e+00,5.013280733569978054e+00,5.013280733569978054e+00,5.923537679723929255e-04,5.923537679723929255e-04,3.909843591038646821e-04,-1.328073356997805377e-02,-1.685148584816513473e-02,1.726485175397787786e-02,-2.238154670887842606e-05
5.600000000000000533e+00,5.000000000000000000e+00,5.013292149444189327e+00,5.013292149444189327e+00,5.013292149444189327e+00,5.707937105631870605e-04,5.707937105631870605e-04,3.767531938803342752e-04,-1.329214944418932731e-02,-1.686653163387212898e-02,1.726485175397787786e-02,-2.156692622541459963e-05
5.620000000000000107e+00,5.000000000000000000e+00,5.013303149810991677e+00,5.013303149810991677e+00,5.013303149810991677e+00,5.500183401211111711e-04,5.500183401211111711e-04,3.630400061424281666e-04,-1.330314981099167682e-02,-1.688102979412044527e-02,1.726485175397787786e-02,-2.078195371500444455e-05
5.639999999999999680e+00,5.000000000000000000e+00,5.013313749793001151e+00,5.013313749793001151e+00,5.013313749793001151e+00,5.299991004840376137e-04,5.299991004840376137e-04,3.498259437503754344e-04,-1.331374979300115058e-02,-1.689500025995942928e-02,1.726485175397787786e-02,-2.002555026807316478e-05
5.660000000000000142e+00,5.000000000000000000e+00,5.013323963962490915e+00,5.013323963962490915e+00,5.013323963962490915e+00,5.107084744994385642e-04,5.107084744994385642e-04,3.370928406380471732e-04,-1.332396396249091453e-02,-1.690846223711146151e-02,1.726485175397787786e-02,-1.929667622836914797e-05
5.679999999999999716e+00,5.000000000000000000e+00,5.013333806361415235e+00,5.013333806361415235e+00,5.013333806361415235e+00,4.921199462343603523e-04,4.921199462343603523e-04,3.248231918486561192e-04,-1.333380636141523468e-02,-1.692143423236346089e-02,1.726485175397787786e-02,-1.859432976576084933e-05
5.700000000000000178e+00,5.000000000000000000e+00,5.013343290520706041e+00,5.013343290520706041e+00,5.013343290520706041e+00,4.742079645589428985e-04,4.742079645589428985e-04,3.130001294801858149e-04,-1.334329052070604149e-02,-1.693393407899734804e-02,1.726485175397787786e-02,-1.791754550034402779e-05
5.719999999999999751e+00,5.000000000000000000e+00,5.013352429478866945e+00,5.013352429478866945e+00,5.013352429478866945e+00,4.569479080534626916e-04,4.569479080534626916e-04,3.016073995041406125e-04,-1.335242947886694509e-02,-1.694597896129667464e-02,1.726485175397787786e-02,-1.726539317706261525e-05
5.740000000000000213e+00,5.000000000000000000e+00,5.013361235799890459e+00,5.013361235799890459e+00,5.013361235799890459e+00,4.403160511909946437e-04,4.403160511909946437e-04,2.906293394287819956e-04,-1.336123579989045851e-02,-1.695758543816102207e-02,1.726485175397787786e-02,-1.663697638807382106e-05
5.759999999999999787e+00,5.000000000000000000e+00,5.013369721590525074e+00,5.013369721590525074e+00,5.013369721590525074e+00,4.242895317494585418e-04,4.242895317494585418e-04,2.800508567756337876e-04,-1.336972159052507436e-02,-1.696876946586088272e-02,1.726485175397787786e-02,-1.603143134136135741e-05
5.780000000000000249e+00,5.000000000000000000e+00,5.013377898516913511e+00,5.013377898516913511e+00,5.013377898516913511e+00,4.088463194081169076e-04,4.088463194081169076e-04,2.698574083360420371e-04,-1.337789851691351117e-02,-1.697954641996684416e-02,1.726485175397787786e-02,-1.544792567499164487e-05
5.799999999999999822e+00,5.000000000000000000e+00,5.013385777820623446e+00,5.013385777820623446e+00,5.013385777820623446e+00,3.939651854856835887e-04,3.939651854856835887e-04,2.600349801837835559e-04,-1.338577782062344568e-02,-1.698993111648015863e-02,1.726485175397787786e-02,-1.488565731393568352e-05
5.820000000000000284e+00,5.000000000000000000e+00,5.013393370334099153e+00,5.013393370334099153e+00,5.013393370334099153e+00,3.796256737789950792e-04,3.796256737789950792e-04,2.505700684187984941e-04,-1.339337033409915279e-02,-1.699993783219177698e-02,1.726485175397787786e-02,-1.434385336730236105e-05
5.839999999999999858e+00,5.000000000000000000e+00,5.013400686495548264e+00,5.013400686495548264e+00,5.013400686495548264e+00,3.658080724614894098e-04,3.658080724614894098e-04,2.414496606039383579e-04,-1.340068649554826408e-02,-1.700958032430592570e-02,1.726485175397787786e-02,-1.382176906801379179e-05
5.860000000000000320e+00,5.000000000000000000e+00,5.013407736363288514e+00,5.013407736363288514e+00,5.013407736363288514e+00,3.524933870035719310e-04,3.524933870035719310e-04,2.326612178823147029e-04,-1.340773636328851381e-02,-1.701887184934629607e-02,1.726485175397787786e-02,-1.331868674926707813e-05
5.879999999999999893e+00,5.000000000000000000e+00,5.013414529629570460e+00,5.013414529629570460e+00,5.013414529629570460e+00,3.396633140774479994e-04,3.396633140774479994e-04,2.241926577423327511e-04,-1.341452962957045969e-02,-1.702782518137641379e-02,1.726485175397787786e-02,-1.283391485913132469e-05
5.900000000000000355e+00,5.000000000000000000e+00,5.013421075633898383e+00,5.013421075633898383e+00,5.013421075633898383e+00,3.273002164110623427e-04,3.273002164110623427e-04,2.160323374135914053e-04,-1.342107563389838276e-02,-1.703645262955448547e-02,1.726485175397787786e-02,-1.236678700980097353e-05
5.919999999999999929e+00,5.000000000000000000e+00,5.013427383375869795e+00,5.013427383375869795e+00,5.013427383375869795e+00,3.153870985564326897e-04,3.153870985564326897e-04,2.081690378647656496e-04,-1.342738337586979469e-02,-1.704476605505094583e-02,1.726485175397787786e-02,-1.191666106216637101e-05
5.940000000000000391e+00,5.000000000000000000e+00,5.013433461527540658e+00,5.013433461527540658e+00,5.013433461527540658e+00,3.039075835385852530e-04,3.039075835385852530e-04,2.005919483779584314e-04,-1.343346152754065770e-02,-1.705277688735463981e-02,1.726485175397787786e-02,-1.148291824527960029e-05
5.959999999999999964e+00,5.000000000000000000e+00,5.013439318445347403e+00,5.013439318445347403e+00,5.013439318445347403e+00,2.928458903544724060e-04,2.928458903544724060e-04,1.932906516974565393e-04,-1.343931844534740350e-02,-1.706049613997663583e-02,1.726485175397787786e-02,-1.106496230378549779e-05
5.980000000000000426e+00,5.000000000000000000e+00,5.013444962181592857e+00,5.013444962181592857e+00,5.013444962181592857e+00,2.821868122896519079e-04,2.821868122896519079e-04,1.862551097062675601e-04,-1.344496218159285661e-02,-1.706793442559120105e-02,1.726485175397787786e-02,-1.066221868040925600e-05
6.000000000000000000e+00,5.000000000000000000e+00,5.013450400495512937e+00,5.013450400495512937e+00,5.013450400495512937e+00,2.719156960235294624e-04,2.719156960235294624e-04,1.794756496284276965e-04,-1.345040049551293748e-02,-1.707510197062292803e-02,1.726485175397787786e-02,-1.027413372652212992e-05
6.020000000000000462e+00,5.000000000000000000e+00,5.013455640863942797e+00,5.013455640863942797e+00,5.013455640863942797e+00,2.620184214947447439e-04,2.620184214947447439e-04,1.729429507356824677e-04,-1.345564086394279713e-02,-1.708200862930142963e-02,1.726485175397787786e-02,-9.900173940765765650e-06
6.040000000000000036e+00,5.000000000000000000e+00,5.013460690491593041e+00,5.013460690491593041e+00,5.013460690491593041e+00,2.524813824986620134e-04,2.524813824986620134e-04,1.666480315339177102e-04,-1.346069049159304143e-02,-1.708866389720735401e-02,1.726485175397787786e-02,-9.539825236606137813e-06
6.060000000000000497e+00,5.000000000000000000e+00,5.013465556320952921e+00,5.013465556320952921e+00,5.013465556320952921e+00,2.432914679907226165e-04,2.432914679907226165e-04,1.605822374192680444e-04,-1.346555632095292054e-02,-1.709507692432316386e-02,1.726485175397787786e-02,-9.192592235445959224e-06
6.080000000000000071e+00,5.000000000000000000e+00,5.013470245041834694e+00,5.013470245041834694e+00,5.013470245041834694e+00,2.344360440698141802e-04,2.344360440698141802e-04,1.547372287816381714e-04,-1.347024504183469418e-02,-1.710125652761020770e-02,1.726485175397787786e-02,-8.857997586031971332e-06
6.100000000000000533e+00,5.000000000000000000e+00,5.013474763100567166e+00,5.013474763100567166e+00,5.013474763100567166e+00,2.259029366166797692e-04,2.259029366166797692e-04,1.491049695384701794e-04,-1.347476310056716642e-02,-1.710721120313006202e-02,1.726485175397787786e-02,-8.535581309345649504e-06
6.120000000000000107e+00,5.000000000000000000e+00,5.013479116708858818e+00,5.013479116708858818e+00,5.013479116708858818e+00,2.176804145642379895e-04,2.176804145642379895e-04,1.436777160922619986e-04,-1.347911670885881819e-02,-1.711294913772030274e-02,1.726485175397787786e-02,-8.224900165313131438e-06
6.140000000000000568e+00,5.000000000000000000e+00,5.013483311852334090e+00,5.013483311852334090e+00,5.013483311852334090e+00,2.097571737760358832e-04,2.097571737760358832e-04,1.384480066822169812e-04,-1.348331185233409002e-02,-1.711847822025069910e-02,1.726485175397787786e-02,-7.925527044961772058e-06
6.160000000000000142e+00,5.000000000000000000e+00,5.013487354298764131e+00,5.013487354298764131e+00,5.013487354298764131e+00,2.021223215115747153e-04,2.021223215115747153e-04,1.334086511314240954e-04,-1.348735429876413150e-02,-1.712380605246429516e-02,1.726485175397787786e-02,-7.637050382158614450e-06
6.179999999999999716e+00,5.000000000000000000e+00,5.013491249605992905e+00,5.013491249605992905e+00,5.013491249605992905e+00,1.947653614561931112e-04,1.947653614561931112e-04,1.285527209577586201e-04,-1.349124960599290546e-02,-1.712893995943044756e-02,1.726485175397787786e-02,-7.359073589671687170e-06
6.200000000000000178e+00,5.000000000000000000e+00,5.013495003129579075e+00,5.013495003129579075e+00,5.013495003129579075e+00,1.876761792959927495e-04,1.876761792959927495e-04,1.238735398541895752e-04,-1.349500312957907511e-02,-1.713388699961098868e-02,1.726485175397787786e-02,-7.091214512699612042e-06
6.219999999999999751e+00,5.000000000000000000e+00,5.013498620030155450e+00,5.013498620030155450e+00,5.013498620030155450e+00,1.808450288171585194e-04,1.808450288171585194e-04,1.193646745076505297e-04,-1.349862003015545042e-02,-1.713865397456542511e-02,1.726485175397787786e-02,-6.833104904802213744e-06
6.240000000000000213e+00,5.000000000000000000e+00,5.013502105280525534e+00,5.013502105280525534e+00,5.013502105280525534e+00,1.742625185114485189e-04,1.742625185114485189e-04,1.150199257600583927e-04,-1.350210528052553371e-02,-1.714324743829742301e-02,1.726485175397787786e-02,-6.584389920396456181e-06
6.259999999999999787e+00,5.000000000000000000e+00,5.013505463672498941e+00,5.013505463672498941e+00,5.013505463672498941e+00,1.679195986684906927e-04,1.679195986684906927e-04,1.108333200818702028e-04,-1.350546367249894075e-02,-1.714767370626742865e-02,1.726485175397787786e-02,-6.344727628578998962e-06
6.280000000000000249e+00,5.000000000000000000e+00,5.013508699823478132e+00,5.013508699823478132e+00,5.013508699823478132e+00,1.618075489377877266e-04,1.618075489377877266e-04,1.067991013614609644e-04,-1.350869982347813192e-02,-1.715193886407365489e-02,1.726485175397787786e-02,-6.113788542762004352e-06
6.299999999999999822e+00,5.000000000000000000e+00,5.013511818182805335e+00,5.013511818182805335e+00,5.013511818182805335e+00,1.559179663433170164e-04,1.559179663433170164e-04,1.029117229930806918e-04,-1.351181818280533520e-02,-1.715604877581722656e-02,1.726485175397787786e-02,-5.891255167570604094e-06
6.320000000000000284e+00,5.000000000000000000e+00,5.013514823037880319e+00,5.013514823037880319e+00,5.013514823037880319e+00,1.502427537342710176e-04,1.502427537342710176e-04,9.916584025285689330e-05,-1.351482303788031913e-02,-1.716000909216277431e-02,1.726485175397787786e-02,-5.676821562246655659e-06
6.339999999999999858e+00,5.000000000000000000e+00,5.013517718520053457e+00,5.013517718520053457e+00,5.013517718520053457e+00,1.447741086557398078e-04,1.447741086557398078e-04,9.555630294895886534e-05,-1.351771852005345664e-02,-1.716382525810800433e-02,1.726485175397787786e-02,-5.470192920914659522e-06
6.360000000000000320e+00,5.000000000000000000e+00,5.013520508610305626e+00,5.013520508610305626e+00,5.013520508610305626e+00,1.395045126244784676e-04,1.395045126244784676e-04,9.207814834312643315e-05,-1.352050861030562601e-02,-1.716750252046788869e-02,1.726485175397787786e-02,-5.271085166862741174e-06
6.379999999999999893e+00,5.000000000000000000e+00,5.013523197144721166e+00,5.013523197144721166e+00,5.013523197144721166e+00,1.344267207947654711e-04,1.344267207947654711e-04,8.872659432734842071e-05,-1.352319714472116630e-02,-1.717104593508814517e-02,1.726485175397787786e-02,-5.079224562384261957e-06
6.400000000000000355e+00,5.000000000000000000e+00,5.013525787819760993e+00,5.013525787819760993e+00,5.013525787819760993e+00,1.295337520002276944e-04,1.295337520002276944e-04,8.549703284938763687e-05,-1.352578781976099265e-02,-1.717446037379588217e-02,1.726485175397787786e-02,-4.894347332608047735e-06
6.419999999999999929e+00,5.000000000000000000e+00,5.013528284197343865e+00,5.013528284197343865e+00,5.013528284197343865e+00,1.248188791580807369e-04,1.248188791580807369e-04,8.238502357875817283e-05,-1.352828419734386500e-02,-1.717775053109646052e-02,1.726485175397787786e-02,-4.716199302659156018e-06
6.440000000000000391e+00,5.000000000000000000e+00,5.013530689709744692e+00,5.013530689709744692e+00,5.013530689709744692e+00,1.202756200225762730e-04,1.202756200225762730e-04,7.938628780303607084e-05,-1.353068970974469210e-02,-1.718092093062670994e-02,1.726485175397787786e-02,-4.544535548131842431e-06
6.459999999999999964e+00,5.000000000000000000e+00,5.013533007664309871e+00,5.013533007664309871e+00,5.013533007664309871e+00,1.158977282746001769e-04,1.158977282746001769e-04,7.649670254281527165e-05,-1.353300766430987068e-02,-1.718397593137575841e-02,1.726485175397787786e-02,-4.379120059304181551e-06
6.480000000000000426e+00,5.000000000000000000e+00,5.013535241248008312e+00,5.013535241248008312e+00,5.013535241248008312e+00,1.116791849360770580e-04,1.116791849360770580e-04,7.371229488936898811e-05,-1.353524124800831174e-02,-1.718691973367353701e-02,1.726485175397787786e-02,-4.219725414971860710e-06
6.500000000000000000e+00,5.000000000000000000e+00,5.013537393531810160e+00,5.013537393531810160e+00,5.013537393531810160e+00,1.076141900959711535e-04,1.076141900959711535e-04,7.102923653501798601e-05,-1.353739353181016014e-02,-1.718975638497055591e-02,1.726485175397787786e-02,-4.066132472303953507e-06
6.520000000000000462e+00,5.000000000000000000e+00,5.013539467474909195e+00,5.013539467474909195e+00,5.013539467474909195e+00,1.036971549378780996e-04,1.036971549378780996e-04,6.844383851504065445e-05,-1.353946747490919478e-02,-1.719248978539890393e-02,1.726485175397787786e-02,-3.918130063933269494e-06
6.540000000000000036e+00,5.000000000000000000e+00,5.013541465928790686e+00,5.013541465928790686e+00,5.013541465928790686e+00,9.992269405760303958e-05,9.992269405760303958e-05,6.595254613512754047e-05,-1.354146592879068578e-02,-1.719512369313467778e-02,1.726485175397787786e-02,-3.775514708072537456e-06
6.560000000000000497e+00,5.000000000000000000e+00,5.013543391641151814e+00,5.013543391641151814e+00,5.013543391641151814e+00,9.628561806034994662e-05,9.628561806034994662e-05,6.355193408507209642e-05,-1.354339164115181404e-02,-1.719766172956417247e-02,1.726485175397787786e-02,-3.638090328633295631e-06
6.580000000000000071e+00,5.000000000000000000e+00,5.013545247259679982e+00,5.013545247259679982e+00,5.013545247259679982e+00,9.278092642723374459e-05,9.278092642723374459e-05,6.123870172918787207e-05,-1.354524725967998222e-02,-1.720010738426280480e-02,1.726485175397787786e-02,-3.505667985885181585e-06
6.600000000000000533e+00,5.000000000000000000e+00,5.013547035335692570e+00,5.013547035335692570e+00,5.013547035335692570e+00,8.940380064122570585e-05,8.940380064122570585e-05,5.900966856715333009e-05,-1.354703533569256990e-02,-1.720246401979357714e-02,1.726485175397787786e-02,-3.378065617147380347e-06
6.620000000000000107e+00,5.000000000000000000e+00,5.013548758327643462e+00,5.013548758327643462e+00,5.013548758327643462e+00,8.614959756330736696e-05,8.614959756330736696e-05,5.686176986204224927e-05,-1.354875832764346200e-02,-1.720473487632956378e-02,1.726485175397787786e-02,-3.255107786271831135e-06
6.640000000000000568e+00,5.000000000000000000e+00,5.013550418604504344e+00,5.013550418604504344e+00,5.013550418604504344e+00,8.301384304985137761e-05,8.301384304985137761e-05,5.479205242874741246e-05,-1.355041860450434399e-02,-1.720692307610719590e-02,1.726485175397787786e-02,-3.136625441934545032e-06
6.660000000000000142e+00,5.000000000000000000e+00,5.013552018449020764e+00,5.013552018449020764e+00,5.013552018449020764e+00,7.999222580199492948e-05,7.999222580199492948e-05,5.279767057128688271e-05,-1.355201844902076402e-02,-1.720903162772051756e-02,1.726485175397787786e-02,-3.022455686073413876e-06
6.679999999999999716e+00,5.000000000000000000e+00,5.013553560060849179e+00,5.013553560060849179e+00,5.013553560060849179e+00,7.708059143900328246e-05,7.708059143900328246e-05,5.087588217207842544e-05,-1.355356006084917908e-02,-1.721106343025637087e-02,1.726485175397787786e-02,-2.912441549428567020e-06
6.700000000000000178e+00,5.000000000000000000e+00,5.013555045559584755e+00,5.013555045559584755e+00,5.013555045559584755e+00,7.427493678752976477e-05,7.427493678752976477e-05,4.902404492426806488e-05,-1.355504555958475521e-02,-1.721302127727845910e-02,1.726485175397787786e-02,-2.806431775150695312e-06
6.719999999999999751e+00,5.000000000000000000e+00,5.013556476987671928e+00,5.013556476987671928e+00,5.013556476987671928e+00,7.157140437800845096e-05,7.157140437800845096e-05,4.723961269231661994e-05,-1.355647698767192821e-02,-1.721490786067263884e-02,1.726485175397787786e-02,-2.704280612922399043e-06
6.740000000000000213e+00,5.000000000000000000e+00,5.013557856313214600e+00,5.013557856313214600e+00,5.013557856313214600e+00,6.896627714201475801e-05,6.896627714201475801e-05,4.552013201807146722e-05,-1.355785631321460016e-02,-1.721672577434334855e-02,1.726485175397787786e-02,-2.605847616457834899e-06
6.759999999999999787e+00,5.000000000000000000e+00,5.013559185432680643e+00,5.013559185432680643e+00,5.013559185432680643e+00,6.645597330216976263e-05,6.645597330216976263e-05,4.386323874356481094e-05,-1.355918543268064269e-02,-1.721847751778254193e-02,1.726485175397787786e-02,-2.510997451771115439e-06
6.780000000000000249e+00,5.000000000000000000e+00,5.013560466173509589e+00,5.013560466173509589e+00,5.013560466173509589e+00,6.403704144826606734e-05,6.403704144826606734e-05,4.226665476313281651e-05,-1.356046617350958883e-02,-1.722016549950441608e-02,1.726485175397787786e-02,-2.419599710328959745e-06
6.799999999999999822e+00,5.000000000000000000e+00,5.013561700296625290e+00,5.013561700296625290e+00,5.013561700296625290e+00,6.170615579250480055e-05,6.170615579250480055e-05,4.072818489065335208e-05,-1.356170029662528975e-02,-1.722179204035717906e-02,1.726485175397787786e-02,-2.331528730045447836e-06
6.820000000000000284e+00,5.000000000000000000e+00,5.013562889498857089e+00,5.013562889498857089e+00,5.013562889498857089e+00,5.946011159736513447e-05,5.946011159736513447e-05,3.924571384110816684e-05,-1.356288949885708917e-02,-1.722335937671411882e-02,1.726485175397787786e-02,-2.246663422650873776e-06
6.839999999999999858e+00,5.000000000000000000e+00,5.013564035415272180e+00,5.013564035415272180e+00,5.013564035415272180e+00,5.729582076983677264e-05,5.729582076983677264e-05,3.781720332208150933e-05,-1.356403541527217982e-02,-1.722486966354850463e-02,1.726485175397787786e-02,-2.164887107291719569e-06
6.860000000000000320e+00,5.000000000000000000e+00,5.013565139621424471e+00,5.013565139621424471e+00,5.013565139621424471e+00,5.521030761609203803e-05,5.521030761609203803e-05,3.644068923238944695e-05,-1.356513962142447127e-02,-1.722632497739566906e-02,1.726485175397787786e-02,-2.086087349819348926e-06
6.879999999999999893e+00,5.000000000000000000e+00,5.013566203635519081e+00,5.013566203635519081e+00,5.013566203635519081e+00,5.320070475049139605e-05,5.320070475049139605e-05,3.511427896008562500e-05,-1.356620363551908071e-02,-1.722772731920907754e-02,1.726485175397787786e-02,-2.010155808714688320e-06
6.900000000000000355e+00,5.000000000000000000e+00,5.013567228920502217e+00,5.013567228920502217e+00,5.013567228920502217e+00,5.126424915378510327e-05,5.126424915378510327e-05,3.383614878342846818e-05,-1.356722892050221674e-02,-1.722907861710923361e-02,1.726485175397787786e-02,-1.936988085215779656e-06
6.919999999999999929e+00,5.000000000000000000e+00,5.013568216886069351e+00,5.013568216886069351e+00,5.013568216886069351e+00,4.939827837428747862e-05,4.939827837428747862e-05,3.260454135880883644e-05,-1.356821688606935083e-02,-1.723038072903781623e-02,1.726485175397787786e-02,-1.866483581252789878e-06
6.940000000000000391e+00,5.000000000000000000e+00,5.013569168890606775e+00,5.013569168890606775e+00,5.013569168890606775e+00,4.760022686790781998e-05,4.760022686790781998e-05,3.141776331049089902e-05,-1.356916889060677534e-02,-1.723163544530807723e-02,1.726485175397787786e-02,-1.798545359309733182e-06
6.959999999999999964e+00,5.000000000000000000e+00,5.013570086243055890e+00,5.013570086243055890e+00,5.013570086243055890e+00,4.586762247072890555e-05,4.586762247072890555e-05,3.027418289611868919e-05,-1.357008624305588995e-02,-1.723284449107060495e-02,1.726485175397787786e-02,-1.733080011154214198e-06
6.980000000000000426e+00,5.000000000000000000e+00,5.013570970204716204e+00,5.013570970204716204e+00,5.013570970204716204e+00,4.419808300059919760e-05,4.419808300059919760e-05,2.917222776943183965e-05,-1.357097020471620397e-02,-1.723400952868097899e-02,1.726485175397787786e-02,-1.669997527467029113e-06
7.000000000000000000e+00,5.000000000000000000e+00,5.013571821990975508e+00,5.013571821990975508e+00,5.013571821990975508e+00,4.258931298176264665e-05,4.258931298176264665e-05,2.811038281223371518e-05,-1.357182199097550779e-02,-1.723513215998958084e-02,1.726485175397787786e-02,-1.609211176063299486e-06
7.020000000000000462e+00,5.000000000000000000e+00,5.013572642772984977e+00,5.013572642772984977e+00,5.013572642772984977e+00,4.103910048944687362e-05,4.103910048944687362e-05,2.708718805860493666e-05,-1.357264277298497746e-02,-1.723621392853889531e-02,1.726485175397787786e-02,-1.550637380377612892e-06
7.040000000000000036e+00,5.000000000000000000e+00,5.013573433679266778e+00,5.013573433679266778e+00,5.013573433679266778e+00,3.954531410849961535e-05,3.954531410849961535e-05,2.610123667997432488e-05,-1.357343367926677757e-02,-1.723725632169092331e-02,1.726485175397787786e-02,-1.494195606980223341e-06
7.060000000000000497e+00,5.000000000000000000e+00,5.013574195797266597e+00,5.013574195797266597e+00,5.013574195797266597e+00,3.810590000323426030e-05,3.810590000323426030e-05,2.515117305584605806e-05,-1.357419579726659720e-02,-1.723826077266880918e-02,1.726485175397787786e-02,-1.439808253222615653e-06
7.080000000000000071e+00,5.000000000000000000e+00,5.013574930174848454e+00,5.013574930174848454e+00,5.013574930174848454e+00,3.671887909372408140e-05,3.671887909372408140e-05,2.423569090813244414e-05,-1.357493017484845410e-02,-1.723922866252857941e-02,1.726485175397787786e-02,-1.387400541166002999e-06
7.100000000000000533e+00,5.000000000000000000e+00,5.013575637821735320e+00,5.013575637821735320e+00,5.013575637821735320e+00,3.538234433492763758e-05,3.538234433492763758e-05,2.335353150575965339e-05,-1.357563782173532019e-02,-1.724016132205753726e-02,1.726485175397787786e-02,-1.336900414580940386e-06
7.120000000000000107e+00,5.000000000000000000e+00,5.013576319710897344e+00,5.013576319710897344e+00,5.013576319710897344e+00,3.409445809485022973e-05,3.409445809485022973e-05,2.250348193415358284e-05,-1.357631971089734435e-02,-1.724106003360385830e-02,1.726485175397787786e-02,-1.288238439865969430e-06
7.140000000000000568e+00,5.000000000000000000e+00,5.013576976779890337e+00,5.013576976779890337e+00,5.013576976779890337e+00,3.285344962813076708e-05,3.285344962813076708e-05,2.168437342765562693e-05,-1.357697677989033735e-02,-1.724192603283962802e-02,1.726485175397787786e-02,-1.241347710594211757e-06
7.160000000000000142e+00,5.000000000000000000e+00,5.013577609932142742e+00,5.013577609932142742e+00,5.013577609932142742e+00,3.165761264143997130e-05,3.165761264143997130e-05,2.089507976122281267e-05,-1.357760993214274237e-02,-1.724276051046072858e-02,1.726485175397787786e-02,-1.196163755926464310e-06
7.179999999999999716e+00,5.000000000000000000e+00,5.013578220038201749e+00,5.013578220038201749e+00,5.013578220038201749e+00,3.050530294787099611e-05,3.050530294787099611e-05,2.013451570575021941e-05,-1.357822003820174928e-02,-1.724356461382128142e-02,1.726485175397787786e-02,-1.152624450846220804e-06
7.200000000000000178e+00,5.000000000000000000e+00,5.013578807936926118e+00,5.013578807936926118e+00,5.013578807936926118e+00,2.939493620595174520e-05,2.939493620595174520e-05,1.940163552867848017e-05,-1.357880793692611832e-02,-1.724433944851622158e-02,1.726485175397787786e-02,-1.110669932977795561e-06
7.219999999999999751e+00,5.000000000000000000e+00,5.013579374436640812e+00,5.013579374436640812e+00,5.013579374436640812e+00,2.832498574174540309e-05,2.832498574174540309e-05,1.869543156388832751e-05,-1.357937443664081201e-02,-1.724508607989616929e-02,1.726485175397787786e-02,-1.070242517820239077e-06
7.240000000000000213e+00,5.000000000000000000e+00,5.013579920316249883e+00,5.013579920316249883e+00,5.013579920316249883e+00,2.729398044993650040e-05,2.729398044993650040e-05,1.801493282365636948e-05,-1.357992031624988272e-02,-1.724580553453382986e-02,1.726485175397787786e-02,-1.031286620391625617e-06
7.259999999999999787e+00,5.000000000000000000e+00,5.013580446326304951e+00,5.013580446326304951e+00,5.013580446326304951e+00,2.630050277103622845e-05,2.630050277103622845e-05,1.735920366093379104e-05,-1.358044632630495130e-02,-1.724649880163735272e-02,1.726485175397787786e-02,-9.937486795913513807e-07
7.280000000000000249e+00,5.000000000000000000e+00,5.013580953190039935e+00,5.013580953190039935e+00,5.013580953190039935e+00,2.534318674267782060e-05,2.534318674267782060e-05,1.672734248745216354e-05,-1.358095319003993495e-02,-1.724716683440728759e-02,1.726485175397787786e-02,-9.575770831380997577e-07
7.299999999999999822e+00,5.000000000000000000e+00,5.013581441604362254e+00,5.013581441604362254e+00,5.013581441604362254e+00,2.442071612130423068e-05,2.442071612130423068e-05,1.611848052894193834e-05,-1.358144160436225434e-02,-1.724781055135071739e-02,1.726485175397787786e-02,-9.227220982185292928e-07
7.320000000000000284e+00,5.000000000000000000e+00,5.013581912240813843e+00,5.013581912240813843e+00,5.013581912240813843e+00,2.353182257282842012e-05,2.353182257282842012e-05,1.553178063654612846e-05,-1.358191224081384263e-02,-1.724843083754006370e-02,1.726485175397787786e-02,-8.891358012680246713e-07
7.339999999999999858e+00,5.000000000000000000e+00,5.013582365746492187e+00,5.013582365746492187e+00,5.013582365746492187e+00,2.267528392859757466e-05,2.267528392859757466e-05,1.496643613051996384e-05,-1.358236574649218653e-02,-1.724902854583357931e-02,1.726485175397787786e-02,-8.567720137785862379e-07
7.360000000000000320e+00,5.000000000000000000e+00,5.013582802744942057e+00,5.013582802744942057e+00,5.013582802744942057e+00,2.184992250527201152e-05,2.184992250527201152e-05,1.442166969534193809e-05,-1.358280274494205742e-02,-1.724960449804507565e-02,1.726485175397787786e-02,-8.255862374602733935e-07
7.379999999999999893e+00,5.000000000000000000e+00,5.013583223837011715e+00,5.013583223837011715e+00,5.013583223837011715e+00,2.105460348546552742e-05,2.105460348546552742e-05,1.389673230720718580e-05,-1.358322383701171532e-02,-1.725015948607641278e-02,1.726485175397787786e-02,-7.955355942578918800e-07
7.400000000000000355e+00,5.000000000000000000e+00,5.013583629601678915e+00,5.013583629601678915e+00,5.013583629601678915e+00,2.028823335755178752e-05,2.028823335755178752e-05,1.339090220632813351e-05,-1.358362960167891487e-02,-1.725069427300487956e-02,1.726485175397787786e-02,-7.665787666701597059e-07
7.419999999999999929e+00,5.000000000000000000e+00,5.013584020596847601e+00,5.013584020596847601e+00,5.013584020596847601e+00,1.954975841226868808e-05,1.954975841226868808e-05,1.290348390472079650e-05,-1.358402059684760133e-02,-1.725120959413222257e-02,1.726485175397787786e-02,-7.386759409344869654e-07
7.440000000000000391e+00,5.000000000000000000e+00,5.013584397360113520e+00,5.013584397360113520e+00,5.013584397360113520e+00,1.883816329391812617e-05,1.883816329391812617e-05,1.243380722876306724e-05,-1.358439736011352039e-02,-1.725170615799645479e-02,1.726485175397787786e-02,-7.117887526599973479e-07
7.459999999999999964e+00,5.000000000000000000e+00,5.013584760409505847e+00,5.013584760409505847e+00,5.013584760409505847e+00,1.815246960456797171e-05,1.815246960456797171e-05,1.198122640041657144e-05,-1.358476040950584718e-02,-1.725218464734417159e-02,1.726485175397787786e-02,-6.858802332896933639e-07
7.480000000000000426e+00,5.000000000000000000e+00,5.013585110244196841e+00,5.013585110244196841e+00,5.013585110244196841e+00,1.749173455858823046e-05,1.749173455858823046e-05,1.154511914477055413e-05,-1.358511024419684077e-02,-1.725264572007242578e-02,1.726485175397787786e-02,-6.609147606815250011e-07
7.500000000000000000e+00,5.000000000000000000e+00,5.013585447345190182e+00,5.013585447345190182e+00,5.013585447345190182e+00,1.685504968665907423e-05,1.685504968665907423e-05,1.112488583929668173e-05,-1.358544734519018249e-02,-1.725309001012998930e-02,1.726485175397787786e-02,-6.368580085918747805e-07
7.520000000000000462e+00,5.000000000000000000e+00,5.013585772175981781e+00,5.013585772175981781e+00,5.013585772175981781e+00,1.624153958655785810e-05,1.624153958655785810e-05,1.071994868564691289e-05,-1.358577217598178066e-02,-1.725351812839153245e-02,1.726485175397787786e-02,-6.136769006984895249e-07
7.540000000000000036e+00,5.000000000000000000e+00,5.013586085183196595e+00,5.013586085183196595e+00,5.013586085183196595e+00,1.565036071953314586e-05,1.565036071953314586e-05,1.032975091631074929e-05,-1.358608518319659453e-02,-1.725393066349686227e-02,1.726485175397787786e-02,-5.913395647048333802e-07
7.560000000000000497e+00,5.000000000000000000e+00,5.013586386797201477e+00,5.013586386797201477e+00,5.013586386797201477e+00,1.508070025057305690e-05,1.508070025057305690e-05,9.953756029932257958e-06,-1.358638679720147735e-02,-1.725432818265967491e-02,1.726485175397787786e-02,-5.698152882706882345e-07
7.580000000000000071e+00,5.000000000000000000e+00,5.013586677432700256e+00,5.013586677432700256e+00,5.013586677432700256e+00,1.453177493109367522e-05,1.453177493109367522e-05,9.591447055779246905e-06,-1.358667743270025596e-02,-1.725471123244587748e-02,1.726485175397787786e-02,-5.490744762211270730e-07
7.600000000000000533e+00,5.000000000000000000e+00,5.013586957489300389e+00,5.013586957489300389e+00,5.013586957489300389e+00,1.400283002166505761e-05,1.400283002166505761e-05,9.242325836807495698e-06,-1.358695748930038860e-02,-1.725508033952932382e-02,1.726485175397787786e-02,-5.290886117465382309e-07
7.620000000000000107e+00,5.000000000000000000e+00,5.013587227352065412e+00,5.013587227352065412e+00,5.013587227352065412e+00,1.349313825462824655e-05,1.349313825462824655e-05,8.905912351296950432e-06,-1.358722735206541188e-02,-1.725543601141149228e-02,1.726485175397787786e-02,-5.098302150886308729e-07
7.640000000000000568e+00,5.000000000000000000e+00,5.013587487392042519e+00,5.013587487392042519e+00,5.013587487392042519e+00,1.300199883389146627e-05,1.300199883389146627e-05,8.581744047260443723e-06,-1.358748739204251876e-02,-1.725577873712307378e-02,1.726485175397787786e-02,-4.912728075436333648e-07
7.660000000000000142e+00,5.000000000000000000e+00,5.013587737966772373e+00,5.013587737966772373e+00,5.013587737966772373e+00,1.252873647150228700e-05,1.252873647150228700e-05,8.269375209999671819e-06,-1.358773796677237300e-02,-1.725610898789399841e-02,1.726485175397787786e-02,-4.733908738797721168e-07
7.679999999999999716e+00,5.000000000000000000e+00,5.013587979420781160e+00,5.013587979420781160e+00,5.013587979420781160e+00,1.207270045933011978e-05,1.207270045933011978e-05,7.968376349780619938e-06,-1.358797942078115994e-02,-1.725642721780091399e-02,1.726485175397787786e-02,-4.561598271832500038e-07
7.700000000000000178e+00,5.000000000000000000e+00,5.013588212086056650e+00,5.013588212086056650e+00,5.013588212086056650e+00,1.163326377443696837e-05,1.163326377443696837e-05,7.678333610398610721e-06,-1.358821208605665021e-02,-1.725673386439207507e-02,1.726485175397787786e-02,-4.395559754041738516e-07
7.719999999999999751e+00,5.000000000000000000e+00,5.013588436282501171e+00,5.013588436282501171e+00,5.013588436282501171e+00,1.120982221658873272e-05,1.120982221658873272e-05,7.398848195954605092e-06,-1.358843628250117064e-02,-1.725702934929194618e-02,1.726485175397787786e-02,-4.235564899770724478e-07
7.740000000000000213e+00,5.000000000000000000e+00,5.013588652318373029e+00,5.013588652318373029e+00,5.013588652318373029e+00,1.080179357783332325e-05,1.080179357783332325e-05,7.129535829034634693e-06,-1.358865231837302900e-02,-1.725731407877648810e-02,1.726485175397787786e-02,-4.081393723551250206e-07
7.759999999999999787e+00,5.000000000000000000e+00,5.013588860490710175e+00,5.013588860490710175e+00,5.013588860490710175e+00,1.040861684197960394e-05,1.040861684197960394e-05,6.870026219296135217e-06,-1.358886049071017510e-02,-1.725758844433374767e-02,1.726485175397787786e-02,-3.932834248340540911e-07
7.780000000000000249e+00,5.000000000000000000e+00,5.013589061085738763e+00,5.013589061085738763e+00,5.013589061085738763e+00,1.002975141324878027e-05,1.002975141324878027e-05,6.619962554671361326e-06,-1.358906108573876281e-02,-1.725785282320192390e-02,1.726485175397787786e-02,-3.789682212825932895e-07
7.799999999999999822e+00,5.000000000000000000e+00,5.013589254379266613e+00,5.013589254379266613e+00,5.013589254379266613e+00,9.664676372975166405e-06,9.664676372975166405e-06,6.379001010512644983e-06,-1.358925437926661317e-02,-1.725810757888823072e-02,1.726485175397787786e-02,-3.651740791344965568e-07
7.820000000000000284e+00,5.000000000000000000e+00,5.013589440637061578e+00,5.013589440637061578e+00,5.013589440637061578e+00,9.312889763379284037e-06,9.312889763379284037e-06,6.146810277016337645e-06,-1.358944063706157834e-02,-1.725835306166859789e-02,1.726485175397787786e-02,-3.518820322636257808e-07
7.839999999999999858e+00,5.000000000000000000e+00,5.013589620115219248e+00,5.013589620115219248e+00,5.013589620115219248e+00,8.973907897561083009e-06,8.973907897561083009e-06,5.923071105197277987e-06,-1.358962011521924751e-02,-1.725858960906820339e-02,1.726485175397787786e-02,-3.390738044771938115e-07
7.860000000000000320e+00,5.000000000000000000e+00,5.013589793060512889e+00,5.013589793060512889e+00,5.013589793060512889e+00,8.647264694183081331e-06,8.647264694183081331e-06,5.707475863781073002e-06,-1.358979306051288916e-02,-1.725881754632844350e-02,1.726485175397787786e-02,-3.267317856532804386e-07
7.879999999999999893e+00,5.000000000000000000e+00,5.013589959710733623e+00,5.013589959710733623e+00,5.013589959710733623e+00,8.332511036796566789e-06,8.332511036796566789e-06,5.499728120317932530e-06,-1.358995971073362341e-02,-1.725903718685136909e-02,1.726485175397787786e-02,-3.148390061908362315e-07
7.900000000000000355e+00,5.000000000000000000e+00,5.013590120295016384e+00,5.013590120295016384e+00,5.013590120295016384e+00,8.029214156308667519e-06,8.029214156308667519e-06,5.299542231917575783e-06,-1.359012029501638352e-02,-1.725924883263170104e-02,1.726485175397787786e-02,-3.033791142592441442e-07
7.919999999999999929e+00,5.000000000000000000e+00,5.013590275034156996e+00,5.013590275034156996e+00,5.013590275034156996e+00,7.736957036105166974e-06,7.736957036105166974e-06,5.106642954273666301e-06,-1.359027503415699556e-02,-1.725945277467080818e-02,1.726485175397787786e-02,-2.923363527960068200e-07
7.940000000000000391e+00,5.000000000000000000e+00,5.013590424140914159e+00,5.013590424140914159e+00,5.013590424140914159e+00,7.455337838445717041e-06,7.455337838445717041e-06,4.920765059510665106e-06,-1.359042414091415907e-02,-1.725964929337938519e-02,1.726485175397787786e-02,-2.816955389819991258e-07
7.959999999999999964e+00,5.000000000000000000e+00,5.013590567820300770e+00,5.013590567820300770e+00,5.013590567820300770e+00,7.183969352055190925e-06,7.183969352055190925e-06,4.741652974540459265e-06,-1.359056782030076960e-02,-1.725983865896098257e-02,1.726485175397787786e-02,-2.714420423548266509e-07
7.980000000000000426e+00,5.000000000000000000e+00,5.013590706269869912e+00,5.013590706269869912e+00,5.013590706269869912e+00,6.922478460021607391e-06,6.922478460021607391e-06,4.569060431719353048e-06,-1.359070626986991215e-02,-1.726002113178197808e-02,1.726485175397787786e-02,-2.615617641804221081e-07
8.000000000000000000e+00,5.000000000000000000e+00,5.013590839679982203e+00,5.013590839679982203e+00,5.013590839679982203e+00,6.670505626292336265e-06,6.670505626292336265e-06,4.402750122728893583e-06,-1.359083967998220288e-02,-1.726019696273478968e-02,1.726485175397787786e-02,-2.520411203592860301e-07
8.019999999999999574e+00,5.000000000000000000e+00,5.013590968234070466e+00,5.013590968234070466e+00,5.013590968234070466e+00,6.427704401693755210e-06,6.427704401693755210e-06,4.242493380306525718e-06,-1.359096823407046628e-02,-1.726036639357739905e-02,1.726485175397787786e-02,-2.428670201722851184e-07
8.040000000000000924e+00,5.000000000000000000e+00,5.013591092108889313e+00,5.013591092108889313e+00,5.013591092108889313e+00,6.193740947355343107e-06,6.193740947355343107e-06,4.088069858309630789e-06,-1.359109210888931329e-02,-1.726052965726949245e-02,1.726485175397787786e-02,-2.340268500757725436e-07
8.060000000000000497e+00,5.000000000000000000e+00,5.013591211474761167e+00,5.013591211474761167e+00,5.013591211474761167e+00,5.968293575980767784e-06,5.968293575980767784e-06,3.939267233609592417e-06,-1.359121147476116676e-02,-1.726068697828942941e-02,1.726485175397787786e-02,-2.255084548388537482e-07
8.080000000000000071e+00,5.000000000000000000e+00,5.013591326495807188e+00,5.013591326495807188e+00,5.013591326495807188e+00,5.751052309245082619e-06,5.751052309245082619e-06,3.795880908623914025e-06,-1.359132649580718777e-02,-1.726083857294668372e-02,1.726485175397787786e-02,-2.173001225702210575e-07
8.099999999999999645e+00,5.000000000000000000e+00,5.013591437330176426e+00,5.013591437330176426e+00,5.013591437330176426e+00,5.541718451923626683e-06,5.541718451923626683e-06,3.657713736030522833e-06,-1.359143733017642575e-02,-1.726098464967512972e-02,1.726485175397787786e-02,-2.093905667176193486e-07
8.120000000000000995e+00,5.000000000000000000e+00,5.013591544130259869e+00,5.013591544130259869e+00,5.013591544130259869e+00,5.340004180854820603e-06,5.340004180854820603e-06,3.524575741235562068e-06,-1.359154413025986941e-02,-1.726112540932405945e-02,1.726485175397787786e-02,-2.017689125828463986e-07
8.140000000000000568e+00,5.000000000000000000e+00,5.013591647042902721e+00,5.013591647042902721e+00,5.013591647042902721e+00,5.145632149517360908e-06,5.145632149517360908e-06,3.396283867480223232e-06,-1.359164704290272141e-02,-1.726126104543003470e-02,1.726485175397787786e-02,-1.944246803629346121e-07
8.160000000000000142e+00,5.000000000000000000e+00,5.013591746209605127e+00,5.013591746209605127e+00,5.013591746209605127e+00,4.958335106468369942e-06,4.958335106468369942e-06,3.272661719027453787e-06,-1.359174620960512669e-02,-1.726139174448645605e-02,1.726485175397787786e-02,-1.873477723943524257e-07
8.179999999999999716e+00,5.000000000000000000e+00,5.013591841766715795e+00,5.013591841766715795e+00,5.013591841766715795e+00,4.777855527910757522e-06,4.777855527910757522e-06,3.153539320892244894e-06,-1.359184176671579536e-02,-1.726151768619851173e-02,1.726485175397787786e-02,-1.805284584738783601e-07
8.199999999999999289e+00,5.000000000000000000e+00,5.013591933845621185e+00,5.013591933845621185e+00,5.013591933845621185e+00,4.603945263796916183e-06,4.603945263796916183e-06,3.038752886772347944e-06,-1.359193384562118467e-02,-1.726163904372906080e-02,1.726485175397787786e-02,-1.739573620447099096e-07
8.220000000000000639e+00,5.000000000000000000e+00,5.013592022572924911e+00,5.013592022572924911e+00,5.013592022572924911e+00,4.436365196482873106e-06,4.436365196482873106e-06,2.928144590656481174e-06,-1.359202257292491112e-02,-1.726175598393890620e-02,1.726485175397787786e-02,-1.676254483151755642e-07
8.240000000000000213e+00,5.000000000000000000e+00,5.013592108070622722e+00,5.013592108070622722e+00,5.013592108070622722e+00,4.274884912051047968e-06,4.274884912051047968e-06,2.821562352164624695e-06,-1.359210807062272153e-02,-1.726186866761463684e-02,1.726485175397787786e-02,-1.615240110763917818e-07
8.259999999999999787e+00,5.000000000000000000e+00,5.013592190456270359e+00,5.013592190456270359e+00,5.013592190456270359e+00,4.119282383421817153e-06,4.119282383421817153e-06,2.718859625758736431e-06,-1.359219045627035882e-02,-1.726197724969085606e-02,1.726485175397787786e-02,-1.556446612630586842e-07
8.279999999999999361e+00,5.000000000000000000e+00,5.013592269843143434e+00,5.013592269843143434e+00,5.013592269843143434e+00,3.969343664991182969e-06,3.969343664991182969e-06,2.619895199115471081e-06,-1.359226984314343412e-02,-1.726208187946335487e-02,1.726485175397787786e-02,-1.499793154075141158e-07
8.300000000000000711e+00,5.000000000000000000e+00,5.013592346340395522e+00,5.013592346340395522e+00,5.013592346340395522e+00,3.824862598706042262e-06,3.824862598706042262e-06,2.524533002139774199e-06,-1.359234634039552247e-02,-1.726218270079216133e-02,1.726485175397787786e-02,-1.445201835767559588e-07
8.320000000000000284e+00,5.000000000000000000e+00,5.013592420053206489e+00,5.013592420053206489e+00,5.013592420053206489e+00,3.685640530387454659e-06,3.685640530387454659e-06,2.432641915520166230e-06,-1.359242005320648872e-02,-1.726227985230231396e-02,1.726485175397787786e-02,-1.392597600437319079e-07
8.339999999999999858e+00,5.000000000000000000e+00,5.013592491082927260e+00,5.013592491082927260e+00,5.013592491082927260e+00,3.551486036723081071e-06,3.551486036723081071e-06,2.344095593743720479e-06,-1.359249108292726049e-02,-1.726237346757224234e-02,1.726485175397787786e-02,-1.341908118918009311e-07
8.359999999999999432e+00,5.000000000000000000e+00,5.013592559527220160e+00,5.013592559527220160e+00,5.013592559527220160e+00,3.422214662149698741e-06,3.422214662149698741e-06,2.258772290989259035e-06,-1.359255952722016048e-02,-1.726246367531761999e-02,1.726485175397787786e-02,-1.293063692686050218e-07
8.380000000000000782e+00,5.000000000000000000e+00,5.013592625480193021e+00,5.013592625480193021e+00,5.013592625480193021e+00,3.297648665126912872e-06,3.297648665126912872e-06,2.176554691921838359e-06,-1.359262548019302130e-02,-1.726255059956960380e-02,1.726485175397787786e-02,-1.245997163522150065e-07
8.400000000000000355e+00,5.000000000000000000e+00,5.013592689032528860e+00,5.013592689032528860e+00,5.013592689032528860e+00,3.177616773695010904e-06,3.177616773695010904e-06,2.097329750807894037e-06,-1.359268903252885963e-02,-1.726263435984513872e-02,1.726485175397787786e-02,-1.200643819312427010e-07
8.419999999999999929e+00,5.000000000000000000e+00,5.013592750271607557e+00,5.013592750271607557e+00,5.013592750271607557e+00,3.061953949888118066e-06,3.061953949888118066e-06,2.020988535626081676e-06,-1.359275027160755656e-02,-1.726271507131165242e-02,1.726485175397787786e-02,-1.156941305993551785e-07
8.439999999999999503e+00,5.000000000000000000e+00,5.013592809281631091e+00,5.013592809281631091e+00,5.013592809281631091e+00,2.950501163266194973e-06,2.950501163266194973e-06,1.947426083668885872e-06,-1.359280928163109081e-02,-1.726279284494159835e-02,1.726485175397787786e-02,-1.114829526106190547e-07
8.460000000000000853e+00,5.000000000000000000e+00,5.013592866143734561e+00,5.013592866143734561e+00,5.013592866143734561e+00,2.843105171724134136e-06,2.843105171724134136e-06,1.876541247845588297e-06,-1.359286614373456104e-02,-1.726286778767148478e-02,1.726485175397787786e-02,-1.074250585474928838e-07
8.480000000000000426e+00,5.000000000000000000e+00,5.013592920936100761e+00,5.013592920936100761e+00,5.013592920936100761e+00,2.739618311198974423e-06,2.739618311198974423e-06,1.808236566472538699e-06,-1.359292093610076080e-02,-1.726294000254289390e-02,1.726485175397787786e-02,-1.035148685114162011e-07
8.500000000000000000e+00,5.000000000000000000e+00,5.013592973734066760e+00,5.013592973734066760e+00,5.013592973734066760e+00,2.639898292437694183e-06,2.639898292437694183e-06,1.742418123586170545e-06,-1.359297373406676002e-02,-1.726300958884796621e-02,1.726485175397787786e-02,-9.974700632547326531e-08
8.519999999999999574e+00,5.000000000000000000e+00,5.013593024610226934e+00,5.013593024610226934e+00,5.013593024610226934e+00,2.543808005353644119e-06,2.543808005353644119e-06,1.678995421597194385e-06,-1.359302461022693365e-02,-1.726307664226478522e-02,1.726485175397787786e-02,-9.611629149544203347e-08
8.540000000000000924e+00,5.000000000000000000e+00,5.013593073634533326e+00,5.013593073634533326e+00,5.013593073634533326e+00,2.451215330604053766e-06,2.451215330604053766e-06,1.617881257857739536e-06,-1.359307363453332584e-02,-1.726314125498820684e-02,1.726485175397787786e-02,-9.261773181327696992e-08
8.560000000000000497e+00,5.000000000000000000e+00,5.013593120874392461e+00,5.013593120874392461e+00,5.013593120874392461e+00,2.361992957913832688e-06,2.361992957913832688e-06,1.558991603701843192e-06,-1.359312087439246142e-02,-1.726320351585732341e-02,1.726485175397787786e-02,-8.924651685260848499e-08
8.580000000000000071e+00,5.000000000000000000e+00,5.013593166394756828e+00,5.013593166394756828e+00,5.013593166394756828e+00,2.276018210902820747e-06,2.276018210902820747e-06,1.502245487803712648e-06,-1.359316639475682820e-02,-1.726326351047842780e-02,1.726485175397787786e-02,-8.599801164634115658e-08
8.599999999999999645e+00,5.000000000000000000e+00,5.013593210258214583e+00,5.013593210258214583e+00,5.013593210258214583e+00,2.193172878522558873e-06,2.193172878522558873e-06,1.447564887100200946e-06,-1.359321025821458306e-02,-1.726332132134117056e-02,1.726485175397787786e-02,-8.286774960709528816e-08
8.620000000000000995e+00,5.000000000000000000e+00,5.013593252525075705e+00,5.013593252525075705e+00,5.013593252525075705e+00,2.113343052537323030e-06,2.113343052537323030e-06,1.394874618670198321e-06,-1.359325252507570525e-02,-1.726337702793252077e-02,1.726485175397787786e-02,-7.985142668689041169e-08
8.640000000000000568e+00,5.000000000000000000e+00,5.013593293253455485e+00,5.013593293253455485e+00,5.013593293253455485e+00,2.036418970904675752e-06,2.036418970904675752e-06,1.344102236210851736e-06,-1.359329325345548511e-02,-1.726343070684614733e-02,1.726485175397787786e-02,-7.694489551967220444e-08
8.660000000000000142e+00,5.000000000000000000e+00,5.013593332499352684e+00,5.013593332499352684e+00,5.013593332499352684e+00,1.962294866755970182e-06,1.962294866755970182e-06,1.295177929417618993e-06,-1.359333249935268384e-02,-1.726348243188846610e-02,1.726485175397787786e-02,-7.414415999414286323e-08
8.679999999999999716e+00,5.000000000000000000e+00,5.013593370316729469e+00,5.013593370316729469e+00,5.013593370316729469e+00,1.890868823197307917e-06,1.890868823197307917e-06,1.248034431169348375e-06,-1.359337031672946949e-02,-1.726353227417790764e-02,1.726485175397787786e-02,-7.144536880086520506e-08
8.700000000000001066e+00,5.000000000000000000e+00,5.013593406757582471e+00,5.013593406757582471e+00,5.013593406757582471e+00,1.822042632842737161e-06,1.822042632842737161e-06,1.202606919651600570e-06,-1.359340675758247130e-02,-1.726358030224642640e-02,1.726485175397787786e-02,-6.884481179986122717e-08
8.720000000000000639e+00,5.000000000000000000e+00,5.013593441872015610e+00,5.013593441872015610e+00,5.013593441872015610e+00,1.755721663067024763e-06,1.755721663067024763e-06,1.158832935085613392e-06,-1.359344187201561027e-02,-1.726362658212973744e-02,1.726485175397787786e-02,-6.633891305480263270e-08
8.740000000000000213e+00,5.000000000000000000e+00,5.013593475708310265e+00,5.013593475708310265e+00,5.013593475708310265e+00,1.691814725881363187e-06,1.691814725881363187e-06,1.116652291210409002e-06,-1.359347570831026530e-02,-1.726367117745982588e-02,1.726485175397787786e-02,-6.392422684156984591e-08
8.759999999999999787e+00,5.000000000000000000e+00,5.013593508312989222e+00,5.013593508312989222e+00,5.013593508312989222e+00,1.630233952324408109e-06,1.630233952324408109e-06,1.076006990311812202e-06,-1.359350831298922202e-02,-1.726371414955403874e-02,1.726485175397787786e-02,-6.159743352730478516e-08
8.779999999999999361e+00,5.000000000000000000e+00,5.013593539730882398e+00,5.013593539730882398e+00,5.013593539730882398e+00,1.570894671889628444e-06,1.570894671889628444e-06,1.036841147976611667e-06,-1.359353973088239798e-02,-1.726375555749631169e-02,1.726485175397787786e-02,-5.935533358955782241e-08
8.800000000000000711e+00,5.000000000000000000e+00,5.013593570005188127e+00,5.013593570005188127e+00,5.013593570005188127e+00,1.513715295992282485e-06,1.513715295992282485e-06,9.991009129161690660e-07,-1.359357000518812697e-02,-1.726379545822064737e-02,1.726485175397787786e-02,-5.719484431431639731e-08
8.820000000000000284e+00,5.000000000000000000e+00,5.013593599177532667e+00,5.013593599177532667e+00,5.013593599177532667e+00,1.458617205761408656e-06,1.458617205761408656e-06,9.627343936835446230e-07,-1.359359917753266700e-02,-1.726383390658892125e-02,1.726485175397787786e-02,-5.511299527306072466e-08
8.839999999999999858e+00,5.000000000000000000e+00,5.013593627288025267e+00,5.013593627288025267e+00,5.013593627288025267e+00,1.405524643897067458e-06,1.405524643897067458e-06,9.276915871179969872e-07,-1.359362728802526732e-02,-1.726387095546648778e-02,1.726485175397787786e-02,-5.310692427207713641e-08
8.859999999999999432e+00,5.000000000000000000e+00,5.013593654375317676e+00,5.013593654375317676e+00,5.013593654375317676e+00,1.354364610855627850e-06,1.354364610855627850e-06,8.939243134826715889e-07,-1.359365437531767640e-02,-1.726390665579208977e-02,1.726485175397787786e-02,-5.117387230541311245e-08
8.880000000000000782e+00,5.000000000000000000e+00,5.013593680476652992e+00,5.013593680476652992e+00,5.013593680476652992e+00,1.305066763989430868e-06,1.305066763989430868e-06,8.613861421936576129e-07,-1.359368047665299173e-02,-1.726394105665345069e-02,1.726485175397787786e-02,-4.931118223351009162e-08
8.900000000000000355e+00,5.000000000000000000e+00,5.013593705627919839e+00,5.013593705627919839e+00,5.013593705627919839e+00,1.257563321193080388e-06,1.257563321193080388e-06,8.300323360259267044e-07,-1.359370562791983872e-02,-1.726397420534930144e-02,1.726485175397787786e-02,-4.751629255049222530e-08
8.919999999999999929e+00,5.000000000000000000e+00,5.013593729863699444e+00,5.013593729863699444e+00,5.013593729863699444e+00,1.211788967474359718e-06,1.211788967474359718e-06,7.998197840058735732e-07,-1.359372986369944414e-02,-1.726400614745819684e-02,1.726485175397787786e-02,-4.578673567514556693e-08
8.939999999999999503e+00,5.000000000000000000e+00,5.013593753217314486e+00,5.013593753217314486e+00,5.013593753217314486e+00,1.167680765363680008e-06,1.167680765363680008e-06,7.707069463675624134e-07,-1.359375321731448594e-02,-1.726403692689829419e-02,1.726485175397787786e-02,-4.412013321610072994e-08
8.960000000000000853e+00,5.000000000000000000e+00,5.013593775720876167e+00,5.013593775720876167e+00,5.013593775720876167e+00,1.125178068321147354e-06,1.125178068321147354e-06,7.426537949383532580e-07,-1.359377572087616670e-02,-1.726406658598939742e-02,1.726485175397787786e-02,-4.251419354208641342e-08
8.980000000000000426e+00,5.000000000000000000e+00,5.013593797405325070e+00,5.013593797405325070e+00,5.013593797405325070e+00,1.084222437083957591e-06,1.084222437083957591e-06,7.156217559492487659e-07,-1.359379740532506986e-02,-1.726409516551273213e-02,1.726485175397787786e-02,-4.096670919648121217e-08
9.000000000000000000e+00,5.000000000000000000e+00,5.013593818300476457e+00,5.013593818300476457e+00,5.013593818300476457e+00,1.044757559680399787e-06,1.044757559680399787e-06,6.895736630483799805e-07,-1.359381830047645678e-02,-1.726412270476283817e-02,1.726485175397787786e-02,-3.947555199130987048e-08
9.019999999999999574e+00,5.000000000000000000e+00,5.013593838435060235e+00,5.013593838435060235e+00,5.013593838435060235e+00,1.006729173811687407e-06,1.006729173811687407e-06,6.644737009932754572e-07,-1.359383843506023481e-02,-1.726414924160509998e-02,1.726485175397787786e-02,-3.803867178460494982e-08
9.040000000000000924e+00,5.000000000000000000e+00,5.013593857836760037e+00,5.013593857836760037e+00,5.013593857836760037e+00,9.700849922714700544e-07,9.700849922714700544e-07,6.402873584095146183e-07,-1.359385783676003712e-02,-1.726417481252649766e-02,1.726485175397787786e-02,-3.665409297068285138e-08
9.060000000000000497e+00,5.000000000000000000e+00,5.013593876532252303e+00,5.013593876532252303e+00,5.013593876532252303e+00,9.347746311492231865e-07,9.347746311492231865e-07,6.169813810490011637e-07,-1.359387653225230252e-02,-1.726419945268524783e-02,1.726485175397787786e-02,-3.531991158102422486e-08
9.080000000000000071e+00,5.000000000000000000e+00,5.013593894547242691e+00,5.013593894547242691e+00,5.013593894547242691e+00,9.007495404542324704e-07,9.007495404542324704e-07,5.945237241993158143e-07,-1.359389454724269086e-02,-1.726422319596042365e-02,1.726485175397787786e-02,-3.403429325489020301e-08
9.099999999999999645e+00,5.000000000000000000e+00,5.013593911906501610e+00,5.013593911906501610e+00,5.013593911906501610e+00,8.679629373257711060e-07,8.679629373257711060e-07,5.728835091696184028e-07,-1.359391190650161008e-02,-1.726424607499821642e-02,1.726485175397787786e-02,-3.279547049181523605e-08
9.120000000000000995e+00,5.000000000000000000e+00,5.013593928633896191e+00,5.013593928633896191e+00,5.013593928633896191e+00,8.363697416478406339e-07,8.363697416478406339e-07,5.520309805464661732e-07,-1.359392863389619066e-02,-1.726426812125704535e-02,1.726485175397787786e-02,-3.160174028603922508e-08
9.140000000000000568e+00,5.000000000000000000e+00,5.013593944752426701e+00,5.013593944752426701e+00,5.013593944752426701e+00,8.059265143843121077e-07,8.059265143843121077e-07,5.319374690125553720e-07,-1.359394475242670097e-02,-1.726428936504816394e-02,1.726485175397787786e-02,-3.045146070135858008e-08
9.160000000000000142e+00,5.000000000000000000e+00,5.013593960284254969e+00,5.013593960284254969e+00,5.013593960284254969e+00,7.765913974740373630e-07,7.765913974740373630e-07,5.125753452815644485e-07,-1.359396028425496894e-02,-1.726430983558191121e-02,1.726485175397787786e-02,-2.934305068508626250e-08
9.179999999999999716e+00,5.000000000000000000e+00,5.013593975250736356e+00,5.013593975250736356e+00,5.013593975250736356e+00,7.483240565375938279e-07,7.483240565375938279e-07,4.939179881096016948e-07,-1.359397525073635649e-02,-1.726432956100381125e-02,1.726485175397787786e-02,-2.827498595700809060e-08
9.200000000000001066e+00,5.000000000000000000e+00,5.013593989672449069e+00,5.013593989672449069e+00,5.013593989672449069e+00,7.210856253642560555e-07,7.210856253642560555e-07,4.759397448042165798e-07,-1.359398967244906942e-02,-1.726434856843517274e-02,1.726485175397787786e-02,-2.724579790090361344e-08
9.220000000000000639e+00,5.000000000000000000e+00,5.013594003569221691e+00,5.013594003569221691e+00,5.013594003569221691e+00,6.948386524374942384e-07,6.948386524374942384e-07,4.586158960966379909e-07,-1.359400356922169095e-02,-1.726436688401031955e-02,1.726485175397787786e-02,-2.625407146167212244e-08
9.240000000000000213e+00,5.000000000000000000e+00,5.013594016960162492e+00,5.013594016960162492e+00,5.013594016960162492e+00,6.695470495477713356e-07,6.695470495477713356e-07,4.419226235402647866e-07,-1.359401696016249161e-02,-1.726438453291154890e-02,1.726485175397787786e-02,-2.529844278869518874e-08
9.259999999999999787e+00,5.000000000000000000e+00,5.013594029863683410e+00,5.013594029863683410e+00,5.013594029863683410e+00,6.451760418971523064e-07,6.451760418971523064e-07,4.258369730415812028e-07,-1.359402986368341004e-02,-1.726440153940636546e-02,1.726485175397787786e-02,-2.437759847081611611e-08
9.279999999999999361e+00,5.000000000000000000e+00,5.013594042297525810e+00,5.013594042297525810e+00,5.013594042297525810e+00,6.216921204672583315e-07,6.216921204672583315e-07,4.103368275982125569e-07,-1.359404229752581017e-02,-1.726441792687793270e-02,1.726485175397787786e-02,-2.349027234694845515e-08
9.300000000000000711e+00,5.000000000000000000e+00,5.013594054278785350e+00,5.013594054278785350e+00,5.013594054278785350e+00,5.990629960145722830e-07,5.990629960145722830e-07,3.954008759403973173e-07,-1.359405427878535022e-02,-1.726443371785777933e-02,1.726485175397787786e-02,-2.263524415812766967e-08
9.320000000000000284e+00,5.000000000000000000e+00,5.013594065823936852e+00,5.013594065823936852e+00,5.013594065823936852e+00,5.772575546451760392e-07,5.772575546451760392e-07,3.810085823206102156e-07,-1.359406582393685170e-02,-1.726444893405739561e-02,1.726485175397787786e-02,-2.181133816163444783e-08
9.339999999999999858e+00,5.000000000000000000e+00,5.013594076948852951e+00,5.013594076948852951e+00,5.013594076948852951e+00,5.562458147721762289e-07,5.562458147721762289e-07,3.671401559151783067e-07,-1.359407694885295115e-02,-1.726446359639980180e-02,1.726485175397787786e-02,-2.101742216088101528e-08
9.359999999999999432e+00,5.000000000000000000e+00,5.013594087668830745e+00,5.013594087668830745e+00,5.013594087668830745e+00,5.359988863849344579e-07,5.359988863849344579e-07,3.537765308997581487e-07,-1.359408766883074549e-02,-1.726447772504324796e-02,1.726485175397787786e-02,-2.025240373014158763e-08
9.380000000000000782e+00,5.000000000000000000e+00,5.013594097998609556e+00,5.013594097998609556e+00,5.013594097998609556e+00,5.164889308741571898e-07,5.164889308741571898e-07,3.408993312771622535e-07,-1.359409799860955559e-02,-1.726449133941504802e-02,1.726485175397787786e-02,-1.951523155267936695e-08
9.400000000000000355e+00,5.000000000000000000e+00,5.013594107952392243e+00,5.013594107952392243e+00,5.013594107952392243e+00,4.976891229676338653e-07,4.976891229676338653e-07,3.284908518089242090e-07,-1.359410795239224257e-02,-1.726450445823413463e-02,1.726485175397787786e-02,-1.880489193430690456e-08
9.419999999999999929e+00,5.000000000000000000e+00,5.013594117543864748e+00,5.013594117543864748e+00,5.013594117543864748e+00,4.795736138305817965e-07,4.795736138305817965e-07,3.165340315971130181e-07,-1.359411754386474769e-02,-1.726451709953814861e-02,1.726485175397787786e-02,-1.812040813212976511e-08
9.439999999999999503e+00,5.000000000000000000e+00,5.013594126786214744e+00,5.013594126786214744e+00,5.013594126786214744e+00,4.621174955124876269e-07,4.621174955124876269e-07,3.050124306496398895e-07,-1.359412678621474413e-02,-1.726452928070822818e-02,1.726485175397787786e-02,-1.746083900004139372e-08
9.460000000000000853e+00,5.000000000000000000e+00,5.013594135692150289e+00,5.013594135692150289e+00,5.013594135692150289e+00,4.452967667165973562e-07,4.452967667165973562e-07,2.939102075535851317e-07,-1.359413569215028872e-02,-1.726454101849272602e-02,1.726485175397787786e-02,-1.682527759825665988e-08
9.480000000000000426e+00,5.000000000000000000e+00,5.013594144273916697e+00,5.013594144273916697e+00,5.013594144273916697e+00,4.290882997239742635e-07,4.290882997239742635e-07,2.832120967903662703e-07,-1.359414427391669733e-02,-1.726455232903086751e-02,1.726485175397787786e-02,-1.621285021998535152e-08
9.500000000000000000e+00,5.000000000000000000e+00,5.013594152543312532e+00,5.013594152543312532e+00,5.013594152543312532e+00,4.134698086362400113e-07,4.134698086362400113e-07,2.729033888466319531e-07,-1.359415254331253209e-02,-1.726456322787420575e-02,1.726485175397787786e-02,-1.562271482547789947e-08
9.519999999999999574e+00,5.000000000000000000e+00,5.013594160511709141e+00,5.013594160511709141e+00,5.013594160511709141e+00,3.984198189186107965e-07,3.984198189186107965e-07,2.629699114599478633e-07,-1.359416051170914130e-02,-1.726457373000691436e-02,1.726485175397787786e-02,-1.505405950354453620e-08
9.540000000000000924e+00,5.000000000000000000e+00,5.013594168190062206e+00,5.013594168190062206e+00,5.013594168190062206e+00,3.839176374370086138e-07,3.839176374370086138e-07,2.533980041025888106e-07,-1.359416819006220578e-02,-1.726458384987061140e-02,1.726485175397787786e-02,-1.450610316387013469e-08
9.560000000000000497e+00,5.000000000000000000e+00,5.013594175588928614e+00,5.013594175588928614e+00,5.013594175588928614e+00,3.699433243769745312e-07,3.699433243769745312e-07,2.441745068366679994e-07,-1.359417558892861422e-02,-1.726459360137900037e-02,1.726485175397787786e-02,-1.397809204081889232e-08
9.580000000000000071e+00,5.000000000000000000e+00,5.013594182718481562e+00,5.013594182718481562e+00,5.013594182718481562e+00,3.564776658031429557e-07,3.564776658031429557e-07,2.352867386386586173e-07,-1.359418271848156223e-02,-1.726460299793933922e-02,1.726485175397787786e-02,-1.346929989997474553e-08
9.599999999999999645e+00,5.000000000000000000e+00,5.013594189588524763e+00,5.013594189588524763e+00,5.013594189588524763e+00,3.435021471223320236e-07,3.435021471223320236e-07,2.267224789950334230e-07,-1.359418958852476322e-02,-1.726461205247158473e-02,1.726485175397787786e-02,-1.297902729809394960e-08
9.620000000000000995e+00,5.000000000000000000e+00,5.013594196208503107e+00,5.013594196208503107e+00,5.013594196208503107e+00,3.309989274905127147e-07,3.309989274905127147e-07,2.184699508041389613e-07,-1.359419620850310650e-02,-1.726462077742645096e-02,1.726485175397787786e-02,-1.250660062275903165e-08
9.640000000000000568e+00,5.000000000000000000e+00,5.013594202587519533e+00,5.013594202587519533e+00,5.013594202587519533e+00,3.189508156694521977e-07,3.189508156694521977e-07,2.105178092799074917e-07,-1.359420258751953270e-02,-1.726462918479894706e-02,1.726485175397787786e-02,-1.205136965088514221e-08
9.660000000000000142e+00,5.000000000000000000e+00,5.013594208734344804e+00,5.013594208734344804e+00,5.013594208734344804e+00,3.073412460159008380e-07,3.073412460159008380e-07,2.028551191339386536e-07,-1.359420873434480370e-02,-1.726463728614980805e-02,1.726485175397787786e-02,-1.161270893586447945e-08
9.679999999999999716e+00,5.000000000000000000e+00,5.013594214657429937e+00,5.013594214657429937e+00,5.013594214657429937e+00,2.961542558879366362e-07,2.961542558879366362e-07,1.954713447362588463e-07,-1.359421465742993718e-02,-1.726464509261790153e-02,1.726485175397787786e-02,-1.119001524006455699e-08
9.700000000000001066e+00,5.000000000000000000e+00,5.013594220364919529e+00,5.013594220364919529e+00,5.013594220364919529e+00,2.853744637784141302e-07,2.853744637784141302e-07,1.883563347927114173e-07,-1.359422036491952923e-02,-1.726465261493602063e-02,1.726485175397787786e-02,-1.078270706451554879e-08
9.720000000000000639e+00,5.000000000000000000e+00,5.013594225864660636e+00,5.013594225864660636e+00,5.013594225864660636e+00,2.749870479320566696e-07,2.749870479320566696e-07,1.815003053148393658e-07,-1.359422586466063620e-02,-1.726465986344780101e-02,1.726485175397787786e-02,-1.039022476200428699e-08
9.740000000000000213e+00,5.000000000000000000e+00,5.013594231164215209e+00,5.013594231164215209e+00,5.013594231164215209e+00,2.649777261854682838e-07,2.649777261854682838e-07,1.748938304661727316e-07,-1.359423116421520916e-02,-1.726466684811900701e-02,1.726485175397787786e-02,-1.001202840467579694e-08
9.759999999999999787e+00,5.000000000000000000e+00,5.013594236270869864e+00,5.013594236270869864e+00,5.013594236270869864e+00,2.553327362168887379e-07,2.553327362168887379e-07,1.685278264996726661e-07,-1.359423627086986386e-02,-1.726467357855331758e-02,1.726485175397787786e-02,-9.647598060605782104e-09
9.779999999999999361e+00,5.000000000000000000e+00,5.013594241191646539e+00,5.013594241191646539e+00,5.013594241191646539e+00,2.460388166443264135e-07,2.460388166443264135e-07,1.623935404912657062e-07,-1.359424119164653888e-02,-1.726468006400472613e-02,1.726485175397787786e-02,-9.296432660462798227e-09
9.800000000000000711e+00,5.000000000000000000e+00,5.013594245933310489e+00,5.013594245933310489e+00,5.013594245933310489e+00,2.370831886924267496e-07,2.370831886924267496e-07,1.564825371253298540e-07,-1.359424593331048925e-02,-1.726468631339110604e-02,1.726485175397787786e-02,-8.958049646484637896e-09
9.820000000000000284e+00,5.000000000000000000e+00,5.013594250502380945e+00,5.013594250502380945e+00,5.013594250502380945e+00,2.284535388389222168e-07,2.284535388389222168e-07,1.507866901573812885e-07,-1.359425050238094457e-02,-1.726469233530432065e-02,1.726485175397787786e-02,-8.631983399823236935e-09
9.839999999999999858e+00,5.000000000000000000e+00,5.013594254905140879e+00,5.013594254905140879e+00,5.013594254905140879e+00,2.201380018162348418e-07,2.201380018162348418e-07,1.452981686120483349e-07,-1.359425490514087898e-02,-1.726469813802379918e-02,1.726485175397787786e-02,-8.317785466624665068e-09
9.859999999999999432e+00,5.000000000000000000e+00,5.013594259147644117e+00,5.013594259147644117e+00,5.013594259147644117e+00,2.121251441034255500e-07,2.121251441034255500e-07,1.400094246881418179e-07,-1.359425914764411658e-02,-1.726470372952891574e-02,1.726485175397787786e-02,-8.015024273972271119e-09
9.880000000000000782e+00,5.000000000000000000e+00,5.013594263235723325e+00,5.013594263235723325e+00,5.013594263235723325e+00,2.044039483177353779e-07,2.044039483177353779e-07,1.349131862465238553e-07,-1.359426323572332507e-02,-1.726470911750802723e-02,1.726485175397787786e-02,-7.723283604108321697e-09
9.900000000000000355e+00,5.000000000000000000e+00,5.013594267174998897e+00,5.013594267174998897e+00,5.013594267174998897e+00,1.969637982147326173e-07,1.969637982147326173e-07,1.300024472877076663e-07,-1.359426717499889747e-02,-1.726471430936862145e-02,1.726485175397787786e-02,-7.442161968702005306e-09
9.919999999999999929e+00,5.000000000000000000e+00,5.013594270970887834e+00,5.013594270970887834e+00,5.013594270970887834e+00,1.897944640597509227e-07,1.897944640597509227e-07,1.252704566649156449e-07,-1.359427097088783398e-02,-1.726471931224859979e-02,1.726485175397787786e-02,-7.171272613149883957e-09
9.939999999999999503e+00,5.000000000000000000e+00,5.013594274628609959e+00,5.013594274628609959e+00,5.013594274628609959e+00,1.828860883346593977e-07,1.828860883346593977e-07,1.207107068088358049e-07,-1.359427462860995917e-02,-1.726472413302754944e-02,1.726485175397787786e-02,-6.910243519586211045e-09
9.960000000000000853e+00,5.000000000000000000e+00,5.013594278153193251e+00,5.013594278153193251e+00,5.013594278153193251e+00,1.762291722160987756e-07,1.762291722160987756e-07,1.163169271490530711e-07,-1.359427815319325106e-02,-1.726472877833464675e-02,1.726485175397787786e-02,-6.658716082051594292e-09
9.980000000000000426e+00,5.000000000000000000e+00,5.013594281549484499e+00,5.013594281549484499e+00,5.013594281549484499e+00,1.698145628656272411e-07,1.698145628656272411e-07,1.120830787113834698e-07,-1.359428154948449929e-02,-1.726473325455542968e-02,1.726485175397787786e-02,-6.416343736798212053e-09
1.000000000000000000e+01,5.000000000000000000e+00,5.013594284822153746e+00,5.013594284822153746e+00,5.013594284822153746e+00,1.636334404696463394e-07,1.636334404696463394e-07,1.080033389058181848e-07,-1.359428482215374601e-02,-1.726473756784531466e-02,1.726485175397787786e-02,-6.182793657380572196e-09
1.001999999999999957e+01,5.000000000000000000e+00,5.013594287975699615e+00,5.013594287975699615e+00,5.013594287975699615e+00,1.576773062000829609e-07,1.576773062000829609e-07,1.040720977740125016e-07,-1.359428797569961489e-02,-1.726474172413525882e-02,1.726485175397787786e-02,-5.957744845029082138e-09
1.004000000000000092e+01,5.000000000000000000e+00,5.013594291014459081e+00,5.013594291014459081e+00,5.013594291014459081e+00,1.519379707932914240e-07,1.519379707932914240e-07,1.002839521321676705e-07,-1.359429101445908117e-02,-1.726474572913851147e-02,1.726485175397787786e-02,-5.740887234224396375e-09
1.006000000000000050e+01,5.000000000000000000e+00,5.013594293942610136e+00,5.013594293942610136e+00,5.013594293942610136e+00,1.464075428704567462e-07,1.464075428704567462e-07,9.663369156494454016e-08,-1.359429394261013613e-02,-1.726474958836303475e-02,1.726485175397787786e-02,-5.531923278163723759e-09
1.008000000000000007e+01,5.000000000000000000e+00,5.013594296764178893e+00,5.013594296764178893e+00,5.013594296764178893e+00,1.410784183319417783e-07,1.410784183319417783e-07,9.311629748530698799e-08,-1.359429676417889254e-02,-1.726475330711487247e-02,1.726485175397787786e-02,-5.330565520084423736e-09
1.009999999999999964e+01,5.000000000000000000e+00,5.013594299483044026e+00,5.013594299483044026e+00,5.013594299483044026e+00,1.359432698565658909e-07,1.359432698565658909e-07,8.972693357818287845e-08,-1.359429948304402558e-02,-1.726475689050719492e-02,1.726485175397787786e-02,-5.136537104754781020e-09
1.012000000000000099e+01,5.000000000000000000e+00,5.013594302102944766e+00,5.013594302102944766e+00,5.013594302102944766e+00,1.309950369864887041e-07,1.309950369864887041e-07,8.646094115579398267e-08,-1.359430210294476638e-02,-1.726476034346591248e-02,1.726485175397787786e-02,-4.949570809578996491e-09
1.014000000000000057e+01,5.000000000000000000e+00,5.013594304627482678e+00,5.013594304627482678e+00,5.013594304627482678e+00,1.262269160765671949e-07,1.262269160765671949e-07,8.331382788727366466e-08,-1.359430462748267843e-02,-1.726476367073985496e-02,1.726485175397787786e-02,-4.769410135622086821e-09
1.016000000000000014e+01,5.000000000000000000e+00,5.013594307060129651e+00,5.013594307060129651e+00,5.013594307060129651e+00,1.216323512589389939e-07,1.216323512589389939e-07,8.028126790028505344e-08,-1.359430706012965118e-02,-1.726476687690300243e-02,1.726485175397787786e-02,-4.595806975137347904e-09
1.017999999999999972e+01,5.000000000000000000e+00,5.013594309404230565e+00,5.013594309404230565e+00,5.013594309404230565e+00,1.172050251475594336e-07,1.172050251475594336e-07,7.735909014514337729e-08,-1.359430940423056455e-02,-1.726476996636465769e-02,1.726485175397787786e-02,-4.428523075025547550e-09
1.020000000000000107e+01,5.000000000000000000e+00,5.013594311663007730e+00,5.013594311663007730e+00,5.013594311663007730e+00,1.129388502980004066e-07,1.129388502980004066e-07,7.454327665196920357e-08,-1.359431166300772986e-02,-1.726477294337281851e-02,1.726485175397787786e-02,-4.267328407379242566e-09
1.022000000000000064e+01,5.000000000000000000e+00,5.013594313839567107e+00,5.013594313839567107e+00,5.013594313839567107e+00,1.088279609830834063e-07,1.088279609830834063e-07,7.182995714883045667e-08,-1.359431383956710704e-02,-1.726477581201981554e-02,1.726485175397787786e-02,-4.112000913489506896e-09
1.024000000000000021e+01,5.000000000000000000e+00,5.013594315936900969e+00,5.013594315936900969e+00,5.013594315936900969e+00,1.048667049290254125e-07,1.048667049290254125e-07,6.921540044250341513e-08,-1.359431593690096918e-02,-1.726477857625022608e-02,1.726485175397787786e-02,-3.962327209276347747e-09
1.025999999999999979e+01,5.000000000000000000e+00,5.013594317957894120e+00,5.013594317957894120e+00,5.013594317957894120e+00,1.010496356696726996e-07,1.010496356696726996e-07,6.669601233549829659e-08,-1.359431795789411979e-02,-1.726478123986423252e-02,1.726485175397787786e-02,-3.818101309838585343e-09
1.027999999999999936e+01,5.000000000000000000e+00,5.013594319905323893e+00,5.013594319905323893e+00,5.013594319905323893e+00,9.737150478663381444e-08,9.737150478663381444e-08,6.426832683928378182e-08,-1.359431990532389278e-02,-1.726478380652553268e-02,1.726485175397787786e-02,-3.679125505890179128e-09
1.030000000000000071e+01,5.000000000000000000e+00,5.013594321781869034e+00,5.013594321781869034e+00,5.013594321781869034e+00,9.382725517332064490e-08,9.382725517332064490e-08,6.192900865350217201e-08,-1.359432178186903428e-02,-1.726478627976134328e-02,1.726485175397787786e-02,-3.545207881075686833e-09
1.032000000000000028e+01,5.000000000000000000e+00,5.013594323590109703e+00,5.013594323590109703e+00,5.013594323590109703e+00,9.041201357683726888e-08,9.041201357683726888e-08,5.967483920848684499e-08,-1.359432359010970259e-02,-1.726478866297367215e-02,1.726485175397787786e-02,-3.416164997219614206e-09
1.033999999999999986e+01,5.000000000000000000e+00,5.013594325332531021e+00,5.013594325332531021e+00,5.013594325332531021e+00,8.712108413967822450e-08,8.712108413967822450e-08,5.750271920524683835e-08,-1.359432533253102093e-02,-1.726479095943932174e-02,1.726485175397787786e-02,-3.291819350872431643e-09
1.035999999999999943e+01,5.000000000000000000e+00,5.013594327011530183e+00,5.013594327011530183e+00,5.013594327011530183e+00,8.394994213769255957e-08,8.394994213769255957e-08,5.540966411982160824e-08,-1.359432701153018286e-02,-1.726479317231439589e-02,1.726485175397787786e-02,-3.171999362144195507e-09
1.038000000000000078e+01,5.000000000000000000e+00,5.013594328629414676e+00,5.013594328629414676e+00,5.013594328629414676e+00,8.089422726501086652e-08,8.089422726501086652e-08,5.339279341087567545e-08,-1.359432862941467590e-02,-1.726479530464333084e-02,1.726485175397787786e-02,-3.056541136139498022e-09
1.040000000000000036e+01,5.000000000000000000e+00,5.013594330188409387e+00,5.013594330188409387e+00,5.013594330188409387e+00,7.794973813500610229e-08,7.794973813500610229e-08,5.144933596496319109e-08,-1.359433018840938701e-02,-1.726479735935664006e-02,1.726485175397787786e-02,-2.945285272833398923e-09
1.041999999999999993e+01,5.000000000000000000e+00,5.013594331690657491e+00,5.013594331690657491e+00,5.013594331690657491e+00,7.511242621148569205e-08,7.511242621148569205e-08,4.957661889980199988e-08,-1.359433169065749070e-02,-1.726479933927992094e-02,1.726485175397787786e-02,-2.838079057113110438e-09
1.043999999999999950e+01,5.000000000000000000e+00,5.013594333138224890e+00,5.013594333138224890e+00,5.013594333138224890e+00,7.237839038720103442e-08,7.237839038720103442e-08,4.777206796863912234e-08,-1.359433313822488998e-02,-1.726480124713501360e-02,1.726485175397787786e-02,-2.734774895617204585e-09
1.046000000000000085e+01,5.000000000000000000e+00,5.013594334533101993e+00,5.013594334533101993e+00,5.013594334533101993e+00,6.974387147599254792e-08,6.974387147599254792e-08,4.603320127511618932e-08,-1.359433453310199269e-02,-1.726480308554561097e-02,1.726485175397787786e-02,-2.635230991774468960e-09
1.048000000000000043e+01,5.000000000000000000e+00,5.013594335877207264e+00,5.013594335877207264e+00,5.013594335877207264e+00,6.720524711391259850e-08,6.720524711391259850e-08,4.435762785519304043e-08,-1.359433587720726422e-02,-1.726480485703953127e-02,1.726485175397787786e-02,-2.539310491392549362e-09
1.050000000000000000e+01,5.000000000000000000e+00,5.013594337172388116e+00,5.013594337172388116e+00,5.013594337172388116e+00,6.475902669090118330e-08,6.475902669090118330e-08,4.274304288379839361e-08,-1.359433717238811568e-02,-1.726480656405322486e-02,1.726485175397787786e-02,-2.446881769195704123e-09
1.051999999999999957e+01,5.000000000000000000e+00,5.013594338420425345e+00,5.013594338420425345e+00,5.013594338420425345e+00,6.240184678847934871e-08,6.240184678847934871e-08,4.118722766668279111e-08,-1.359433842042534479e-02,-1.726480820893290871e-02,1.726485175397787786e-02,-2.357817302462673020e-09
1.054000000000000092e+01,5.000000000000000000e+00,5.013594339623034912e+00,5.013594339623034912e+00,5.013594339623034912e+00,6.013046641354307700e-08,6.013046641354307700e-08,3.968804303911665804e-08,-1.359433962303491228e-02,-1.726480979394018692e-02,1.726485175397787786e-02,-2.271994651824598679e-09
1.056000000000000050e+01,5.000000000000000000e+00,5.013594340781870606e+00,5.013594340781870606e+00,5.013594340781870606e+00,5.794176254383229639e-08,5.794176254383229639e-08,3.824342771643529071e-08,-1.359434078187060635e-02,-1.726481132125434054e-02,1.726485175397787786e-02,-2.189295820885009915e-09
1.058000000000000007e+01,5.000000000000000000e+00,5.013594341898524931e+00,5.013594341898524931e+00,5.013594341898524931e+00,5.583272578534052951e-08,5.583272578534052951e-08,3.685139495891464084e-08,-1.359434189852493091e-02,-1.726481279297566868e-02,1.726485175397787786e-02,-2.109607250266667385e-09
1.059999999999999964e+01,5.000000000000000000e+00,5.013594342974534435e+00,5.013594342974534435e+00,5.013594342974534435e+00,5.380045643559558542e-08,5.380045643559558542e-08,3.551003228789110191e-08,-1.359434297453443463e-02,-1.726481421112666115e-02,1.726485175397787786e-02,-2.032818928818645472e-09
1.062000000000000099e+01,5.000000000000000000e+00,5.013594344011377935e+00,5.013594344011377935e+00,5.013594344011377935e+00,5.184216010825161136e-08,5.184216010825161136e-08,3.421749316215582490e-08,-1.359434401137793458e-02,-1.726481557765873268e-02,1.726485175397787786e-02,-1.958825983025556014e-09
1.064000000000000057e+01,5.000000000000000000e+00,5.013594345010480957e+00,5.013594345010480957e+00,5.013594345010480957e+00,4.995514426228676890e-08,4.995514426228676890e-08,3.297200164860319344e-08,-1.359434501048095711e-02,-1.726481689444997816e-02,1.726485175397787786e-02,-1.887526251091182376e-09
1.066000000000000014e+01,5.000000000000000000e+00,5.013594345973217514e+00,5.013594345973217514e+00,5.013594345973217514e+00,4.813681437399730935e-08,4.813681437399730935e-08,3.177184537939217336e-08,-1.359434597321751426e-02,-1.726481816331081748e-02,1.726485175397787786e-02,-1.818821680986991669e-09
1.067999999999999972e+01,5.000000000000000000e+00,5.013594346900910992e+00,5.013594346900910992e+00,5.013594346900910992e+00,4.638467030180250652e-08,4.638467030180250652e-08,3.061537365204925461e-08,-1.359434690091099185e-02,-1.726481938598624366e-02,1.726485175397787786e-02,-1.752617982147536636e-09
1.070000000000000107e+01,5.000000000000000000e+00,5.013594347794836814e+00,5.013594347794836814e+00,5.013594347794836814e+00,4.469630296938384786e-08,4.469630296938384786e-08,2.950099697761593640e-08,-1.359434779483681410e-02,-1.726482056415696090e-02,1.726485175397787786e-02,-1.688823939344382375e-09
1.072000000000000064e+01,5.000000000000000000e+00,5.013594348656224220e+00,5.013594348656224220e+00,5.013594348656224220e+00,4.306939100319329002e-08,4.306939100319329002e-08,2.842718330747828605e-08,-1.359434865622421995e-02,-1.726482169944275336e-02,1.726485175397787786e-02,-1.627351817023562010e-09
1.074000000000000021e+01,5.000000000000000000e+00,5.013594349486258039e+00,5.013594349486258039e+00,5.013594349486258039e+00,4.150169749454259767e-08,4.150169749454259767e-08,2.739245591668634999e-08,-1.359434948625803941e-02,-1.726482279340476114e-02,1.726485175397787786e-02,-1.568117200028942115e-09
1.075999999999999979e+01,5.000000000000000000e+00,5.013594350286079582e+00,5.013594350286079582e+00,5.013594350286079582e+00,3.999106687354768421e-08,3.999106687354768421e-08,2.639539128459344323e-08,-1.359435028607958174e-02,-1.726482384754771116e-02,1.726485175397787786e-02,-1.511038882108578880e-09
1.077999999999999936e+01,5.000000000000000000e+00,5.013594351056788412e+00,5.013594351056788412e+00,5.013594351056788412e+00,3.853542203252872818e-08,3.853542203252872818e-08,2.543461846335813384e-08,-1.359435105678841182e-02,-1.726482486332106894e-02,1.726485175397787786e-02,-1.456038345556313951e-09
1.080000000000000071e+01,5.000000000000000000e+00,5.013594351799443238e+00,5.013594351799443238e+00,5.013594351799443238e+00,3.713276150479086545e-08,3.713276150479086545e-08,2.450881675515011081e-08,-1.359435179944323835e-02,-1.726482584212128343e-02,1.726485175397787786e-02,-1.403039839273744994e-09
1.082000000000000028e+01,5.000000000000000000e+00,5.013594352515066355e+00,5.013594352515066355e+00,5.013594352515066355e+00,3.578115685153671873e-08,3.578115685153671873e-08,2.361671497224938825e-08,-1.359435251506635467e-02,-1.726482678529291451e-02,1.726485175397787786e-02,-1.351969991100751981e-09
1.083999999999999986e+01,5.000000000000000000e+00,5.013594353204640974e+00,5.013594353204640974e+00,5.013594353204640974e+00,3.447874959651427429e-08,3.447874959651427429e-08,2.275708430131224458e-08,-1.359435320464097430e-02,-1.726482769413427085e-02,1.726485175397787786e-02,-1.302759305698277194e-09
1.085999999999999943e+01,5.000000000000000000e+00,5.013594353869115672e+00,5.013594353869115672e+00,5.013594353869115672e+00,3.322374905342869721e-08,3.322374905342869721e-08,2.192874416565852009e-08,-1.359435386911567178e-02,-1.726482856989403764e-02,1.726485175397787786e-02,-1.255339674563448224e-09
1.088000000000000078e+01,5.000000000000000000e+00,5.013594354509404383e+00,5.013594354509404383e+00,5.013594354509404383e+00,3.201442962831735298e-08,3.201442962831735298e-08,2.113055480231526145e-08,-1.359435450940438272e-02,-1.726482941377690400e-02,1.726485175397787786e-02,-1.209646171542986685e-09
1.090000000000000036e+01,5.000000000000000000e+00,5.013594355126387292e+00,5.013594355126387292e+00,5.013594355126387292e+00,3.084912848681083353e-08,3.084912848681083353e-08,2.036141821325214854e-08,-1.359435512638729193e-02,-1.726483022694356648e-02,1.726485175397787786e-02,-1.165616098128330105e-09
1.091999999999999993e+01,5.000000000000000000e+00,5.013594355720911722e+00,5.013594355720911722e+00,5.013594355720911722e+00,2.972624336416198550e-08,2.972624336416198550e-08,1.962027726032234669e-08,-1.359435572091172162e-02,-1.726483101051186006e-02,1.726485175397787786e-02,-1.123188757475070868e-09
1.093999999999999950e+01,5.000000000000000000e+00,5.013594356293796572e+00,5.013594356293796572e+00,5.013594356293796572e+00,2.864423049733365340e-08,2.864423049733365340e-08,1.890611469587865782e-08,-1.359435629379657229e-02,-1.726483176555788576e-02,1.726485175397787786e-02,-1.082305296216561811e-09
1.096000000000000085e+01,5.000000000000000000e+00,5.013594356845828770e+00,5.013594356845828770e+00,5.013594356845828770e+00,2.760160203424041366e-08,2.760160203424041366e-08,1.821794586640125929e-08,-1.359435684582877002e-02,-1.726483249312164847e-02,1.726485175397787786e-02,-1.042910362984853551e-09
1.098000000000000043e+01,5.000000000000000000e+00,5.013594357377766819e+00,5.013594357377766819e+00,5.013594357377766819e+00,2.659692443577324101e-08,2.659692443577324101e-08,1.755482604956868719e-08,-1.359435737776681918e-02,-1.726483319420253973e-02,1.726485175397787786e-02,-1.004949288559673485e-09
1.100000000000000000e+01,5.000000000000000000e+00,5.013594357890343467e+00,5.013594357890343467e+00,5.013594357890343467e+00,2.562881642874510376e-08,2.562881642874510376e-08,1.691584436549186856e-08,-1.359435789034346698e-02,-1.726483386976386189e-02,1.726485175397787786e-02,-9.683696504755342734e-10
1.101999999999999957e+01,5.000000000000000000e+00,5.013594358384262151e+00,5.013594358384262151e+00,5.013594358384262151e+00,2.469594676067360807e-08,2.469594676067360807e-08,1.630011974803015010e-08,-1.359435838426215071e-02,-1.726483452073620389e-02,1.726485175397787786e-02,-9.331219259338573120e-10
1.104000000000000092e+01,5.000000000000000000e+00,5.013594358860203215e+00,5.013594358860203215e+00,5.013594358860203215e+00,2.379703289402862634e-08,2.379703289402862634e-08,1.570680809422378422e-08,-1.359435886020321504e-02,-1.726483514801293098e-02,1.726485175397787786e-02,-8.991568526514885284e-10
1.106000000000000050e+01,5.000000000000000000e+00,5.013594359318820359e+00,5.013594359318820359e+00,5.013594359318820359e+00,2.293083873925855620e-08,2.293083873925855620e-08,1.513509134632790839e-08,-1.359435931882035931e-02,-1.726483575245808463e-02,1.726485175397787786e-02,-8.664284468960415583e-10
1.108000000000000007e+01,5.000000000000000000e+00,5.013594359760744190e+00,5.013594359760744190e+00,5.013594359760744190e+00,2.209617334255844462e-08,2.209617334255844462e-08,1.458418477225743704e-08,-1.359435976074419017e-02,-1.726483633490185493e-02,1.726485175397787786e-02,-8.348912506692556871e-10
1.109999999999999964e+01,5.000000000000000000e+00,5.013594360186582222e+00,5.013594360186582222e+00,5.013594360186582222e+00,2.129188908955758499e-08,2.129188908955758499e-08,1.405333081254983345e-08,-1.359436018658222167e-02,-1.726483689614512207e-02,1.726485175397787786e-02,-8.045019432381701698e-10
1.112000000000000099e+01,5.000000000000000000e+00,5.013594360596919763e+00,5.013594360596919763e+00,5.013594360596919763e+00,2.051688015622574348e-08,2.051688015622574348e-08,1.354179975623917318e-08,-1.359436059691976340e-02,-1.726483743695942166e-02,1.726485175397787786e-02,-7.752186999555342198e-10
1.114000000000000057e+01,5.000000000000000000e+00,5.013594360992321697e+00,5.013594360992321697e+00,5.013594360992321697e+00,1.977008099980748565e-08,1.977008099980748565e-08,1.304888859204316851e-08,-1.359436099232169681e-02,-1.726483795808810007e-02,1.726485175397787786e-02,-7.470011857469469992e-10
1.116000000000000014e+01,5.000000000000000000e+00,5.013594361373330699e+00,5.013594361373330699e+00,5.013594361373330699e+00,1.905046473276139417e-08,1.905046473276139417e-08,1.257391832934658082e-08,-1.359436137333069894e-02,-1.726483846024855565e-02,1.726485175397787786e-02,-7.198109928647086315e-10
1.117999999999999972e+01,5.000000000000000000e+00,5.013594361740471683e+00,5.013594361740471683e+00,5.013594361740471683e+00,1.835704203075485677e-08,1.835704203075485677e-08,1.211623771269601350e-08,-1.359436174047168322e-02,-1.726483894412998710e-02,1.726485175397787786e-02,-6.936101780641039471e-10
1.120000000000000107e+01,5.000000000000000000e+00,5.013594362094249135e+00,5.013594362094249135e+00,5.013594362094249135e+00,1.768885937815900593e-08,1.768885937815900593e-08,1.167521550479635006e-08,-1.359436209424913500e-02,-1.726483941039903824e-02,1.726485175397787786e-02,-6.683633348167721779e-10
1.122000000000000064e+01,5.000000000000000000e+00,5.013594362435148888e+00,5.013594362435148888e+00,5.013594362435148888e+00,1.704499803744838286e-08,1.704499803744838286e-08,1.125024597105278682e-08,-1.359436243514888787e-02,-1.726483985969640145e-02,1.726485175397787786e-02,-6.440355053572415380e-10
1.124000000000000021e+01,5.000000000000000000e+00,5.013594362763640788e+00,5.013594362763640788e+00,5.013594362763640788e+00,1.642457281975911407e-08,1.642457281975911407e-08,1.084074586055568503e-08,-1.359436276364078822e-02,-1.726484029263908662e-02,1.726485175397787786e-02,-6.205929306797684947e-10
1.125999999999999979e+01,5.000000000000000000e+00,5.013594363080175142e+00,5.013594363080175142e+00,5.013594363080175142e+00,1.582673054373606166e-08,1.582673054373606166e-08,1.044615005952859826e-08,-1.359436308017514250e-02,-1.726484070982380048e-02,1.726485175397787786e-02,-5.980040178489783615e-10
1.127999999999999936e+01,5.000000000000000000e+00,5.013594363385188046e+00,5.013594363385188046e+00,5.013594363385188046e+00,1.525064934177758510e-08,1.525064934177758510e-08,1.006591852415128443e-08,-1.359436338518804632e-02,-1.726484111182243278e-02,1.726485175397787786e-02,-5.762369209273427734e-10
1.130000000000000071e+01,5.000000000000000000e+00,5.013594363679098720e+00,5.013594363679098720e+00,5.013594363679098720e+00,1.469553708648280939e-08,1.469553708648280939e-08,9.699526788829826336e-09,-1.359436367909871990e-02,-1.726484149918881827e-02,1.726485175397787786e-02,-5.552622707529435136e-10
1.132000000000000028e+01,5.000000000000000000e+00,5.013594363962311284e+00,5.013594363962311284e+00,5.013594363962311284e+00,1.416063051764072494e-08,1.416063051764072494e-08,9.346471398061973229e-09,-1.359436396231128441e-02,-1.726484187245537483e-02,1.726485175397787786e-02,-5.350511049682307727e-10
1.133999999999999986e+01,5.000000000000000000e+00,5.013594364235214762e+00,5.013594364235214762e+00,5.013594364235214762e+00,1.364519415752343327e-08,1.364519415752343327e-08,9.006266916467804877e-09,-1.359436423521476200e-02,-1.726484223213533079e-02,1.726485175397787786e-02,-5.155756306044184591e-10
1.135999999999999943e+01,5.000000000000000000e+00,5.013594364498184852e+00,5.013594364498184852e+00,5.013594364498184852e+00,1.314851936730311191e-08,1.314851936730311191e-08,8.678446255320224690e-09,-1.359436449818485215e-02,-1.726484257872274927e-02,1.726485175397787786e-02,-4.968088732648550930e-10
1.138000000000000078e+01,5.000000000000000000e+00,5.013594364751583043e+00,5.013594364751583043e+00,5.013594364751583043e+00,1.266992321048950775e-08,1.266992321048950775e-08,8.362557799167065354e-09,-1.359436475158304347e-02,-1.726484291269476251e-02,1.726485175397787786e-02,-4.787253161790894831e-10
1.140000000000000036e+01,5.000000000000000000e+00,5.013594364995758390e+00,5.013594364995758390e+00,5.013594364995758390e+00,1.220874762865909436e-08,1.220874762865909436e-08,8.058167392185372150e-09,-1.359436499575839008e-02,-1.726484323451046507e-02,1.726485175397787786e-02,-4.613000206021576408e-10
1.141999999999999993e+01,5.000000000000000000e+00,5.013594365231045735e+00,5.013594365231045735e+00,5.013594365231045735e+00,1.176435840436324580e-08,1.176435840436324580e-08,7.764855385700617039e-09,-1.359436523104573524e-02,-1.726484354461315512e-02,1.726485175397787786e-02,-4.445093370326426377e-10
1.143999999999999950e+01,5.000000000000000000e+00,5.013594365457768376e+00,5.013594365457768376e+00,5.013594365457768376e+00,1.133614458005257543e-08,1.133614458005257543e-08,7.482220161256538766e-09,-1.359436545776837590e-02,-1.726484384342808279e-02,1.726485175397787786e-02,-4.283296338139044127e-10
1.146000000000000085e+01,5.000000000000000000e+00,5.013594365676238951e+00,5.013594365676238951e+00,5.013594365676238951e+00,1.092351746433229703e-08,1.092351746433229703e-08,7.209873422849793109e-09,-1.359436567623895087e-02,-1.726484413136583629e-02,1.726485175397787786e-02,-4.127386187192058625e-10
1.148000000000000043e+01,5.000000000000000000e+00,5.013594365886756776e+00,5.013594365886756776e+00,5.013594365886756776e+00,1.052590962078664883e-08,1.052590962078664883e-08,6.947439028875810025e-09,-1.359436588675677626e-02,-1.726484440882346955e-02,1.726485175397787786e-02,-3.977153794355948089e-10
1.150000000000000000e+01,5.000000000000000000e+00,5.013594366089612286e+00,5.013594366089612286e+00,5.013594366089612286e+00,1.014277447167098918e-08,1.014277447167098918e-08,6.694558129630054052e-09,-1.359436608961228643e-02,-1.726484467618110558e-02,1.726485175397787786e-02,-3.832386426512095606e-10
1.151999999999999957e+01,5.000000000000000000e+00,5.013594366285084369e+00,5.013594366285084369e+00,5.013594366285084369e+00,9.773585142340667827e-09,9.773585142340667827e-09,6.450881178367768176e-09,-1.359436628508436939e-02,-1.726484493380760557e-02,1.726485175397787786e-02,-3.692890939192169524e-10
1.154000000000000092e+01,5.000000000000000000e+00,5.013594366473441255e+00,5.013594366473441255e+00,5.013594366473441255e+00,9.417833954784274889e-09,9.417833954784274889e-09,6.216073266776733485e-09,-1.359436647344125504e-02,-1.726484518205714802e-02,1.726485175397787786e-02,-3.558474630597444705e-10
1.156000000000000050e+01,5.000000000000000000e+00,5.013594366654942291e+00,5.013594366654942291e+00,5.013594366654942291e+00,9.075031812326880816e-09,9.075031812326880816e-09,5.989812530210331680e-09,-1.359436665494229146e-02,-1.726484542127039445e-02,1.726485175397787786e-02,-3.428949531926452990e-10
1.158000000000000007e+01,5.000000000000000000e+00,5.013594366829836169e+00,5.013594366829836169e+00,5.013594366829836169e+00,8.744707349554763491e-09,8.744707349554763491e-09,5.771787184605706735e-09,-1.359436682983616862e-02,-1.726484565177670988e-02,1.726485175397787786e-02,-3.304139833732865818e-10
1.159999999999999964e+01,5.000000000000000000e+00,5.013594366998364471e+00,5.013594366998364471e+00,5.013594366998364471e+00,8.426406514926794460e-09,8.426406514926794460e-09,5.561699003275065740e-09,-1.359436699836447104e-02,-1.726484587389193540e-02,1.726485175397787786e-02,-3.183869391861891493e-10
1.162000000000000099e+01,5.000000000000000000e+00,5.013594367160758125e+00,5.013594367160758125e+00,5.013594367160758125e+00,8.119691568248981762e-09,8.119691568248981762e-09,5.359257048148660860e-09,-1.359436716075812512e-02,-1.726484608792287767e-02,1.726485175397787786e-02,-3.067979520376935576e-10
1.164000000000000057e+01,5.000000000000000000e+00,5.013594367317240952e+00,5.013594367317240952e+00,5.013594367317240952e+00,7.824140856647793013e-09,7.824140856647793013e-09,5.164184452237099233e-09,-1.359436731724095182e-02,-1.726484629416281946e-02,1.726485175397787786e-02,-2.956306061580019841e-10
1.166000000000000014e+01,5.000000000000000000e+00,5.013594367468027890e+00,5.013594367468027890e+00,5.013594367468027890e+00,7.539347970659287225e-09,7.539347970659287225e-09,4.976211996762737621e-09,-1.359436746802789031e-02,-1.726484649289600909e-02,1.726485175397787786e-02,-2.848698720054319381e-10
1.167999999999999972e+01,5.000000000000000000e+00,5.013594367613325886e+00,5.013594367613325886e+00,5.013594367613325886e+00,7.264921338538069054e-09,7.264921338538069054e-09,4.795081649447103853e-09,-1.359436761332588617e-02,-1.726484668439542264e-02,1.726485175397787786e-02,-2.745008057722755186e-10
1.170000000000000107e+01,5.000000000000000000e+00,5.013594367753335668e+00,5.013594367753335668e+00,5.013594367753335668e+00,7.000483708453783528e-09,7.000483708453783528e-09,4.620545037695212974e-09,-1.359436775333566771e-02,-1.726484686892387418e-02,1.726485175397787786e-02,-2.645089659774601398e-10
1.172000000000000064e+01,5.000000000000000000e+00,5.013594367888249081e+00,5.013594367888249081e+00,5.013594367888249081e+00,6.745671380785581159e-09,6.745671380785581159e-09,4.452360431771757356e-09,-1.359436788824908149e-02,-1.726484704673629869e-02,1.726485175397787786e-02,-2.548811473942638769e-10
1.174000000000000021e+01,5.000000000000000000e+00,5.013594368018251757e+00,5.013594368018251757e+00,5.013594368018251757e+00,6.500134028709145293e-09,6.500134028709145293e-09,4.290297860021219190e-09,-1.359436801825175678e-02,-1.726484721807633460e-02,1.726485175397787786e-02,-2.456036832354513233e-10
1.175999999999999979e+01,5.000000000000000000e+00,5.013594368143522217e+00,5.013594368143522217e+00,5.013594368143522217e+00,6.263534049484655962e-09,6.263534049484655962e-09,4.134134236464248669e-09,-1.359436814352221745e-02,-1.726484738317973083e-02,1.726485175397787786e-02,-2.366639105599865747e-10
1.177999999999999936e+01,5.000000000000000000e+00,5.013594368264232770e+00,5.013594368264232770e+00,5.013594368264232770e+00,6.035546168066598501e-09,6.035546168066598501e-09,3.983655235304084667e-09,-1.359436826423277012e-02,-1.726484754227321575e-02,1.726485175397787786e-02,-2.280494268063204311e-10
1.180000000000000071e+01,5.000000000000000000e+00,5.013594368380549504e+00,5.013594368380549504e+00,5.013594368380549504e+00,5.815856931869556385e-09,5.815856931869556385e-09,3.838653806096181472e-09,-1.359436838054950414e-02,-1.726484769557561777e-02,1.726485175397787786e-02,-2.197484539913974152e-10
1.182000000000000028e+01,5.000000000000000000e+00,5.013594368492633180e+00,5.013594368492633180e+00,5.013594368492633180e+00,5.604164274447832053e-09,5.604164274447832053e-09,3.698930357652312649e-09,-1.359436849263317981e-02,-1.726484784329786887e-02,1.726485175397787786e-02,-2.117496513371075368e-10
1.183999999999999986e+01,5.000000000000000000e+00,5.013594368600636564e+00,5.013594368600636564e+00,5.013594368600636564e+00,5.400176978241053416e-09,5.400176978241053416e-09,3.564291312380043206e-09,-1.359436860063656383e-02,-1.726484798564413906e-02,1.726485175397787786e-02,-2.040424264216558265e-10
1.185999999999999943e+01,5.000000000000000000e+00,5.013594368704708870e+00,5.013594368704708870e+00,5.013594368704708870e+00,5.203614686195568464e-09,5.203614686195568464e-09,3.434554057786201416e-09,-1.359436870470887015e-02,-1.726484812280843634e-02,1.726485175397787786e-02,-1.966153837341086467e-10
1.188000000000000078e+01,5.000000000000000000e+00,5.013594368804993096e+00,5.013594368804993096e+00,5.013594368804993096e+00,5.014207101107800914e-09,5.014207101107800914e-09,3.309538835317889655e-09,-1.359436880499309552e-02,-1.726484825498026537e-02,1.726485175397787786e-02,-1.894587771654004206e-10
1.190000000000000036e+01,5.000000000000000000e+00,5.013594368901626908e+00,5.013594368901626908e+00,5.013594368901626908e+00,4.831693786868037794e-09,4.831693786868037794e-09,3.189073958710171782e-09,-1.359436890162690759e-02,-1.726484838234123090e-02,1.726485175397787786e-02,-1.825626882492141785e-10
1.191999999999999993e+01,5.000000000000000000e+00,5.013594368994743533e+00,5.013594368994743533e+00,5.013594368994743533e+00,4.655823826726923303e-09,4.655823826726923303e-09,3.072994185456891644e-09,-1.359436899474353311e-02,-1.726484850506617222e-02,1.726485175397787786e-02,-1.759175201820099929e-10
1.193999999999999950e+01,5.000000000000000000e+00,5.013594369084470870e+00,5.013594369084470870e+00,5.013594369084470870e+00,4.486355368743814630e-09,4.486355368743814630e-09,2.961139246895838634e-09,-1.359436908447086978e-02,-1.726484862332428732e-02,1.726485175397787786e-02,-1.695143436370448230e-10
1.196000000000000085e+01,5.000000000000000000e+00,5.013594369170932374e+00,5.013594369170932374e+00,5.013594369170932374e+00,4.323055393702923331e-09,4.323055393702923331e-09,2.853355618334902062e-09,-1.359436917093237440e-02,-1.726484873727800531e-02,1.726485175397787786e-02,-1.633442542084805222e-10
1.198000000000000043e+01,5.000000000000000000e+00,5.013594369254246175e+00,5.013594369254246175e+00,5.013594369254246175e+00,4.165699349650209304e-09,4.165699349650209304e-09,2.749494953175780164e-09,-1.359436925424617471e-02,-1.726484884708411743e-02,1.726485175397787786e-02,-1.573988072479653121e-10
1.200000000000000000e+01,5.000000000000000000e+00,5.013594369334527734e+00,5.013594369334527734e+00,5.013594369334527734e+00,4.014070994451512213e-09,4.014070994451512213e-09,2.649415797663235493e-09,-1.359436933452773388e-02,-1.726484895289264257e-02,1.726485175397787786e-02,-1.516694376245348909e-10
1.201999999999999957e+01,5.000000000000000000e+00,5.013594369411887186e+00,5.013594369411887186e+00,5.013594369411887186e+00,3.867961778127679184e-09,3.867961778127679184e-09,2.552978831213183170e-09,-1.359436941188718606e-02,-1.726484905485022384e-02,1.726485175397787786e-02,-1.461488228079551895e-10
1.204000000000000092e+01,5.000000000000000000e+00,5.013594369486430224e+00,5.013594369486430224e+00,5.013594369486430224e+00,3.727170797280804116e-09,3.727170797280804116e-09,2.460051969658931809e-09,-1.359436948643022447e-02,-1.726484915309672505e-02,1.726485175397787786e-02,-1.408291831499443157e-10
1.206000000000000050e+01,5.000000000000000000e+00,5.013594369558259878e+00,5.013594369558259878e+00,5.013594369558259878e+00,3.591504580600431368e-09,3.591504580600431368e-09,2.370508630477077880e-09,-1.359436955825987781e-02,-1.726484924776638605e-02,1.726485175397787786e-02,-1.357028613324399051e-10
1.208000000000000007e+01,5.000000000000000000e+00,5.013594369627475622e+00,5.013594369627475622e+00,5.013594369627475622e+00,3.460776588634925367e-09,3.460776588634925367e-09,2.284224660945373011e-09,-1.359436962747562205e-02,-1.726484933899004662e-02,1.726485175397787786e-02,-1.307631702942392370e-10
1.209999999999999964e+01,5.000000000000000000e+00,5.013594369694171604e+00,5.013594369694171604e+00,5.013594369694171604e+00,3.334806947600053579e-09,3.334806947600053579e-09,2.201080178286209145e-09,-1.359436969417160412e-02,-1.726484942689403973e-02,1.726485175397787786e-02,-1.260036598410883913e-10
1.212000000000000099e+01,5.000000000000000000e+00,5.013594369758440195e+00,5.013594369758440195e+00,5.013594369758440195e+00,3.213422530889341327e-09,3.213422530889341327e-09,2.120962780492929812e-09,-1.359436975844019457e-02,-1.726484951159793640e-02,1.726485175397787786e-02,-1.214171609598915519e-10
1.214000000000000057e+01,5.000000000000000000e+00,5.013594369820369323e+00,5.013594369820369323e+00,5.013594369820369323e+00,3.096456383609469481e-09,3.096456383609469481e-09,2.043761058090621628e-09,-1.359436982036932307e-02,-1.726484959321904905e-02,1.726485175397787786e-02,-1.169977707157756193e-10
1.216000000000000014e+01,5.000000000000000000e+00,5.013594369880044255e+00,5.013594369880044255e+00,5.013594369880044255e+00,2.983747714303303836e-09,2.983747714303303836e-09,1.969369690547812622e-09,-1.359436988004425473e-02,-1.726484967186904182e-02,1.726485175397787786e-02,-1.127391454900643759e-10
1.217999999999999972e+01,5.000000000000000000e+00,5.013594369937546702e+00,5.013594369937546702e+00,5.013594369937546702e+00,2.875141558568760385e-09,2.875141558568760385e-09,1.897686156957870567e-09,-1.359436993754670198e-02,-1.726484974765620309e-02,1.726485175397787786e-02,-1.086355178111254402e-10
1.220000000000000107e+01,5.000000000000000000e+00,5.013594369992956601e+00,5.013594369992956601e+00,5.013594369992956601e+00,2.770488651282396713e-09,2.770488651282396713e-09,1.828612485705123456e-09,-1.359436999295660087e-02,-1.726484982068431095e-02,1.726485175397787786e-02,-1.046810811974041113e-10
1.222000000000000064e+01,5.000000000000000000e+00,5.013594370046349447e+00,5.013594370046349447e+00,5.013594370046349447e+00,2.669644996800667468e-09,2.669644996800667468e-09,1.762052106465104265e-09,-1.359437004634944657e-02,-1.726484989105488491e-02,1.726485175397787786e-02,-1.008708864861060550e-10
1.224000000000000021e+01,5.000000000000000000e+00,5.013594370097798958e+00,5.013594370097798958e+00,5.013594370097798958e+00,2.572471979519442020e-09,2.572471979519442020e-09,1.697914823988410916e-09,-1.359437009779895789e-02,-1.726484995886379617e-02,1.726485175397787786e-02,-9.719925769901020636e-11
1.225999999999999979e+01,5.000000000000000000e+00,5.013594370147375301e+00,5.013594370147375301e+00,5.013594370147375301e+00,2.478835967832614463e-09,2.478835967832614463e-09,1.636111862651164799e-09,-1.359437014737530092e-02,-1.726485002420467818e-02,1.726485175397787786e-02,-9.366133702565578775e-11
1.228000000000000114e+01,5.000000000000000000e+00,5.013594370195147754e+00,5.013594370195147754e+00,5.013594370195147754e+00,2.388608300032901069e-09,2.388608300032901069e-09,1.576559289835480522e-09,-1.359437019514775358e-02,-1.726485008716663327e-02,1.726485175397787786e-02,-9.025195474730820977e-11
1.230000000000000071e+01,5.000000000000000000e+00,5.013594370241181153e+00,5.013594370241181153e+00,5.013594370241181153e+00,2.301664788177873444e-09,2.301664788177873444e-09,1.519173181482623576e-09,-1.359437024118115289e-02,-1.726485014783764663e-02,1.726485175397787786e-02,-8.696704974800024174e-11
1.232000000000000028e+01,5.000000000000000000e+00,5.013594370285538560e+00,5.013594370285538560e+00,5.013594370285538560e+00,2.217885933821549144e-09,2.217885933821549144e-09,1.463876244614631687e-09,-1.359437028553855953e-02,-1.726485020630006556e-02,1.726485175397787786e-02,-8.380156768228978623e-11
1.233999999999999986e+01,5.000000000000000000e+00,5.013594370328281258e+00,5.013594370328281258e+00,5.013594370328281258e+00,2.137156622451841844e-09,2.137156622451841844e-09,1.410592820124475106e-09,-1.359437032828125780e-02,-1.726485026263397185e-02,1.726485175397787786e-02,-8.075108588266135313e-11
1.235999999999999943e+01,5.000000000000000000e+00,5.013594370369468756e+00,5.013594370369468756e+00,5.013594370369468756e+00,2.059365865699877701e-09,2.059365865699877701e-09,1.359249054932200828e-09,-1.359437036946875565e-02,-1.726485031691719907e-02,1.726485175397787786e-02,-7.781162385614806453e-11
1.238000000000000078e+01,5.000000000000000000e+00,5.013594370409157008e+00,5.013594370409157008e+00,5.013594370409157008e+00,1.984406583981398381e-09,1.984406583981398381e-09,1.309773048515084094e-09,-1.359437040915700834e-02,-1.726485036922531871e-02,1.726485175397787786e-02,-7.497951063196709695e-11
1.240000000000000036e+01,5.000000000000000000e+00,5.013594370447400195e+00,5.013594370447400195e+00,5.013594370447400195e+00,1.912175732401585848e-09,1.912175732401585848e-09,1.262098068183274077e-09,-1.359437044740019473e-02,-1.726485041962940239e-02,1.726485175397787786e-02,-7.225040727915841723e-11
1.241999999999999993e+01,5.000000000000000000e+00,5.013594370484251606e+00,5.013594370484251606e+00,5.013594370484251606e+00,1.842574082829536468e-09,1.842574082829536468e-09,1.216159236681091639e-09,-1.359437048425160555e-02,-1.726485046819824926e-02,1.726485175397787786e-02,-6.962039192034398801e-11
1.243999999999999950e+01,5.000000000000000000e+00,5.013594370519761867e+00,5.013594370519761867e+00,5.013594370519761867e+00,1.775505880859969073e-09,1.775505880859969073e-09,1.171892063133862722e-09,-1.359437051976186694e-02,-1.726485051499953779e-02,1.726485175397787786e-02,-6.708627692850618579e-11
1.246000000000000085e+01,5.000000000000000000e+00,5.013594370553979829e+00,5.013594370553979829e+00,5.013594370553979829e+00,1.710878873082897306e-09,1.710878873082897306e-09,1.129235803089250988e-09,-1.359437055397982874e-02,-1.726485056009757074e-02,1.726485175397787786e-02,-6.464450402617362122e-11
1.248000000000000043e+01,5.000000000000000000e+00,5.013594370586951676e+00,5.013594370586951676e+00,5.013594370586951676e+00,1.648604165600176732e-09,1.648604165600176732e-09,1.088131798255691982e-09,-1.359437058695167622e-02,-1.726485060355438181e-02,1.726485175397787786e-02,-6.229169779341030762e-11
1.250000000000000000e+01,5.000000000000000000e+00,5.013594370618723595e+00,5.013594370618723595e+00,5.013594370618723595e+00,1.588596257082767411e-09,1.588596257082767411e-09,1.048525080426082698e-09,-1.359437061872359465e-02,-1.726485064542862893e-02,1.726485175397787786e-02,-6.002416849770202989e-11
1.251999999999999957e+01,5.000000000000000000e+00,5.013594370649339105e+00,5.013594370649339105e+00,5.013594370649339105e+00,1.530772589168792090e-09,1.530772589168792090e-09,1.010359577943013579e-09,-1.359437064933910477e-02,-1.726485068577896659e-02,1.726485175397787786e-02,-5.783933332628883745e-11
1.254000000000000092e+01,5.000000000000000000e+00,5.013594370678839951e+00,5.013594370678839951e+00,5.013594370678839951e+00,1.475053645994315963e-09,1.475053645994315963e-09,9.735831574240310252e-10,-1.359437067883995098e-02,-1.726485072466066306e-02,1.726485175397787786e-02,-5.573405737167971460e-11
1.256000000000000050e+01,5.000000000000000000e+00,5.013594370707266989e+00,5.013594370707266989e+00,5.013594370707266989e+00,1.421362869179060781e-09,1.421362869179060781e-09,9.381458778417651806e-10,-1.359437070726698948e-02,-1.726485076212673844e-02,1.726485175397787786e-02,-5.370526157292494979e-11
1.258000000000000007e+01,5.000000000000000000e+00,5.013594370734659300e+00,5.013594370734659300e+00,5.013594370734659300e+00,1.369626427388411488e-09,1.369626427388411488e-09,9.039984512725670209e-10,-1.359437073465930013e-02,-1.726485079822907831e-02,1.726485175397787786e-02,-5.175034827450672624e-11
1.259999999999999964e+01,5.000000000000000000e+00,5.013594370761055075e+00,5.013594370761055075e+00,5.013594370761055075e+00,1.319773179675806188e-09,1.319773179675806188e-09,8.710939502623575527e-10,-1.359437076105507458e-02,-1.726485083301731310e-02,1.726485175397787786e-02,-4.986661449185654770e-11
1.262000000000000099e+01,5.000000000000000000e+00,5.013594370786489840e+00,5.013594370786489840e+00,5.013594370786489840e+00,1.271734482342705582e-09,1.271734482342705582e-09,8.393862063447993071e-10,-1.359437078648983999e-02,-1.726485086653994569e-02,1.726485175397787786e-02,-4.805172582292346170e-11
1.264000000000000057e+01,5.000000000000000000e+00,5.013594370810999123e+00,5.013594370810999123e+00,5.013594370810999123e+00,1.225444340146662801e-09,1.225444340146662801e-09,8.088330603822770441e-10,-1.359437081099912348e-02,-1.726485089884209623e-02,1.726485175397787786e-02,-4.630272124771275831e-11
1.266000000000000014e+01,5.000000000000000000e+00,5.013594370834615788e+00,5.013594370834615788e+00,5.013594370834615788e+00,1.180839052278169491e-09,1.180839052278169491e-09,7.793914614617298072e-10,-1.359437083461578766e-02,-1.726485092996888834e-02,1.726485175397787786e-02,-4.461752805222815608e-11
1.267999999999999972e+01,5.000000000000000000e+00,5.013594370857372695e+00,5.013594370857372695e+00,5.013594370857372695e+00,1.137857393088654763e-09,1.137857393088654763e-09,7.510224603830228354e-10,-1.359437085737269513e-02,-1.726485095996204908e-02,1.726485175397787786e-02,-4.299336839811322454e-11
1.270000000000000107e+01,5.000000000000000000e+00,5.013594370879301820e+00,5.013594370879301820e+00,5.013594370879301820e+00,1.096440279504517362e-09,1.096440279504517362e-09,7.236862572472798167e-10,-1.359437087930182031e-02,-1.726485098886332281e-02,1.726485175397787786e-02,-4.142829779851844746e-11
1.272000000000000064e+01,5.000000000000000000e+00,5.013594370900432473e+00,5.013594370900432473e+00,5.013594370900432473e+00,1.056530656811112564e-09,1.056530656811112564e-09,6.973440525704696902e-10,-1.359437090043247309e-02,-1.726485101671331249e-02,1.726485175397787786e-02,-3.992051279979616612e-11
1.274000000000000021e+01,5.000000000000000000e+00,5.013594370920793963e+00,5.013594370920793963e+00,5.013594370920793963e+00,1.018073712331237087e-09,1.018073712331237087e-09,6.719612120123572775e-10,-1.359437092079396336e-02,-1.726485104354924180e-02,1.726485175397787786e-02,-3.846742404583398401e-11
1.275999999999999979e+01,5.000000000000000000e+00,5.013594370940414713e+00,5.013594370940414713e+00,5.013594370940414713e+00,9.810165735407007161e-10,9.810165735407007161e-10,6.475023244258737936e-10,-1.359437094041471283e-02,-1.726485106940833444e-02,1.726485175397787786e-02,-3.706721898735322095e-11
1.278000000000000114e+01,5.000000000000000000e+00,5.013594370959320479e+00,5.013594370959320479e+00,5.013594370959320479e+00,9.453082166648584837e-10,9.453082166648584837e-10,6.239330047822792196e-10,-1.359437095932047868e-02,-1.726485109432668655e-02,1.726485175397787786e-02,-3.571818652700579637e-11
1.280000000000000071e+01,5.000000000000000000e+00,5.013594370977538794e+00,5.013594370977538794e+00,5.013594370977538794e+00,9.108997017826139612e-10,9.108997017826139612e-10,6.012230678424132589e-10,-1.359437097753879442e-02,-1.726485111833700806e-02,1.726485175397787786e-02,-3.441780195808901389e-11
1.282000000000000028e+01,5.000000000000000000e+00,5.013594370995093641e+00,5.013594370995093641e+00,5.013594370995093641e+00,8.777435743762959051e-10,8.777435743762959051e-10,5.793384277194328830e-10,-1.359437099509364089e-02,-1.726485114147426753e-02,1.726485175397787786e-02,-3.316518261161701312e-11
1.283999999999999986e+01,5.000000000000000000e+00,5.013594371012009887e+00,5.013594371012009887e+00,5.013594371012009887e+00,8.457943182644912650e-10,8.457943182644912650e-10,5.582510132582491941e-10,-1.359437101200988707e-02,-1.726485116376892323e-02,1.726485175397787786e-02,-3.195794136788765252e-11
1.285999999999999943e+01,5.000000000000000000e+00,5.013594371028309737e+00,5.013594371028309737e+00,5.013594371028309737e+00,8.150079335134617937e-10,8.150079335134617937e-10,5.379304707541969651e-10,-1.359437102830973743e-02,-1.726485118525255755e-02,1.726485175397787786e-02,-3.079484955596243492e-11
1.288000000000000078e+01,5.000000000000000000e+00,5.013594371044016285e+00,5.013594371044016285e+00,5.013594371044016285e+00,7.853422192641269579e-10,7.853422192641269579e-10,5.183507910201137462e-10,-1.359437104401628460e-02,-1.726485120595336667e-02,1.726485175397787786e-02,-2.967372016762538010e-11
1.290000000000000036e+01,5.000000000000000000e+00,5.013594371059151733e+00,5.013594371059151733e+00,5.013594371059151733e+00,7.567563705321508701e-10,7.567563705321508701e-10,4.994837319443657701e-10,-1.359437105915173305e-02,-1.726485122590068130e-02,1.726485175397787786e-02,-2.859346460997831997e-11
1.291999999999999993e+01,5.000000000000000000e+00,5.013594371073735623e+00,5.013594371073735623e+00,5.013594371073735623e+00,7.292109632979366805e-10,7.292109632979366805e-10,4.813022981900092835e-10,-1.359437107373562270e-02,-1.726485124512270111e-02,1.726485175397787786e-02,-2.755287855513952235e-11
1.293999999999999950e+01,5.000000000000000000e+00,5.013594371087789270e+00,5.013594371087789270e+00,5.013594371087789270e+00,7.026682515921950604e-10,7.026682515921950604e-10,4.637838462405202216e-10,-1.359437108778926984e-02,-1.726485126364423958e-02,1.726485175397787786e-02,-2.654979203503274123e-11
1.296000000000000085e+01,5.000000000000000000e+00,5.013594371101331326e+00,5.013594371101331326e+00,5.013594371101331326e+00,6.770916199213588691e-10,6.770916199213588691e-10,4.469019348838329406e-10,-1.359437110133132620e-02,-1.726485128149237228e-02,1.726485175397787786e-02,-2.558357069771062923e-11
1.298000000000000043e+01,5.000000000000000000e+00,5.013594371114380444e+00,5.013594371114380444e+00,5.013594371114380444e+00,6.524459228482758551e-10,6.524459228482758551e-10,4.306346491905285224e-10,-1.359437111438044354e-02,-1.726485129869078511e-02,1.726485175397787786e-02,-2.465244355825101064e-11
1.300000000000000000e+01,5.000000000000000000e+00,5.013594371126954385e+00,5.013594371126954385e+00,5.013594371126954385e+00,6.286972848570194667e-10,6.286972848570194667e-10,4.149595429357115572e-10,-1.359437112695438543e-02,-1.726485131526316399e-02,1.726485175397787786e-02,-2.375517092720835956e-11
1.301999999999999957e+01,5.000000000000000000e+00,5.013594371139070915e+00,5.013594371139070915e+00,5.013594371139070915e+00,6.058130928114493961e-10,6.058130928114493961e-10,3.998553644013183987e-10,-1.359437113907091543e-02,-1.726485133123207075e-02,1.726485175397787786e-02,-2.289044270911779691e-11
1.304000000000000092e+01,5.000000000000000000e+00,5.013594371150746021e+00,5.013594371150746021e+00,5.013594371150746021e+00,5.837618307613137119e-10,5.837618307613137119e-10,3.853004723100927615e-10,-1.359437115074602076e-02,-1.726485134662006371e-02,1.726485175397787786e-02,-2.205734183715391544e-11
1.306000000000000050e+01,5.000000000000000000e+00,5.013594371161996577e+00,5.013594371161996577e+00,5.013594371161996577e+00,5.625132566882778821e-10,5.625132566882778821e-10,3.712760900309557233e-10,-1.359437116199657680e-02,-1.726485136144744609e-02,1.726485175397787786e-02,-2.125434173883289844e-11
1.308000000000000007e+01,5.000000000000000000e+00,5.013594371172837683e+00,5.013594371172837683e+00,5.013594371172837683e+00,5.420380719803024466e-10,5.420380719803024466e-10,3.577614096085237345e-10,-1.359437117283768259e-02,-1.726485137573565212e-02,1.726485175397787786e-02,-2.048081612626909070e-11
1.309999999999999964e+01,5.000000000000000000e+00,5.013594371183283549e+00,5.013594371183283549e+00,5.013594371183283549e+00,5.223081226259441314e-10,5.223081226259441314e-10,3.447385784367192939e-10,-1.359437118328354899e-02,-1.726485138950385745e-02,1.726485175397787786e-02,-1.973544197223650680e-11
1.312000000000000099e+01,5.000000000000000000e+00,5.013594371193349275e+00,5.013594371193349275e+00,5.013594371193349275e+00,5.032964023987353707e-10,5.032964023987353707e-10,3.321909203538565763e-10,-1.359437119334927502e-02,-1.726485140277010666e-02,1.726485175397787786e-02,-1.901685084482395506e-11
1.314000000000000057e+01,5.000000000000000000e+00,5.013594371203049072e+00,5.013594371203049072e+00,5.013594371203049072e+00,4.849767393435288579e-10,4.849767393435288579e-10,3.200997718466699332e-10,-1.359437120304907154e-02,-1.726485141555357886e-02,1.726485175397787786e-02,-1.832452715454660353e-11
1.316000000000000014e+01,5.000000000000000000e+00,5.013594371212395373e+00,5.013594371212395373e+00,5.013594371212395373e+00,4.673238542169367591e-10,4.673238542169367591e-10,3.084478880776076626e-10,-1.359437121239537305e-02,-1.726485142787232210e-02,1.726485175397787786e-02,-1.765766767591206568e-11
1.317999999999999972e+01,5.000000000000000000e+00,5.013594371221401502e+00,5.013594371221401502e+00,5.013594371221401502e+00,4.503135617899020131e-10,4.503135617899020131e-10,2.972209299465891444e-10,-1.359437122140150223e-02,-1.726485143974212239e-02,1.726485175397787786e-02,-1.701482552536964710e-11
1.320000000000000107e+01,5.000000000000000000e+00,5.013594371230079894e+00,5.013594371230079894e+00,5.013594371230079894e+00,4.339224596636686578e-10,4.339224596636686578e-10,2.864025405275682535e-10,-1.359437123007989356e-02,-1.726485145117990713e-02,1.726485175397787786e-02,-1.639543019728686845e-11
1.322000000000000064e+01,5.000000000000000000e+00,5.013594371238442093e+00,5.013594371238442093e+00,5.013594371238442093e+00,4.181279909007280562e-10,4.181279909007280562e-10,2.759777720342624345e-10,-1.359437123844209339e-02,-1.726485146220146580e-02,1.726485175397787786e-02,-1.579864002486798940e-11
1.324000000000000021e+01,5.000000000000000000e+00,5.013594371246500536e+00,5.013594371246500536e+00,5.013594371246500536e+00,4.029084912170015239e-10,4.029084912170015239e-10,2.659329940634626303e-10,-1.359437124650053619e-02,-1.726485147282146027e-02,1.726485175397787786e-02,-1.522342352850297882e-11
1.325999999999999979e+01,5.000000000000000000e+00,5.013594371254264992e+00,5.013594371254264992e+00,5.013594371254264992e+00,3.882429117837978606e-10,3.882429117837978606e-10,2.562526968849646836e-10,-1.359437125426499193e-02,-1.726485148305567999e-02,1.726485175397787786e-02,-1.466950098531782425e-11
1.328000000000000114e+01,5.000000000000000000e+00,5.013594371261747007e+00,5.013594371261747007e+00,5.013594371261747007e+00,3.741112195616326045e-10,3.741112195616326045e-10,2.469259895621451963e-10,-1.359437126174700694e-02,-1.726485149291653864e-02,1.726485175397787786e-02,-1.413534965074168671e-11
1.330000000000000071e+01,5.000000000000000000e+00,5.013594371268957239e+00,5.013594371268957239e+00,5.013594371268957239e+00,3.604939367562372197e-10,3.604939367562372197e-10,2.379383915076788597e-10,-1.359437126895723935e-02,-1.726485150241869812e-02,1.726485175397787786e-02,-1.362078822928100132e-11
1.332000000000000028e+01,5.000000000000000000e+00,5.013594371275904571e+00,5.013594371275904571e+00,5.013594371275904571e+00,3.473722368434839642e-10,3.473722368434839642e-10,2.292769376287045616e-10,-1.359437127590457095e-02,-1.726485151157569273e-02,1.726485175397787786e-02,-1.312524750123725763e-11
1.333999999999999986e+01,5.000000000000000000e+00,5.013594371282598772e+00,5.013594371282598772e+00,5.013594371282598772e+00,3.347281759954585435e-10,3.347281759954585435e-10,2.209316283632295757e-10,-1.359437128259877170e-02,-1.726485152039880511e-02,1.726485175397787786e-02,-1.264744438711548197e-11
1.335999999999999943e+01,5.000000000000000000e+00,5.013594371289049612e+00,5.013594371289049612e+00,5.013594371289049612e+00,3.225444096770874083e-10,3.225444096770874083e-10,2.128905128117471665e-10,-1.359437128904961156e-02,-1.726485152890044200e-02,1.726485175397787786e-02,-1.218692304412219965e-11
1.338000000000000078e+01,5.000000000000000000e+00,5.013594371295265972e+00,5.013594371295265972e+00,5.013594371295265972e+00,3.108041193885146443e-10,3.108041193885146443e-10,2.051415067913595356e-10,-1.359437129526597232e-02,-1.726485153709300668e-02,1.726485175397787786e-02,-1.174336438230198114e-11
1.340000000000000036e+01,5.000000000000000000e+00,5.013594371301255848e+00,5.013594371301255848e+00,5.013594371301255848e+00,2.994911064363585785e-10,2.994911064363585785e-10,1.976739898669537794e-10,-1.359437130125584758e-02,-1.726485154498778526e-02,1.726485175397787786e-02,-1.131610272583301225e-11
1.341999999999999993e+01,5.000000000000000000e+00,5.013594371307027231e+00,5.013594371307027231e+00,5.013594371307027231e+00,2.885898680119351145e-10,2.885898680119351145e-10,1.904787221921237058e-10,-1.359437130702723096e-02,-1.726485155259492588e-02,1.726485175397787786e-02,-1.090422978878701564e-11
1.343999999999999950e+01,5.000000000000000000e+00,5.013594371312589004e+00,5.013594371312589004e+00,5.013594371312589004e+00,2.780854996603206916e-10,2.780854996603206916e-10,1.835461844957907557e-10,-1.359437131258900422e-02,-1.726485155992458359e-02,1.726485175397787786e-02,-1.050710977101419540e-11
1.346000000000000085e+01,5.000000000000000000e+00,5.013594371317948273e+00,5.013594371317948273e+00,5.013594371317948273e+00,2.679634600765499096e-10,2.679634600765499096e-10,1.768651038226129239e-10,-1.359437131794827280e-02,-1.726485156698803411e-02,1.726485175397787786e-02,-1.012473992526270405e-11
1.348000000000000043e+01,5.000000000000000000e+00,5.013594371323112142e+00,5.013594371323112142e+00,5.013594371323112142e+00,2.582098476439905590e-10,2.582098476439905590e-10,1.704273357509566100e-10,-1.359437132311214214e-02,-1.726485157379430840e-02,1.726485175397787786e-02,-9.756233702750229362e-12
1.350000000000000000e+01,5.000000000000000000e+00,5.013594371328088606e+00,5.013594371328088606e+00,5.013594371328088606e+00,2.488113116037703273e-10,2.488113116037703273e-10,1.642244872417882161e-10,-1.359437132808860582e-02,-1.726485158035242010e-02,1.726485175397787786e-02,-9.400970519329151813e-12
1.351999999999999957e+01,5.000000000000000000e+00,5.013594371332883881e+00,5.013594371332883881e+00,5.013594371332883881e+00,2.397548192814968995e-10,2.397548192814968995e-10,1.582463883810358429e-10,-1.359437133288388111e-02,-1.726485158667253120e-02,1.726485175397787786e-02,-9.058958278949147065e-12
1.354000000000000092e+01,5.000000000000000000e+00,5.013594371337504185e+00,5.013594371337504185e+00,5.013594371337504185e+00,2.310279405742190901e-10,2.310279405742190901e-10,1.524860322087188830e-10,-1.359437133750418525e-02,-1.726485159276252776e-02,1.726485175397787786e-02,-8.729317888668968773e-12
1.356000000000000050e+01,5.000000000000000000e+00,5.013594371341956624e+00,5.013594371341956624e+00,5.013594371341956624e+00,2.226187592388264463e-10,2.226187592388264463e-10,1.469361272202927557e-10,-1.359437134195662367e-02,-1.726485159863031665e-02,1.726485175397787786e-02,-8.411433983429744013e-12
1.358000000000000007e+01,5.000000000000000000e+00,5.013594371346246525e+00,5.013594371346246525e+00,5.013594371346246525e+00,2.145156481384702619e-10,2.145156481384702619e-10,1.415876482352644723e-10,-1.359437134624652543e-02,-1.726485160428491150e-02,1.726485175397787786e-02,-8.105318120543271391e-12
1.359999999999999964e+01,5.000000000000000000e+00,5.013594371350380996e+00,5.013594371350380996e+00,5.013594371350380996e+00,2.067075529205556924e-10,2.067075529205556924e-10,1.364346959593246446e-10,-1.359437135038099598e-02,-1.726485160973308813e-02,1.726485175397787786e-02,-7.810093764421789814e-12
1.362000000000000099e+01,5.000000000000000000e+00,5.013594371354364476e+00,5.013594371354364476e+00,5.013594371354364476e+00,1.991835958534051766e-10,1.991835958534051766e-10,1.314679822490505351e-10,-1.359437135436447619e-02,-1.726485161498386364e-02,1.726485175397787786e-02,-7.526031965859886796e-12
1.364000000000000057e+01,5.000000000000000000e+00,5.013594371358203183e+00,5.013594371358203183e+00,5.013594371358203183e+00,1.919335358728453849e-10,1.919335358728453849e-10,1.266829960478071812e-10,-1.359437135820318332e-02,-1.726485162004288629e-02,1.726485175397787786e-02,-7.251995521854741887e-12
1.366000000000000014e+01,5.000000000000000000e+00,5.013594371361902446e+00,5.013594371361902446e+00,5.013594371361902446e+00,1.849473585574677288e-10,1.849473585574677288e-10,1.220717627190687729e-10,-1.359437136190244644e-02,-1.726485162491804212e-02,1.726485175397787786e-02,-6.988073016010402101e-12
1.367999999999999972e+01,5.000000000000000000e+00,5.013594371365466706e+00,5.013594371365466706e+00,5.013594371365466706e+00,1.782154113754477933e-10,1.782154113754477933e-10,1.176278867372682962e-10,-1.359437136546670644e-02,-1.726485162961610698e-02,1.726485175397787786e-02,-6.733884143996690208e-12
1.370000000000000107e+01,5.000000000000000000e+00,5.013594371368901292e+00,5.013594371368901292e+00,5.013594371368901292e+00,1.717285141156023094e-10,1.717285141156023094e-10,1.133464387769929672e-10,-1.359437136890129239e-02,-1.726485163414271870e-02,1.726485175397787786e-02,-6.488720379929471038e-12
1.372000000000000064e+01,5.000000000000000000e+00,5.013594371372210645e+00,5.013594371372210645e+00,5.013594371372210645e+00,1.654777334112373232e-10,1.654777334112373232e-10,1.092207070719523699e-10,-1.359437137221064518e-02,-1.726485163850464272e-02,1.726485175397787786e-02,-6.252528068542860840e-12
1.374000000000000021e+01,5.000000000000000000e+00,5.013594371375400094e+00,5.013594371375400094e+00,5.013594371375400094e+00,1.594545130874077781e-10,1.594545130874077781e-10,1.052455301729417556e-10,-1.359437137540009388e-02,-1.726485164270752035e-02,1.726485175397787786e-02,-6.024827338297730847e-12
1.375999999999999979e+01,5.000000000000000000e+00,5.013594371378473191e+00,5.013594371378473191e+00,5.013594371378473191e+00,1.536504650572852148e-10,1.536504650572852148e-10,1.014140327861822227e-10,-1.359437137847319121e-02,-1.726485164675812048e-02,1.726485175397787786e-02,-5.805724591969700174e-12
1.378000000000000114e+01,5.000000000000000000e+00,5.013594371381434378e+00,5.013594371381434378e+00,5.013594371381434378e+00,1.480576700289966253e-10,1.480576700289966253e-10,9.772251477439934542e-11,-1.359437138143437807e-02,-1.726485165066095340e-02,1.726485175397787786e-02,-5.594409685795681600e-12
1.380000000000000071e+01,5.000000000000000000e+00,5.013594371384288095e+00,5.013594371384288095e+00,5.013594371384288095e+00,1.426684489865600080e-10,1.426684489865600080e-10,9.416545960463037520e-11,-1.359437138428809533e-02,-1.726485165442166042e-02,1.726485175397787786e-02,-5.390757831994525260e-12
1.382000000000000028e+01,5.000000000000000000e+00,5.013594371387037896e+00,5.013594371387037896e+00,5.013594371387037896e+00,1.374753354186618299e-10,1.374753354186618299e-10,9.073731330757826517e-11,-1.359437138703789572e-02,-1.726485165804588287e-02,1.726485175397787786e-02,-5.194681679119425682e-12
1.383999999999999986e+01,5.000000000000000000e+00,5.013594371389687332e+00,5.013594371389687332e+00,5.013594371389687332e+00,1.324712091298474545e-10,1.324712091298474545e-10,8.743407253051817992e-11,-1.359437138968733194e-02,-1.726485166153812756e-02,1.726485175397787786e-02,-5.005677768304608736e-12
1.385999999999999943e+01,5.000000000000000000e+00,5.013594371392239957e+00,5.013594371392239957e+00,5.013594371392239957e+00,1.276492454643351908e-10,1.276492454643351908e-10,8.425157247472472702e-11,-1.359437139223995672e-02,-1.726485166490291170e-02,1.726485175397787786e-02,-4.823393678344032127e-12
1.388000000000000078e+01,5.000000000000000000e+00,5.013594371394700211e+00,5.013594371394700211e+00,5.013594371394700211e+00,1.230028758733021361e-10,1.230028758733021361e-10,8.118554955400459226e-11,-1.359437139470021094e-02,-1.726485166814474559e-02,1.726485175397787786e-02,-4.647582714393466328e-12
1.390000000000000036e+01,5.000000000000000000e+00,5.013594371397070759e+00,5.013594371397070759e+00,5.013594371397070759e+00,1.185255979150318090e-10,1.185255979150318090e-10,7.823009629059881277e-11,-1.359437139707075914e-02,-1.726485167126926706e-02,1.726485175397787786e-02,-4.478514502914960892e-12
1.391999999999999993e+01,5.000000000000000000e+00,5.013594371399355154e+00,5.013594371399355154e+00,5.013594371399355154e+00,1.142112900157304232e-10,1.142112900157304232e-10,7.538251892201789915e-11,-1.359437139935515404e-02,-1.726485167427986578e-02,1.726485175397787786e-02,-4.315493156725930388e-12
1.393999999999999950e+01,5.000000000000000000e+00,5.013594371401556060e+00,5.013594371401556060e+00,5.013594371401556060e+00,1.100539969055866882e-10,1.100539969055866882e-10,7.263835891429302188e-11,-1.359437140155606016e-02,-1.726485167718104508e-02,1.726485175397787786e-02,-4.158473867651574992e-12
1.396000000000000085e+01,5.000000000000000000e+00,5.013594371403677030e+00,5.013594371403677030e+00,5.013594371403677030e+00,1.060480668977160803e-10,1.060480668977160803e-10,6.999469682688055797e-11,-1.359437140367703023e-02,-1.726485167997619807e-02,1.726485175397787786e-02,-4.006982957116524044e-12
1.398000000000000043e+01,5.000000000000000000e+00,5.013594371405720729e+00,5.013594371405720729e+00,5.013594371405720729e+00,1.021879520659231333e-10,1.021879520659231333e-10,6.744691857978658354e-11,-1.359437140572072877e-02,-1.726485168266982811e-02,1.726485175397787786e-02,-3.861131162971028460e-12
1.400000000000000000e+01,5.000000000000000000e+00,5.013594371407689820e+00,5.013594371407689820e+00,5.013594371407689820e+00,9.846835679130050763e-11,9.846835679130050763e-11,6.499199931969691576e-11,-1.359437140768982033e-02,-1.726485168526532485e-02,1.726485175397787786e-02,-3.720553688857254390e-12
1.401999999999999957e+01,5.000000000000000000e+00,5.013594371409587858e+00,5.013594371409587858e+00,5.013594371409587858e+00,9.488420228149883782e-11,9.488420228149883782e-11,6.262681169328384835e-11,-1.359437140958785761e-02,-1.726485168776607099e-02,1.726485175397787786e-02,-3.584995177324716606e-12
1.404000000000000092e+01,5.000000000000000000e+00,5.013594371411416617e+00,5.013594371411416617e+00,5.013594371411416617e+00,9.143043989209148112e-11,9.143043989209148112e-11,6.034657838742524497e-11,-1.359437141141661698e-02,-1.726485169017658028e-02,1.726485175397787786e-02,-3.454719191011087240e-12
1.406000000000000050e+01,5.000000000000000000e+00,5.013594371413178763e+00,5.013594371413178763e+00,5.013594371413178763e+00,8.810237068917322678e-11,8.810237068917322678e-11,5.814974786290892476e-11,-1.359437141317876296e-02,-1.726485169249910440e-02,1.726485175397787786e-02,-3.329025598056714732e-12
1.408000000000000007e+01,5.000000000000000000e+00,5.013594371414876960e+00,5.013594371414876960e+00,5.013594371414876960e+00,8.489543179215175408e-11,8.489543179215175408e-11,5.603298171895853211e-11,-1.359437141487696010e-02,-1.726485169473702952e-02,1.726485175397787786e-02,-3.207866619012854420e-12
1.409999999999999964e+01,5.000000000000000000e+00,5.013594371416512985e+00,5.013594371416512985e+00,5.013594371416512985e+00,8.180518168197757659e-11,8.180518168197757659e-11,5.399293069041003092e-11,-1.359437141651298475e-02,-1.726485169689373836e-02,1.726485175397787786e-02,-3.091208808265384395e-12
1.412000000000000099e+01,5.000000000000000000e+00,5.013594371418089501e+00,5.013594371418089501e+00,5.013594371418089501e+00,7.882744370298787504e-11,7.882744370298787504e-11,5.202780189208058694e-11,-1.359437141808950145e-02,-1.726485169897148952e-02,1.726485175397787786e-02,-2.978586441031409424e-12
1.414000000000000057e+01,5.000000000000000000e+00,5.013594371419608287e+00,5.013594371419608287e+00,5.013594371419608287e+00,7.595810896345779958e-11,7.595810896345779958e-11,5.013409630768708161e-11,-1.359437141960828654e-02,-1.726485170097366573e-02,1.726485175397787786e-02,-2.870115822815912296e-12
1.416000000000000014e+01,5.000000000000000000e+00,5.013594371421072005e+00,5.013594371421072005e+00,5.013594371421072005e+00,7.319328968973834997e-11,7.319328968973834997e-11,4.830991622626329709e-11,-1.359437142107200458e-02,-1.726485170290252558e-02,1.726485175397787786e-02,-2.765436054619371269e-12
1.417999999999999972e+01,5.000000000000000000e+00,5.013594371422482432e+00,5.013594371422482432e+00,5.013594371422482432e+00,7.052913034000168517e-11,7.052913034000168517e-11,4.655169619237164373e-11,-1.359437142248243191e-02,-1.726485170476144484e-02,1.726485175397787786e-02,-2.664736819995131585e-12
1.420000000000000107e+01,5.000000000000000000e+00,5.013594371423841345e+00,5.013594371423841345e+00,5.013594371423841345e+00,6.796196532515333213e-11,6.796196532515333213e-11,4.485748019151816768e-11,-1.359437142384134489e-02,-1.726485170655268908e-02,1.726485175397787786e-02,-2.567708584577523805e-12
1.422000000000000064e+01,5.000000000000000000e+00,5.013594371425151408e+00,5.013594371425151408e+00,5.013594371425151408e+00,6.548829211530669717e-11,6.548829211530669717e-11,4.322523322668702136e-11,-1.359437142515140806e-02,-1.726485170827850996e-02,1.726485175397787786e-02,-2.474134674310580051e-12
1.424000000000000021e+01,5.000000000000000000e+00,5.013594371426413510e+00,5.013594371426413510e+00,5.013594371426413510e+00,6.310459109838464353e-11,6.310459109838464353e-11,4.165128194608620596e-11,-1.359437142641350960e-02,-1.726485170994229018e-02,1.726485175397787786e-02,-2.384305730208133025e-12
1.425999999999999979e+01,5.000000000000000000e+00,5.013594371427629426e+00,5.013594371427629426e+00,5.013594371427629426e+00,6.080764998419144930e-11,6.080764998419144930e-11,4.013517995645268834e-11,-1.359437142762942585e-02,-1.726485171154515733e-02,1.726485175397787786e-02,-2.297540575273844292e-12
1.428000000000000114e+01,5.000000000000000000e+00,5.013594371428800933e+00,5.013594371428800933e+00,5.013594371428800933e+00,5.859435530165882515e-11,5.859435530165882515e-11,3.867470315886516260e-11,-1.359437142880093319e-02,-1.726485171308937000e-02,1.726485175397787786e-02,-2.213804698463287854e-12
1.430000000000000071e+01,5.000000000000000000e+00,5.013594371429929808e+00,5.013594371429929808e+00,5.013594371429929808e+00,5.646168148160184503e-11,5.646168148160184503e-11,3.726761710108900451e-11,-1.359437142992980796e-02,-1.726485171457718681e-02,1.726485175397787786e-02,-2.133073942045365310e-12
1.432000000000000028e+01,5.000000000000000000e+00,5.013594371431017827e+00,5.013594371431017827e+00,5.013594371431017827e+00,5.440668238263277469e-11,5.440668238263277469e-11,3.591169049191112874e-11,-1.359437143101782652e-02,-1.726485171601085597e-02,1.726485175397787786e-02,-2.055331395608307780e-12
1.433999999999999986e+01,5.000000000000000000e+00,5.013594371432066765e+00,5.013594371432066765e+00,5.013594371432066765e+00,5.242648145329020440e-11,5.242648145329020440e-11,3.460467308920709114e-11,-1.359437143206676524e-02,-1.726485171739263955e-02,1.726485175397787786e-02,-1.980565221863876763e-12
1.435999999999999943e+01,5.000000000000000000e+00,5.013594371433077512e+00,5.013594371433077512e+00,5.013594371433077512e+00,5.051826511181717390e-11,5.051826511181717390e-11,3.334431803855988646e-11,-1.359437143307751228e-02,-1.726485171872479268e-02,1.726485175397787786e-02,-1.908767134710306038e-12
1.438000000000000078e+01,5.000000000000000000e+00,5.013594371434050956e+00,5.013594371434050956e+00,5.013594371434050956e+00,4.867943353586359111e-11,4.867943353586359111e-11,3.212994935228133309e-11,-1.359437143405095583e-02,-1.726485172000843948e-02,1.726485175397787786e-02,-1.839489021023347899e-12
1.440000000000000036e+01,5.000000000000000000e+00,5.013594371434988872e+00,5.013594371434988872e+00,5.013594371434988872e+00,4.690756480231774639e-11,4.690756480231774639e-11,3.096074620040511812e-11,-1.359437143498887224e-02,-1.726485172124471446e-02,1.726485175397787786e-02,-1.772417201616029435e-12
1.441999999999999993e+01,5.000000000000000000e+00,5.013594371435893038e+00,5.013594371435893038e+00,5.013594371435893038e+00,4.520023173952969902e-11,4.520023173952969902e-11,2.983423417443729199e-11,-1.359437143589303787e-02,-1.726485172243586927e-02,1.726485175397787786e-02,-1.707774413910480093e-12
1.443999999999999950e+01,5.000000000000000000e+00,5.013594371436764341e+00,5.013594371436764341e+00,5.013594371436764341e+00,4.355500878734308683e-11,4.355500878734308683e-11,2.874800221766358687e-11,-1.359437143676434090e-02,-1.726485172358415907e-02,1.726485175397787786e-02,-1.645716574102190382e-12
1.446000000000000085e+01,5.000000000000000000e+00,5.013594371437603670e+00,5.013594371437603670e+00,5.013594371437603670e+00,4.196963315479815946e-11,4.196963315479815946e-11,2.770125246189384214e-11,-1.359437143760366951e-02,-1.726485172469071488e-02,1.726485175397787786e-02,-1.585910510674993139e-12
1.448000000000000043e+01,5.000000000000000000e+00,5.013594371438412800e+00,5.013594371438412800e+00,5.013594371438412800e+00,4.044197924195603859e-11,4.044197924195603859e-11,2.669309402637694110e-11,-1.359437143841280005e-02,-1.726485172575666083e-02,1.726485175397787786e-02,-1.528123003567571084e-12
1.450000000000000000e+01,5.000000000000000000e+00,5.013594371439192621e+00,5.013594371439192621e+00,5.013594371439192621e+00,3.896988024199414142e-11,3.896988024199414142e-11,2.572098924233707011e-11,-1.359437143919262070e-02,-1.726485172678425550e-02,1.726485175397787786e-02,-1.472633111590013212e-12
1.451999999999999957e+01,5.000000000000000000e+00,5.013594371439944020e+00,5.013594371439944020e+00,5.013594371439944020e+00,3.755129762197011253e-11,3.755129762197011253e-11,2.478405404175383962e-11,-1.359437143994401964e-02,-1.726485172777462995e-02,1.726485175397787786e-02,-1.419193863056370790e-12
1.454000000000000092e+01,5.000000000000000000e+00,5.013594371440667885e+00,5.013594371440667885e+00,5.013594371440667885e+00,3.618430192711729713e-11,3.618430192711729713e-11,2.388134067344193916e-11,-1.359437144066788505e-02,-1.726485172872890481e-02,1.726485175397787786e-02,-1.367632377786479928e-12
1.456000000000000050e+01,5.000000000000000000e+00,5.013594371441365105e+00,5.013594371441365105e+00,5.013594371441365105e+00,3.486705529884298877e-11,3.486705529884298877e-11,2.301183564437418767e-11,-1.359437144136510511e-02,-1.726485172964821457e-02,1.726485175397787786e-02,-1.317827639654225802e-12
1.458000000000000007e+01,5.000000000000000000e+00,5.013594371442037456e+00,5.013594371442037456e+00,5.013594371442037456e+00,3.359779972546133527e-11,3.359779972546133527e-11,2.217449956502643438e-11,-1.359437144203745618e-02,-1.726485173053368335e-02,1.726485175397787786e-02,-1.269694937371328014e-12
1.459999999999999964e+01,5.000000000000000000e+00,5.013594371442684938e+00,5.013594371442684938e+00,5.013594371442684938e+00,3.237468883396337615e-11,3.237468883396337615e-11,2.136669081048174733e-11,-1.359437144268493824e-02,-1.726485173138756976e-02,1.726485175397787786e-02,-1.223617285889000972e-12
1.462000000000000099e+01,5.000000000000000000e+00,5.013594371443308439e+00,5.013594371443308439e+00,5.013594371443308439e+00,3.119612288710976079e-11,3.119612288710976079e-11,2.058902936542724517e-11,-1.359437144330843950e-02,-1.726485173220987032e-02,1.726485175397787786e-02,-1.178978169967073531e-12
1.464000000000000057e+01,5.000000000000000000e+00,5.013594371443909736e+00,5.013594371443909736e+00,5.013594371443909736e+00,3.006054759525126294e-11,3.006054759525126294e-11,1.984036996852474998e-11,-1.359437144390973629e-02,-1.726485173300171955e-02,1.726485175397787786e-02,-1.135788341790436395e-12
1.466000000000000014e+01,5.000000000000000000e+00,5.013594371444488829e+00,5.013594371444488829e+00,5.013594371444488829e+00,2.896629429360283174e-11,2.896629429360283174e-11,1.911801457876695734e-11,-1.359437144448882862e-02,-1.726485173376536564e-02,1.726485175397787786e-02,-1.094497640741523800e-12
1.467999999999999972e+01,5.000000000000000000e+00,5.013594371445047493e+00,5.013594371445047493e+00,5.013594371445047493e+00,2.791191781072707127e-11,2.791191781072707127e-11,1.842252946484523995e-11,-1.359437144504749284e-02,-1.726485173450081206e-02,1.726485175397787786e-02,-1.054536328682018566e-12
1.470000000000000107e+01,5.000000000000000000e+00,5.013594371445585729e+00,5.013594371445585729e+00,5.013594371445585729e+00,2.689584305043283031e-11,2.689584305043283031e-11,1.775117020778467459e-11,-1.359437144558572896e-02,-1.726485173521031743e-02,1.726485175397787786e-02,-1.016390214621119692e-12
1.472000000000000064e+01,5.000000000000000000e+00,5.013594371446104425e+00,5.013594371446104425e+00,5.013594371446104425e+00,2.591670757597742007e-11,2.591670757597742007e-11,1.710448830587874412e-11,-1.359437144610442516e-02,-1.726485173589387481e-02,1.726485175397787786e-02,-9.795147391592451874e-13
1.474000000000000021e+01,5.000000000000000000e+00,5.013594371446603581e+00,5.013594371446603581e+00,5.013594371446603581e+00,2.497316563124976292e-11,2.497316563124976292e-11,1.648128812870085824e-11,-1.359437144660358143e-02,-1.726485173655261871e-02,1.726485175397787786e-02,-9.439710235696985481e-13
1.475999999999999979e+01,5.000000000000000000e+00,5.013594371447084974e+00,5.013594371447084974e+00,5.013594371447084974e+00,2.406404598854605747e-11,2.406404598854605747e-11,1.588196920421271491e-11,-1.359437144708497414e-02,-1.726485173718654911e-02,1.726485175397787786e-02,-9.093595398907811920e-13
1.478000000000000114e+01,5.000000000000000000e+00,5.013594371447548603e+00,5.013594371447548603e+00,5.013594371447548603e+00,2.318800888021241847e-11,2.318800888021241847e-11,1.530367490520966424e-11,-1.359437144754860327e-02,-1.726485173779791771e-02,1.726485175397787786e-02,-8.762852442553258439e-13
1.480000000000000071e+01,5.000000000000000000e+00,5.013594371447995357e+00,5.013594371447995357e+00,5.013594371447995357e+00,2.234389428405695610e-11,2.234389428405695610e-11,1.474686291865779148e-11,-1.359437144799535702e-02,-1.726485173838672796e-02,1.726485175397787786e-02,-8.442869802502938710e-13
1.482000000000000028e+01,5.000000000000000000e+00,5.013594371448426124e+00,5.013594371448426124e+00,5.013594371448426124e+00,2.153053381968933823e-11,2.153053381968933823e-11,1.421028964038078232e-11,-1.359437144842612355e-02,-1.726485173895410397e-02,1.726485175397787786e-02,-8.134842512395688340e-13
1.483999999999999986e+01,5.000000000000000000e+00,5.013594371448840903e+00,5.013594371448840903e+00,5.013594371448840903e+00,2.074675447555216324e-11,2.074675447555216324e-11,1.369274037831758020e-11,-1.359437144884090287e-02,-1.726485173950117677e-02,1.726485175397787786e-02,-7.839607095778694070e-13
1.485999999999999943e+01,5.000000000000000000e+00,5.013594371449240583e+00,5.013594371449240583e+00,5.013594371449240583e+00,1.999153891686423524e-11,1.999153891686423524e-11,1.319459888867289294e-11,-1.359437144924058316e-02,-1.726485174002794637e-02,1.726485175397787786e-02,-7.553325990604878765e-13
1.488000000000000078e+01,5.000000000000000000e+00,5.013594371449626053e+00,5.013594371449626053e+00,5.013594371449626053e+00,1.926384141694557441e-11,1.926384141694557441e-11,1.271456391767761884e-11,-1.359437144962605259e-02,-1.726485174053554034e-02,1.726485175397787786e-02,-7.277736031971395983e-13
1.490000000000000036e+01,5.000000000000000000e+00,5.013594371449997311e+00,5.013594371449997311e+00,5.013594371449997311e+00,1.856259590691257485e-11,1.856259590691257485e-11,1.225138631661557398e-11,-1.359437144999731117e-02,-1.726485174102508624e-02,1.726485175397787786e-02,-7.014053004446251799e-13
1.491999999999999993e+01,5.000000000000000000e+00,5.013594371450355247e+00,5.013594371450355247e+00,5.013594371450355247e+00,1.788687864556331848e-11,1.788687864556331848e-11,1.180542329342000954e-11,-1.359437145035524708e-02,-1.726485174149658408e-02,1.726485175397787786e-02,-6.758704828696944633e-13
1.493999999999999950e+01,5.000000000000000000e+00,5.013594371450699860e+00,5.013594371450699860e+00,5.013594371450699860e+00,1.723572593511547274e-11,1.723572593511547274e-11,1.137535154108484979e-11,-1.359437145069986030e-02,-1.726485174195116490e-02,1.726485175397787786e-02,-6.513614177720830625e-13
1.496000000000000085e+01,5.000000000000000000e+00,5.013594371451032039e+00,5.013594371451032039e+00,5.013594371451032039e+00,1.660830191402864403e-11,1.660830191402864403e-11,1.096148572424719691e-11,-1.359437145103203903e-02,-1.726485174238882175e-02,1.726485175397787786e-02,-6.275703794085951223e-13
1.498000000000000043e+01,5.000000000000000000e+00,5.013594371451351783e+00,5.013594371451351783e+00,5.013594371451351783e+00,1.600371816551787813e-11,1.600371816551787813e-11,1.056246442892098831e-11,-1.359437145135178326e-02,-1.726485174281068916e-02,1.726485175397787786e-02,-6.047242726120043088e-13
1.500000000000000000e+01,5.000000000000000000e+00,5.013594371451659981e+00,5.013594371451659981e+00,5.013594371451659981e+00,1.542120380936841531e-11,1.542120380936841531e-11,1.017857460402324509e-11,-1.359437145165998118e-02,-1.726485174321676364e-02,1.726485175397787786e-02,-5.825396179122414738e-13
1.501999999999999957e+01,5.000000000000000000e+00,5.013594371451957521e+00,5.013594371451957521e+00,5.013594371451957521e+00,1.485992756169393903e-11,1.485992756169393903e-11,9.808441332623667014e-12,-1.359437145195752095e-02,-1.726485174360817623e-02,1.726485175397787786e-02,-5.612602925332688576e-13
1.504000000000000092e+01,5.000000000000000000e+00,5.013594371452243514e+00,5.013594371452243514e+00,5.013594371452243514e+00,1.431901178550984930e-11,1.431901178550984930e-11,9.450769799853046612e-12,-1.359437145224351440e-02,-1.726485174398605105e-02,1.726485175397787786e-02,-5.410570105318600585e-13
1.506000000000000050e+01,5.000000000000000000e+00,5.013594371452519738e+00,5.013594371452519738e+00,5.013594371452519738e+00,1.379785553019787431e-11,1.379785553019787431e-11,9.107449232390099335e-12,-1.359437145251973789e-02,-1.726485174434926398e-02,1.726485175397787786e-02,-5.211646460417353179e-13
1.508000000000000007e+01,5.000000000000000000e+00,5.013594371452785303e+00,5.013594371452785303e+00,5.013594371452785303e+00,1.329561363804912374e-11,1.329561363804912374e-11,8.775436608710370251e-12,-1.359437145278530323e-02,-1.726485174470006670e-02,1.726485175397787786e-02,-5.023745495155306653e-13
1.509999999999999964e+01,5.000000000000000000e+00,5.013594371453041099e+00,5.013594371453041099e+00,5.013594371453041099e+00,1.281171517653105911e-11,1.281171517653105911e-11,8.456629022868479080e-12,-1.359437145304109862e-02,-1.726485174503733511e-02,1.726485175397787786e-02,-4.839137277110595519e-13
1.512000000000000099e+01,5.000000000000000000e+00,5.013594371453288012e+00,5.013594371453288012e+00,5.013594371453288012e+00,1.234549919629480863e-11,1.234549919629480863e-11,8.149555374168549408e-12,-1.359437145328801222e-02,-1.726485174536219677e-02,1.726485175397787786e-02,-4.661257110648124585e-13
1.514000000000000057e+01,5.000000000000000000e+00,5.013594371453526044e+00,5.013594371453526044e+00,5.013594371453526044e+00,1.189623438571458901e-11,1.189623438571458901e-11,7.852851090492605997e-12,-1.359437145352604404e-02,-1.726485174567577580e-02,1.726485175397787786e-02,-4.492509708823328635e-13
1.516000000000000014e+01,5.000000000000000000e+00,5.013594371453755194e+00,5.013594371453755194e+00,5.013594371453755194e+00,1.146328961567641263e-11,1.146328961567641263e-11,7.566786685332825183e-12,-1.359437145375519407e-02,-1.726485174597807565e-02,1.726485175397787786e-02,-4.330155242244905071e-13
1.517999999999999972e+01,5.000000000000000000e+00,5.013594371453976350e+00,5.013594371453976350e+00,5.013594371453976350e+00,1.104611604878343091e-11,1.104611604878343091e-11,7.291553946746600326e-12,-1.359437145397635049e-02,-1.726485174626909633e-02,1.726485175397787786e-02,-4.172275830338942532e-13
1.520000000000000107e+01,5.000000000000000000e+00,5.013594371454189513e+00,5.013594371454189513e+00,5.013594371454189513e+00,1.064407616823125843e-11,1.064407616823125843e-11,7.025717243261709287e-12,-1.359437145418951332e-02,-1.726485174654996541e-02,1.726485175397787786e-02,-4.021952085233809098e-13
1.522000000000000064e+01,5.000000000000000000e+00,5.013594371454394683e+00,5.013594371454394683e+00,5.013594371454394683e+00,1.025661887589634968e-11,1.025661887589634968e-11,6.769503244882175835e-12,-1.359437145439468253e-02,-1.726485174682068288e-02,1.726485175397787786e-02,-3.876917306889255985e-13
1.524000000000000021e+01,5.000000000000000000e+00,5.013594371454592746e+00,5.013594371454592746e+00,5.013594371454592746e+00,9.883264050367796035e-12,9.883264050367796035e-12,6.523070620610818868e-12,-1.359437145459274632e-02,-1.726485174708124876e-02,1.726485175397787786e-02,-3.735584805277109351e-13
1.525999999999999979e+01,5.000000000000000000e+00,5.013594371454782816e+00,5.013594371454782816e+00,5.013594371454782816e+00,9.523434047839433177e-12,9.523434047839433177e-12,6.284964025084165033e-12,-1.359437145478281650e-02,-1.726485174733278713e-02,1.726485175397787786e-02,-3.601267025907753842e-13
1.528000000000000114e+01,5.000000000000000000e+00,5.013594371454966669e+00,5.013594371454966669e+00,5.013594371454966669e+00,9.176786327474289080e-12,9.176786327474289080e-12,6.056956844187991395e-12,-1.359437145496666943e-02,-1.726485174757417737e-02,1.726485175397787786e-02,-3.467436423578245126e-13
1.530000000000000071e+01,5.000000000000000000e+00,5.013594371455143417e+00,5.013594371455143417e+00,5.013594371455143417e+00,8.842700434372425787e-12,8.842700434372425787e-12,5.835927396455652918e-12,-1.359437145514341694e-02,-1.726485174780767115e-02,1.726485175397787786e-02,-3.342793102236842495e-13
1.532000000000000028e+01,5.000000000000000000e+00,5.013594371455313947e+00,5.013594371455313947e+00,5.013594371455313947e+00,8.520802509278101665e-12,8.520802509278101665e-12,5.623721183429190226e-12,-1.359437145531394719e-02,-1.726485174803214090e-02,1.726485175397787786e-02,-3.220157749057008141e-13
1.533999999999999986e+01,5.000000000000000000e+00,5.013594371455478260e+00,5.013594371455478260e+00,5.013594371455478260e+00,8.210605114454396652e-12,8.210605114454396652e-12,5.418828561041052341e-12,-1.359437145547826020e-02,-1.726485174824871419e-02,1.726485175397787786e-02,-3.103351102120377362e-13
1.535999999999999943e+01,5.000000000000000000e+00,5.013594371455636356e+00,5.013594371455636356e+00,5.013594371455636356e+00,7.911687042056810457e-12,7.911687042056810457e-12,5.221424390478537121e-12,-1.359437145563635596e-02,-1.726485174845739101e-02,1.726485175397787786e-02,-2.990624549553989742e-13
1.538000000000000078e+01,5.000000000000000000e+00,5.013594371455789123e+00,5.013594371455789123e+00,5.013594371455789123e+00,7.623681445308405356e-12,7.623681445308405356e-12,5.031631074572751371e-12,-1.359437145578912265e-02,-1.726485174865817138e-02,1.726485175397787786e-02,-2.880754063046771677e-13
1.540000000000000036e+01,5.000000000000000000e+00,5.013594371455935672e+00,5.013594371455935672e+00,5.013594371455935672e+00,7.346109395052177710e-12,7.346109395052177710e-12,4.847960942746122434e-12,-1.359437145593567209e-02,-1.726485174885218632e-02,1.726485175397787786e-02,-2.777305951311079445e-13
1.541999999999999993e+01,5.000000000000000000e+00,5.013594371456076892e+00,5.013594371456076892e+00,5.013594371456076892e+00,7.078716457427074100e-12,7.078716457427074100e-12,4.672180018801144037e-12,-1.359437145607689246e-02,-1.726485174903830480e-02,1.726485175397787786e-02,-2.673930373385348606e-13
1.543999999999999950e+01,5.000000000000000000e+00,5.013594371456213672e+00,5.013594371456213672e+00,5.013594371456213672e+00,6.821116871248338218e-12,6.821116871248338218e-12,4.502720595639719315e-12,-1.359437145621367193e-02,-1.726485174921765439e-02,1.726485175397787786e-02,-2.575028697656697028e-13
1.546000000000000085e+01,5.000000000000000000e+00,5.013594371456345122e+00,5.013594371456345122e+00,5.013594371456345122e+00,6.572819884845040426e-12,6.572819884845040426e-12,4.338147007215364342e-12,-1.359437145634512234e-02,-1.726485174939136266e-02,1.726485175397787786e-02,-2.483681881996108179e-13
1.548000000000000043e+01,5.000000000000000000e+00,5.013594371456472132e+00,5.013594371456472132e+00,5.013594371456472132e+00,6.333563127660092601e-12,6.333563127660092601e-12,4.180252312995565406e-12,-1.359437145647213185e-02,-1.726485174955830551e-02,1.726485175397787786e-02,-2.393200339853055944e-13
1.550000000000000000e+01,5.000000000000000000e+00,5.013594371456593812e+00,5.013594371456593812e+00,5.013594371456593812e+00,6.102956420646123571e-12,6.102956420646123571e-12,4.027496057520404725e-12,-1.359437145659381230e-02,-1.726485174971960704e-02,1.726485175397787786e-02,-2.307747617702386432e-13
1.551999999999999957e+01,5.000000000000000000e+00,5.013594371456711052e+00,5.013594371456711052e+00,5.013594371456711052e+00,5.880820330487021171e-12,5.880820330487021171e-12,3.881595519055097954e-12,-1.359437145671105185e-02,-1.726485174987414314e-02,1.726485175397787786e-02,-2.221391941016278087e-13
1.554000000000000092e+01,5.000000000000000000e+00,5.013594371456824739e+00,5.013594371456824739e+00,5.013594371456824739e+00,5.666834363912827810e-12,5.666834363912827810e-12,3.740960664745089982e-12,-1.359437145682473869e-02,-1.726485175002303446e-02,1.726485175397787786e-02,-2.138827324685469072e-13
1.556000000000000050e+01,5.000000000000000000e+00,5.013594371456933985e+00,5.013594371456933985e+00,5.013594371456933985e+00,5.460563421016323481e-12,5.460563421016323481e-12,3.604124934947787350e-12,-1.359437145693398463e-02,-1.726485175016741896e-02,1.726485175397787786e-02,-2.063339579133476277e-13
1.558000000000000007e+01,5.000000000000000000e+00,5.013594371457038790e+00,5.013594371457038790e+00,5.013594371457038790e+00,5.261794824693976593e-12,5.261794824693976593e-12,3.472877457792855003e-12,-1.359437145703878969e-02,-1.726485175030616215e-02,1.726485175397787786e-02,-1.988382514596548172e-13
1.559999999999999964e+01,5.000000000000000000e+00,5.013594371457140042e+00,5.013594371457140042e+00,5.013594371457140042e+00,5.070338757595653089e-12,5.070338757595653089e-12,3.347234153710744788e-12,-1.359437145714004203e-02,-1.726485175043926401e-02,1.726485175397787786e-02,-1.913796926770165275e-13
1.562000000000000099e+01,5.000000000000000000e+00,5.013594371457237742e+00,5.013594371457237742e+00,5.013594371457237742e+00,4.885868510225125291e-12,4.885868510225125291e-12,3.225636283890377529e-12,-1.359437145723774165e-02,-1.726485175056785212e-02,1.726485175397787786e-02,-1.843894501171270839e-13
1.564000000000000057e+01,5.000000000000000000e+00,5.013594371457331889e+00,5.013594371457331889e+00,5.013594371457331889e+00,4.708103399633080417e-12,4.708103399633080417e-12,3.108217404304673728e-12,-1.359437145733188856e-02,-1.726485175069193342e-02,1.726485175397787786e-02,-1.777270289131618275e-13
1.566000000000000014e+01,5.000000000000000000e+00,5.013594371457422483e+00,5.013594371457422483e+00,5.013594371457422483e+00,4.536801686639898952e-12,4.536801686639898952e-12,2.995086269701266571e-12,-1.359437145742248276e-02,-1.726485175081149750e-02,1.726485175397787786e-02,-1.712940826583434821e-13
1.567999999999999972e+01,5.000000000000000000e+00,5.013594371457509524e+00,5.013594371457509524e+00,5.013594371457509524e+00,4.371751649398313316e-12,4.371751649398313316e-12,2.886301314224044609e-12,-1.359437145750952425e-02,-1.726485175092655477e-02,1.726485175397787786e-02,-1.650217688679279894e-13
1.570000000000000107e+01,5.000000000000000000e+00,5.013594371457593901e+00,5.013594371457593901e+00,5.013594371457593901e+00,4.212768598053800358e-12,4.212768598053800358e-12,2.781921135953183740e-12,-1.359437145759390120e-02,-1.726485175103709482e-02,1.726485175397787786e-02,-1.588618978025945037e-13
1.572000000000000064e+01,5.000000000000000000e+00,5.013594371457674725e+00,5.013594371457674725e+00,5.013594371457674725e+00,4.059531655873716142e-12,4.059531655873716142e-12,2.680399176252957795e-12,-1.359437145767472543e-02,-1.726485175114425563e-02,1.726485175397787786e-02,-1.532230494978290667e-13
1.574000000000000021e+01,5.000000000000000000e+00,5.013594371457752885e+00,5.013594371457752885e+00,5.013594371457752885e+00,3.911925346682128495e-12,3.911925346682128495e-12,2.583468563957836839e-12,-1.359437145775288514e-02,-1.726485175124690269e-02,1.726485175397787786e-02,-1.475066042724506201e-13
1.575999999999999979e+01,5.000000000000000000e+00,5.013594371457828380e+00,5.013594371457828380e+00,5.013594371457828380e+00,3.769686425701839547e-12,3.769686425701839547e-12,2.489536136879240637e-12,-1.359437145782838030e-02,-1.726485175134616357e-02,1.726485175397787786e-02,-1.421781540556537180e-13
1.578000000000000114e+01,5.000000000000000000e+00,5.013594371457901211e+00,5.013594371457901211e+00,5.013594371457901211e+00,3.632589265538934699e-12,3.632589265538934699e-12,2.398714824072792676e-12,-1.359437145790121093e-02,-1.726485175144204173e-02,1.726485175397787786e-02,-1.371213003448639047e-13
1.580000000000000071e+01,5.000000000000000000e+00,5.013594371457971377e+00,5.013594371457971377e+00,5.013594371457971377e+00,3.500438949434070506e-12,3.500438949434070506e-12,2.311086104490293986e-12,-1.359437145797137703e-02,-1.726485175153453719e-02,1.726485175397787786e-02,-1.322545641882790384e-13
1.582000000000000028e+01,5.000000000000000000e+00,5.013594371458038879e+00,5.013594371458038879e+00,5.013594371458038879e+00,3.373065755830463989e-12,3.373065755830463989e-12,2.226707013398006945e-12,-1.359437145803887859e-02,-1.726485175162364993e-02,1.726485175397787786e-02,-1.275209103196376501e-13
1.583999999999999986e+01,5.000000000000000000e+00,5.013594371458103716e+00,5.013594371458103716e+00,5.013594371458103716e+00,3.250321274740344206e-12,3.250321274740344206e-12,2.145620944929265758e-12,-1.359437145810371561e-02,-1.726485175170937650e-02,1.726485175397787786e-02,-1.228804140525566813e-13
1.586000000000000121e+01,5.000000000000000000e+00,5.013594371458166776e+00,5.013594371458166776e+00,5.013594371458166776e+00,3.132074384958068434e-12,3.132074384958068434e-12,2.067852376917587299e-12,-1.359437145816677628e-02,-1.726485175179172035e-02,1.726485175397787786e-02,-1.183051281065680365e-13
1.588000000000000078e+01,5.000000000000000000e+00,5.013594371458227172e+00,5.013594371458227172e+00,5.013594371458227172e+00,3.018052392341647073e-12,3.018052392341647073e-12,1.991854458793855626e-12,-1.359437145822717241e-02,-1.726485175187180560e-02,1.726485175397787786e-02,-1.142178022383546597e-13
1.590000000000000036e+01,5.000000000000000000e+00,5.013594371458284904e+00,5.013594371458284904e+00,5.013594371458284904e+00,2.908181152332167167e-12,2.908181152332167167e-12,1.919339992246846396e-12,-1.359437145828490401e-02,-1.726485175194850813e-02,1.726485175397787786e-02,-1.100297355715732989e-13
1.591999999999999993e+01,5.000000000000000000e+00,5.013594371458340859e+00,5.013594371458340859e+00,5.013594371458340859e+00,2.802390912602649417e-12,2.802390912602649417e-12,1.850278755036989671e-12,-1.359437145834085925e-02,-1.726485175202182795e-02,1.726485175397787786e-02,-1.057711503457943582e-13
1.593999999999999950e+01,5.000000000000000000e+00,5.013594371458395038e+00,5.013594371458395038e+00,5.013594371458395038e+00,2.700459792190803388e-12,2.700459792190803388e-12,1.783079708484190342e-12,-1.359437145839503813e-02,-1.726485175209289263e-02,1.726485175397787786e-02,-1.019055149817277831e-13
1.596000000000000085e+01,5.000000000000000000e+00,5.013594371458447441e+00,5.013594371458447441e+00,5.013594371458447441e+00,2.602200233671114326e-12,2.602200233671114326e-12,1.717864206993914178e-12,-1.359437145844744066e-02,-1.726485175216169871e-02,1.726485175397787786e-02,-9.831494452085985764e-14
1.598000000000000043e+01,5.000000000000000000e+00,5.013594371458497179e+00,5.013594371458497179e+00,5.013594371458497179e+00,2.507451340363019672e-12,2.507451340363019672e-12,1.654711300590168797e-12,-1.359437145849717865e-02,-1.726485175222824964e-02,1.726485175397787786e-02,-9.491691949223097301e-14
1.600000000000000000e+01,5.000000000000000000e+00,5.013594371458545140e+00,5.013594371458545140e+00,5.013594371458545140e+00,2.416231069928219935e-12,2.416231069928219935e-12,1.595248636015021488e-12,-1.359437145854514029e-02,-1.726485175229141786e-02,1.726485175397787786e-02,-9.121136341315877823e-14
1.601999999999999957e+01,5.000000000000000000e+00,5.013594371458591326e+00,5.013594371458591326e+00,5.013594371458591326e+00,2.328389716964187716e-12,2.328389716964187716e-12,1.537817540287895727e-12,-1.359437145859132556e-02,-1.726485175235232747e-02,1.726485175397787786e-02,-8.773284845178691392e-14
1.603999999999999915e+01,5.000000000000000000e+00,5.013594371458636623e+00,5.013594371458636623e+00,5.013594371458636623e+00,2.243798663952788686e-12,2.243798663952788686e-12,1.482479186850197623e-12,-1.359437145863662266e-02,-1.726485175241098541e-02,1.726485175397787786e-02,-8.441326227280528852e-14
1.605999999999999872e+01,5.000000000000000000e+00,5.013594371458680143e+00,5.013594371458680143e+00,5.013594371458680143e+00,2.162190628569325193e-12,2.162190628569325193e-12,1.427718310118152545e-12,-1.359437145868014341e-02,-1.726485175246851231e-02,1.726485175397787786e-02,-8.164723909450747666e-14
1.608000000000000185e+01,5.000000000000000000e+00,5.013594371458721888e+00,5.013594371458721888e+00,5.013594371458721888e+00,2.083498304978133663e-12,2.083498304978133663e-12,1.375267392657409285e-12,-1.359437145872188779e-02,-1.726485175252378407e-02,1.726485175397787786e-02,-7.882639716367769680e-14
1.610000000000000142e+01,5.000000000000000000e+00,5.013594371458761856e+00,5.013594371458761856e+00,5.013594371458761856e+00,2.007659820309236309e-12,2.007659820309236309e-12,1.325113458289160326e-12,-1.359437145876185582e-02,-1.726485175257679722e-02,1.726485175397787786e-02,-7.596718210607551915e-14
1.612000000000000099e+01,5.000000000000000000e+00,5.013594371458800936e+00,5.013594371458800936e+00,5.013594371458800936e+00,1.934617643896459580e-12,1.934617643896459580e-12,1.277238056181469830e-12,-1.359437145880093567e-02,-1.726485175262755870e-02,1.726485175397787786e-02,-7.308110585973267314e-14
1.614000000000000057e+01,5.000000000000000000e+00,5.013594371458838239e+00,5.013594371458838239e+00,5.013594371458838239e+00,1.864162897882735966e-12,1.864162897882735966e-12,1.230070183759224047e-12,-1.359437145883823916e-02,-1.726485175267718913e-02,1.726485175397787786e-02,-7.061853963428201822e-14
1.616000000000000014e+01,5.000000000000000000e+00,5.013594371458873766e+00,5.013594371458873766e+00,5.013594371458873766e+00,1.796276938863875776e-12,1.796276938863875776e-12,1.185303307694134260e-12,-1.359437145887376630e-02,-1.726485175272456443e-02,1.726485175397787786e-02,-6.801011757044522802e-14
1.617999999999999972e+01,5.000000000000000000e+00,5.013594371458908405e+00,5.013594371458908405e+00,5.013594371458908405e+00,1.730938612100956744e-12,1.730938612100956744e-12,1.142893671234684647e-12,-1.359437145890840526e-02,-1.726485175276968459e-02,1.726485175397787786e-02,-6.529959641973815197e-14
1.619999999999999929e+01,5.000000000000000000e+00,5.013594371458942156e+00,5.013594371458942156e+00,5.013594371458942156e+00,1.667969173989798143e-12,1.667969173989798143e-12,1.101244230989370333e-12,-1.359437145894215604e-02,-1.726485175281367371e-02,1.726485175397787786e-02,-6.295991876123254107e-14
1.621999999999999886e+01,5.000000000000000000e+00,5.013594371458974130e+00,5.013594371458974130e+00,5.013594371458974130e+00,1.607218186702013103e-12,1.607218186702013103e-12,1.060459301111947946e-12,-1.359437145897413046e-02,-1.726485175285653872e-02,1.726485175397787786e-02,-6.087983154726794945e-14
1.624000000000000199e+01,5.000000000000000000e+00,5.013594371459005217e+00,5.013594371459005217e+00,5.013594371459005217e+00,1.548715726106019688e-12,1.548715726106019688e-12,1.022193580742079354e-12,-1.359437145900521671e-02,-1.726485175289714513e-02,1.726485175397787786e-02,-5.853914479147141493e-14
1.626000000000000156e+01,5.000000000000000000e+00,5.013594371459035415e+00,5.013594371459035415e+00,5.013594371459035415e+00,1.492323707241204475e-12,1.492323707241204475e-12,9.847955374578675606e-13,-1.359437145903541477e-02,-1.726485175293662397e-02,1.726485175397787786e-02,-5.645835120940317174e-14
1.628000000000000114e+01,5.000000000000000000e+00,5.013594371459063836e+00,5.013594371459063836e+00,5.013594371459063836e+00,1.437925303493531912e-12,1.437925303493531912e-12,9.483396697644786448e-13,-1.359437145906383648e-02,-1.726485175297497870e-02,1.726485175397787786e-02,-5.455948284894473752e-14
1.630000000000000071e+01,5.000000000000000000e+00,5.013594371459091370e+00,5.013594371459091370e+00,5.013594371459091370e+00,1.385578857812343425e-12,1.385578857812343425e-12,9.144608466816474479e-13,-1.359437145909137001e-02,-1.726485175301107136e-02,1.726485175397787786e-02,-5.234564929060251128e-14
1.632000000000000028e+01,5.000000000000000000e+00,5.013594371459118015e+00,5.013594371459118015e+00,5.013594371459118015e+00,1.335169400750784860e-12,1.335169400750784860e-12,8.814842871967571701e-13,-1.359437145911801537e-02,-1.726485175304603992e-02,1.726485175397787786e-02,-5.035365294675229273e-14
1.633999999999999986e+01,5.000000000000000000e+00,5.013594371459143773e+00,5.013594371459143773e+00,5.013594371459143773e+00,1.286600461867817175e-12,1.286600461867817175e-12,8.494800119211075018e-13,-1.359437145914377254e-02,-1.726485175307988090e-02,1.726485175397787786e-02,-4.851694265304647765e-14
1.635999999999999943e+01,5.000000000000000000e+00,5.013594371459168642e+00,5.013594371459168642e+00,5.013594371459168642e+00,1.239790223292704910e-12,1.239790223292704910e-12,8.184980761166935195e-13,-1.359437145916864154e-02,-1.726485175311259085e-02,1.726485175397787786e-02,-4.678893259444174122e-14
1.637999999999999901e+01,5.000000000000000000e+00,5.013594371459192622e+00,5.013594371459192622e+00,5.013594371459192622e+00,1.194667616059448682e-12,1.194667616059448682e-12,7.885641509601418149e-13,-1.359437145919262235e-02,-1.726485175314417669e-02,1.726485175397787786e-02,-4.513701270040776741e-14
1.639999999999999858e+01,5.000000000000000000e+00,5.013594371459215715e+00,5.013594371459215715e+00,5.013594371459215715e+00,1.151171654692976464e-12,1.151171654692976464e-12,7.597080023947274125e-13,-1.359437145921571499e-02,-1.726485175317463150e-02,1.726485175397787786e-02,-4.353835592157331925e-14
1.642000000000000171e+01,5.000000000000000000e+00,5.013594371459237919e+00,5.013594371459237919e+00,5.013594371459237919e+00,1.109248703214484648e-12,1.109248703214484648e-12,7.319421399080583021e-13,-1.359437145923791945e-02,-1.726485175320395873e-02,1.726485175397787786e-02,-4.197698332337854786e-14
1.644000000000000128e+01,5.000000000000000000e+00,5.013594371459259236e+00,5.013594371459259236e+00,5.013594371459259236e+00,1.068851607768468893e-12,1.068851607768468893e-12,7.052777487543262927e-13,-1.359437145925923573e-02,-1.726485175323215840e-02,1.726485175397787786e-02,-4.044170965163154327e-14
1.646000000000000085e+01,5.000000000000000000e+00,5.013594371459279664e+00,5.013594371459279664e+00,5.013594371459279664e+00,1.029938712852768515e-12,1.029938712852768515e-12,6.797226586114658222e-13,-1.359437145927966384e-02,-1.726485175325923049e-02,1.726485175397787786e-02,-3.892470522839798113e-14
1.648000000000000043e+01,5.000000000000000000e+00,5.013594371459299204e+00,5.013594371459299204e+00,5.013594371459299204e+00,9.924730765928946665e-13,9.924730765928946665e-13,6.552823502540308358e-13,-1.359437145929920376e-02,-1.726485175328517502e-02,1.726485175397787786e-02,-3.742048927912382176e-14
1.650000000000000000e+01,5.000000000000000000e+00,5.013594371459318744e+00,5.013594371459318744e+00,5.013594371459318744e+00,9.564221819007212633e-13,9.564221819007212633e-13,6.319641296711612403e-13,-1.359437145931874369e-02,-1.726485175330998850e-02,1.726485175397787786e-02,-3.592522526162125063e-14
1.651999999999999957e+01,5.000000000000000000e+00,5.013594371459337395e+00,5.013594371459337395e+00,5.013594371459337395e+00,9.215993497542579477e-13,9.215993497542579477e-13,6.081938604360888144e-13,-1.359437145933739544e-02,-1.726485175333480546e-02,1.726485175397787786e-02,-3.487854044936944895e-14
1.653999999999999915e+01,5.000000000000000000e+00,5.013594371459355159e+00,5.013594371459355159e+00,5.013594371459355159e+00,8.880077086105009978e-13,8.880077086105009978e-13,5.856829383166884483e-13,-1.359437145935515900e-02,-1.726485175335849137e-02,1.726485175397787786e-02,-3.370354822778252253e-14
1.655999999999999872e+01,5.000000000000000000e+00,5.013594371459372034e+00,5.013594371459372034e+00,5.013594371459372034e+00,8.556455309690764983e-13,8.556455309690764983e-13,5.643859321962555995e-13,-1.359437145937203439e-02,-1.726485175338105318e-02,1.726485175397787786e-02,-3.243874081966101195e-14
1.658000000000000185e+01,5.000000000000000000e+00,5.013594371459388910e+00,5.013594371459388910e+00,5.013594371459388910e+00,8.245092615134421872e-13,8.245092615134421872e-13,5.442828364127337912e-13,-1.359437145938890978e-02,-1.726485175340248396e-02,1.726485175397787786e-02,-3.111106278096529498e-14
1.660000000000000142e+01,5.000000000000000000e+00,5.013594371459404897e+00,5.013594371459404897e+00,5.013594371459404897e+00,7.944364790838583170e-13,7.944364790838583170e-13,5.237814372176032829e-13,-1.359437145940489700e-02,-1.726485175342391473e-02,1.726485175397787786e-02,-3.018168815387829058e-14
1.662000000000000099e+01,5.000000000000000000e+00,5.013594371459419996e+00,5.013594371459419996e+00,5.013594371459419996e+00,7.654499420501467722e-13,7.654499420501467722e-13,5.045711087467423641e-13,-1.359437145941999603e-02,-1.726485175344421794e-02,1.726485175397787786e-02,-2.908881306190672856e-14
1.664000000000000057e+01,5.000000000000000000e+00,5.013594371459435095e+00,5.013594371459435095e+00,5.013594371459435095e+00,7.375652279312006585e-13,7.375652279312006585e-13,4.866028008606854333e-13,-1.359437145943509506e-02,-1.726485175346339357e-02,1.726485175397787786e-02,-2.788148764451597054e-14
1.666000000000000014e+01,5.000000000000000000e+00,5.013594371459449306e+00,5.013594371459449306e+00,5.013594371459449306e+00,7.106355877283265540e-13,7.106355877283265540e-13,4.682688259024594112e-13,-1.359437145944930592e-02,-1.726485175348257267e-02,1.726485175397787786e-02,-2.703635985234243866e-14
1.667999999999999972e+01,5.000000000000000000e+00,5.013594371459462629e+00,5.013594371459462629e+00,5.013594371459462629e+00,6.846978424167820228e-13,6.846978424167820228e-13,4.512581346128808380e-13,-1.359437145946262859e-02,-1.726485175350061727e-02,1.726485175397787786e-02,-2.600245754481030552e-14
1.669999999999999929e+01,5.000000000000000000e+00,5.013594371459475951e+00,5.013594371459475951e+00,5.013594371459475951e+00,6.597784268047524361e-13,6.597784268047524361e-13,4.355036862964862071e-13,-1.359437145947595127e-02,-1.726485175351753776e-02,1.726485175397787786e-02,-2.483641307652715055e-14
1.671999999999999886e+01,5.000000000000000000e+00,5.013594371459488386e+00,5.013594371459488386e+00,5.013594371459488386e+00,6.357405265882378442e-13,6.357405265882378442e-13,4.193994246396066174e-13,-1.359437145948838577e-02,-1.726485175353445825e-02,1.726485175397787786e-02,-2.402018194872894175e-14
1.674000000000000199e+01,5.000000000000000000e+00,5.013594371459500820e+00,5.013594371459500820e+00,5.013594371459500820e+00,6.126284916050924237e-13,6.126284916050924237e-13,4.046201767567831855e-13,-1.359437145950082027e-02,-1.726485175355025117e-02,1.726485175397787786e-02,-2.300650730625953130e-14
1.676000000000000156e+01,5.000000000000000000e+00,5.013594371459512367e+00,5.013594371459512367e+00,5.013594371459512367e+00,5.903196720374002983e-13,5.903196720374002983e-13,3.895402959281708662e-13,-1.359437145951236658e-02,-1.726485175356604063e-02,1.726485175397787786e-02,-2.229693505653094619e-14
1.678000000000000114e+01,5.000000000000000000e+00,5.013594371459523913e+00,5.013594371459523913e+00,5.013594371459523913e+00,5.688691005426686136e-13,5.688691005426686136e-13,3.758139570900836031e-13,-1.359437145952391290e-02,-1.726485175358070598e-02,1.726485175397787786e-02,-2.135792162871027263e-14
1.680000000000000071e+01,5.000000000000000000e+00,5.013594371459534571e+00,5.013594371459534571e+00,5.013594371459534571e+00,5.481627819107668062e-13,5.481627819107668062e-13,3.618059142236501357e-13,-1.359437145953457104e-02,-1.726485175359537133e-02,1.726485175397787786e-02,-2.070061222923580335e-14
1.682000000000000028e+01,5.000000000000000000e+00,5.013594371459545229e+00,5.013594371459545229e+00,5.013594371459545229e+00,5.282639068293623154e-13,5.282639068293623154e-13,3.491740310967218979e-13,-1.359437145954522919e-02,-1.726485175360890564e-02,1.726485175397787786e-02,-1.979818279659301119e-14
1.683999999999999986e+01,5.000000000000000000e+00,5.013594371459554999e+00,5.013594371459554999e+00,5.013594371459554999e+00,5.090646580604261504e-13,5.090646580604261504e-13,3.362714191400008167e-13,-1.359437145955499915e-02,-1.726485175362243996e-02,1.726485175397787786e-02,-1.916648219374305604e-14
1.685999999999999943e+01,5.000000000000000000e+00,5.013594371459564769e+00,5.013594371459564769e+00,5.013594371459564769e+00,4.906327633211704062e-13,4.906327633211704062e-13,3.247457106678683549e-13,-1.359437145956476911e-02,-1.726485175363485017e-02,1.726485175397787786e-02,-1.828197891873742725e-14
1.687999999999999901e+01,5.000000000000000000e+00,5.013594371459574539e+00,5.013594371459574539e+00,5.013594371459574539e+00,4.728652990550719605e-13,4.728652990550719605e-13,3.129581206601861518e-13,-1.359437145957453907e-02,-1.726485175364725691e-02,1.726485175397787786e-02,-1.766282662623348709e-14
1.689999999999999858e+01,5.000000000000000000e+00,5.013594371459583421e+00,5.013594371459583421e+00,5.013594371459583421e+00,4.556772476460400291e-13,4.556772476460400291e-13,3.009847849647527976e-13,-1.359437145958342086e-02,-1.726485175365966365e-02,1.726485175397787786e-02,-1.722942002148072646e-14
1.692000000000000171e+01,5.000000000000000000e+00,5.013594371459592303e+00,5.013594371459592303e+00,5.013594371459592303e+00,4.391543069767697655e-13,4.391543069767697655e-13,2.904478409533372422e-13,-1.359437145959230264e-02,-1.726485175367094629e-02,1.726485175397787786e-02,-1.648372254514313161e-14
1.694000000000000128e+01,5.000000000000000000e+00,5.013594371459601184e+00,5.013594371459601184e+00,5.013594371459601184e+00,4.232079419936900221e-13,4.232079419936900221e-13,2.796906571459723813e-13,-1.359437145960118443e-02,-1.726485175368222547e-02,1.726485175397787786e-02,-1.596173431170681490e-14
1.696000000000000085e+01,5.000000000000000000e+00,5.013594371459609178e+00,5.013594371459609178e+00,5.013594371459609178e+00,4.077648354811786620e-13,4.077648354811786620e-13,2.687768768685765733e-13,-1.359437145960917803e-02,-1.726485175369350464e-02,1.726485175397787786e-02,-1.559634254830139478e-14
1.698000000000000043e+01,5.000000000000000000e+00,5.013594371459617172e+00,5.013594371459617172e+00,5.013594371459617172e+00,3.929206881505162594e-13,3.929206881505162594e-13,2.593233621745547868e-13,-1.359437145961717164e-02,-1.726485175370365624e-02,1.726485175397787786e-02,-1.489825546090693766e-14
1.700000000000000000e+01,5.000000000000000000e+00,5.013594371459625165e+00,5.013594371459625165e+00,5.013594371459625165e+00,3.785946614708961089e-13,3.785946614708961089e-13,2.496604213543146033e-13,-1.359437145962516524e-02,-1.726485175371380784e-02,1.726485175397787786e-02,-1.440959449973081768e-14
1.701999999999999957e+01,5.000000000000000000e+00,5.013594371459632271e+00,5.013594371459632271e+00,5.013594371459632271e+00,3.647202835483786810e-13,3.647202835483786810e-13,2.398508822457216276e-13,-1.359437145963227067e-02,-1.726485175372395944e-02,1.726485175397787786e-02,-1.406753182690753401e-14
1.703999999999999915e+01,5.000000000000000000e+00,5.013594371459639376e+00,5.013594371459639376e+00,5.013594371459639376e+00,3.513991159383085324e-13,3.513991159383085324e-13,2.315086074476772457e-13,-1.359437145963937610e-02,-1.726485175373298347e-02,1.726485175397787786e-02,-1.338577510292057177e-14
1.705999999999999872e+01,5.000000000000000000e+00,5.013594371459646482e+00,5.013594371459646482e+00,5.013594371459646482e+00,3.385553849077213635e-13,3.385553849077213635e-13,2.229618056324367681e-13,-1.359437145964648153e-02,-1.726485175374200751e-02,1.726485175397787786e-02,-1.290854539612969884e-14
1.708000000000000185e+01,5.000000000000000000e+00,5.013594371459652699e+00,5.013594371459652699e+00,5.013594371459652699e+00,3.261270299074651131e-13,3.261270299074651131e-13,2.142718349051590110e-13,-1.359437145965269877e-02,-1.726485175375103154e-02,1.726485175397787786e-02,-1.257448460137608810e-14
1.710000000000000142e+01,5.000000000000000000e+00,5.013594371459658916e+00,5.013594371459658916e+00,5.013594371459658916e+00,3.142194798219036730e-13,3.142194798219036730e-13,2.070515290518507872e-13,-1.359437145965891602e-02,-1.726485175375892800e-02,1.726485175397787786e-02,-1.189832919203789865e-14
1.712000000000000099e+01,5.000000000000000000e+00,5.013594371459665133e+00,5.013594371459665133e+00,5.013594371459665133e+00,3.027603694972874308e-13,3.027603694972874308e-13,1.996283765757411002e-13,-1.359437145966513327e-02,-1.726485175376682446e-02,1.726485175397787786e-02,-1.142502040550116604e-14
1.714000000000000057e+01,5.000000000000000000e+00,5.013594371459671351e+00,5.013594371459671351e+00,5.013594371459671351e+00,2.916906556939257302e-13,2.916906556939257302e-13,1.920632314636703739e-13,-1.359437145967135052e-02,-1.726485175377472092e-02,1.726485175397787786e-02,-1.109370425492545226e-14
1.716000000000000014e+01,5.000000000000000000e+00,5.013594371459676680e+00,5.013594371459676680e+00,5.013594371459676680e+00,2.809618062198710458e-13,2.809618062198710458e-13,1.844021609533789115e-13,-1.359437145967667959e-02,-1.726485175378261391e-02,1.726485175397787786e-02,-1.086178294952245341e-14
1.717999999999999972e+01,5.000000000000000000e+00,5.013594371459682009e+00,5.013594371459682009e+00,5.013594371459682009e+00,2.706894183695749697e-13,2.706894183695749697e-13,1.782379277169101584e-13,-1.359437145968200866e-02,-1.726485175378938280e-02,1.726485175397787786e-02,-1.025712518272969102e-14
1.719999999999999929e+01,5.000000000000000000e+00,5.013594371459687338e+00,5.013594371459687338e+00,5.013594371459687338e+00,2.608097062476578111e-13,2.608097062476578111e-13,1.718922971504036111e-13,-1.359437145968733773e-02,-1.726485175379615170e-02,1.726485175397787786e-02,-9.833864745974757504e-15
1.721999999999999886e+01,5.000000000000000000e+00,5.013594371459692667e+00,5.013594371459692667e+00,5.013594371459692667e+00,2.512707044681791004e-13,2.512707044681791004e-13,1.654196884528705524e-13,-1.359437145969266680e-02,-1.726485175380292059e-02,1.726485175397787786e-02,-9.537582440246303885e-15
1.724000000000000199e+01,5.000000000000000000e+00,5.013594371459697108e+00,5.013594371459697108e+00,5.013594371459697108e+00,2.420298004724182921e-13,2.420298004724182921e-13,1.588616645105709171e-13,-1.359437145969710770e-02,-1.726485175380968601e-02,1.726485175397787786e-02,-9.330184826236386826e-15
1.726000000000000156e+01,5.000000000000000000e+00,5.013594371459701549e+00,5.013594371459701549e+00,5.013594371459701549e+00,2.332076039201276694e-13,2.332076039201276694e-13,1.538078349495119380e-13,-1.359437145970154859e-02,-1.726485175381532733e-02,1.726485175397787786e-02,-8.742693643418782954e-15
1.728000000000000114e+01,5.000000000000000000e+00,5.013594371459705989e+00,5.013594371459705989e+00,5.013594371459705989e+00,2.247446193314756590e-13,2.247446193314756590e-13,1.485777580336076922e-13,-1.359437145970598948e-02,-1.726485175382096865e-02,1.726485175397787786e-02,-8.331449815446459928e-15
1.730000000000000071e+01,5.000000000000000000e+00,5.013594371459710430e+00,5.013594371459710430e+00,5.013594371459710430e+00,2.165929351399544733e-13,2.165929351399544733e-13,1.432277774162637008e-13,-1.359437145971043037e-02,-1.726485175382660650e-02,1.726485175397787786e-02,-8.043579135865834598e-15
1.732000000000000028e+01,5.000000000000000000e+00,5.013594371459714871e+00,5.013594371459714871e+00,5.013594371459714871e+00,2.087124382407683798e-13,2.087124382407683798e-13,1.377879661480935638e-13,-1.359437145971487126e-02,-1.726485175383224782e-02,1.726485175397787786e-02,-7.842069660159396552e-15
1.733999999999999986e+01,5.000000000000000000e+00,5.013594371459719312e+00,5.013594371459719312e+00,5.013594371459719312e+00,2.010703115651078895e-13,2.010703115651078895e-13,1.322911714841634510e-13,-1.359437145971931216e-02,-1.726485175383788567e-02,1.726485175397787786e-02,-7.701013027164889447e-15
1.735999999999999943e+01,5.000000000000000000e+00,5.013594371459722865e+00,5.013594371459722865e+00,5.013594371459722865e+00,1.936381394469354026e-13,1.936381394469354026e-13,1.267485903833830214e-13,-1.359437145972286487e-02,-1.726485175384352699e-02,1.726485175397787786e-02,-7.602273384068734473e-15
1.737999999999999901e+01,5.000000000000000000e+00,5.013594371459726418e+00,5.013594371459726418e+00,5.013594371459726418e+00,1.865492994971439835e-13,1.865492994971439835e-13,1.227497399490212873e-13,-1.359437145972641758e-02,-1.726485175384803727e-02,1.726485175397787786e-02,-7.090842780890763745e-15
1.740000000000000213e+01,5.000000000000000000e+00,5.013594371459729970e+00,5.013594371459729970e+00,5.013594371459729970e+00,1.797537686361050158e-13,1.797537686361050158e-13,1.185939908867542306e-13,-1.359437145972997030e-02,-1.726485175385255103e-02,1.726485175397787786e-02,-6.732841358666184236e-15
1.742000000000000171e+01,5.000000000000000000e+00,5.013594371459733523e+00,5.013594371459733523e+00,5.013594371459733523e+00,1.732118228569716997e-13,1.732118228569716997e-13,1.143343108447717286e-13,-1.359437145973352301e-02,-1.726485175385706131e-02,1.726485175397787786e-02,-6.482240363108978264e-15
1.744000000000000128e+01,5.000000000000000000e+00,5.013594371459737076e+00,5.013594371459737076e+00,5.013594371459737076e+00,1.668902386769915470e-13,1.668902386769915470e-13,1.099959810571701217e-13,-1.359437145973707572e-02,-1.726485175386157506e-02,1.726485175397787786e-02,-6.306819666218933926e-15
1.746000000000000085e+01,5.000000000000000000e+00,5.013594371459740628e+00,5.013594371459740628e+00,5.013594371459740628e+00,1.607620642600377314e-13,1.607620642600377314e-13,1.056084945074534548e-13,-1.359437145974062844e-02,-1.726485175386608534e-02,1.726485175397787786e-02,-6.184025178395903126e-15
1.748000000000000043e+01,5.000000000000000000e+00,5.013594371459743293e+00,5.013594371459743293e+00,5.013594371459743293e+00,1.548039278504777454e-13,1.548039278504777454e-13,1.011807001644379211e-13,-1.359437145974329297e-02,-1.726485175387059909e-02,1.726485175397787786e-02,-6.098069036919781644e-15
1.750000000000000000e+01,5.000000000000000000e+00,5.013594371459745958e+00,5.013594371459745958e+00,5.013594371459745958e+00,1.491535822192626889e-13,1.491535822192626889e-13,9.830047153832709282e-14,-1.359437145974595751e-02,-1.726485175387398180e-02,1.726485175397787786e-02,-5.595586884875834520e-15
1.751999999999999957e+01,5.000000000000000000e+00,5.013594371459748622e+00,5.013594371459748622e+00,5.013594371459748622e+00,1.437648268793015359e-13,1.437648268793015359e-13,9.526602881965113357e-14,-1.359437145974862204e-02,-1.726485175387736798e-02,1.726485175397787786e-02,-5.243849378445071059e-15
1.753999999999999915e+01,5.000000000000000000e+00,5.013594371459751287e+00,5.013594371459751287e+00,5.013594371459751287e+00,1.386012976209711831e-13,1.386012976209711831e-13,9.212953429599789368e-14,-1.359437145975128658e-02,-1.726485175388075069e-02,1.726485175397787786e-02,-4.997633123943537110e-15
1.755999999999999872e+01,5.000000000000000000e+00,5.013594371459753951e+00,5.013594371459753951e+00,5.013594371459753951e+00,1.336330853484734870e-13,1.336330853484734870e-13,8.891917489599419740e-14,-1.359437145975395111e-02,-1.726485175388413340e-02,1.726485175397787786e-02,-4.825281745792463503e-15
1.758000000000000185e+01,5.000000000000000000e+00,5.013594371459756616e+00,5.013594371459756616e+00,5.013594371459756616e+00,1.288351408771854586e-13,1.288351408771854586e-13,8.565364063559321540e-14,-1.359437145975661565e-02,-1.726485175388751958e-02,1.726485175397787786e-02,-4.704635781086711742e-15
1.760000000000000142e+01,5.000000000000000000e+00,5.013594371459759280e+00,5.013594371459759280e+00,5.013594371459759280e+00,1.241871649927401554e-13,1.241871649927401554e-13,8.235538203273246465e-14,-1.359437145975928019e-02,-1.726485175389090229e-02,1.726485175397787786e-02,-4.620183605792685509e-15
1.762000000000000099e+01,5.000000000000000000e+00,5.013594371459761945e+00,5.013594371459761945e+00,5.013594371459761945e+00,1.196716272711945012e-13,1.196716272711945012e-13,7.903178777728351202e-14,-1.359437145976194472e-02,-1.726485175389428500e-02,1.726485175397787786e-02,-4.561067083086866672e-15
1.764000000000000057e+01,5.000000000000000000e+00,5.013594371459764609e+00,5.013594371459764609e+00,5.013594371459764609e+00,1.152731634558821263e-13,1.152731634558821263e-13,7.568698911807085310e-14,-1.359437145976460926e-02,-1.726485175389767118e-02,1.726485175397787786e-02,-4.519685517192794197e-15
1.766000000000000014e+01,5.000000000000000000e+00,5.013594371459766386e+00,5.013594371459766386e+00,5.013594371459766386e+00,1.109791716538981026e-13,1.109791716538981026e-13,7.233324543604193986e-14,-1.359437145976638561e-02,-1.726485175390105389e-02,1.726485175397787786e-02,-4.490718421066943070e-15
1.767999999999999972e+01,5.000000000000000000e+00,5.013594371459768162e+00,5.013594371459768162e+00,5.013594371459768162e+00,1.069353239622653805e-13,1.069353239622653805e-13,7.054069473757084441e-14,-1.359437145976816197e-02,-1.726485175390330903e-02,1.726485175397787786e-02,-4.028128600768184561e-15
1.769999999999999929e+01,5.000000000000000000e+00,5.013594371459769938e+00,5.013594371459769938e+00,5.013594371459769938e+00,1.031023813306446534e-13,1.031023813306446534e-13,6.860589764605817174e-14,-1.359437145976993833e-02,-1.726485175390556764e-02,1.726485175397787786e-02,-3.704315726559053606e-15
1.771999999999999886e+01,5.000000000000000000e+00,5.013594371459771715e+00,5.013594371459771715e+00,5.013594371459771715e+00,9.944988581150365888e-14,9.944988581150365888e-14,6.657742613923472121e-14,-1.359437145977171468e-02,-1.726485175390782278e-02,1.726485175397787786e-02,-3.477646714612662016e-15
1.774000000000000199e+01,5.000000000000000000e+00,5.013594371459773491e+00,5.013594371459773491e+00,5.013594371459773491e+00,9.595299262323602570e-14,9.595299262323602570e-14,6.448095392882733971e-14,-1.359437145977349104e-02,-1.726485175391007793e-02,1.726485175397787786e-02,-3.318978406250187981e-15
1.776000000000000156e+01,5.000000000000000000e+00,5.013594371459775267e+00,5.013594371459775267e+00,5.013594371459775267e+00,9.259138148350354934e-14,9.259138148350354934e-14,6.233688122591122420e-14,-1.359437145977526740e-02,-1.726485175391233307e-02,1.726485175397787786e-02,-3.207910590396456236e-15
1.778000000000000114e+01,5.000000000000000000e+00,5.013594371459777044e+00,5.013594371459777044e+00,5.013594371459777044e+00,8.934819215297709604e-14,8.934819215297709604e-14,6.015948817823899111e-14,-1.359437145977704375e-02,-1.726485175391458821e-02,1.726485175397787786e-02,-3.130163119298844054e-15
1.780000000000000071e+01,5.000000000000000000e+00,5.013594371459778820e+00,5.013594371459778820e+00,5.013594371459778820e+00,8.620890308190794028e-14,8.620890308190794028e-14,5.795530144228551325e-14,-1.359437145977882011e-02,-1.726485175391684682e-02,1.726485175397787786e-02,-3.075739889530515527e-15
1.782000000000000028e+01,5.000000000000000000e+00,5.013594371459780596e+00,5.013594371459780596e+00,5.013594371459780596e+00,8.316183849215249011e-14,8.316183849215249011e-14,5.573825718435349529e-14,-1.359437145978059647e-02,-1.726485175391910196e-02,1.726485175397787786e-02,-3.037643628692685439e-15
1.783999999999999986e+01,5.000000000000000000e+00,5.013594371459782373e+00,5.013594371459782373e+00,5.013594371459782373e+00,8.019663304775425219e-14,8.019663304775425219e-14,5.350978404817012354e-14,-1.359437145978237282e-02,-1.726485175392135710e-02,1.726485175397787786e-02,-3.010976246106204417e-15
1.785999999999999943e+01,5.000000000000000000e+00,5.013594371459784149e+00,5.013594371459784149e+00,5.013594371459784149e+00,7.730430081269990776e-14,7.730430081269990776e-14,5.127331069721081423e-14,-1.359437145978414918e-02,-1.726485175392361224e-02,1.726485175397787786e-02,-2.992309078295667663e-15
1.787999999999999901e+01,5.000000000000000000e+00,5.013594371459785926e+00,5.013594371459785926e+00,5.013594371459785926e+00,7.447664750632555636e-14,7.447664750632555636e-14,4.902776774895638744e-14,-1.359437145978592554e-02,-1.726485175392587085e-02,1.726485175397787786e-02,-2.979242060828292013e-15
1.790000000000000213e+01,5.000000000000000000e+00,5.013594371459787702e+00,5.013594371459787702e+00,5.013594371459787702e+00,7.170716016993436973e-14,7.170716016993436973e-14,4.678177414241369640e-14,-1.359437145978770189e-02,-1.726485175392812599e-02,1.726485175397787786e-02,-2.970095148601129098e-15
1.792000000000000171e+01,5.000000000000000000e+00,5.013594371459789478e+00,5.013594371459789478e+00,5.013594371459789478e+00,6.898974779916122562e-14,6.898974779916122562e-14,4.453303646220286548e-14,-1.359437145978947825e-02,-1.726485175393038113e-02,1.726485175397787786e-02,-2.963692310042115136e-15
1.794000000000000128e+01,5.000000000000000000e+00,5.013594371459790366e+00,5.013594371459790366e+00,5.013594371459790366e+00,6.631901081228754032e-14,6.631901081228754032e-14,4.228237793042432212e-14,-1.359437145979036643e-02,-1.726485175393263627e-02,1.726485175397787786e-02,-2.959210323050805324e-15
1.796000000000000085e+01,5.000000000000000000e+00,5.013594371459791255e+00,5.013594371459791255e+00,5.013594371459791255e+00,6.384678857785799151e-14,6.384678857785799151e-14,4.159678846799202703e-14,-1.359437145979125461e-02,-1.726485175393376731e-02,1.726485175397787786e-02,-2.513760079146226130e-15
1.798000000000000043e+01,5.000000000000000000e+00,5.013594371459792143e+00,5.013594371459792143e+00,5.013594371459792143e+00,6.154021305800621875e-14,6.154021305800621875e-14,4.078103337934030809e-14,-1.359437145979214279e-02,-1.726485175393489488e-02,1.726485175397787786e-02,-2.201944908413020458e-15
1.800000000000000000e+01,5.000000000000000000e+00,5.013594371459793031e+00,5.013594371459793031e+00,5.013594371459793031e+00,5.937336512615246221e-14,5.937336512615246221e-14,3.987173373946862808e-14,-1.359437145979303097e-02,-1.726485175393602245e-02,1.726485175397787786e-02,-1.983674288899776645e-15
1.801999999999999957e+01,5.000000000000000000e+00,5.013594371459793919e+00,5.013594371459793919e+00,5.013594371459793919e+00,5.732572390491150822e-14,5.732572390491150822e-14,3.889695291374297280e-14,-1.359437145979391914e-02,-1.726485175393715002e-02,1.726485175397787786e-02,-1.830884855240506134e-15
1.803999999999999915e+01,5.000000000000000000e+00,5.013594371459794807e+00,5.013594371459794807e+00,5.013594371459794807e+00,5.538078504021230817e-14,5.538078504021230817e-14,3.787633525791953293e-14,-1.359437145979480732e-02,-1.726485175393827759e-02,1.726485175397787786e-02,-1.723932251679016658e-15
1.805999999999999872e+01,5.000000000000000000e+00,5.013594371459795696e+00,5.013594371459795696e+00,5.013594371459795696e+00,5.352506971829384325e-14,5.352506971829384325e-14,3.682363182102765269e-14,-1.359437145979569550e-02,-1.726485175393940516e-02,1.726485175397787786e-02,-1.649065429185974064e-15
1.808000000000000185e+01,5.000000000000000000e+00,5.013594371459796584e+00,5.013594371459796584e+00,5.013594371459796584e+00,5.174740958020324503e-14,5.174740958020324503e-14,3.574846833738786103e-14,-1.359437145979658368e-02,-1.726485175394053273e-02,1.726485175397787786e-02,-1.596658653440844268e-15
1.810000000000000142e+01,5.000000000000000000e+00,5.013594371459797472e+00,5.013594371459797472e+00,5.013594371459797472e+00,5.003842690428537310e-14,5.003842690428537310e-14,3.465758282102452570e-14,-1.359437145979747186e-02,-1.726485175394166030e-02,1.726485175397787786e-02,-1.559973910419253411e-15
1.812000000000000099e+01,5.000000000000000000e+00,5.013594371459798360e+00,5.013594371459798360e+00,5.013594371459798360e+00,4.839015340203230784e-14,4.839015340203230784e-14,3.355569188175471421e-14,-1.359437145979836004e-02,-1.726485175394278787e-02,1.726485175397787786e-02,-1.534294590304139693e-15
1.814000000000000057e+01,5.000000000000000000e+00,5.013594371459799248e+00,5.013594371459799248e+00,5.013594371459799248e+00,4.679540083177891580e-14,4.679540083177891580e-14,3.244262769949841265e-14,-1.359437145979924821e-02,-1.726485175394391891e-02,1.726485175397787786e-02,-1.516319066223560070e-15
1.816000000000000014e+01,5.000000000000000000e+00,5.013594371459800136e+00,5.013594371459800136e+00,5.013594371459800136e+00,4.524862477929801591e-14,4.524862477929801591e-14,3.132764030696989802e-14,-1.359437145980013639e-02,-1.726485175394504648e-02,1.726485175397787786e-02,-1.503736199367154433e-15
1.817999999999999972e+01,5.000000000000000000e+00,5.013594371459801025e+00,5.013594371459801025e+00,5.013594371459801025e+00,4.374465010680666162e-14,4.374465010680666162e-14,3.020887805438445408e-14,-1.359437145980102457e-02,-1.726485175394617405e-02,1.726485175397787786e-02,-1.494928192567670408e-15
1.819999999999999929e+01,5.000000000000000000e+00,5.013594371459801913e+00,5.013594371459801913e+00,5.013594371459801913e+00,4.227893243610191054e-14,4.227893243610191054e-14,2.908747339975916972e-14,-1.359437145980191275e-02,-1.726485175394730162e-02,1.726485175397787786e-02,-1.488762587808031729e-15
1.821999999999999886e+01,5.000000000000000000e+00,5.013594371459802801e+00,5.013594371459802801e+00,5.013594371459802801e+00,4.084746109886232090e-14,4.084746109886232090e-14,2.796421906370599203e-14,-1.359437145980280093e-02,-1.726485175394842919e-02,1.726485175397787786e-02,-1.484446664476284614e-15
1.824000000000000199e+01,5.000000000000000000e+00,5.013594371459803689e+00,5.013594371459803689e+00,5.013594371459803689e+00,3.944668198404141597e-14,3.944668198404141597e-14,2.683966995065329058e-14,-1.359437145980368911e-02,-1.726485175394955676e-02,1.726485175397787786e-02,-1.481425518144061653e-15
1.826000000000000156e+01,5.000000000000000000e+00,5.013594371459804577e+00,5.013594371459804577e+00,5.013594371459804577e+00,3.807343523500736454e-14,3.807343523500736454e-14,2.571421449370092375e-14,-1.359437145980457728e-02,-1.726485175395068433e-02,1.726485175397787786e-02,-1.479310715711505442e-15
1.828000000000000114e+01,5.000000000000000000e+00,5.013594371459805465e+00,5.013594371459805465e+00,5.013594371459805465e+00,3.672490417110850664e-14,3.672490417110850664e-14,2.458812459601878865e-14,-1.359437145980546546e-02,-1.726485175395181190e-02,1.726485175397787786e-02,-1.477830354008716134e-15
1.830000000000000071e+01,5.000000000000000000e+00,5.013594371459806354e+00,5.013594371459806354e+00,5.013594371459806354e+00,3.539822586828504013e-14,3.539822586828504013e-14,2.345812114287386055e-14,-1.359437145980635364e-02,-1.726485175395294294e-02,1.726485175397787786e-02,-1.476794100816763638e-15
1.832000000000000028e+01,5.000000000000000000e+00,5.013594371459807242e+00,5.013594371459807242e+00,5.013594371459807242e+00,3.409153090752886506e-14,3.409153090752886506e-14,2.233127626072330513e-14,-1.359437145980724182e-02,-1.726485175395407051e-02,1.726485175397787786e-02,-1.476068723582396812e-15
1.833999999999999986e+01,5.000000000000000000e+00,5.013594371459808130e+00,5.013594371459808130e+00,5.013594371459808130e+00,3.280279919331622513e-14,3.280279919331622513e-14,2.120421376540243422e-14,-1.359437145980813000e-02,-1.726485175395519808e-02,1.726485175397787786e-02,-1.475560959518340153e-15
1.835999999999999943e+01,5.000000000000000000e+00,5.013594371459809018e+00,5.013594371459809018e+00,5.013594371459809018e+00,3.153021916807083983e-14,3.153021916807083983e-14,2.007699894086235004e-14,-1.359437145980901818e-02,-1.726485175395632565e-02,1.726485175397787786e-02,-1.475205524673500510e-15
1.837999999999999901e+01,5.000000000000000000e+00,5.013594371459809906e+00,5.013594371459809906e+00,5.013594371459809906e+00,3.027216499985063542e-14,3.027216499985063542e-14,1.894967748586881468e-14,-1.359437145980990636e-02,-1.726485175395745322e-02,1.726485175397787786e-02,-1.474956720282112642e-15
1.840000000000000213e+01,5.000000000000000000e+00,5.013594371459810795e+00,5.013594371459810795e+00,5.013594371459810795e+00,2.902717663882136044e-14,2.902717663882136044e-14,1.782228138955786033e-14,-1.359437145981079453e-02,-1.726485175395858079e-02,1.726485175397787786e-02,-1.474782557208141194e-15
1.842000000000000171e+01,5.000000000000000000e+00,5.013594371459811683e+00,5.013594371459811683e+00,5.013594371459811683e+00,2.779394227937169531e-14,2.779394227937169531e-14,1.669483304432471554e-14,-1.359437145981168271e-02,-1.726485175395970836e-02,1.726485175397787786e-02,-1.474660643056361180e-15
1.844000000000000128e+01,5.000000000000000000e+00,5.013594371459812571e+00,5.013594371459812571e+00,5.013594371459812571e+00,2.657128286391913041e-14,2.657128286391913041e-14,1.556734812484603680e-14,-1.359437145981257089e-02,-1.726485175396083593e-02,1.726485175397787786e-02,-1.474575303150115111e-15
1.846000000000000085e+01,5.000000000000000000e+00,5.013594371459813459e+00,5.013594371459813459e+00,5.013594371459813459e+00,2.535779139317157145e-14,2.535779139317157145e-14,1.443636815644353131e-14,-1.359437145981345907e-02,-1.726485175396196697e-02,1.726485175397787786e-02,-1.474515565215742962e-15
1.848000000000000043e+01,5.000000000000000000e+00,5.013594371459814347e+00,5.013594371459814347e+00,5.013594371459814347e+00,2.415289622521568242e-14,2.415289622521568242e-14,1.330883971361266699e-14,-1.359437145981434725e-02,-1.726485175396309454e-02,1.726485175397787786e-02,-1.474473748661682477e-15
1.850000000000000000e+01,5.000000000000000000e+00,5.013594371459815235e+00,5.013594371459815235e+00,5.013594371459815235e+00,2.295573647527567139e-14,2.295573647527567139e-14,1.218129872581558474e-14,-1.359437145981523543e-02,-1.726485175396422211e-02,1.726485175397787786e-02,-1.474444477073840118e-15
1.851999999999999957e+01,5.000000000000000000e+00,5.013594371459815235e+00,5.013594371459815235e+00,5.013594371459815235e+00,2.176553772340231950e-14,2.176553772340231950e-14,1.105374895654215088e-14,-1.359437145981523543e-02,-1.726485175396534968e-02,1.726485175397787786e-02,-1.474423986962350348e-15
1.853999999999999915e+01,5.000000000000000000e+00,5.013594371459815235e+00,5.013594371459815235e+00,5.013594371459815235e+00,2.073859156632517167e-14,2.073859156632517167e-14,1.149607615263085540e-14,-1.359437145981523543e-02,-1.726485175396534968e-02,1.726485175397787786e-02,-1.032096790873645244e-15
1.855999999999999872e+01,5.000000000000000000e+00,5.013594371459815235e+00,5.013594371459815235e+00,5.013594371459815235e+00,1.984530292868194942e-14,1.984530292868194942e-14,1.180570518989294919e-14,-1.359437145981523543e-02,-1.726485175396534968e-02,1.726485175397787786e-02,-7.224677536115516507e-16
1.858000000000000185e+01,5.000000000000000000e+00,5.013594371459815235e+00,5.013594371459815235e+00,5.013594371459815235e+00,1.906301718741139475e-14,1.906301718741139475e-14,1.202244551597641531e-14,-1.359437145981523543e-02,-1.726485175396534968e-02,1.726485175397787786e-02,-5.057274275280861161e-16
1.860000000000000142e+01,5.000000000000000000e+00,5.013594371459815235e+00,5.013594371459815235e+00,5.013594371459815235e+00,1.837413184309373804e-14,1.837413184309373804e-14,1.217416374423484034e-14,-1.359437145981523543e-02,-1.726485175396534968e-02,1.726485175397787786e-02,-3.540091992696603010e-16
1.862000000000000099e+01,5.000000000000000000e+00,5.013594371459815235e+00,5.013594371459815235e+00,5.013594371459815235e+00,1.776475530918593856e-14,1.776475530918593856e-14,1.228036650401573849e-14,-1.359437145981523543e-02,-1.726485175396534968e-02,1.726485175397787786e-02,-2.478064394887622008e-16
1.864000000000000057e+01,5.000000000000000000e+00,5.013594371459815235e+00,5.013594371459815235e+00,5.013594371459815235e+00,1.722375062185358150e-14,1.722375062185358150e-14,1.235470843586236798e-14,-1.359437145981523543e-02,-1.726485175396534968e-02,1.726485175397787786e-02,-1.734645076421335455e-16
1.866000000000000014e+01,5.000000000000000000e+00,5.013594371459815235e+00,5.013594371459815235e+00,5.013594371459815235e+00,1.674205033848372404e-14,1.674205033848372404e-14,1.240674778815500689e-14,-1.359437145981523543e-02,-1.726485175396534968e-02,1.726485175397787786e-02,-1.214251553494934769e-16
1.867999999999999972e+01,5.000000000000000000e+00,5.013594371459815235e+00,5.013594371459815235e+00,5.013594371459815235e+00,1.631216283811133828e-14,1.631216283811133828e-14,1.244317533475985539e-14,-1.359437145981523543e-02,-1.726485175396534968e-02,1.726485175397787786e-02,-8.499760874464543385e-17
1.869999999999999929e+01,5.000000000000000000e+00,5.013594371459815235e+00,5.013594371459815235e+00,5.013594371459815235e+00,1.592781401603853029e-14,1.592781401603853029e-14,1.246867461738324887e-14,-1.359437145981523543e-02,-1.726485175396534968e-02,1.726485175397787786e-02,-5.949832612125179753e-17
1.871999999999999886e+01,5.000000000000000000e+00,5.013594371459815235e+00,5.013594371459815235e+00,5.013594371459815235e+00,1.558368502595663891e-14,1.558368502595663891e-14,1.248652411521962446e-14,-1.359437145981523543e-02,-1.726485175396534968e-02,1.726485175397787786e-02,-4.164882828487625581e-17
1.874000000000000199e+01,5.000000000000000000e+00,5.013594371459815235e+00,5.013594371459815235e+00,5.013594371459815235e+00,1.527521839973148283e-14,1.527521839973148283e-14,1.249901876370508753e-14,-1.359437145981523543e-02,-1.726485175396534968e-02,1.726485175397787786e-02,-2.915417979941338153e-17
1.876000000000000156e+01,5.000000000000000000e+00,5.013594371459815235e+00,5.013594371459815235e+00,5.013594371459815235e+00,1.499847306152282614e-14,1.499847306152282614e-14,1.250776501764491120e-14,-1.359437145981523543e-02,-1.726485175396534968e-02,1.726485175397787786e-02,-2.040792585958936584e-17
1.878000000000000114e+01,5.000000000000000000e+00,5.013594371459815235e+00,5.013594371459815235e+00,5.013594371459815235e+00,1.475001449491082245e-14,1.475001449491082245e-14,1.251388739540278762e-14,-1.359437145981523543e-02,-1.726485175396534968e-02,1.726485175397787786e-02,-1.428554810171255547e-17
1.880000000000000071e+01,5.000000000000000000e+00,5.013594371459815235e+00,5.013594371459815235e+00,5.013594371459815235e+00,1.452683035140307132e-14,1.452683035140307132e-14,1.251817305983330174e-14,-1.359437145981523543e-02,-1.726485175396534968e-02,1.726485175397787786e-02,-9.999883671198789137e-18
1.882000000000000028e+01,5.000000000000000000e+00,5.013594371459815235e+00,5.013594371459815235e+00,5.013594371459815235e+00,1.432626461875622920e-14,1.432626461875622920e-14,1.252117302493466116e-14,-1.359437145981523543e-02,-1.726485175396534968e-02,1.726485175397787786e-02,-6.999918569839151934e-18
1.883999999999999986e+01,5.000000000000000000e+00,5.013594371459815235e+00,5.013594371459815235e+00,5.013594371459815235e+00,1.414596545693116760e-14,1.414596545693116760e-14,1.252327300050561322e-14,-1.359437145981523543e-02,-1.726485175396534968e-02,1.726485175397787786e-02,-4.899942998887405891e-18
1.885999999999999943e+01,5.000000000000000000e+00,5.013594371459815235e+00,5.013594371459815235e+00,5.013594371459815235e+00,1.398384320957857933e-14,1.398384320957857933e-14,1.252474298340528013e-14,-1.359437145981523543e-02,-1.726485175396534968e-02,1.726485175397787786e-02,-3.429960099221184124e-18
1.887999999999999901e+01,5.000000000000000000e+00,5.013594371459815235e+00,5.013594371459815235e+00,5.013594371459815235e+00,1.383803608576422660e-14,1.383803608576422660e-14,1.252577197143504571e-14,-1.359437145981523543e-02,-1.726485175396534968e-02,1.726485175397787786e-02,-2.400972069454828887e-18
1.890000000000000213e+01,5.000000000000000000e+00,5.013594371459815235e+00,5.013594371459815235e+00,5.013594371459815235e+00,1.370688170349339210e-14,1.370688170349339210e-14,1.252649226305588320e-14,-1.359437145981523543e-02,-1.726485175396534968e-02,1.726485175397787786e-02,-1.680680448618380144e-18
1.892000000000000171e+01,5.000000000000000000e+00,5.013594371459815235e+00,5.013594371459815235e+00,5.013594371459815235e+00,1.358889317986310032e-14,1.358889317986310032e-14,1.252699646719046802e-14,-1.359437145981523543e-02,-1.726485175396534968e-02,1.726485175397787786e-02,-1.176476314032866101e-18
1.894000000000000128e+01,5.000000000000000000e+00,5.013594371459815235e+00,5.013594371459815235e+00,5.013594371459815235e+00,1.348273880288525765e-14,1.348273880288525765e-14,1.252734941008467833e-14,-1.359437145981523543e-02,-1.726485175396534968e-02,1.726485175397787786e-02,-8.235334198230063089e-19
1.896000000000000085e+01,5.000000000000000000e+00,5.013594371459815235e+00,5.013594371459815235e+00,5.013594371459815235e+00,1.338722456960779394e-14,1.338722456960779394e-14,1.252759647011062524e-14,-1.359437145981523543e-02,-1.726485175396534968e-02,1.726485175397787786e-02,-5.764733938761043585e-19
1.898000000000000043e+01,5.000000000000000000e+00,5.013594371459815235e+00,5.013594371459815235e+00,5.013594371459815235e+00,1.330127905385989250e-14,1.330127905385989250e-14,1.252776941212878745e-14,-1.359437145981523543e-02,-1.726485175396534968e-02,1.726485175397787786e-02,-4.035313757132730702e-19
1.900000000000000000e+01,5.000000000000000000e+00,5.013594371459815235e+00,5.013594371459815235e+00,5.013594371459815235e+00,1.322394019562805401e-14,1.322394019562805401e-14,1.252789047154150131e-14,-1.359437145981523543e-02,-1.726485175396534968e-02,1.726485175397787786e-02,-2.824719629992911491e-19
1.901999999999999957e+01,5.000000000000000000e+00,5.013594371459815235e+00,5.013594371459815235e+00,5.013594371459815235e+00,1.315434369737828863e-14,1.315434369737828863e-14,1.252797521313040180e-14,-1.359437145981523543e-02,-1.726485175396534968e-02,1.726485175397787786e-02,-1.977303740995038092e-19
1.903999999999999915e+01,5.000000000000000000e+00,5.013594371459815235e+00,5.013594371459815235e+00,5.013594371459815235e+00,1.309171278086472268e-14,1.309171278086472268e-14,1.252803453224263072e-14,-1.359437145981523543e-02,-1.726485175396534968e-02,1.726485175397787786e-02,-1.384112618696526833e-19
1.905999999999999872e+01,5.000000000000000000e+00,5.013594371459815235e+00,5.013594371459815235e+00,5.013594371459815235e+00,1.303534910834036924e-14,1.303534910834036924e-14,1.252807605562119144e-14,-1.359437145981523543e-02,-1.726485175396534968e-02,1.726485175397787786e-02,-9.688788330875688072e-20
1.908000000000000185e+01,5.000000000000000000e+00,5.013594371459815235e+00,5.013594371459815235e+00,5.013594371459815235e+00,1.298462470970495093e-14,1.298462470970495093e-14,1.252810512198618457e-14,-1.359437145981523543e-02,-1.726485175396534968e-02,1.726485175397787786e-02,-6.782151831612981771e-20
1.910000000000000142e+01,5.000000000000000000e+00,5.013594371459815235e+00,5.013594371459815235e+00,5.013594371459815235e+00,1.293897478557862358e-14,1.293897478557862358e-14,1.252812546844167898e-14,-1.359437145981523543e-02,-1.726485175396534968e-02,1.726485175397787786e-02,-4.747506282129087239e-20
1.912000000000000099e+01,5.000000000000000000e+00,5.013594371459815235e+00,5.013594371459815235e+00,5.013594371459815235e+00,1.289789127811681389e-14,1.289789127811681389e-14,1.252813971096052664e-14,-1.359437145981523543e-02,-1.726485175396534968e-02,1.726485175397787786e-02,-3.323254397490361068e-20
1.914000000000000057e+01,5.000000000000000000e+00,5.013594371459815235e+00,5.013594371459815235e+00,5.013594371459815235e+00,1.286091711837750448e-14,1.286091711837750448e-14,1.252814968072371827e-14,-1.359437145981523543e-02,-1.726485175396534968e-02,1.726485175397787786e-02,-2.326278078243252928e-20
1.916000000000000014e+01,5.000000000000000000e+00,5.013594371459815235e+00,5.013594371459815235e+00,5.013594371459815235e+00,1.282764107249554976e-14,1.282764107249554976e-14,1.252815665955795256e-14,-1.359437145981523543e-02,-1.726485175396534968e-02,1.726485175397787786e-02,-1.628394654770277230e-20
1.917999999999999972e+01,5.000000000000000000e+00,5.013594371459815235e+00,5.013594371459815235e+00,5.013594371459815235e+00,1.279769311972018643e-14,1.279769311972018643e-14,1.252816154474191799e-14,-1.359437145981523543e-02,-1.726485175396534968e-02,1.726485175397787786e-02,-1.139876258339194121e-20
1.919999999999999929e+01,5.000000000000000000e+00,5.013594371459815235e+00,5.013594371459815235e+00,5.013594371459815235e+00,1.277074030418523652e-14,1.277074030418523652e-14,1.252816496437069206e-14,-1.359437145981523543e-02,-1.726485175396534968e-02,1.726485175397787786e-02,-7.979133808374358849e-21
1.921999999999999886e+01,5.000000000000000000e+00,5.013594371459815235e+00,5.013594371459815235e+00,5.013594371459815235e+00,1.274648300957779676e-14,1.274648300957779676e-14,1.252816735811083422e-14,-1.359437145981523543e-02,-1.726485175396534968e-02,1.726485175397787786e-02,-5.585393665862050893e-21
1.924000000000000199e+01,5.000000000000000000e+00,5.013594371459815235e+00,5.013594371459815235e+00,5.013594371459815235e+00,1.272465161199291065e-14,1.272465161199291065e-14,1.252816903372893405e-14,-1.359437145981523543e-02,-1.726485175396534968e-02,1.726485175397787786e-02,-3.909775566103435926e-21
1.926000000000000156e+01,5.000000000000000000e+00,5.013594371459815235e+00,5.013594371459815235e+00,5.013594371459815235e+00,1.270500347145977974e-14,1.270500347145977974e-14,1.252817020666160471e-14,-1.359437145981523543e-02,-1.726485175396534968e-02,1.726485175397787786e-02,-2.736842896272405148e-21
1.928000000000000114e+01,5.000000000000000000e+00,5.013594371459815235e+00,5.013594371459815235e+00,5.013594371459815235e+00,1.268732022708524928e-14,1.268732022708524928e-14,1.252817102771447355e-14,-1.359437145981523543e-02,-1.726485175396534968e-02,1.726485175397787786e-02,-1.915790027390683641e-21
1.930000000000000071e+01,5.000000000000000000e+00,5.013594371459815235e+00,5.013594371459815235e+00,5.013594371459815235e+00,1.267140536462187194e-14,1.267140536462187194e-14,1.252817160245148221e-14,-1.359437145981523543e-02,-1.726485175396534968e-02,1.726485175397787786e-02,-1.341053019173478549e-21
1.932000000000000028e+01,5.000000000000000000e+00,5.013594371459815235e+00,5.013594371459815235e+00,5.013594371459815235e+00,1.265708202863642375e-14,1.265708202863642375e-14,1.252817200476738685e-14,-1.359437145981523543e-02,-1.726485175396534968e-02,1.726485175397787786e-02,-9.387371134214349655e-22
1.933999999999999986e+01,5.000000000000000000e+00,5.013594371459815235e+00,5.013594371459815235e+00,5.013594371459815235e+00,1.264419105441163349e-14,1.264419105441163349e-14,1.252817228638852120e-14,-1.359437145981523543e-02,-1.726485175396534968e-02,1.726485175397787786e-02,-6.571159793950044758e-22
1.935999999999999943e+01,5.000000000000000000e+00,5.013594371459815235e+00,5.013594371459815235e+00,5.013594371459815235e+00,1.263258919732280151e-14,1.263258919732280151e-14,1.252817248352331525e-14,-1.359437145981523543e-02,-1.726485175396534968e-02,1.726485175397787786e-02,-4.599811855765031613e-22
1.937999999999999901e+01,5.000000000000000000e+00,5.013594371459815235e+00,5.013594371459815235e+00,5.013594371459815235e+00,1.262214753974228768e-14,1.262214753974228768e-14,1.252817262151767108e-14,-1.359437145981523543e-02,-1.726485175396534968e-02,1.726485175397787786e-02,-3.219868299035522505e-22
1.940000000000000213e+01,5.000000000000000000e+00,5.013594371459815235e+00,5.013594371459815235e+00,5.013594371459815235e+00,1.261275005757943049e-14,1.261275005757943049e-14,1.252817271811372048e-14,-1.359437145981523543e-02,-1.726485175396534968e-02,1.726485175397787786e-02,-2.253907809324865942e-22
1.942000000000000171e+01,5.000000000000000000e+00,5.013594371459815235e+00,5.013594371459815235e+00,5.013594371459815235e+00,1.260429233039458342e-14,1.260429233039458342e-14,1.252817278573095348e-14,-1.359437145981523543e-02,-1.726485175396534968e-02,1.726485175397787786e-02,-1.577735466527406018e-22
1.944000000000000128e+01,5.000000000000000000e+00,5.013594371459815235e+00,5.013594371459815235e+00,5.013594371459815235e+00,1.259668038066142766e-14,1.259668038066142766e-14,1.252817283306301801e-14,-1.359437145981523543e-02,-1.726485175396534968e-02,1.726485175397787786e-02,-1.104414826569184213e-22
1.946000000000000085e+01,5.000000000000000000e+00,5.013594371459815235e+00,5.013594371459815235e+00,5.013594371459815235e+00,1.258982962921483153e-14,1.258982962921483153e-14,1.252817286619546317e-14,-1.359437145981523543e-02,-1.726485175396534968e-02,1.726485175397787786e-02,-7.730903785984289724e-23
1.948000000000000043e+01,5.000000000000000000e+00,5.013594371459815235e+00,5.013594371459815235e+00,5.013594371459815235e+00,1.258366395523216564e-14,1.258366395523216564e-14,1.252817288938817415e-14,-1.359437145981523543e-02,-1.726485175396534968e-02,1.726485175397787786e-02,-5.411632650189002572e-23
1.950000000000000000e+01,5.000000000000000000e+00,5.013594371459815235e+00,5.013594371459815235e+00,5.013594371459815235e+00,1.257811485027125643e-14,1.257811485027125643e-14,1.252817290562307200e-14,-1.359437145981523543e-02,-1.726485175396534968e-02,1.726485175397787786e-02,-3.788142855132301918e-23
1.951999999999999957e+01,5.000000000000000000e+00,5.013594371459815235e+00,5.013594371459815235e+00,5.013594371459815235e+00,1.257312065694288016e-14,1.257312065694288016e-14,1.252817291698750160e-14,-1.359437145981523543e-02,-1.726485175396534968e-02,1.726485175397787786e-02,-2.651699998592611401e-23
1.953999999999999915e+01,5.000000000000000000e+00,5.013594371459815235e+00,5.013594371459815235e+00,5.013594371459815235e+00,1.256862588374285157e-14,1.256862588374285157e-14,1.252817292494260058e-14,-1.359437145981523543e-02,-1.726485175396534968e-02,1.726485175397787786e-02,-1.856189999014827981e-23
1.955999999999999872e+01,5.000000000000000000e+00,5.013594371459815235e+00,5.013594371459815235e+00,5.013594371459815235e+00,1.256458058841968386e-14,1.256458058841968386e-14,1.252817293051117129e-14,-1.359437145981523543e-02,-1.726485175396534968e-02,1.726485175397787786e-02,-1.299332999310379675e-23
1.958000000000000185e+01,5.000000000000000000e+00,5.013594371459815235e+00,5.013594371459815235e+00,5.013594371459815235e+00,1.256093982301863323e-14,1.256093982301863323e-14,1.252817293440916968e-14,-1.359437145981523543e-02,-1.726485175396534968e-02,1.726485175397787786e-02,-9.095330995172658605e-24
1.960000000000000142e+01,5.000000000000000000e+00,5.013594371459815235e+00,5.013594371459815235e+00,5.013594371459815235e+00,1.255766313443054739e-14,1.255766313443054739e-14,1.252817293713776855e-14,-1.359437145981523543e-02,-1.726485175396534968e-02,1.726485175397787786e-02,-6.366731696620861317e-24
1.962000000000000099e+01,5.000000000000000000e+00,5.013594371459815235e+00,5.013594371459815235e+00,5.013594371459815235e+00,1.255471411489227167e-14,1.255471411489227167e-14,1.252817293904778855e-14,-1.359437145981523543e-02,-1.726485175396534968e-02,1.726485175397787786e-02,-4.456712187634603510e-24
1.964000000000000057e+01,5.000000000000000000e+00,5.013594371459815235e+00,5.013594371459815235e+00,5.013594371459815235e+00,1.255205999744152439e-14,1.255205999744152439e-14,1.252817294038480208e-14,-1.359437145981523543e-02,-1.726485175396534968e-02,1.726485175397787786e-02,-3.119698531344222310e-24
1.966000000000000014e+01,5.000000000000000000e+00,5.013594371459815235e+00,5.013594371459815235e+00,5.013594371459815235e+00,1.254967129182944262e-14,1.254967129182944262e-14,1.252817294132071139e-14,-1.359437145981523543e-02,-1.726485175396534968e-02,1.726485175397787786e-02,-2.183788971940955617e-24
1.967999999999999972e+01,5.000000000000000000e+00,5.013594371459815235e+00,5.013594371459815235e+00,5.013594371459815235e+00,1.254752145684408360e-14,1.254752145684408360e-14,1.252817294197584933e-14,-1.359437145981523543e-02,-1.726485175396534968e-02,1.726485175397787786e-02,-1.528652280358668932e-24
1.969999999999999929e+01,5.000000000000000000e+00,5.013594371459815235e+00,5.013594371459815235e+00,5.013594371459815235e+00,1.254558660540311997e-14,1.254558660540311997e-14,1.252817294243444415e-14,-1.359437145981523543e-02,-1.726485175396534968e-02,1.726485175397787786e-02,-1.070056596251068216e-24
1.971999999999999886e+01,5.000000000000000000e+00,5.013594371459815235e+00,5.013594371459815235e+00,5.013594371459815235e+00,1.254384523913835382e-14,1.254384523913835382e-14,1.252817294275546163e-14,-1.359437145981523543e-02,-1.726485175396534968e-02,1.726485175397787786e-02,-7.490396173757477876e-25
1.974000000000000199e+01,5.000000000000000000e+00,5.013594371459815235e+00,5.013594371459815235e+00,5.013594371459815235e+00,1.254227800952253515e-14,1.254227800952253515e-14,1.252817294298017339e-14,-1.359437145981523543e-02,-1.726485175396534968e-02,1.726485175397787786e-02,-5.243277321630234697e-25
1.976000000000000156e+01,5.000000000000000000e+00,5.013594371459815235e+00,5.013594371459815235e+00,5.013594371459815235e+00,1.254086750288402918e-14,1.254086750288402918e-14,1.252817294313747068e-14,-1.359437145981523543e-02,-1.726485175396534968e-02,1.726485175397787786e-02,-3.670294125141164655e-25
1.978000000000000114e+01,5.000000000000000000e+00,5.013594371459815235e+00,5.013594371459815235e+00,5.013594371459815235e+00,1.253959804692038409e-14,1.253959804692038409e-14,1.252817294324757988e-14,-1.359437145981523543e-02,-1.726485175396534968e-02,1.726485175397787786e-02,-2.569205887598815351e-25
1.980000000000000071e+01,5.000000000000000000e+00,5.013594371459815235e+00,5.013594371459815235e+00,5.013594371459815235e+00,1.253845553656081084e-14,1.253845553656081084e-14,1.252817294332465633e-14,-1.359437145981523543e-02,-1.726485175396534968e-02,1.726485175397787786e-02,-1.798444121319170791e-25
1.982000000000000028e+01,5.000000000000000000e+00,5.013594371459815235e+00,5.013594371459815235e+00,5.013594371459815235e+00,1.253742727724259072e-14,1.253742727724259072e-14,1.252817294337860968e-14,-1.359437145981523543e-02,-1.726485175396534968e-02,1.726485175397787786e-02,-1.258910884923419508e-25
1.983999999999999986e+01,5.000000000000000000e+00,5.013594371459815235e+00,5.013594371459815235e+00,5.013594371459815235e+00,1.253650184385996874e-14,1.253650184385996874e-14,1.252817294341637718e-14,-1.359437145981523543e-02,-1.726485175396534968e-02,1.726485175397787786e-02,-8.812376194463936786e-26
1.985999999999999943e+01,5.000000000000000000e+00,5.013594371459815235e+00,5.013594371459815235e+00,5.013594371459815235e+00,1.253566895381825384e-14,1.253566895381825384e-14,1.252817294344281349e-14,-1.359437145981523543e-02,-1.726485175396534968e-02,1.726485175397787786e-02,-6.168663336124755865e-26
1.987999999999999901e+01,5.000000000000000000e+00,5.013594371459815235e+00,5.013594371459815235e+00,5.013594371459815235e+00,1.253491935278256079e-14,1.253491935278256079e-14,1.252817294346132017e-14,-1.359437145981523543e-02,-1.726485175396534968e-02,1.726485175397787786e-02,-4.318064335287329565e-26
1.990000000000000213e+01,5.000000000000000000e+00,5.013594371459815235e+00,5.013594371459815235e+00,5.013594371459815235e+00,1.253424471185173172e-14,1.253424471185173172e-14,1.252817294347427484e-14,-1.359437145981523543e-02,-1.726485175396534968e-02,1.726485175397787786e-02,-3.022645034701131040e-26
1.992000000000000171e+01,5.000000000000000000e+00,5.013594371459815235e+00,5.013594371459815235e+00,5.013594371459815235e+00,1.253363753501489244e-14,1.253363753501489244e-14,1.252817294348334201e-14,-1.359437145981523543e-02,-1.726485175396534968e-02,1.726485175397787786e-02,-2.115851524290791613e-26
1.994000000000000128e+01,5.000000000000000000e+00,5.013594371459815235e+00,5.013594371459815235e+00,5.013594371459815235e+00,1.253309107586237259e-14,1.253309107586237259e-14,1.252817294348968918e-14,-1.359437145981523543e-02,-1.726485175396534968e-02,1.726485175397787786e-02,-1.481096067003554244e-26
1.996000000000000085e+01,5.000000000000000000e+00,5.013594371459815235e+00,5.013594371459815235e+00,5.013594371459815235e+00,1.253259926262554869e-14,1.253259926262554869e-14,1.252817294349413363e-14,-1.359437145981523543e-02,-1.726485175396534968e-02,1.726485175397787786e-02,-1.036767246902487913e-26
1.998000000000000043e+01,5.000000000000000000e+00,5.013594371459815235e+00,5.013594371459815235e+00,5.013594371459815235e+00,1.253215663071271799e-14,1.253215663071271799e-14,1.252817294349724332e-14,-1.359437145981523543e-02,-1.726485175396534968e-02,1.726485175397787786e-02,-7.257370728317414819e-27
2.000000000000000000e+01,5.000000000000000000e+00,5.013594371459815235e+00,5.013594371459815235e+00,5.013594371459815235e+00,1.253175826199138809e-14,1.253175826199138809e-14,1.252817294349942057e-14,-1.359437145981523543e-02,-1.726485175396534968e-02,1.726485175397787786e-02,-5.080159509822190373e-27
