t_s,x_ref_cm,x_meas_cm,x_meas_raw_cm,x_true_cm,v_true_cmps,v_obs_cmps,v_cmd_cmps,err_cm,p_term,i_term,d_term
0.000000000000000000e+00,5.000000000000000000e+00,2.010000000000000328e-02,2.010000000000000328e-02,2.010000000000000328e-02,1.005000000000000115e+00,1.005000000000000115e+00,1.005000000000000071e+01,4.979899999999999771e+00,1.000000000000000000e+01,5.000000000000000278e-02,0.000000000000000000e+00
2.000000000000000042e-02,5.000000000000000000e+00,5.824889800000000728e-02,5.824889800000000728e-02,5.824889800000000728e-02,1.907444899999999999e+00,1.907444899999999999e+00,1.002944899999999961e+01,4.941751101999999563e+00,9.959799999999999542e+00,9.979899999999999882e-02,-3.015000000000000319e-02
4.000000000000000083e-02,5.000000000000000000e+00,1.124916869360400029e-01,1.124916869360400029e-01,1.124916869360400029e-01,2.712139446801999920e+00,2.712139446801999920e+00,9.954390368020000324e+00,4.887508313063960053e+00,9.883502203999999125e+00,1.492165110199999978e-01,-7.832834700000000649e-02
5.999999999999999778e-02,5.000000000000000000e+00,1.809840253664249943e-01,1.809840253664249943e-01,1.809840253664249943e-01,3.424616921519249679e+00,3.424616921519249679e+00,9.836914193974498843e+00,4.819015974633575006e+00,9.775016626127920105e+00,1.980915941506395939e-01,-1.361940263040599952e-01
8.000000000000000167e-02,5.000000000000000000e+00,2.619996087079828895e-01,2.619996087079828895e-01,2.619996087079828895e-01,4.050779167077894982e+00,4.050779167077894982e+00,9.686239377105705373e+00,4.738000391292017000e+00,9.638031949267150011e+00,2.462817538969753473e-01,-1.980743260584195142e-01
1.000000000000000056e-01,5.000000000000000000e+00,3.539326079896664146e-01,3.539326079896664146e-01,3.539326079896664146e-01,4.596649964084175366e+00,4.596649964084175366e+00,9.509487137140698820e+00,4.646067392010333919e+00,9.476000782584033999e+00,2.936617578098955073e-01,-2.601754032532305194e-01
1.199999999999999956e-01,5.000000000000000000e+00,4.552967772122833434e-01,4.552967772122833434e-01,4.552967772122833434e-01,5.068208461130845777e+00,5.068208461130845777e+00,9.312234934550879473e+00,4.544703222787716435e+00,9.292134784020667837e+00,3.401224317299988420e-01,-3.200222811997866512e-01
1.400000000000000133e-01,5.000000000000000000e+00,5.647223576303576076e-01,5.647223576303576076e-01,5.647223576303576076e-01,5.471279020903714319e+00,5.471279020903714319e+00,9.098914058859532972e+00,4.435277642369642059e+00,9.089406445575432869e+00,3.855694639578760019e-01,-3.760618506737760658e-01
1.600000000000000033e-01,5.000000000000000000e+00,6.809515717246686917e-01,6.809515717246686917e-01,6.809515717246686917e-01,5.811460704715552872e+00,5.811460704715552872e+00,8.873095859022100740e+00,4.319048428275331197e+00,8.870555284739284119e+00,4.299222403815724514e-01,-4.273816660987546645e-01
1.799999999999999933e-01,5.000000000000000000e+00,8.028332615971573993e-01,8.028332615971573993e-01,8.028332615971573993e-01,6.094084493624436938e+00,6.094084493624436938e+00,8.637698593804392644e+00,4.197166738402842157e+00,8.638096856550662395e+00,4.731127246643257456e-01,-4.735109874105948857e-01
2.000000000000000111e-01,5.000000000000000000e+00,9.293170577681130196e-01,9.293170577681130196e-01,9.293170577681130196e-01,6.324189808547782121e+00,6.324189808547782121e+00,8.395137642857889659e+00,4.070682942231886869e+00,8.394333476805684313e+00,5.150843920483542115e-01,-5.142802259961495315e-01
2.200000000000000011e-01,5.000000000000000000e+00,1.059447344828934545e+00,1.059447344828934545e+00,1.059447344828934545e+00,6.506514353041074727e+00,6.506514353041074727e+00,8.147435253480709960e+00,3.940552655171065233e+00,8.141365884463773739e+00,5.557912214706730580e-01,-5.497218524537381690e-01
2.399999999999999911e-01,5.000000000000000000e+00,1.192357205845785195e+00,1.192357205845785195e+00,1.192357205845785195e+00,6.645493050842533833e+00,6.645493050842533833e+00,7.896301331055664896e+00,3.807642794154214805e+00,7.881105310342130466e+00,5.951967480223837592e-01,-5.800007273088489956e-01
2.600000000000000089e-01,5.000000000000000000e+00,1.327262467688212544e+00,1.327262467688212544e+00,1.327262467688212544e+00,6.745263092121368764e+00,6.745263092121368764e+00,7.643193463630884921e+00,3.672737532311787234e+00,7.615285588308429610e+00,6.332731759639258495e-01,-6.053653006414703164e-01
2.800000000000000266e-01,5.000000000000000000e+00,1.463455927371793086e+00,1.463455927371793086e+00,1.463455927371793086e+00,6.809672984179027111e+00,6.809672984179027111e+00,7.389362012697948678e+00,3.536544072628206692e+00,7.345475064623574468e+00,6.700005512870437219e-01,-6.261136032126702888e-01
2.999999999999999889e-01,5.000000000000000000e+00,1.600301809938006636e+00,1.600301809938006636e+00,1.600301809938006636e+00,6.842294128310673962e+00,6.842294128310673962e+00,7.135884425495499173e+00,3.399698190061993586e+00,7.073088145256413384e+00,7.053659920133258376e-01,-6.425697117742400488e-01
3.200000000000000067e-01,5.000000000000000000e+00,1.737230487711492133e+00,1.737230487711492133e+00,1.737230487711492133e+00,6.846433888674271273e+00,6.846433888674271273e+00,6.883691731946644410e+00,3.262769512288508089e+00,6.799396380123987171e+00,7.393629739139457868e-01,-6.550676220912883263e-01
3.400000000000000244e-01,5.000000000000000000e+00,1.873733476390608388e+00,1.873733476390608388e+00,1.873733476390608388e+00,6.825149433955815859e+00,6.825149433955815859e+00,6.633589341489717128e+00,3.126266523609391612e+00,6.525539024577016178e+00,7.719906690368308899e-01,-6.639403521241300510e-01
3.599999999999999867e-01,5.000000000000000000e+00,2.009358713505785321e+00,2.009358713505785321e+00,2.009358713505785321e+00,6.781261855758848434e+00,6.781261855758848434e+00,6.386273651986142497e+00,2.990641286494214679e+00,6.252533047218783224e+00,8.032533342729247794e-01,-6.695127295055653960e-01
3.800000000000000044e-01,5.000000000000000000e+00,2.143706118017044027e+00,2.143706118017044027e+00,2.143706118017044027e+00,6.717370225562927288e+00,6.717370225562927288e+00,6.142345553799635205e+00,2.856293881982955973e+00,5.981282572988429358e+00,8.331597471378668907e-01,-6.720967663266611547e-01
4.000000000000000222e-01,5.000000000000000000e+00,2.276423425290632796e+00,2.276423425290632796e+00,2.276423425290632796e+00,6.635865363679440243e+00,6.635865363679440243e+00,5.902321606728057724e+00,2.723576574709367204e+00,5.712587763965911947e+00,8.617226859576964104e-01,-6.719888431955508556e-01
4.199999999999999845e-01,5.000000000000000000e+00,2.407202288736815188e+00,2.407202288736815188e+00,2.407202288736815188e+00,6.538943172309121366e+00,6.538943172309121366e+00,5.666643449976255020e+00,2.592797711263184812e+00,5.447153149418734408e+00,8.889584517047900425e-01,-6.694681511472687641e-01
4.400000000000000022e-01,5.000000000000000000e+00,2.535774637539122356e+00,2.535774637539122356e+00,2.535774637539122356e+00,6.428617440115352188e+00,6.428617440115352188e+00,5.435685850371429595e+00,2.464225362460877644e+00,5.185595422526369624e+00,9.148864288174218817e-01,-6.647960009723616892e-01
4.600000000000000200e-01,5.000000000000000000e+00,2.661909278828157976e+00,2.661909278828157976e+00,2.661909278828157976e+00,6.306732064451784581e+00,6.306732064451784581e+00,5.209763683479672558e+00,2.338090721171842024e+00,4.928450724921755288e+00,9.395286824420306937e-01,-6.582157238841139790e-01
4.799999999999999822e-01,5.000000000000000000e+00,2.785408732114980079e+00,2.785408732114980079e+00,2.785408732114980079e+00,6.174972664341106032e+00,6.174972664341106032e+00,4.989138063344999097e+00,2.214591267885019921e+00,4.676181442343684047e+00,9.629095896537490651e-01,-6.499529686524332384e-01
5.000000000000000000e-01,5.000000000000000000e+00,2.906106283633351328e+00,2.906106283633351328e+00,2.906106283633351328e+00,6.034877575918565995e+00,6.034877575918565995e+00,4.774021780115702995e+00,2.093893716366648672e+00,4.429182535770039841e+00,9.850555023325993087e-01,-6.402162579869363768e-01
5.200000000000000178e-01,5.000000000000000000e+00,3.023863248328607867e+00,3.023863248328607867e+00,3.023863248328607867e+00,5.887848234762824262e+00,5.887848234762824262e+00,4.564584164361150442e+00,1.976136751671392133e+00,4.187787432733297344e+00,1.005994439496265880e+00,-6.291977078684123370e-01
5.400000000000000355e-01,5.000000000000000000e+00,3.138566427489948740e+00,3.138566427489948740e+00,3.138566427489948740e+00,5.735158958067041013e+00,5.735158958067041013e+00,4.360955467804989993e+00,1.861433572510051260e+00,3.952273503342784267e+00,1.025755807012979748e+00,-6.170738425507734659e-01
5.600000000000000533e-01,5.000000000000000000e+00,3.250125750393616730e+00,3.250125750393616730e+00,3.250125750393616730e+00,5.577966145183399505e+00,5.577966145183399505e+00,4.163230829230630370e+00,1.749874249606383270e+00,3.722867145020102519e+00,1.044370142738080265e+00,-6.040064585275527476e-01
5.799999999999999600e-01,5.000000000000000000e+00,3.358472088765162233e+00,3.358472088765162233e+00,3.358472088765162233e+00,5.417316918577271601e+00,5.417316918577271601e+00,3.971473879122121797e+00,1.641527911234837767e+00,3.499748499212766539e+00,1.061868885234144022e+00,-5.901435053247888751e-01
5.999999999999999778e-01,5.000000000000000000e+00,3.463555233350616103e+00,3.463555233350616103e+00,3.463555233350616103e+00,5.254157229272694352e+00,5.254157229272694352e+00,3.785720025531497335e+00,1.536444766649383897e+00,3.283055822469675533e+00,1.078284164346492435e+00,-5.756199612846704117e-01
6.199999999999999956e-01,5.000000000000000000e+00,3.565342022388593435e+00,3.565342022388593435e+00,3.565342022388593435e+00,5.089339451898855060e+00,5.089339451898855060e+00,3.605979455534303657e+00,1.434657977611406565e+00,3.072889533298767795e+00,1.093648612012986243e+00,-5.605586897774500477e-01
6.400000000000000133e-01,5.000000000000000000e+00,3.663814612283994521e+00,3.663814612283994521e+00,3.663814612283994521e+00,4.923629494770042747e+00,4.923629494770042747e+00,3.432239880610731930e+00,1.336185387716005479e+00,2.869315955222813130e+00,1.107995191789100220e+00,-5.450712664011809760e-01
6.600000000000000311e-01,5.000000000000000000e+00,3.758968881289403985e+00,3.758968881289403985e+00,3.758968881289403985e+00,4.757713450270473210e+00,4.757713450270473210e+00,3.264469049774342935e+00,1.241031118710596015e+00,2.672370775432010959e+00,1.121357045666260266e+00,-5.292587713239282898e-01
6.800000000000000488e-01,5.000000000000000000e+00,3.850812957495951760e+00,3.850812957495951760e+00,3.850812957495951760e+00,4.592203810327394997e+00,4.592203810327394997e+00,3.102617050839694191e+00,1.149187042504048240e+00,2.482062237421192030e+00,1.133767356853366159e+00,-5.132125434348639992e-01
7.000000000000000666e-01,5.000000000000000000e+00,3.939365862916989425e+00,3.939365862916989425e+00,3.939365862916989425e+00,4.427645271051883213e+00,4.427645271051883213e+00,2.946618417572276716e+00,1.060634137083010575e+00,2.298374085008096479e+00,1.145259227278406566e+00,-4.970148947142264406e-01
7.199999999999999734e-01,5.000000000000000000e+00,4.024656265912691211e+00,4.024656265912691211e+00,4.024656265912691211e+00,4.264520149785068881e+00,4.264520149785068881e+00,2.796394058383742554e+00,9.753437340873087891e-01,2.121268274166021151e+00,1.155865568649236730e+00,-4.807397844315149937e-01
7.399999999999999911e-01,5.000000000000000000e+00,4.106721334649960475e+00,4.106721334649960475e+00,4.106721334649960475e+00,4.103253436863473880e+00,4.103253436863473880e+00,2.651853020569114427e+00,8.932786653500395246e-01,1.950687468174617578e+00,1.165619005990109924e+00,-4.644534535956131860e-01
7.600000000000000089e-01,5.000000000000000000e+00,4.185605684718944453e+00,4.185605684718944453e+00,4.185605684718944453e+00,3.944217503449212181e+00,3.944217503449212181e+00,2.512894102720856448e+00,8.143943152810555475e-01,1.786557330700079049e+00,1.174551792643610426e+00,-4.482150206228331379e-01
7.800000000000000266e-01,5.000000000000000000e+00,4.261360414434668620e+00,4.261360414434668620e+00,4.261360414434668620e+00,3.787736485786198148e+00,3.787736485786198148e+00,2.379407326819072743e+00,7.386395855653313802e-01,1.628788630562111095e+00,1.182695735796420955e+00,-4.320770395394591401e-01
8.000000000000000444e-01,5.000000000000000000e+00,4.334042221739883516e+00,4.334042221739883516e+00,4.334042221739883516e+00,3.634090365260731481e+00,3.634090365260731481e+00,2.251275280531529699e+00,6.659577782601164841e-01,1.477279171130662760e+00,1.190082131652074215e+00,-4.160860222512076656e-01
8.200000000000000622e-01,5.000000000000000000e+00,4.403712596993418771e+00,4.403712596993418771e+00,4.403712596993418771e+00,3.483518762676782288e+00,3.483518762676782288e+00,2.128374339421240435e+00,5.962874030065812292e-01,1.331915556520232968e+00,1.196741709434675283e+00,-4.002829265336677045e-01
8.399999999999999689e-01,5.000000000000000000e+00,4.470437086277648575e+00,4.470437086277648575e+00,4.470437086277648575e+00,3.336224464211507534e+00,3.336224464211507534e+00,2.010575778024033422e+00,5.295629137223514249e-01,1.192574806013162458e+00,1.202704583464741184e+00,-3.847036114538702756e-01
8.599999999999999867e-01,5.000000000000000000e+00,4.534284620189660941e+00,4.534284620189660941e+00,4.534284620189660941e+00,3.192376695600618319e+00,3.192376695600618319e+00,1.897746778102613607e+00,4.657153798103390585e-01,1.059125827444702850e+00,1.208000212601964662e+00,-3.693792619440539049e-01
8.800000000000000044e-01,5.000000000000000000e+00,4.595326903394055584e+00,4.595326903394055584e+00,4.595326903394055584e+00,3.052114160219745465e+00,3.052114160219745465e+00,1.789751341791889994e+00,4.046730966059444157e-01,9.314307596206781170e-01,1.212657366400068160e+00,-3.543367842288562830e-01
9.000000000000000222e-01,5.000000000000000000e+00,4.653637860511633306e+00,4.653637860511633306e+00,4.653637860511633306e+00,2.915547855878893202e+00,2.915547855878893202e+00,1.686451116811225059e+00,3.463621394883666937e-01,8.093461932118888313e-01,1.216704097366127613e+00,-3.395991737667913846e-01
9.200000000000000400e-01,5.000000000000000000e+00,4.709293134198302866e+00,4.709293134198302866e+00,4.709293134198302866e+00,2.782763684333466436e+00,2.782763684333466436e+00,1.587706140424624213e+00,2.907068658016971341e-01,6.927242789767333875e-01,1.220167718761011377e+00,-3.251858573131205521e-01
9.400000000000000577e-01,5.000000000000000000e+00,4.762369631533052150e+00,4.762369631533052150e+00,4.762369631533052150e+00,2.653824866737443333e+00,2.653824866737443333e+00,1.493375508373234073e+00,2.376303684669478500e-01,5.814137316033942682e-01,1.223074787419028420e+00,-3.111130106491887259e-01
9.599999999999999645e-01,5.000000000000000000e+00,4.812945115083488545e+00,4.812945115083488545e+00,4.812945115083488545e+00,2.528774177521802891e+00,2.528774177521802891e+00,1.403317974581037575e+00,1.870548849165114547e-01,4.752607369338957000e-01,1.225451091103697987e+00,-2.973938534565560565e-01
9.799999999999999822e-01,5.000000000000000000e+00,4.861097835252961907e+00,4.861097835252961907e+00,4.861097835252961907e+00,2.407636008473686751e+00,2.407636008473686751e+00,1.317392487040642157e+00,1.389021647470380927e-01,3.741097698330229093e-01,1.227321639952863030e+00,-2.840389227452438381e-01
1.000000000000000000e+00,5.000000000000000000e+00,4.906906200735325463e+00,4.906906200735325463e+00,4.906906200735325463e+00,2.290418274118171116e+00,2.290418274118171116e+00,1.235458664918528848e+00,9.309379926467453714e-02,2.778043294940761854e-01,1.228710661600333376e+00,-2.710563261758807130e-01
1.020000000000000018e+00,5.000000000000000000e+00,4.950448484112603964e+00,4.950448484112603964e+00,4.950448484112603964e+00,2.177114168863920618e+00,2.177114168863920618e+00,1.157377221575667470e+00,4.955151588739603596e-02,1.861875985293490743e-01,1.229641599592980139e+00,-2.584519765466618546e-01
1.040000000000000036e+00,5.000000000000000000e+00,4.991801568797592736e+00,4.991801568797592736e+00,4.991801568797592736e+00,2.067654234249447498e+00,2.067654234249447498e+00,1.082514822719191194e+00,8.198431202407263640e-03,9.910303177479207193e-02,1.229641599592980139e+00,-2.462298086485810444e-01
1.060000000000000053e+00,5.000000000000000000e+00,5.031042640951915779e+00,5.031042640951915779e+00,5.031042640951915779e+00,1.962053607716133241e+00,1.962053607716133241e+00,1.011647968916304707e+00,-3.104264095191577866e-02,1.639686240481452728e-02,1.229641599592980139e+00,-2.343904930814899035e-01
1.080000000000000071e+00,5.000000000000000000e+00,5.068248848619407276e+00,5.068248848619407276e+00,5.068248848619407276e+00,1.860310383374581988e+00,1.860310383374581988e+00,9.446213643006210470e-01,-6.824884861940727632e-02,-6.208528190383155732e-02,1.229641599592980139e+00,-2.229349533885275070e-01
1.100000000000000089e+00,5.000000000000000000e+00,5.103495630790138904e+00,5.103495630790138904e+00,5.103495630790138904e+00,1.762339108536600252e+00,1.762339108536600252e+00,8.805976349947650661e-01,-1.034956307901389039e-01,-1.364976972388145526e-01,1.228959111106786128e+00,-2.118637788732065097e-01
1.120000000000000107e+00,5.000000000000000000e+00,5.136857250893299920e+00,5.136857250893299920e+00,5.136857250893299920e+00,1.668081005158066787e+00,1.668081005158066787e+00,8.197580747512650534e-01,-1.368572508932999199e-01,-2.069912615802778078e-01,1.227924154798884837e+00,-2.011748184673420037e-01
1.140000000000000124e+00,5.000000000000000000e+00,5.168406661540988267e+00,5.168406661540988267e+00,5.168406661540988267e+00,1.577470532384407154e+00,1.577470532384407154e+00,7.619762774214711154e-01,-1.684066615409882672e-01,-2.737145017865998398e-01,1.226555582289951873e+00,-1.908648030818809183e-01
1.159999999999999920e+00,5.000000000000000000e+00,5.198215388552834604e+00,5.198215388552834604e+00,5.198215388552834604e+00,1.490436350592338144e+00,1.490436350592338144e+00,7.071287144637162791e-01,-1.982153885528346038e-01,-3.368133230819765345e-01,1.224871515674542000e+00,-1.809294781288491583e-01
1.179999999999999938e+00,5.000000000000000000e+00,5.226353432582447667e+00,5.226353432582447667e+00,5.226353432582447667e+00,1.406902201480642489e+00,1.406902201480642489e+00,6.550948594753805976e-01,-2.263534325824476667e-01,-3.964307771056692076e-01,1.222889361789013751e+00,-1.713637252079639184e-01
1.199999999999999956e+00,5.000000000000000000e+00,5.252889186786315889e+00,5.252889186786315889e+00,5.252889186786315889e+00,1.326787710193408243e+00,1.326787710193408243e+00,6.057572886082996932e-01,-2.528891867863158893e-01,-4.527068651648953335e-01,1.220625827463189372e+00,-1.621616736899943456e-01
1.219999999999999973e+00,5.000000000000000000e+00,5.277889369088065052e+00,5.277889369088065052e+00,5.277889369088065052e+00,1.250009115087457046e+00,1.250009115087457046e+00,5.590017591338960479e-01,-2.778893690880650524e-01,-5.057783735726317786e-01,1.218096935595326169e+00,-1.533168028887983703e-01
1.239999999999999991e+00,5.000000000000000000e+00,5.301418967696146289e+00,5.301418967696146289e+00,5.301418967696146289e+00,1.176479930404064511e+00,1.176479930404064511e+00,5.147172682535328114e-01,-3.014189676961462894e-01,-5.557787381761301049e-01,1.215318041904445590e+00,-1.448220354747826177e-01
1.260000000000000009e+00,5.000000000000000000e+00,5.323541198631600579e+00,5.323541198631600579e+00,5.323541198631600579e+00,1.106111546772730270e+00,1.106111546772730270e+00,4.727960940907217635e-01,-3.235411986316005795e-01,-6.028379353922925787e-01,1.212303852227484047e+00,-1.366698227444696767e-01
1.280000000000000027e+00,5.000000000000000000e+00,5.344317474114816946e+00,5.344317474114816946e+00,5.344317474114816946e+00,1.038813774160822989e+00,1.038813774160822989e+00,4.331338206536566315e-01,-3.443174741148169460e-01,-6.470823972632011589e-01,1.209068440241167997e+00,-1.288522223243102061e-01
1.300000000000000044e+00,5.000000000000000000e+00,5.363807380746548503e+00,5.363807380746548503e+00,5.363807380746548503e+00,9.744953315865951815e-01,9.744953315865951815e-01,3.956293484185443576e-01,-3.638073807465485032e-01,-6.886349482296338920e-01,1.205625265500019916e+00,-1.213609688518416940e-01
1.320000000000000062e+00,5.000000000000000000e+00,5.382068666499218779e+00,5.382068666499218779e+00,5.382068666499218779e+00,9.130642876334927882e-01,9.130642876334927882e-01,3.601848920555709155e-01,-3.820686664992187787e-01,-7.276147614930970065e-01,1.201987191692554413e+00,-1.141875381438865189e-01
1.340000000000000080e+00,5.000000000000000000e+00,5.399157235610020145e+00,5.399157235610020145e+00,5.399157235610020145e+00,8.544284555400833980e-01,8.544284555400833980e-01,3.267059666993987754e-01,-3.991572356100201446e-01,-7.641373329984375573e-01,1.198166505027562279e+00,-1.073232053297259736e-01
1.360000000000000098e+00,5.000000000000000000e+00,5.415127150537850653e+00,5.415127150537850653e+00,5.415127150537850653e+00,7.984957463915162146e-01,7.984957463915162146e-01,2.951013640544116190e-01,-4.151271505378506532e-01,-7.983144712200402893e-01,1.194174932671462130e+00,-1.007590973970102360e-01
1.380000000000000115e+00,5.000000000000000000e+00,5.430030640211939819e+00,5.430030640211939819e+00,5.430030640211939819e+00,7.451744837044375069e-01,7.451744837044375069e-01,2.652831195207294712e-01,-4.300306402119398186e-01,-8.302543010757013064e-01,1.190023661166083713e+00,-9.448624056965293505e-02
1.400000000000000133e+00,5.000000000000000000e+00,5.443918113861480279e+00,5.443918113861480279e+00,5.443918113861480279e+00,6.943736824770131433e-01,6.943736824770131433e-01,2.371664714301938426e-01,-4.439181138614802791e-01,-8.600612804238796372e-01,1.185723354763964288e+00,-8.849560290989080813e-02
1.419999999999999929e+00,5.000000000000000000e+00,5.456838179772848463e+00,5.456838179772848463e+00,5.456838179772848463e+00,6.460032955684272826e-01,6.460032955684272826e-01,2.106698133911546200e-01,-4.568381797728484628e-01,-8.878362277229605581e-01,1.181284173625349432e+00,-8.277813251123425364e-02
1.439999999999999947e+00,5.000000000000000000e+00,5.468837668374393779e+00,5.468837668374393779e+00,5.468837668374393779e+00,5.999744300772853478e-01,5.999744300772853478e-01,1.857146406570078234e-01,-4.688376683743937789e-01,-9.136763595456969256e-01,1.176715791827620983e+00,-7.732479162491624758e-02
1.459999999999999964e+00,5.000000000000000000e+00,5.479961659098495197e+00,5.479961659098495197e+00,5.479961659098495197e+00,5.561995362050897729e-01,5.561995362050897729e-01,1.622254913553300704e-01,-4.799616590984951969e-01,-9.376753367487875579e-01,1.172027415143876983e+00,-7.212658703975935448e-02
1.479999999999999982e+00,5.000000000000000000e+00,5.490253510516870605e+00,5.490253510516870605e+00,5.490253510516870605e+00,5.145925709187726405e-01,5.145925709187726405e-01,1.401298833419179768e-01,-4.902535105168706053e-01,-9.599233181969903939e-01,1.167227798552892049e+00,-6.717459701398367788e-02
1.500000000000000000e+00,5.000000000000000000e+00,5.499754893288161917e+00,5.499754893288161917e+00,5.499754893288161917e+00,4.750691385645584019e-01,4.750691385645584019e-01,1.193582473766303387e-01,-4.997548932881619166e-01,-9.805070210337412107e-01,1.162325263447723245e+00,-6.245999503735168851e-02
1.520000000000000018e+00,5.000000000000000000e+00,5.508505825496834873e+00,5.508505825496834873e+00,5.508505825496834873e+00,4.375466104336460660e-01,4.375466104336460660e-01,9.984385725543475087e-02,-5.085058254968348734e-01,-9.995097865763238332e-01,1.157327714514841732e+00,-5.797407068308314815e-02
1.540000000000000036e+00,5.000000000000000000e+00,5.516544709999590346e+00,5.516544709999590346e+00,5.516544709999590346e+00,4.019442251377850495e-01,4.019442251377850495e-01,8.152275747503592851e-02,-5.165447099995903457e-01,-1.017011650993669747e+00,1.152242656259873321e+00,-5.370824779116763897e-02
1.560000000000000053e+00,5.000000000000000000e+00,5.523908373429976315e+00,5.523908373429976315e+00,5.523908373429976315e+00,3.681831715192811494e-01,3.681831715192811494e-01,6.433368895274607646e-02,-5.239083734299763151e-01,-1.033089419999180691e+00,1.147077209159877320e+00,-4.965410020795055224e-02
1.580000000000000071e+00,5.000000000000000000e+00,5.530632106543872162e+00,5.530632106543872162e+00,5.530632106543872162e+00,3.361866556948011064e-01,3.361866556948011064e-01,4.821801327448063668e-02,-5.306321065438721618e-01,-1.047816746859952630e+00,1.141838125425577610e+00,-4.580336529114434341e-02
1.600000000000000089e+00,5.000000000000000000e+00,5.536749705618174033e+00,5.536749705618174033e+00,5.536749705618174033e+00,3.058799537150959647e-01,3.058799537150959647e-01,3.311963589774976485e-02,-5.367497056181740334e-01,-1.061264213087744324e+00,1.136531804360138898e+00,-4.214795537464480907e-02
1.620000000000000107e+00,5.000000000000000000e+00,5.542293514642433472e+00,5.542293514642433472e+00,5.542293514642433472e+00,2.771904512129768627e-01,2.771904512129768627e-01,1.898492869390498716e-02,-5.422935146424334718e-01,-1.073499411236348067e+00,1.131164307303957228e+00,-3.867996737370417437e-02
1.640000000000000124e+00,5.000000000000000000e+00,5.547294468068616702e+00,5.547294468068616702e+00,5.547294468068616702e+00,2.500476713091475678e-01,2.500476713091475678e-01,5.762652174683871587e-03,-5.472944680686167018e-01,-1.084587029284866944e+00,1.125741372157532894e+00,-3.539169069798207834e-02
1.660000000000000142e+00,5.000000000000000000e+00,5.551782133907605221e+00,5.551782133907605221e+00,5.551782133907605221e+00,2.243832919494078981e-01,2.243832919494078981e-01,-6.596122288249073318e-03,-5.517821339076052212e-01,-1.094588936137233404e+00,1.120268427476846629e+00,-3.227561362786229848e-02
1.679999999999999938e+00,5.000000000000000000e+00,5.555784756982744099e+00,5.555784756982744099e+00,5.555784756982744099e+00,2.001311537569244736e-01,2.001311537569244736e-01,-1.813808997542628101e-02,-5.557847569827440992e-01,-1.103564267815210442e+00,1.114750606137770550e+00,-2.932442829798638864e-02
1.699999999999999956e+00,5.000000000000000000e+00,5.559329302170731069e+00,5.559329302170731069e+00,5.559329302170731069e+00,1.772272593993476364e-01,1.772272593993476364e-01,-2.890778981884390558e-02,-5.593293021707310686e-01,-1.111569513965488198e+00,1.109192758567943082e+00,-2.653103442129878947e-02
1.719999999999999973e+00,5.000000000000000000e+00,5.562441497478575414e+00,5.562441497478575414e+00,5.562441497478575414e+00,1.556097653922012825e-01,1.556097653922012825e-01,-3.894768067211595852e-02,-5.624414974785754140e-01,-1.118658604341462137e+00,1.103599465546235781e+00,-2.388854187688960531e-02
1.739999999999999991e+00,5.000000000000000000e+00,5.565145876822312765e+00,5.565145876822312765e+00,5.565145876822312765e+00,1.352189671868521681e-01,1.352189671868521681e-01,-4.829821666129000685e-02,-5.651458768223127649e-01,-1.124882994957150828e+00,1.097975050571450062e+00,-2.139027227558924077e-02
1.760000000000000009e+00,5.000000000000000000e+00,5.567465822388776076e+00,5.567465822388776076e+00,5.567465822388776076e+00,1.159972783231752458e-01,1.159972783231752458e-01,-5.699792144991699949e-02,-5.674658223887760755e-01,-1.130291753644625530e+00,1.092323591803227023e+00,-1.902975960851849627e-02
1.780000000000000027e+00,5.000000000000000000e+00,5.569423606476045840e+00,5.569423606476045840e+00,5.569423606476045840e+00,9.788920436347063603e-02,9.788920436347063603e-02,-6.508346127387083790e-02,-5.694236064760458405e-01,-1.134931644777552151e+00,1.086648933579339227e+00,-1.680075007565791367e-02
1.800000000000000044e+00,5.000000000000000000e+00,5.571040432721345859e+00,5.571040432721345859e+00,5.571040432721345859e+00,8.084131226498575407e-02,8.084131226498575407e-02,-7.258971662137814196e-02,-5.710404327213458586e-01,-1.138847212952091681e+00,1.080954697514578733e+00,-1.469720118386518698e-02
1.820000000000000062e+00,5.000000000000000000e+00,5.572336476637211433e+00,5.572336476637211433e+00,5.572336476637211433e+00,6.480219579328898305e-02,6.480219579328898305e-02,-7.954985245198201160e-02,-5.723364766372114332e-01,-1.142080865442691717e+00,1.075244293187365363e+00,-1.271328019665565745e-02
1.840000000000000080e+00,5.000000000000000000e+00,5.573330925387760537e+00,5.573330925387760537e+00,5.573330925387760537e+00,4.972243752747138729e-02,4.972243752747138729e-02,-8.599538686488696071e-02,-5.733309253877605371e-01,-1.144672953274422866e+00,1.069520928420993222e+00,-1.084336201145732169e-02
1.860000000000000098e+00,5.000000000000000000e+00,5.574042016746970418e+00,5.574042016746970418e+00,5.574042016746970418e+00,3.555456796049932811e-02,3.555456796049932811e-02,-9.195625814224923922e-02,-5.740420167469704182e-01,-1.146661850775521074e+00,1.063787619167115617e+00,-9.082026533843781668e-03
1.880000000000000115e+00,5.000000000000000000e+00,5.574487077190045881e+00,5.574487077190045881e+00,5.574487077190045881e+00,2.225302215376934872e-02,2.225302215376934872e-02,-9.746089010680047959e-02,-5.744870771900458806e-01,-1.148084033493940836e+00,1.058047198999645833e+00,-7.424055612505468804e-03
1.900000000000000133e+00,5.000000000000000000e+00,5.574682559077322352e+00,5.574682559077322352e+00,5.574682559077322352e+00,9.774094363821064085e-03,9.774094363821064085e-03,-1.025362557457135115e-01,-5.746825590773223524e-01,-1.148974154380091761e+00,1.052302328227745276e+00,-5.864429593367021312e-03
1.919999999999999929e+00,5.000000000000000000e+00,5.574644076897743439e+00,5.574644076897743439e+00,5.574644076897743439e+00,-1.924108978955479943e-03,-1.924108978955479943e-03,-1.072079390639443797e-01,-5.746440768977434388e-01,-1.149365118154644705e+00,1.046555502636971946e+00,-4.398323546271622544e-03
1.939999999999999947e+00,5.000000000000000000e+00,5.574386442545841369e+00,5.574386442545841369e+00,5.574386442545841369e+00,-1.288171759511133607e-02,-1.288171759511133607e-02,-1.115001951405140412e-01,-5.743864425458413692e-01,-1.149288153795486878e+00,1.040809061867994600e+00,-3.021103213021765401e-03
1.959999999999999964e+00,5.000000000000000000e+00,5.573923699612388205e+00,5.573923699612388205e+00,5.573923699612388205e+00,-2.313714667264106517e-02,-2.313714667264106517e-02,-1.154360083704086409e-01,-5.739236996123882051e-01,-1.148772885091682738e+00,1.035065197442536222e+00,-1.728320721262131170e-03
1.979999999999999982e+00,5.000000000000000000e+00,5.573269156674514946e+00,5.573269156674514946e+00,5.573269156674514946e+00,-3.272714689368372981e-02,-3.272714689368372981e-02,-1.190371488830677116e-01,-5.732691566745149458e-01,-1.147847399224776410e+00,1.029325960446412447e+00,-5.157101047037458436e-04
2.000000000000000000e+00,5.000000000000000000e+00,5.572435419576156512e+00,5.572435419576156512e+00,5.572435419576156512e+00,-4.168685491789988345e-02,-4.168685491789988345e-02,-1.223242271358452316e-01,-5.724354195761565123e-01,-1.146538313349029892e+00,1.023593268879667395e+00,6.208173335172666087e-04
2.020000000000000018e+00,5.000000000000000000e+00,5.571434422694259148e+00,5.571434422694259148e+00,5.571434422694259148e+00,-5.004984409485065122e-02,-5.004984409485065122e-02,-1.253167466874075542e-01,-5.714344226942591476e-01,-1.144870839152313025e+00,1.017868914683905723e+00,1.685177780999736830e-03
2.040000000000000036e+00,5.000000000000000000e+00,5.570277459190227987e+00,5.570277459190227987e+00,5.570277459190227987e+00,-5.784817520156650822e-02,-5.784817520156650822e-02,-1.280331551620092212e-01,-5.702774591902279866e-01,-1.142868845388518295e+00,1.012154570456963221e+00,2.681119769545862834e-03
2.060000000000000053e+00,5.000000000000000000e+00,5.568975210249758057e+00,5.568975210249758057e+00,5.568975210249758057e+00,-6.511244702347647462e-02,-6.511244702347647462e-02,-1.304908934206661653e-01,-5.689752102497580566e-01,-1.140554918380455973e+00,1.006451795865060950e+00,3.612229094728845215e-03
2.080000000000000071e+00,5.000000000000000000e+00,5.567537773317415173e+00,5.567537773317415173e+00,5.567537773317415173e+00,-7.187184661712260614e-02,-7.187184661712260614e-02,-1.327064429599377482e-01,-5.675377733174151729e-01,-1.137950420499516113e+00,1.000762043762563280e+00,4.481933777015086398e-03
2.100000000000000089e+00,5.000000000000000000e+00,5.565974689335180692e+00,5.565974689335180692e+00,5.565974689335180692e+00,-7.815419911171198053e-02,-7.815419911171198053e-02,-1.346953715630163362e-01,-5.659746893351806918e-01,-1.135075546634830346e+00,9.950866660293891108e-01,5.293509042424885715e-03
2.120000000000000107e+00,5.000000000000000000e+00,5.564294968996707169e+00,5.564294968996707169e+00,5.564294968996707169e+00,-8.398601692366827742e-02,-8.398601692366827742e-02,-1.364723772312749217e-01,-5.642949689967071691e-01,-1.131949378670361384e+00,9.894269191360373084e-01,6.050082303049141366e-03
2.140000000000000124e+00,5.000000000000000000e+00,5.562507118031225772e+00,5.562507118031225772e+00,5.562507118031225772e+00,-8.939254827405139492e-02,-8.939254827405139492e-02,-1.380513304274993969e-01,-5.625071180312257724e-01,-1.128589937993414338e+00,9.837839694460702722e-01,6.754638119844683097e-03
2.160000000000000142e+00,5.000000000000000000e+00,5.560619161532963872e+00,5.560619161532963872e+00,5.560619161532963872e+00,-9.439782491310427792e-02,-9.439782491310427792e-02,-1.394453146645802111e-01,-5.606191615329638722e-01,-1.125014236062451545e+00,9.781588982657579701e-01,7.410023132113373150e-03
2.180000000000000160e+00,5.000000000000000000e+00,5.558638667353577034e+00,5.558638667353577034e+00,5.558638667353577034e+00,-9.902470896935657019e-02,-9.902470896935657019e-02,-1.406666654756271728e-01,-5.586386673535770342e-01,-1.121238323065927744e+00,9.725527066504283669e-01,8.018950939872211692e-03
2.200000000000000178e+00,5.000000000000000000e+00,5.556572768576522492e+00,5.556572768576522492e+00,5.556572768576522492e+00,-1.032949388527479723e-01,-1.032949388527479723e-01,-1.417270078032706326e-01,-5.565727685765224919e-01,-1.117277334707154068e+00,9.669663199768926409e-01,8.584006926990805225e-03
2.220000000000000195e+00,5.000000000000000000e+00,5.554428185093478021e+00,5.554428185093478021e+00,5.554428185093478021e+00,-1.072291741522173880e-01,-1.072291741522173880e-01,-1.426372918474421991e-01,-5.544281850934780209e-01,-1.113145537153044984e+00,9.614005922911273982e-01,9.107653014475377770e-03
2.240000000000000213e+00,5.000000000000000000e+00,5.552211244303913773e+00,5.552211244303913773e+00,5.552211244303913773e+00,-1.108470394782020418e-01,-1.108470394782020418e-01,-1.434078274120639818e-01,-5.522112443039137730e-01,-1.108856370186956042e+00,9.558563104401925914e-01,9.592232334699470411e-03
2.260000000000000231e+00,5.000000000000000000e+00,5.549927900959722216e+00,5.549927900959722216e+00,5.549927900959722216e+00,-1.141671672095856405e-01,-1.141671672095856405e-01,-1.440483167920380836e-01,-5.499279009597222156e-01,-1.104422488607827546e+00,9.503341979971534625e-01,1.003997381863600165e-02
2.280000000000000249e+00,5.000000000000000000e+00,5.547583756177464132e+00,5.547583756177464132e+00,5.547583756177464132e+00,-1.172072391128826385e-01,-1.172072391128826385e-01,-1.445678862425556765e-01,-5.475837561774641316e-01,-1.099855801919444431e+00,9.448349189875562271e-01,1.045299668933253809e-02
2.300000000000000266e+00,5.000000000000000000e+00,5.545184075641286015e+00,5.545184075641286015e+00,5.545184075641286015e+00,-1.199840268089170520e-01,-1.199840268089170520e-01,-1.449751160732267452e-01,-5.451840756412860145e-01,-1.095167512354928263e+00,9.393590814257816168e-01,1.083331485591990280e-02
2.319999999999999840e+00,5.000000000000000000e+00,5.542733807019906145e+00,5.542733807019906145e+00,5.542733807019906145e+00,-1.225134310690045580e-01,-1.225134310690045580e-01,-1.452780694097920988e-01,-5.427338070199061448e-01,-1.090368151282572029e+00,9.339072406693688100e-01,1.118284120341110806e-02
2.339999999999999858e+00,5.000000000000000000e+00,5.540237596621331306e+00,5.540237596621331306e+00,5.540237596621331306e+00,-1.248105199287225936e-01,-1.248105199287225936e-01,-1.454843196661849136e-01,-5.402375966213313063e-01,-1.085467614039812290e+00,9.284799025991697929e-01,1.150339177445757963e-02
2.359999999999999876e+00,5.000000000000000000e+00,5.537699805309074463e+00,5.537699805309074463e+00,5.537699805309074463e+00,-1.268895656128226912e-01,-1.268895656128226912e-01,-1.456009767697235557e-01,-5.376998053090744634e-01,-1.080475193242662613e+00,9.230775266329565021e-01,1.179668983998256350e-02
2.379999999999999893e+00,5.000000000000000000e+00,5.535124523703680133e+00,5.535124523703680133e+00,5.535124523703680133e+00,-1.287640802697314346e-01,-1.287640802697314346e-01,-1.456347121819101531e-01,-5.351245237036801328e-01,-1.075399610618148927e+00,9.177005285798657264e-01,1.206436985637305941e-02
2.399999999999999911e+00,5.000000000000000000e+00,5.532515586693310894e+00,5.532515586693310894e+00,5.532515586693310894e+00,-1.304468505184561700e-01,-1.304468505184561700e-01,-1.455917827569786771e-01,-5.325155866933108939e-01,-1.070249047407360266e+00,9.123492833428289428e-01,1.230798130755263696e-02
2.419999999999999929e+00,5.000000000000000000e+00,5.529876587277018807e+00,5.529876587277018807e+00,5.529876587277018807e+00,-1.319499708145990824e-01,-1.319499708145990824e-01,-1.454780534798852942e-01,-5.298765872770188068e-01,-1.065031173386621788e+00,9.070241274758957806e-01,1.252899243084070434e-02
2.439999999999999947e+00,5.000000000000000000e+00,5.527210889764106128e+00,5.527210889764106128e+00,5.527210889764106128e+00,-1.332848756456277151e-01,-1.332848756456277151e-01,-1.452990191248854368e-01,-5.272108897641061276e-01,-1.059753174554037614e+00,9.017253616031255525e-01,1.272879382602662424e-02
2.459999999999999964e+00,5.000000000000000000e+00,5.524521642352734574e+00,5.524521642352734574e+00,5.524521642352734574e+00,-1.344623705685789594e-01,-1.344623705685789594e-01,-1.450598248751401309e-01,-5.245216423527345739e-01,-1.054421779528212255e+00,8.964532527054844824e-01,1.290870194758765577e-02
2.479999999999999982e+00,5.000000000000000000e+00,5.521811789110613766e+00,5.521811789110613766e+00,5.521811789110613766e+00,-1.354926621060353886e-01,-1.354926621060353886e-01,-1.447652859431433625e-01,-5.218117891106137662e-01,-1.049043284705469148e+00,8.912080362819571056e-01,1.306996248036869021e-02
2.500000000000000000e+00,5.000000000000000000e+00,5.519084081380243312e+00,5.519084081380243312e+00,5.519084081380243312e+00,-1.363853865185255809e-01,-1.363853865185255809e-01,-1.444199062309372839e-01,-5.190840813802433118e-01,-1.043623578221227532e+00,8.859899183908509501e-01,1.321375359943929503e-02
2.520000000000000018e+00,5.000000000000000000e+00,5.516341088630773548e+00,5.516341088630773548e+00,5.516341088630773548e+00,-1.371496374735005075e-01,-1.371496374735005075e-01,-1.440278960682748743e-01,-5.163410886307735481e-01,-1.038168162760486624e+00,8.807990775770485614e-01,1.334118911516318784e-02
2.540000000000000036e+00,5.000000000000000000e+00,5.513585208778118307e+00,5.513585208778118307e+00,5.513585208778118307e+00,-1.377939926327491904e-01,-1.377939926327491904e-01,-1.435931890659874477e-01,-5.135852087781183073e-01,-1.032682177261547096e+00,8.756356666907407771e-01,1.345332150481887666e-02
2.560000000000000053e+00,5.000000000000000000e+00,5.510818677994486769e+00,5.510818677994486769e+00,5.510818677994486769e+00,-1.383265391815663714e-01,-1.383265391815663714e-01,-1.431194581209209726e-01,-5.108186779944867695e-01,-1.027170417556236615e+00,8.704998146029595540e-01,1.355114483235607403e-02
2.580000000000000071e+00,5.000000000000000000e+00,5.508043580028003205e+00,5.508043580028003205e+00,5.508043580028003205e+00,-1.387548983241959633e-01,-1.387548983241959633e-01,-1.426101306078622621e-01,-5.080435800280032055e-01,-1.021637355988973539e+00,8.653916278230147086e-01,1.363559755809655785e-02
2.600000000000000089e+00,5.000000000000000000e+00,5.505261855052581588e+00,5.505261855052581588e+00,5.505261855052581588e+00,-1.390862487710642359e-01,-1.390862487710642359e-01,-1.420684027928788284e-01,-5.052618550525815877e-01,-1.016087160056006411e+00,8.603111920227346499e-01,1.370756524039293614e-02
2.620000000000000107e+00,5.000000000000000000e+00,5.502475308067698911e+00,5.502475308067698911e+00,5.502475308067698911e+00,-1.393273492441124972e-01,-1.393273492441124972e-01,-1.414972535015469046e-01,-5.024753080676989114e-01,-1.010523710105163175e+00,8.552585734722087940e-01,1.376788313140748198e-02
2.640000000000000124e+00,5.000000000000000000e+00,5.499685616867155957e+00,5.499685616867155957e+00,5.499685616867155957e+00,-1.394845600271569230e-01,-1.394845600271569230e-01,-1.408994570745567276e-01,-4.996856168671559573e-01,-1.004950616135397823e+00,8.502338203915318360e-01,1.381733866930925231e-02
2.660000000000000142e+00,5.000000000000000000e+00,5.496894339595383094e+00,5.496894339595383094e+00,5.496894339595383094e+00,-1.395638635886533030e-01,-1.395638635886533030e-01,-1.402775956421206949e-01,-4.968943395953830944e-01,-9.993712337343119145e-01,8.452369642228603208e-01,1.385667386933090751e-02
2.680000000000000160e+00,5.000000000000000000e+00,5.494102921909291837e+00,5.494102921909291837e+00,5.494102921909291837e+00,-1.395708843045548597e-01,-1.395708843045548597e-01,-1.396340707476688148e-01,-4.941029219092918368e-01,-9.937886791907661888e-01,8.402680208269064366e-01,1.388658761619093046e-02
2.700000000000000178e+00,5.000000000000000000e+00,5.491312703763108871e+00,5.491312703763108871e+00,5.491312703763108871e+00,-1.395109073091293228e-01,-1.395109073091293228e-01,-1.389711143502996016e-01,-4.913127037631088712e-01,-9.882058438185836735e-01,8.353269916078135404e-01,1.390773786047053845e-02
2.720000000000000195e+00,5.000000000000000000e+00,5.488524925833075940e+00,5.488524925833075940e+00,5.488524925833075940e+00,-1.393888965016595316e-01,-1.393888965016595316e-01,-1.382907992344315218e-01,-4.885249258330759403e-01,-9.826254075262177423e-01,8.304138645701824029e-01,1.392074372160382462e-02
2.740000000000000213e+00,5.000000000000000000e+00,5.485740735598337636e+00,5.485740735598337636e+00,5.485740735598337636e+00,-1.392095117369064050e-01,-1.392095117369064050e-01,-1.375950488541281824e-01,-4.857407355983376362e-01,-9.770498516661518806e-01,8.255286153118516213e-01,1.392618750017207349e-02
2.760000000000000231e+00,5.000000000000000000e+00,5.482961193093796481e+00,5.482961193093796481e+00,5.482961193093796481e+00,-1.389771252270736723e-01,-1.389771252270736723e-01,-1.368856466385791337e-01,-4.829611930937964814e-01,-9.714814711966752725e-01,8.206712079558682316e-01,1.392461660222790720e-02
2.780000000000000249e+00,5.000000000000000000e+00,5.480187276350140912e+00,5.480187276350140912e+00,5.480187276350140912e+00,-1.386958371827954617e-01,-1.386958371827954617e-01,-1.361642447842914549e-01,-4.801872763501409125e-01,-9.659223861875929629e-01,8.158415960249302268e-01,1.391654537837126726e-02
2.800000000000000266e+00,5.000000000000000000e+00,5.477419886535733973e+00,5.477419886535733973e+00,5.477419886535733973e+00,-1.383694907203668889e-01,-1.383694907203668889e-01,-1.354323725585097615e-01,-4.774198865357339727e-01,-9.603745527002818250e-01,8.110397232614288132e-01,1.390245688034323981e-02
2.819999999999999840e+00,5.000000000000000000e+00,5.474659852814491856e+00,5.474659852814491856e+00,5.474659852814491856e+00,-1.380016860620847940e-01,-1.380016860620847940e-01,-1.346914441375458016e-01,-4.746598528144918561e-01,-9.548397730714679454e-01,8.062655243960714646e-01,1.388280453785067751e-02
2.839999999999999858e+00,5.000000000000000000e+00,5.471907936933368966e+00,5.471907936933368966e+00,5.471907936933368966e+00,-1.375957940561461645e-01,-1.375957940561461645e-01,-1.339427660026985545e-01,-4.719079369333689655e-01,-9.493197056289837121e-01,8.015189258679265016e-01,1.385801375835864907e-02
2.859999999999999876e+00,5.000000000000000000e+00,5.469164837552527025e+00,5.469164837552527025e+00,5.469164837552527025e+00,-1.371549690420925116e-01,-1.371549690420925116e-01,-1.331875439156097185e-01,-4.691648375525270254e-01,-9.438158738667379311e-01,7.967998464985928120e-01,1.382848345253539016e-02
2.879999999999999893e+00,5.000000000000000000e+00,5.466431194330781729e+00,5.466431194330781729e+00,5.466431194330781729e+00,-1.366821610872781534e-01,-1.366821610872781534e-01,-1.324268894939488184e-01,-4.664311943307817288e-01,-9.383296751050540507e-01,7.921081981230675417e-01,1.379458748803768370e-02
2.899999999999999911e+00,5.000000000000000000e+00,5.463707591778395489e+00,5.463707591778395489e+00,5.463707591778395489e+00,-1.361801276193062848e-01,-1.361801276193062848e-01,-1.316618264075594402e-01,-4.637075917783954893e-01,-9.328623886615634575e-01,7.874438861797596889e-01,1.375667607424432316e-02
2.919999999999999929e+00,5.000000000000000000e+00,5.460994562888819459e+00,5.460994562888819459e+00,5.460994562888819459e+00,-1.356514444788021467e-01,-1.356514444788021467e-01,-1.308932962142648482e-01,-4.609945628888194591e-01,-9.274151835567909785e-01,7.828068102619757385e-01,1.371507708055038494e-02
2.939999999999999947e+00,5.000000000000000000e+00,5.458292592560493262e+00,5.458292592560493262e+00,5.458292592560493262e+00,-1.350985164163021335e-01,-1.350985164163021335e-01,-1.301221638538020420e-01,-4.582925925604932615e-01,-9.219891257776389182e-01,7.781968646330875705e-01,1.367009729074931436e-02
2.959999999999999964e+00,5.000000000000000000e+00,5.455602120819365020e+00,5.455602120819365020e+00,5.455602120819365020e+00,-1.345235870564209235e-01,-1.345235870564209235e-01,-1.293492228174900893e-01,-4.556021208193650196e-01,-9.165851851209865231e-01,7.736139387074826290e-01,1.362202359601381689e-02
2.979999999999999982e+00,5.000000000000000000e+00,5.452923545852327969e+00,5.452923545852327969e+00,5.452923545852327969e+00,-1.339287483518327437e-01,-1.339287483518327437e-01,-1.285752000105390147e-01,-4.529235458523279689e-01,-9.112042416387300392e-01,7.690579174992889788e-01,1.357112412890203526e-02
3.000000000000000000e+00,5.000000000000000000e+00,5.450257226861348947e+00,5.450257226861348947e+00,5.450257226861348947e+00,-1.333159495489597834e-01,-1.333159495489597834e-01,-1.278007603231031963e-01,-4.502572268613489470e-01,-9.058470917046559379e-01,7.645286820407657391e-01,1.351764934078700069e-02
3.020000000000000018e+00,5.000000000000000000e+00,5.447603486747616408e+00,5.447603486747616408e+00,5.447603486747616408e+00,-1.326870056866164271e-01,-1.326870056866164271e-01,-1.270265109255262204e-01,-4.476034867476164081e-01,-9.005144537226978940e-01,7.600261097721522363e-01,1.346183302501943388e-02
3.040000000000000036e+00,5.000000000000000000e+00,5.444962614634652809e+00,5.444962614634652809e+00,5.444962614634652809e+00,-1.320436056481992249e-01,-1.320436056481992249e-01,-1.262530053024443211e-01,-4.449626146346528088e-01,-8.952069734952328162e-01,7.555500749046760722e-01,1.340389328811241246e-02
3.060000000000000053e+00,5.000000000000000000e+00,5.442334868238905443e+00,5.442334868238905443e+00,5.442334868238905443e+00,-1.313873197873645093e-01,-1.313873197873645093e-01,-1.254807470398519309e-01,-4.423348682389054431e-01,-8.899252292693056177e-01,7.511004487583295974e-01,1.334403347112408759e-02
3.080000000000000071e+00,5.000000000000000000e+00,5.439720476095976309e+00,5.439720476095976309e+00,5.439720476095976309e+00,-1.307196071464742926e-01,-1.307196071464742926e-01,-1.247101933784624112e-01,-4.397204760959763092e-01,-8.846697364778108863e-01,7.466771000759405696e-01,1.328244302340790897e-02
3.100000000000000089e+00,5.000000000000000000e+00,5.437119639650247471e+00,5.437119639650247471e+00,5.437119639650247471e+00,-1.300418222864461182e-01,-1.300418222864461182e-01,-1.239417585461925347e-01,-4.371196396502474713e-01,-8.794409521919526185e-01,7.422798953149808421e-01,1.321929833077923645e-02
3.120000000000000107e+00,5.000000000000000000e+00,5.434532535215327975e+00,5.434532535215327975e+00,5.434532535215327975e+00,-1.293552217459892906e-01,-1.293552217459892906e-01,-1.231758168818778976e-01,-4.345325352153279752e-01,-8.742392793004949425e-01,7.379086989184783230e-01,1.315476350013872198e-02
3.140000000000000124e+00,5.000000000000000000e+00,5.431959315812376232e+00,5.431959315812376232e+00,5.431959315812376232e+00,-1.286609701475758261e-01,-1.286609701475758261e-01,-1.224127057618545344e-01,-4.319593158123762322e-01,-8.690650704306559504e-01,7.335633735663250610e-01,1.308899110247634980e-02
3.160000000000000142e+00,5.000000000000000000e+00,5.429400112893039143e+00,5.429400112893039143e+00,5.429400112893039143e+00,-1.279601459668572583e-01,-1.279601459668572583e-01,-1.216527283403901483e-01,-4.294001128930391431e-01,-8.639186316247524644e-01,7.292437804082012587e-01,1.302212287616105919e-02
3.180000000000000160e+00,5.000000000000000000e+00,5.426855037953406402e+00,5.426855037953406402e+00,5.426855037953406402e+00,-1.272537469816204525e-01,-1.272537469816204525e-01,-1.208961561144890617e-01,-4.268550379534064021e-01,-8.588002257860782862e-01,7.249497792792708450e-01,1.295429039231837595e-02
3.200000000000000178e+00,5.000000000000000000e+00,5.424324184045091535e+00,5.424324184045091535e+00,5.424324184045091535e+00,-1.265426954157588268e-01,-1.265426954157588268e-01,-1.201432313230040988e-01,-4.243241840450915348e-01,-8.537100759068128042e-01,7.206812288997367366e-01,1.288561568407197398e-02
3.220000000000000195e+00,5.000000000000000000e+00,5.421807627189228818e+00,5.421807627189228818e+00,5.421807627189228818e+00,-1.258278427931404098e-01,-1.258278427931404098e-01,-1.193941691895745311e-01,-4.218076271892288176e-01,-8.486483680901830695e-01,7.164379870592858524e-01,1.281621184132268262e-02
3.240000000000000213e+00,5.000000000000000000e+00,5.419305427698915878e+00,5.419305427698915878e+00,5.419305427698915878e+00,-1.251099745156607768e-01,-1.251099745156607768e-01,-1.186491600183441353e-01,-4.193054276989158780e-01,-8.436152543784576352e-01,7.122199107873935509e-01,1.274618357271995427e-02
3.260000000000000231e+00,5.000000000000000000e+00,5.416817631415331569e+00,5.416817631415331569e+00,5.416817631415331569e+00,-1.243898141792001005e-01,-1.243898141792001005e-01,-1.179083711510539589e-01,-4.168176314153315687e-01,-8.386108553978317559e-01,7.080268565104044232e-01,1.267562773637337728e-02
3.280000000000000249e+00,5.000000000000000000e+00,5.414344270862518904e+00,5.414344270862518904e+00,5.414344270862518904e+00,-1.236680276406375151e-01,-1.236680276406375151e-01,-1.171719487935742182e-01,-4.143442708625189042e-01,-8.336352628306631374e-01,7.038586801962510853e-01,1.260463384083782869e-02
3.300000000000000266e+00,5.000000000000000000e+00,5.411885366325548397e+00,5.411885366325548397e+00,5.411885366325548397e+00,-1.229452268485344141e-01,-1.229452268485344141e-01,-1.164400197196064635e-01,-4.118853663255483966e-01,-8.286885417250378083e-01,6.997152374876258740e-01,1.253328451780547775e-02
3.320000000000000284e+00,5.000000000000000000e+00,5.409440926856556864e+00,5.409440926856556864e+00,5.409440926856556864e+00,-1.222219734495616494e-01,-1.222219734495616494e-01,-1.157126928588068093e-01,-4.094409268565568638e-01,-8.237707326510967931e-01,6.955963838243703901e-01,1.246165596791959547e-02
3.339999999999999858e+00,5.000000000000000000e+00,5.407010951212912531e+00,5.407010951212912531e+00,5.407010951212912531e+00,-1.214987821822332698e-01,-1.214987821822332698e-01,-1.149900607762778526e-01,-4.070109512129125307e-01,-8.188818537131137276e-01,6.915019745558048658e-01,1.238981838103101613e-02
3.359999999999999876e+00,5.000000000000000000e+00,5.404595428731532536e+00,5.404595428731532536e+00,5.404595428731532536e+00,-1.207761240690060633e-01,-1.207761240690060633e-01,-1.142722010499611501e-01,-4.045954287315325359e-01,-8.140219024258250613e-01,6.874318650436757050e-01,1.231783633218821138e-02
3.379999999999999893e+00,5.000000000000000000e+00,5.402194340143186224e+00,5.402194340143186224e+00,5.402194340143186224e+00,-1.200544294173157556e-01,-1.200544294173157556e-01,-1.135591775521029856e-01,-4.021943401431862242e-01,-8.091908574630650719e-01,6.833859107563603486e-01,1.224576915460173950e-02
3.399999999999999911e+00,5.000000000000000000e+00,5.399807658330392890e+00,5.399807658330392890e+00,5.399807658330392890e+00,-1.193340906396545137e-01,-1.193340906396545137e-01,-1.128510416407033368e-01,-3.998076583303928899e-01,-8.043886802863724483e-01,6.793639673549284330e-01,1.217367129074068549e-02
3.419999999999999929e+00,5.000000000000000000e+00,5.397435349032345897e+00,5.397435349032345897e+00,5.397435349032345897e+00,-1.186154649023343499e-01,-1.186154649023343499e-01,-1.121478332664528482e-01,-3.974353490323458971e-01,-7.996153166607857798e-01,6.753658907716244553e-01,1.210159262270848156e-02
3.439999999999999947e+00,5.000000000000000000e+00,5.395077371500103247e+00,5.395077371500103247e+00,5.395077371500103247e+00,-1.178988766121433496e-01,-1.178988766121433496e-01,-1.114495820004244020e-01,-3.950773715001032471e-01,-7.948706980646917941e-01,6.713915372813009652e-01,1.202957878296642691e-02
3.459999999999999964e+00,5.000000000000000000e+00,5.392733679105109701e+00,5.392733679105109701e+00,5.392733679105109701e+00,-1.171846197496756309e-01,-1.171846197496756309e-01,-1.107563079874661349e-01,-3.927336791051097009e-01,-7.901547430002064942e-01,6.674407635662998883e-01,1.195767144644047444e-02
3.479999999999999982e+00,5.000000000000000000e+00,5.390404219903955685e+00,5.390404219903955685e+00,5.390404219903955685e+00,-1.164729600577052576e-01,-1.164729600577052576e-01,-1.100680228299719260e-01,-3.904042199039556849e-01,-7.854673582102194018e-01,6.635134267752488268e-01,1.188590860499865072e-02
3.500000000000000000e+00,5.000000000000000000e+00,5.388088937162104131e+00,5.388088937162104131e+00,5.388088937162104131e+00,-1.157641370925819313e-01,-1.157641370925819313e-01,-1.093847304064719667e-01,-3.880889371621041306e-01,-7.808084398079113697e-01,6.596093845762093233e-01,1.181432482523007976e-02
3.520000000000000018e+00,5.000000000000000000e+00,5.385787769839179617e+00,5.385787769839179617e+00,5.385787769839179617e+00,-1.150583661462418888e-01,-1.150583661462418888e-01,-1.087064276291815623e-01,-3.857877698391796173e-01,-7.761778743242082612e-01,6.557284952045883131e-01,1.174295149043838755e-02
3.540000000000000036e+00,5.000000000000000000e+00,5.383500653038258754e+00,5.383500653038258754e+00,5.383500653038258754e+00,-1.143558400460645968e-01,-1.143558400460645968e-01,-1.080331051444690244e-01,-3.835006530382587542e-01,-7.715755396783592346e-01,6.518706175061965702e-01,1.167181702769364178e-02
3.560000000000000053e+00,5.000000000000000000e+00,5.381227518421469291e+00,5.381227518421469291e+00,5.381227518421469291e+00,-1.136567308394518111e-01,-1.136567308394518111e-01,-1.073647479799366977e-01,-3.812275184214692914e-01,-7.670013060765175084e-01,6.480356109758139693e-01,1.160094712076684478e-02
3.580000000000000071e+00,5.000000000000000000e+00,5.378968294594075772e+00,5.378968294594075772e+00,5.378968294594075772e+00,-1.129611913696684650e-01,-1.129611913696684650e-01,-1.067013361416183082e-01,-3.789682945940757719e-01,-7.624550368429385827e-01,6.442233357915992942e-01,1.153036490972098559e-02
3.600000000000000089e+00,5.000000000000000000e+00,5.376722907459092760e+00,5.376722907459092760e+00,5.376722907459092760e+00,-1.122693567491614142e-01,-1.122693567491614142e-01,-1.060428451645980125e-01,-3.767229074590927596e-01,-7.579365891881515438e-01,6.404336528456585631e-01,1.146009117789496823e-02
3.620000000000000107e+00,5.000000000000000000e+00,5.374491280544367200e+00,5.374491280544367200e+00,5.374491280544367200e+00,-1.115813457362569566e-01,-1.115813457362569566e-01,-1.053892466201168943e-01,-3.744912805443671999e-01,-7.534458149181855191e-01,6.366664237710676355e-01,1.139014452700099628e-02
3.640000000000000124e+00,5.000000000000000000e+00,5.372273335303950681e+00,5.372273335303950681e+00,5.372273335303950681e+00,-1.108972620208433929e-01,-1.108972620208433929e-01,-1.047405085821213749e-01,-3.722733353039506810e-01,-7.489825610887343998e-01,6.329215109656239902e-01,1.132054154098903649e-02
3.660000000000000142e+00,5.000000000000000000e+00,5.370068991395463343e+00,5.370068991395463343e+00,5.370068991395463343e+00,-1.102171954243590379e-01,-1.102171954243590379e-01,-1.040965960559997877e-01,-3.700689913954633425e-01,-7.445466706079013619e-01,6.291987776125844700e-01,1.125129693931710417e-02
3.680000000000000160e+00,5.000000000000000000e+00,5.367878166935081019e+00,5.367878166935081019e+00,5.367878166935081019e+00,-1.095412230191275260e-01,-1.095412230191275260e-01,-1.034574713720439049e-01,-3.678781669350810191e-01,-7.401379827909266851e-01,6.254980876986298011e-01,1.118242372025298088e-02
3.700000000000000178e+00,5.000000000000000000e+00,5.365700778731644860e+00,5.365700778731644860e+00,5.365700778731644860e+00,-1.088694101718280099e-01,-1.088694101718280099e-01,-1.028230945461324208e-01,-3.657007787316448599e-01,-7.357563338701620381e-01,6.218193060292790397e-01,1.111393329475057236e-02
3.720000000000000195e+00,5.000000000000000000e+00,5.363536742501332277e+00,5.363536742501332277e+00,5.363536742501332277e+00,-1.082018115156299642e-01,-1.082018115156299642e-01,-1.021934236098475252e-01,-3.635367425013322773e-01,-7.314015574632897199e-01,6.181622982419625600e-01,1.104583561147963987e-02
3.740000000000000213e+00,5.000000000000000000e+00,5.361385973064226818e+00,5.361385973064226818e+00,5.361385973064226818e+00,-1.075384718552880453e-01,-1.075384718552880453e-01,-1.015684149122107333e-01,-3.613859730642268175e-01,-7.270734850026645546e-01,6.145269308169492017e-01,1.097813927350462133e-02
3.760000000000000231e+00,5.000000000000000000e+00,5.359248384524041953e+00,5.359248384524041953e+00,5.359248384524041953e+00,-1.068794270092627702e-01,-1.068794270092627702e-01,-1.009480233950353356e-01,-3.592483845240419527e-01,-7.227719461284536351e-01,6.109130710863068803e-01,1.091085164711142440e-02
3.780000000000000249e+00,5.000000000000000000e+00,5.357123890432188063e+00,5.357123890432188063e+00,5.357123890432188063e+00,-1.062247045927127154e-01,-1.062247045927127154e-01,-1.003322028437621943e-01,-3.571238904321880625e-01,-7.184967690480839053e-01,6.073205872410664119e-01,1.084397896325529388e-02
3.800000000000000266e+00,5.000000000000000000e+00,5.355012403937288390e+00,5.355012403937288390e+00,5.355012403937288390e+00,-1.055743247449986433e-01,-1.055743247449986433e-01,-9.972090611557204998e-02,-3.550124039372883900e-01,-7.142477808643761250e-01,6.037493483367445402e-01,1.077752641205954182e-02
3.820000000000000284e+00,5.000000000000000000e+00,5.352913837921185802e+00,5.352913837921185802e+00,5.352913837921185802e+00,-1.049283008051401789e-01,-1.049283008051401789e-01,-9.911408534641398538e-02,-3.529138379211858023e-01,-7.100248078745767799e-01,6.001992242973716030e-01,1.071149823079118810e-02
3.839999999999999858e+00,5.000000000000000000e+00,5.350828105122416467e+00,5.350828105122416467e+00,5.350828105122416467e+00,-1.042866399384765747e-01,-1.042866399384765747e-01,-9.851169213850416440e-02,-3.508281051224164671e-01,-7.058276758423716046e-01,5.966700859181597316e-01,1.064589778570771382e-02
3.859999999999999876e+00,5.000000000000000000e+00,5.348755118248064377e+00,5.348755118248064377e+00,5.348755118248064377e+00,-1.036493437176037036e-01,-1.036493437176037036e-01,-9.791367772974793326e-02,-3.487551182480643774e-01,-7.016562102448329341e-01,5.931618048669355936e-01,1.058072764814940205e-02
3.879999999999999893e+00,5.000000000000000000e+00,5.346694790074854708e+00,5.346694790074854708e+00,5.346694790074854708e+00,-1.030164086604874463e-01,-1.030164086604874463e-01,-9.731999314644111665e-02,-3.466947900748547085e-01,-6.975102364961287549e-01,5.896742536844549187e-01,1.051598966523271603e-02
3.899999999999999911e+00,5.000000000000000000e+00,5.344647033540284475e+00,5.344647033540284475e+00,5.344647033540284475e+00,-1.023878267284912685e-01,-1.023878267284912685e-01,-9.673058934052562730e-02,-3.446470335402844754e-01,-6.933895801497094169e-01,5.862073057837063894e-01,1.045168502547740540e-02
3.919999999999999929e+00,5.000000000000000000e+00,5.342611761824546335e+00,5.342611761824546335e+00,5.342611761824546335e+00,-1.017635857868997296e-01,-1.017635857868997296e-01,-9.614541731257582324e-02,-3.426117618245463348e-01,-6.892940670805689507e-01,5.827608354483035935e-01,1.038781431968953395e-02
3.939999999999999947e+00,5.000000000000000000e+00,5.340588888423939196e+00,5.340588888423939196e+00,5.340588888423939196e+00,-1.011436700303742220e-01,-1.011436700303742220e-01,-9.556442822164470940e-02,-3.405888884239391956e-01,-6.852235236490926695e-01,5.793347178300580769e-01,1.032437759738988499e-02
3.959999999999999964e+00,5.000000000000000000e+00,5.338578327216426445e+00,5.338578327216426445e+00,5.338578327216426445e+00,-1.005280603756344149e-01,-1.005280603756344149e-01,-9.498757348297610925e-02,-3.385783272164264446e-01,-6.811777768478783912e-01,5.759288289458186494e-01,1.026137441908362910e-02
3.979999999999999982e+00,5.000000000000000000e+00,5.336579992519955518e+00,5.336579992519955518e+00,5.336579992519955518e+00,-9.991673482352805835e-02,-9.991673482352805835e-02,-9.441480485457078020e-02,-3.365799925199555176e-01,-6.771566544328528892e-01,5.725430456736544382e-01,1.019880390462766726e-02
4.000000000000000000e+00,5.000000000000000000e+00,5.334593799144104587e+00,5.334593799144104587e+00,5.334593799144104587e+00,-9.930966879252629831e-02,-9.930966879252629831e-02,-9.384607451351043017e-02,-3.345937991441045867e-01,-6.731599850399110352e-01,5.691772457484548520e-01,1.013666477794575825e-02
4.020000000000000462e+00,5.000000000000000000e+00,5.332619662435593710e+00,5.332619662435593710e+00,5.332619662435593710e+00,-9.870683542555935830e-02,-9.870683542555935830e-02,-9.328133512285689821e-02,-3.326196624355937104e-01,-6.691875982882091733e-01,5.658313077570138461e-01,1.007495540833842733e-02
4.040000000000000036e+00,5.000000000000000000e+00,5.330657498318153387e+00,5.330657498318153387e+00,5.330657498318153387e+00,-9.810820587199604870e-02,-9.810820587199604870e-02,-9.272053988992631779e-02,-3.306574983181533867e-01,-6.652393248711874207e-01,5.625051111326578868e-01,1.001367384860321272e-02
4.060000000000000497e+00,5.000000000000000000e+00,5.328707223327223907e+00,5.328707223327223907e+00,5.328707223327223907e+00,-9.751374954646122029e-02,-9.751374954646122029e-02,-9.216364261664769519e-02,-3.287072233272239075e-01,-6.613149966363067733e-01,5.591985361494763440e-01,9.952817870182734117e-03
4.080000000000000071e+00,5.000000000000000000e+00,5.326768754639902070e+00,5.326768754639902070e+00,5.326768754639902070e+00,-9.692343436608726048e-02,-9.692343436608726048e-02,-9.161059774272163614e-02,-3.267687546399020704e-01,-6.574144466544478149e-01,5.559114639162040516e-01,9.892384995522132338e-03
4.099999999999999645e+00,5.000000000000000000e+00,5.324842010100548251e+00,5.324842010100548251e+00,5.324842010100548251e+00,-9.633722696769361771e-02,-9.633722696769361771e-02,-9.106136038215090212e-02,-3.248420101005482508e-01,-6.535375092798041408e-01,5.526437763698049954e-01,9.832372527848248431e-03
4.120000000000000107e+00,5.000000000000000000e+00,5.322926908242422428e+00,5.322926908242422428e+00,5.322926908242422428e+00,-9.575509290630150605e-02,-9.575509290630150605e-02,-9.051588635377245950e-02,-3.229269082424224280e-01,-6.496840202010965015e-01,5.493953562687995396e-01,9.772777578524502462e-03
4.139999999999999680e+00,5.000000000000000000e+00,5.321023368305696444e+00,5.321023368305696444e+00,5.321023368305696444e+00,-9.517699683630272134e-02,-9.517699683630272134e-02,-8.997413220631370057e-02,-3.210233683056964438e-01,-6.458538164848448559e-01,5.461660871863752709e-01,9.713597092155886251e-03
4.160000000000000142e+00,5.000000000000000000e+00,5.319131310252165790e+00,5.319131310252165790e+00,5.319131310252165790e+00,-9.460290267652009255e-02,-9.460290267652009255e-02,-8.943605523847647509e-02,-3.191313102521657896e-01,-6.420467366113928875e-01,5.429558535033183198e-01,9.654827869598096163e-03
4.179999999999999716e+00,5.000000000000000000e+00,5.317250654776959351e+00,5.317250654776959351e+00,5.317250654776959351e+00,-9.403277376032011248e-02,-9.403277376032011248e-02,-8.890161351452023630e-02,-3.172506547769593510e-01,-6.382626205043315792e-01,5.397645404007966885e-01,9.596466589014649232e-03
4.200000000000000178e+00,5.000000000000000000e+00,5.315381323317522444e+00,5.315381323317522444e+00,5.315381323317522444e+00,-9.346657297186526658e-02,-9.346657297186526658e-02,-8.837076587577166742e-02,-3.153813233175224440e-01,-6.345013095539187020e-01,5.365920338530271172e-01,9.538509825119912203e-03
4.219999999999999751e+00,5.000000000000000000e+00,5.313523238060131604e+00,5.313523238060131604e+00,5.313523238060131604e+00,-9.290426286952410684e-02,-9.290426286952410684e-02,-8.784347194845368301e-02,-3.135232380601316038e-01,-6.307626466350448879e-01,5.334382206198519105e-01,9.480954066739299621e-03
4.240000000000000213e+00,5.000000000000000000e+00,5.311676321944183599e+00,5.311676321944183599e+00,5.311676321944183599e+00,-9.234580579739258555e-02,-9.234580579739258555e-02,-8.731969214820883840e-02,-3.116763219441835986e-01,-6.270464761202632076e-01,5.303029882392505945e-01,9.423795732803769490e-03
4.259999999999999787e+00,5.000000000000000000e+00,5.309840498664467390e+00,5.309840498664467390e+00,5.309840498664467390e+00,-9.179116398582071179e-02,-9.179116398582071179e-02,-8.679938768167383412e-02,-3.098404986644673897e-01,-6.233526438883671972e-01,5.271862250198087185e-01,9.367031186884646268e-03
4.280000000000000249e+00,5.000000000000000000e+00,5.308015692671632202e+00,5.308015692671632202e+00,5.308015692671632202e+00,-9.124029964177636509e-02,-9.124029964177636509e-02,-8.628252054537720317e-02,-3.080156926716322019e-01,-6.196809973289347795e-01,5.240878200331640091e-01,9.310656750393565481e-03
4.299999999999999822e+00,5.000000000000000000e+00,5.306201829171035556e+00,5.306201829171035556e+00,5.306201829171035556e+00,-9.069317502982757184e-02,-9.069317502982757184e-02,-8.576905352228848811e-02,-3.062018291710355555e-01,-6.160313853432644038e-01,5.210076631064476382e-01,9.254668714528277440e-03
4.320000000000000284e+00,5.000000000000000000e+00,5.304398834120146233e+00,5.304398834120146233e+00,5.304398834120146233e+00,-9.014975254447171737e-02,-9.014975254447171737e-02,-8.525895017626908268e-02,-3.043988341201462333e-01,-6.124036583420711111e-01,5.179456448147372605e-01,9.199063351064764443e-03
4.339999999999999858e+00,5.000000000000000000e+00,5.302606634224656723e+00,5.302606634224656723e+00,5.302606634224656723e+00,-8.960999477449227424e-02,-8.960999477449227424e-02,-8.475217484467734153e-02,-3.026066342246567231e-01,-6.087976682402924666e-01,5.149016564735358070e-01,9.143836922079318086e-03
4.360000000000000320e+00,5.000000000000000000e+00,5.300825156933457016e+00,5.300825156933457016e+00,5.300825156933457016e+00,-8.907386455997648445e-02,-8.907386455997648445e-02,-8.424869262933440406e-02,-3.008251569334570164e-01,-6.052132684493134462e-01,5.118755901312892487e-01,9.088985688689788303e-03
4.379999999999999893e+00,5.000000000000000000e+00,5.299054330432605653e+00,5.299054330432605653e+00,5.299054330432605653e+00,-8.854132504258653558e-02,-8.854132504258653558e-02,-8.374846938607696800e-02,-2.990543304326056528e-01,-6.016503138669140327e-01,5.088673385619546519e-01,9.034505918882412834e-03
4.400000000000000355e+00,5.000000000000000000e+00,5.297294083638412587e+00,5.297294083638412587e+00,5.297294083638412587e+00,-8.801233970963667774e-02,-8.801233970963667774e-02,-8.325147171308794336e-02,-2.972940836384125873e-01,-5.981086608652113057e-01,5.058767952576286309e-01,8.980393894494734935e-03
4.419999999999999929e+00,5.000000000000000000e+00,5.295544346189762663e+00,5.295544346189762663e+00,5.295544346189762663e+00,-8.748687243248748358e-02,-8.748687243248748358e-02,-8.275766693814473607e-02,-2.955443461897626634e-01,-5.945881672768251747e-01,5.029038544212445228e-01,8.926645917435912375e-03
4.440000000000000391e+00,5.000000000000000000e+00,5.293805048439767624e+00,5.293805048439767624e+00,5.293805048439767624e+00,-8.696488749973857457e-02,-8.696488749973857457e-02,-8.226702310499840742e-02,-2.938050484397676243e-01,-5.910886923795253267e-01,4.999484109593468895e-01,8.873258315180024627e-03
4.459999999999999964e+00,5.000000000000000000e+00,5.292076121446854131e+00,5.292076121446854131e+00,5.292076121446854131e+00,-8.644634964566146051e-02,-8.644634964566146051e-02,-8.177950895896743400e-02,-2.920761214468541311e-01,-5.876100968795352486e-01,4.970103604749492310e-01,8.820227445618576689e-03
4.480000000000000426e+00,5.000000000000000000e+00,5.290357496965368611e+00,5.290357496965368611e+00,5.290357496965368611e+00,-8.593122407428774312e-02,-8.593122407428774312e-02,-8.129509393192432820e-02,-2.903574969653686111e-01,-5.841522428937082623e-01,4.940895992604806830e-01,8.767549701303244125e-03
4.500000000000000000e+00,5.000000000000000000e+00,5.288649107435777985e+00,5.288649107435777985e+00,5.288649107435777985e+00,-8.541947647953593292e-02,-8.541947647953593292e-02,-8.081374812676969666e-02,-2.886491074357779851e-01,-5.807149939307372222e-01,4.911860242908269725e-01,8.715221513140551310e-03
4.520000000000000462e+00,5.000000000000000000e+00,5.286950885974543546e+00,5.286950885974543546e+00,5.286950885974543546e+00,-8.491107306173258096e-02,-8.491107306173258096e-02,-8.033544230150246879e-02,-2.869508859745435458e-01,-5.772982148715559703e-01,4.882995332164691837e-01,8.663239353584324676e-03
4.540000000000000036e+00,5.000000000000000000e+00,5.285262766363726605e+00,5.285262766363726605e+00,5.285262766363726605e+00,-8.440598054085959867e-02,-8.440598054085959867e-02,-7.986014785300268870e-02,-2.852627663637266053e-01,-5.739017719490870917e-01,4.854300243567237216e-01,8.611599739360686553e-03
4.560000000000000497e+00,5.000000000000000000e+00,5.283584683040389862e+00,5.283584683040389862e+00,5.283584683040389862e+00,-8.390416616683252227e-02,-8.390416616683252227e-02,-7.938783680058884851e-02,-2.835846830403898622e-01,-5.705255327274532107e-01,4.825773966930864689e-01,8.560299233777891523e-03
4.580000000000000071e+00,5.000000000000000000e+00,5.281916571085847778e+00,5.281916571085847778e+00,5.281916571085847778e+00,-8.340559772709402186e-02,-8.340559772709402186e-02,-7.891848176944750437e-02,-2.819165710858477780e-01,-5.671693660807797244e-01,4.797415498626825814e-01,8.509334448649638616e-03
4.600000000000000533e+00,5.000000000000000000e+00,5.280258366214812149e+00,5.280258366214812149e+00,5.280258366214812149e+00,-8.291024355178497340e-02,-8.291024355178497340e-02,-7.845205597400359276e-02,-2.802583662148121491e-01,-5.638331421716955560e-01,4.769223841518240858e-01,8.458702045867873970e-03
4.620000000000000107e+00,5.000000000000000000e+00,5.278610004764477281e+00,5.278610004764477281e+00,5.278610004764477281e+00,-8.241807251673521906e-02,-8.241807251673521906e-02,-7.798853320128740219e-02,-2.786100047644772815e-01,-5.605167324296242981e-01,4.741198004896759466e-01,8.408398738660954538e-03
4.639999999999999680e+00,5.000000000000000000e+00,5.276971423683587403e+00,5.276971423683587403e+00,5.276971423683587403e+00,-8.192905404449754569e-02,-8.192905404449754569e-02,-7.752788779435842992e-02,-2.769714236835874033e-01,-5.572200095289545629e-01,4.713337004420311560e-01,8.358421292564970073e-03
4.660000000000000142e+00,5.000000000000000000e+00,5.275342560521514734e+00,5.275342560521514734e+00,5.275342560521514734e+00,-8.144315810363271513e-02,-8.144315810363271513e-02,-7.707009463584921227e-02,-2.753425605215147343e-01,-5.539428473671748065e-01,4.685639862051952931e-01,8.308766526130295996e-03
4.679999999999999716e+00,5.000000000000000000e+00,5.273723353417386406e+00,5.273723353417386406e+00,5.273723353417386406e+00,-8.096035520643435346e-02,-8.096035520643435346e-02,-7.661512913164909844e-02,-2.737233534173864058e-01,-5.506851210430294685e-01,4.658105605999801613e-01,8.259431311400210543e-03
4.700000000000000178e+00,5.000000000000000000e+00,5.272113741089280659e+00,5.272113741089280659e+00,5.272113741089280659e+00,-8.048061640527030824e-02,-8.048061640527030824e-02,-7.616296719479388744e-02,-2.721137410892806585e-01,-5.474467068347728116e-01,4.630733270658062839e-01,8.210412574172640254e-03
4.719999999999999751e+00,5.000000000000000000e+00,5.270513662823526957e+00,5.270513662823526957e+00,5.270513662823526957e+00,-8.000391328770010968e-02,-8.000391328770010968e-02,-7.571358522956836423e-02,-2.705136628235269569e-01,-5.442274821785613170e-01,4.603521896549134795e-01,8.161707294079469793e-03
4.740000000000000213e+00,5.000000000000000000e+00,5.268923058464116238e+00,5.268923058464116238e+00,5.268923058464116238e+00,-7.953021797051905428e-02,-7.953021797051905428e-02,-7.526696011588954183e-02,-2.689230584641162380e-01,-5.410273256470539138e-01,4.576470530266781855e-01,8.113312504486181256e-03
4.759999999999999787e+00,5.000000000000000000e+00,5.267341868402258598e+00,5.267341868402258598e+00,5.267341868402258598e+00,-7.905950309286105537e-02,-7.905950309286105537e-02,-7.482306919393903744e-02,-2.673418684022585978e-01,-5.378461169282324761e-01,4.549578224420370298e-01,8.065225292256405359e-03
4.780000000000000249e+00,5.000000000000000000e+00,5.265770033566088415e+00,5.265770033566088415e+00,5.265770033566088415e+00,-7.859174180848862989e-02,-7.859174180848862989e-02,-7.438189024913682834e-02,-2.657700335660884150e-01,-5.346837368045171957e-01,4.522844037580144305e-01,8.017442797365943730e-03
4.799999999999999822e+00,5.000000000000000000e+00,5.264207495410540893e+00,5.264207495410540893e+00,5.264207495410540893e+00,-7.812690777738094672e-02,-7.812690777738094672e-02,-7.394340149741183976e-02,-2.642074954105408935e-01,-5.315400671321768300e-01,4.496267034223535575e-01,7.969962212411434502e-03
4.820000000000000284e+00,5.000000000000000000e+00,5.262654195907406240e+00,5.262654195907406240e+00,5.262654195907406240e+00,-7.766497515672528273e-02,-7.766497515672528273e-02,-7.350758157082434852e-02,-2.626541959074062405e-01,-5.284149908210817870e-01,4.469846284682481574e-01,7.922780782009286246e-03
4.839999999999999858e+00,5.000000000000000000e+00,5.261110077535578355e+00,5.261110077535578355e+00,5.261110077535578355e+00,-7.720591859140574220e-02,-7.720591859140574220e-02,-7.307440950352991904e-02,-2.611100775355783554e-01,-5.253083918148124809e-01,4.443580865091740772e-01,7.875895802108479407e-03
4.860000000000000320e+00,5.000000000000000000e+00,5.259575083271497142e+00,5.259575083271497142e+00,5.259575083271497142e+00,-7.674971320407722453e-02,-7.674971320407722453e-02,-7.264386471812062096e-02,-2.595750832714971423e-01,-5.222201550711567108e-01,4.417469857338183203e-01,7.829304619217762606e-03
4.879999999999999893e+00,5.000000000000000000e+00,5.258049156579799543e+00,5.258049156579799543e+00,5.258049156579799543e+00,-7.629633458490117648e-02,-7.629633458490117648e-02,-7.221592701231667466e-02,-2.580491565797995435e-01,-5.191501665429942847e-01,4.391512349011033600e-01,7.783004629574253458e-03
4.900000000000000355e+00,5.000000000000000000e+00,5.256532241404179295e+00,5.256532241404179295e+00,5.256532241404179295e+00,-7.584575878101559865e-02,-7.584575878101559865e-02,-7.179057654604532879e-02,-2.565322414041792953e-01,-5.160983131595990869e-01,4.365707433353053779e-01,7.736993278248375898e-03
4.919999999999999929e+00,5.000000000000000000e+00,5.255024282158463400e+00,5.255024282158463400e+00,5.255024282158463400e+00,-7.539796228580311621e-02,-7.539796228580311621e-02,-7.136779382889076040e-02,-2.550242821584634001e-01,-5.130644828083585907e-01,4.340054209212635961e-01,7.691268058204235071e-03
4.940000000000000391e+00,5.000000000000000000e+00,5.253525223717902648e+00,5.253525223717902648e+00,5.253525223717902648e+00,-7.495292202801590031e-02,-7.495292202801590031e-02,-7.094755970793101274e-02,-2.535252237179026480e-01,-5.100485643169268002e-01,4.314551780996789820e-01,7.645826509316807143e-03
4.959999999999999964e+00,5.000000000000000000e+00,5.252035011410686849e+00,5.252035011410686849e+00,5.252035011410686849e+00,-7.451061536080855197e-02,-7.451061536080855197e-02,-7.052985535594245847e-02,-2.520350114106868489e-01,-5.070504474358052960e-01,4.289199258624999400e-01,7.600666217362893155e-03
4.980000000000000426e+00,5.000000000000000000e+00,5.250553591009672338e+00,5.250553591009672338e+00,5.250553591009672338e+00,-7.407102005072799256e-02,-7.407102005072799256e-02,-7.011466226000293012e-02,-2.505535910096723384e-01,-5.040700228213736978e-01,4.263995757483930449e-01,7.555784812977723620e-03
5.000000000000000000e+00,5.000000000000000000e+00,5.249080908724338634e+00,5.249080908724338634e+00,5.249080908724338634e+00,-7.363411426669941306e-02,-7.363411426669941306e-02,-6.970196221044218376e-02,-2.490809087243386344e-01,-5.011071820193446769e-01,4.238940398382963215e-01,7.511179970606172464e-03
5.020000000000000462e+00,5.000000000000000000e+00,5.247616911192957367e+00,5.247616911192957367e+00,5.247616911192957367e+00,-7.319987656904941575e-02,-7.319987656904941575e-02,-6.929173729019942607e-02,-2.476169111929573674e-01,-4.981618174486772688e-01,4.214032307510529596e-01,7.466849407424877051e-03
5.040000000000000036e+00,5.000000000000000000e+00,5.246161545474985033e+00,5.246161545474985033e+00,5.246161545474985033e+00,-7.276828589859667129e-02,-7.276828589859667129e-02,-6.888396986452201276e-02,-2.461615454749850329e-01,-4.952338223859147348e-01,4.189270616391234103e-01,7.422790882269314321e-03
5.060000000000000497e+00,5.000000000000000000e+00,5.244714759043668018e+00,5.244714759043668018e+00,5.244714759043668018e+00,-7.233932156584195472e-02,-7.233932156584195472e-02,-6.847864257104950558e-02,-2.447147590436680176e-01,-4.923230909499700658e-01,4.164654461843735334e-01,7.379002194547021679e-03
5.080000000000000071e+00,5.000000000000000000e+00,5.243276499778862565e+00,5.243276499778862565e+00,5.243276499778862565e+00,-7.191296324028183251e-02,-7.191296324028183251e-02,-6.807573831024074651e-02,-2.432764997788625649e-01,-4.894295180873360351e-01,4.140182985939368510e-01,7.335481183158438535e-03
5.100000000000000533e+00,5.000000000000000000e+00,5.241846715960065239e+00,5.241846715960065239e+00,5.241846715960065239e+00,-7.148919093986942641e-02,-7.148919093986942641e-02,-6.767524023615779927e-02,-2.418467159600652394e-01,-4.865529995577251299e-01,4.115855335961482453e-01,7.292225725419086181e-03
5.120000000000000107e+00,5.000000000000000000e+00,5.240425356259652112e+00,5.240425356259652112e+00,5.240425356259652112e+00,-7.106798502064183565e-02,-7.106798502064183565e-02,-6.727713174759353265e-02,-2.404253562596521121e-01,-4.836934319201304788e-01,4.091670664365475996e-01,7.249233735989348351e-03
5.139999999999999680e+00,5.000000000000000000e+00,5.239012369736321340e+00,5.239012369736321340e+00,5.239012369736321340e+00,-7.064932616653174513e-02,-7.064932616653174513e-02,-6.688139647954094436e-02,-2.390123697363213395e-01,-4.808507125193042242e-01,4.067628128739510518e-01,7.206503165812234990e-03
5.160000000000000142e+00,5.000000000000000000e+00,5.237607705828733806e+00,5.237607705828733806e+00,5.237607705828733806e+00,-7.023319537937758317e-02,-7.023319537937758317e-02,-6.648801829499009775e-02,-2.376077058287338062e-01,-4.780247394726426791e-01,4.043726891765878628e-01,7.164032001064723695e-03
5.179999999999999716e+00,5.000000000000000000e+00,5.236211314349350943e+00,5.236211314349350943e+00,5.236211314349350943e+00,-6.981957396914387215e-02,-6.981957396914387215e-02,-6.609698127704050075e-02,-2.362113143493509426e-01,-4.752154116574676124e-01,4.019966121183005114e-01,7.121818262126606257e-03
5.200000000000000178e+00,5.000000000000000000e+00,5.234823145478463502e+00,5.234823145478463502e+00,5.234823145478463502e+00,-6.940844354436268016e-02,-6.940844354436268016e-02,-6.570826972133195221e-02,-2.348231454784635019e-01,-4.724226286987018852e-01,3.996344989748070176e-01,7.079860002562919814e-03
5.219999999999999751e+00,5.000000000000000000e+00,5.233443149758407742e+00,5.233443149758407742e+00,5.233443149758407742e+00,-6.899978600280434748e-02,-6.899978600280434748e-02,-6.532186812877940896e-02,-2.334431497584077420e-01,-4.696462909569270039e-01,3.972862675200223848e-01,7.038155308125204970e-03
5.240000000000000213e+00,5.000000000000000000e+00,5.232071278087960131e+00,5.232071278087960131e+00,5.232071278087960131e+00,-6.859358352238449641e-02,-6.859358352238449641e-02,-6.493776119860586449e-02,-2.320712780879601311e-01,-4.668862995168154839e-01,3.949518360224383295e-01,6.996702295771283810e-03
5.259999999999999787e+00,5.000000000000000000e+00,5.230707481716914131e+00,5.230707481716914131e+00,5.230707481716914131e+00,-6.818981855231107114e-02,-6.818981855231107114e-02,-6.455593382165020211e-02,-2.307074817169141312e-01,-4.641425561759202623e-01,3.926311232415587438e-01,6.955499112711314644e-03
5.280000000000000249e+00,5.000000000000000000e+00,5.229351712240824845e+00,5.229351712240824845e+00,5.229351712240824845e+00,-6.778847380447713955e-02,-6.778847380447713955e-02,-6.417637107397172747e-02,-2.293517122408248454e-01,-4.614149634338282624e-01,3.903240484243896136e-01,6.914543935466920498e-03
5.299999999999999822e+00,5.000000000000000000e+00,5.228003921595922421e+00,5.228003921595922421e+00,5.228003921595922421e+00,-6.738953224510017825e-02,-6.738953224510017825e-02,-6.379905821070758210e-02,-2.280039215959224208e-01,-4.587034244816496908e-01,3.880305313019813407e-01,6.873834968960773270e-03
5.320000000000000284e+00,5.000000000000000000e+00,5.226664062054190651e+00,5.226664062054190651e+00,5.226664062054190651e+00,-6.699297708660981177e-02,-6.699297708660981177e-02,-6.342398066019652725e-02,-2.266640620541906515e-01,-4.560078431918448416e-01,3.857504920860221342e-01,6.833370445626178388e-03
5.339999999999999858e+00,5.000000000000000000e+00,5.225332086218594796e+00,5.225332086218594796e+00,5.225332086218594796e+00,-6.659879177978533793e-02,-6.659879177978533793e-02,-6.305112401836507341e-02,-2.253320862185947959e-01,-4.533281241083813029e-01,3.834838514654802522e-01,6.793148624535979077e-03
5.360000000000000320e+00,5.000000000000000000e+00,5.224007947018471931e+00,5.224007947018471931e+00,5.224007947018471931e+00,-6.620696000613943144e-02,-6.620696000613943144e-02,-6.268047404332630079e-02,-2.240079470184719312e-01,-4.506641724371895918e-01,3.812305306032943153e-01,6.753167790568968820e-03
5.379999999999999893e+00,5.000000000000000000e+00,5.222691597705060751e+00,5.222691597705060751e+00,5.222691597705060751e+00,-6.581746567055066222e-02,-6.581746567055066222e-02,-6.231201665025170450e-02,-2.226915977050607509e-01,-4.480158940369438625e-01,3.789904511331095849e-01,6.713426253582574846e-03
5.400000000000000355e+00,5.000000000000000000e+00,5.221382991847177912e+00,5.221382991847177912e+00,5.221382991847177912e+00,-6.543029289413938854e-02,-6.543029289413938854e-02,-6.194573790643794625e-02,-2.213829918471779123e-01,-4.453831954101215018e-01,3.767635351560589818e-01,6.673922347624572891e-03
5.419999999999999929e+00,5.000000000000000000e+00,5.220082083327030276e+00,5.220082083327030276e+00,5.220082083327030276e+00,-6.504542600738616454e-02,-6.504542600738616454e-02,-6.158162402660718321e-02,-2.200820833270302757e-01,-4.427659836943558247e-01,3.745497052375871827e-01,6.634654430161458782e-03
5.440000000000000391e+00,5.000000000000000000e+00,5.218788826336160369e+00,5.218788826336160369e+00,5.218788826336160369e+00,-6.466284954348847092e-02,-6.466284954348847092e-02,-6.121966136840917283e-02,-2.187888263361603691e-01,-4.401641666540605513e-01,3.723488844043169044e-01,6.595620881334475841e-03
5.459999999999999964e+00,5.000000000000000000e+00,5.217503175371521529e+00,5.217503175371521529e+00,5.217503175371521529e+00,-6.428254823195227174e-02,-6.428254823195227174e-02,-6.085983642812642369e-02,-2.175031753715215288e-01,-4.375776526723207382e-01,3.701609961409553229e-01,6.556820103238992538e-03
5.480000000000000426e+00,5.000000000000000000e+00,5.216225085231672942e+00,5.216225085231672942e+00,5.216225085231672942e+00,-6.390450699241478905e-02,-6.390450699241478905e-02,-6.050213583657737537e-02,-2.162250852316729421e-01,-4.350063507430430576e-01,3.679859643872401276e-01,6.518250519225555518e-03
5.500000000000000000e+00,5.000000000000000000e+00,5.214954511013099037e+00,5.214954511013099037e+00,5.214954511013099037e+00,-6.352871092869248615e-02,-6.352871092869248615e-02,-6.014654635519173925e-02,-2.149545110130990366e-01,-4.324501704633458843e-01,3.658237135349233782e-01,6.479910573230768592e-03
5.520000000000000462e+00,5.000000000000000000e+00,5.213691408106638114e+00,5.213691408106638114e+00,5.213691408106638114e+00,-6.315514532305156747e-02,-6.315514532305156747e-02,-5.979305487228328553e-02,-2.136914081066381144e-01,-4.299090220261980733e-01,3.636741684247923878e-01,6.441798729122396455e-03
5.540000000000000036e+00,5.000000000000000000e+00,5.212435732194024673e+00,5.212435732194024673e+00,5.212435732194024673e+00,-6.278379563069372282e-02,-6.278379563069372282e-02,-5.944164839947314871e-02,-2.124357321940246734e-01,-4.273828162132762287e-01,3.615372543437260222e-01,6.403913470077061271e-03
5.560000000000000497e+00,5.000000000000000000e+00,5.211187439244535646e+00,5.211187439244535646e+00,5.211187439244535646e+00,-6.241464747445329975e-02,-6.241464747445329975e-02,-5.909231406828949207e-02,-2.111874392445356463e-01,-4.248714643880493469e-01,3.594128970217857488e-01,6.366253297974104261e-03
5.580000000000000071e+00,5.000000000000000000e+00,5.209946485511741443e+00,5.209946485511741443e+00,5.209946485511741443e+00,-6.204768663969952025e-02,-6.204768663969952025e-02,-5.874503912691549784e-02,-2.099464855117414430e-01,-4.223748784890712926e-01,3.573010226293403813e-01,6.328816732815413515e-03
5.600000000000000533e+00,5.000000000000000000e+00,5.208712827530352918e+00,5.208712827530352918e+00,5.208712827530352918e+00,-6.168289906943934947e-02,-6.168289906943934947e-02,-5.839981093709782634e-02,-2.087128275303529179e-01,-4.198929710234828860e-01,3.552015577742229646e-01,6.291602312162094222e-03
5.620000000000000107e+00,5.000000000000000000e+00,5.207486422113160707e+00,5.207486422113160707e+00,5.207486422113160707e+00,-6.132027085961443136e-02,-6.132027085961443136e-02,-5.805661697119016834e-02,-2.074864221131607067e-01,-4.174256550607058358e-01,3.531144294989194132e-01,6.254608590596253369e-03
5.639999999999999680e+00,5.000000000000000000e+00,5.206267226348068711e+00,5.206267226348068711e+00,5.206267226348068711e+00,-6.095978825458578387e-02,-6.095978825458578387e-02,-5.771544480932792875e-02,-2.062672263480687107e-01,-4.149728442263214134e-01,3.510395652777877906e-01,6.217834139205694055e-03
5.660000000000000142e+00,5.000000000000000000e+00,5.205055197595212846e+00,5.205055197595212846e+00,5.205055197595212846e+00,-6.060143764280203488e-02,-6.060143764280203488e-02,-5.737628213674832167e-02,-2.050551975952128458e-01,-4.125344526961374214e-01,3.489768930143071213e-01,6.181277545081980199e-03
5.679999999999999716e+00,5.000000000000000000e+00,5.203850293484159728e+00,5.203850293484159728e+00,5.203850293484159728e+00,-6.024520555264478022e-02,-6.024520555264478022e-02,-5.703911674122949527e-02,-2.038502934841597281e-01,-4.101103951904256917e-01,3.469263410383550128e-01,6.144937410841183612e-03
5.700000000000000178e+00,5.000000000000000000e+00,5.202652471911190624e+00,5.202652471911190624e+00,5.202652471911190624e+00,-5.989107864844405577e-02,-5.989107864844405577e-02,-5.670393651063752871e-02,-2.026524719111906236e-01,-4.077005869683194561e-01,3.448878381035134222e-01,6.108812354168505210e-03
5.719999999999999751e+00,5.000000000000000000e+00,5.201461691036657342e+00,5.201461691036657342e+00,5.201461691036657342e+00,-5.953904372666046080e-02,-5.953904372666046080e-02,-5.637072943060812691e-02,-2.014616910366573421e-01,-4.053049438223812473e-01,3.428613133844015115e-01,6.072901007371610607e-03
5.740000000000000213e+00,5.000000000000000000e+00,5.200277909282412736e+00,5.200277909282412736e+00,5.200277909282412736e+00,-5.918908771222638338e-02,-5.918908771222638338e-02,-5.603948358231970739e-02,-2.002779092824127360e-01,-4.029233820733146842e-01,3.408466964740349270e-01,6.037202016960049877e-03
5.759999999999999787e+00,5.000000000000000000e+00,5.199101085329312255e+00,5.199101085329312255e+00,5.199101085329312255e+00,-5.884119765504131766e-02,-5.884119765504131766e-02,-5.571018714037574704e-02,-1.991010853293122551e-01,-4.005558185648254721e-01,3.388439173812107796e-01,6.001714043238943683e-03
5.780000000000000249e+00,5.000000000000000000e+00,5.197931178114780337e+00,5.197931178114780337e+00,5.197931178114780337e+00,-5.849536072661606911e-02,-5.849536072661606911e-02,-5.538282837078886689e-02,-1.979311781147803373e-01,-3.982021706586245102e-01,3.368529065279176615e-01,5.966435759917981807e-03
5.799999999999999822e+00,5.000000000000000000e+00,5.196768146830443413e+00,5.196768146830443413e+00,5.196768146830443413e+00,-5.815156421685949845e-02,-5.815156421685949845e-02,-5.505739562905034856e-02,-1.967681468304434134e-01,-3.958623562295606746e-01,3.348735947467698648e-01,5.931365853740463816e-03
5.820000000000000284e+00,5.000000000000000000e+00,5.195611950919823308e+00,5.195611950919823308e+00,5.195611950919823308e+00,-5.780979553100332180e-02,-5.780979553100332180e-02,-5.473387735829769729e-02,-1.956119509198233075e-01,-3.935362936608868267e-01,3.329059132784654151e-01,5.896503024123710829e-03
5.839999999999999858e+00,5.000000000000000000e+00,5.194462550076090146e+00,5.194462550076090146e+00,5.194462550076090146e+00,-5.747004218665925646e-02,-5.747004218665925646e-02,-5.441226208756266142e-02,-1.944625500760901460e-01,-3.912239018396466150e-01,3.309497937692671976e-01,5.861845982816756007e-03
5.860000000000000320e+00,5.000000000000000000e+00,5.193319904239870333e+00,5.193319904239870333e+00,5.193319904239870333e+00,-5.713229181100358545e-02,-5.713229181100358545e-02,-5.409253843010253249e-02,-1.933199042398703327e-01,-3.889251001521802920e-01,3.290051682685062873e-01,5.827393453571471336e-03
5.879999999999999893e+00,5.000000000000000000e+00,5.192183973597108704e+00,5.192183973597108704e+00,5.192183973597108704e+00,-5.679653213808355527e-02,-5.679653213808355527e-02,-5.377469508180331842e-02,-1.921839735971087038e-01,-3.866398084797406653e-01,3.270719692261075950e-01,5.793144171829750153e-03
5.900000000000000355e+00,5.000000000000000000e+00,5.191054718576983973e+00,5.191054718576983973e+00,5.191054718576983973e+00,-5.646275100624096460e-02,-5.646275100624096460e-02,-5.345872081965764161e-02,-1.910547185769839729e-01,-3.843679471942174075e-01,3.251501294901364969e-01,5.759096884423268135e-03
5.919999999999999929e+00,5.000000000000000000e+00,5.189932099849871250e+00,5.189932099849871250e+00,5.189932099849871250e+00,-5.613093635564865569e-02,-5.613093635564865569e-02,-5.314460450031789629e-02,-1.899320998498712498e-01,-3.821094371539679457e-01,3.232395823043666683e-01,5.725250349283383770e-03
5.940000000000000391e+00,5.000000000000000000e+00,5.188816078325352521e+00,5.188816078325352521e+00,5.188816078325352521e+00,-5.580107622595449623e-02,-5.580107622595449623e-02,-5.283233505870708890e-02,-1.888160783253525210e-01,-3.798641996997424997e-01,3.213402613058679580e-01,5.691603335167452760e-03
5.959999999999999964e+00,5.000000000000000000e+00,5.187706615150271539e+00,5.187706615150271539e+00,5.187706615150271539e+00,-5.547315875402857727e-02,-5.547315875402857727e-02,-5.252190150669532043e-02,-1.877066151502715385e-01,-3.776321566507050420e-01,3.194521005226144128e-01,5.658154621395310516e-03
5.980000000000000426e+00,5.000000000000000000e+00,5.186603671706835783e+00,5.186603671706835783e+00,5.186603671706835783e+00,-5.514717217180904046e-02,-5.514717217180904046e-02,-5.221329293183320924e-02,-1.866036717068357831e-01,-3.754132303005430771e-01,3.175750343711116752e-01,5.624902997598190887e-03
6.000000000000000000e+00,5.000000000000000000e+00,5.185507209610751289e+00,5.185507209610751289e+00,5.185507209610751289e+00,-5.482310480424372467e-02,-5.482310480424372467e-02,-5.190649849615588951e-02,-1.855072096107512891e-01,-3.732073434136715662e-01,3.157089976540433107e-01,5.591847263472366804e-03
6.020000000000000462e+00,5.000000000000000000e+00,5.184417190709404544e+00,5.184417190709404544e+00,5.184417190709404544e+00,-5.450094506732029026e-02,-5.450094506732029026e-02,-5.160150743500939441e-02,-1.844171907094045437e-01,-3.710144192215025782e-01,3.138539255579357867e-01,5.558986228557397970e-03
6.040000000000000036e+00,5.000000000000000000e+00,5.183333577080080801e+00,5.183333577080080801e+00,5.183333577080080801e+00,-5.418068146618396780e-02,-5.418068146618396780e-02,-5.129830905595707258e-02,-1.833335770800808007e-01,-3.688343814188090874e-01,3.120097536508417146e-01,5.526318712010296758e-03
6.060000000000000497e+00,5.000000000000000000e+00,5.182256331028214369e+00,5.182256331028214369e+00,5.182256331028214369e+00,-5.386230259333835840e-02,-5.386230259333835840e-02,-5.099689273772786691e-02,-1.822563310282143689e-01,-3.666671541601616013e-01,3.101764178800409111e-01,5.493843542392822486e-03
6.080000000000000071e+00,5.000000000000000000e+00,5.181185415085676205e+00,5.181185415085676205e+00,5.181185415085676205e+00,-5.354579712692405374e-02,-5.354579712692405374e-02,-5.069724792919533263e-02,-1.811854150856762047e-01,-3.645126620564287379e-01,3.083538545697587785e-01,5.461559557474623267e-03
6.100000000000000533e+00,5.000000000000000000e+00,5.180120792009094366e+00,5.180120792009094366e+00,5.180120792009094366e+00,-5.323115382907274429e-02,-5.323115382907274429e-02,-5.039936414841092449e-02,-1.801207920090943659e-01,-3.623708301713524094e-01,3.065420004189020053e-01,5.429465604039483001e-03
6.120000000000000107e+00,5.000000000000000000e+00,5.179062424778207330e+00,5.179062424778207330e+00,5.179062424778207330e+00,-5.291836154433319367e-02,-5.291836154433319367e-02,-5.010323098167725198e-02,-1.790624247782073297e-01,-3.602415840181887319e-01,3.047407924988110861e-01,5.397560537700396392e-03
6.140000000000000568e+00,5.000000000000000000e+00,5.178010276594243955e+00,5.178010276594243955e+00,5.178010276594243955e+00,-5.260740919816635913e-02,-5.260740919816635913e-02,-4.980883808266483442e-02,-1.780102765942439547e-01,-3.581248495564146594e-01,3.029501682510289950e-01,5.365843222720831709e-03
6.160000000000000142e+00,5.000000000000000000e+00,5.176964310878333642e+00,5.176964310878333642e+00,5.176964310878333642e+00,-5.229828579550489104e-02,-5.229828579550489104e-02,-4.951617517155169901e-02,-1.769643108783336416e-01,-3.560205531884879093e-01,3.011700654850865688e-01,5.334312531849644962e-03
6.179999999999999716e+00,5.000000000000000000e+00,5.175924491269945804e+00,5.175924491269945804e+00,5.175924491269945804e+00,-5.199098041937479098e-02,-5.199098041937479098e-02,-4.922523203420385574e-02,-1.759244912699458041e-01,-3.539286217566672832e-01,2.994004223763032102e-01,5.302967346160220724e-03
6.200000000000000178e+00,5.000000000000000000e+00,5.174890781625354208e+00,5.174890781625354208e+00,5.174890781625354208e+00,-5.168548222957670968e-02,-5.168548222957670968e-02,-4.893599852139395023e-02,-1.748907816253542080e-01,-3.518489825398916082e-01,2.976411774636037455e-01,5.271806554893910743e-03
6.219999999999999751e+00,5.000000000000000000e+00,5.173863146016126180e+00,5.173863146016126180e+00,5.173863146016126180e+00,-5.138178046142354710e-02,-5.138178046142354710e-02,-4.864846454804507003e-02,-1.738631460161261799e-01,-3.497815632507084160e-01,2.958922696473502145e-01,5.240829055313131479e-03
6.240000000000000213e+00,5.000000000000000000e+00,5.172841548727635796e+00,5.172841548727635796e+00,5.172841548727635796e+00,-5.107986442453141263e-02,-5.107986442453141263e-02,-4.836262009250220234e-02,-1.728415487276357965e-01,-3.477262920322523598e-01,2.941536381871889261e-01,5.210033752561234015e-03
6.259999999999999787e+00,5.000000000000000000e+00,5.171825954257602831e+00,5.171825954257602831e+00,5.171825954257602831e+00,-5.077972350166132937e-02,-5.077972350166132937e-02,-4.807845519583059390e-02,-1.718259542576028309e-01,-3.456830974552715929e-01,2.924252226999125570e-01,5.179419559528438549e-03
6.280000000000000249e+00,5.000000000000000000e+00,5.170816327314650351e+00,5.170816327314650351e+00,5.170816327314650351e+00,-5.048134714761017688e-02,-5.048134714761017688e-02,-4.779595996114979067e-02,-1.708163273146503514e-01,-3.436519085152056618e-01,2.907069631573365176e-01,5.148985396719355304e-03
6.299999999999999822e+00,5.000000000000000000e+00,5.169812632816887188e+00,5.169812632816887188e+00,5.169812632816887188e+00,-5.018472488814700039e-02,-5.018472488814700039e-02,-4.751512455297840498e-02,-1.698126328168871879e-01,-3.416326546293007027e-01,2.889987998841900274e-01,5.118730192132267716e-03
6.320000000000000284e+00,5.000000000000000000e+00,5.168814835890507275e+00,5.168814835890507275e+00,5.168814835890507275e+00,-4.988984631899388844e-02,-4.988984631899388844e-02,-4.723593919661586704e-02,-1.688148358905072755e-01,-3.396252656337743758e-01,2.873006735560211800e-01,5.088652881137332301e-03
6.339999999999999858e+00,5.000000000000000000e+00,5.167822901868410312e+00,5.167822901868410312e+00,5.167822901868410312e+00,-4.959670110484774158e-02,-4.959670110484774158e-02,-4.695839417753244066e-02,-1.678229018684103124e-01,-3.376296717810145509e-01,2.856125251971161072e-01,5.058752406366001306e-03
6.360000000000000320e+00,5.000000000000000000e+00,5.166836796288841072e+00,5.166836796288841072e+00,5.166836796288841072e+00,-4.930527897844166202e-02,-4.930527897844166202e-02,-4.668247984078695983e-02,-1.668367962888410716e-01,-3.356458037368206249e-01,2.839342961784320218e-01,5.029027717601645790e-03
6.379999999999999893e+00,5.000000000000000000e+00,5.165856484894048251e+00,5.165856484894048251e+00,5.165856484894048251e+00,-4.901556973964384806e-02,-4.901556973964384806e-02,-4.640818659046349465e-02,-1.658564848940482506e-01,-3.336735925776821432e-01,2.822659282155436378e-01,4.999477771675013386e-03
6.400000000000000355e+00,5.000000000000000000e+00,5.164881933628956645e+00,5.164881933628956645e+00,5.164881933628956645e+00,-4.872756325459262627e-02,-4.872756325459262627e-02,-4.613550488913162329e-02,-1.648819336289566451e-01,-3.317129697880965011e-01,2.806073633666031353e-01,4.970101532361740834e-03
6.419999999999999929e+00,5.000000000000000000e+00,5.163913108639859750e+00,5.163913108639859750e+00,5.163913108639859750e+00,-4.844124945486427691e-02,-4.844124945486427691e-02,-4.586442525730910491e-02,-1.639131086398597503e-01,-3.297638672579132901e-01,2.789585440303135599e-01,4.940897970290627009e-03
6.440000000000000391e+00,5.000000000000000000e+00,5.162949976273126573e+00,5.162949976273126573e+00,5.162949976273126573e+00,-4.815661833667342351e-02,-4.815661833667342351e-02,-4.559493827295572899e-02,-1.629499762731265733e-01,-3.278262172797195007e-01,2.773194129439149891e-01,4.911866062848780842e-03
6.459999999999999964e+00,5.000000000000000000e+00,5.161992503073924432e+00,5.161992503073924432e+00,5.161992503073924432e+00,-4.787365996010362751e-02,-4.787365996010362751e-02,-4.532703457097549127e-02,-1.619925030739244320e-01,-3.258999525462531466e-01,2.756899131811837433e-01,4.883004794093911971e-03
6.480000000000000426e+00,5.000000000000000000e+00,5.161040655784956854e+00,5.161040655784956854e+00,5.161040655784956854e+00,-4.759236444836680707e-02,-4.759236444836680707e-02,-4.506070484273543703e-02,-1.610406557849568543e-01,-3.239850061478488641e-01,2.740699881504444768e-01,4.854313154668950248e-03
6.500000000000000000e+00,5.000000000000000000e+00,5.160094401345214798e+00,5.160094401345214798e+00,5.160094401345214798e+00,-4.731272198709004367e-02,-4.731272198709004367e-02,-4.479593983559915227e-02,-1.600944013452147985e-01,-3.220813115699137086e-01,2.724595815925949238e-01,4.825790141719631630e-03
6.520000000000000462e+00,5.000000000000000000e+00,5.159153706888742086e+00,5.159153706888742086e+00,5.159153706888742086e+00,-4.703472282362803486e-02,-4.703472282362803486e-02,-4.453273035246996941e-02,-1.591537068887420858e-01,-3.201888026904295970e-01,2.708586375791428025e-01,4.797434758816825941e-03
6.540000000000000036e+00,5.000000000000000000e+00,5.158218539743414155e+00,5.158218539743414155e+00,5.158218539743414155e+00,-4.675835726640002743e-02,-4.675835726640002743e-02,-4.427106725134794668e-02,-1.582185397434141549e-01,-3.183074137774841716e-01,2.692671005102553750e-01,4.769246015880847407e-03
6.560000000000000497e+00,5.000000000000000000e+00,5.157288867429729251e+00,5.157288867429729251e+00,5.157288867429729251e+00,-4.648361568424988488e-02,-4.648361568424988488e-02,-4.401094144489860194e-02,-1.572888674297292511e-01,-3.164370794868283099e-01,2.676849151128212201e-01,4.741222929108489595e-03
6.580000000000000071e+00,5.000000000000000000e+00,5.156364657659612938e+00,5.156364657659612938e+00,5.156364657659612938e+00,-4.621048850582802625e-02,-4.621048850582802625e-02,-4.375234390003126389e-02,-1.563646576596129378e-01,-3.145777348594585021e-01,2.661120264385239409e-01,4.713364520903298195e-03
6.600000000000000533e+00,5.000000000000000000e+00,5.155445878335233267e+00,5.155445878335233267e+00,5.155445878335233267e+00,-4.593896621899435512e-02,-4.593896621899435512e-02,-4.349526563749128716e-02,-1.554458783352332674e-01,-3.127293153192258757e-01,2.645483798619278071e-01,4.685669819806778831e-03
6.620000000000000107e+00,5.000000000000000000e+00,5.154532497547828385e+00,5.154532497547828385e+00,5.154532497547828385e+00,-4.566903937024059668e-02,-4.566903937024059668e-02,-4.323969773145678458e-02,-1.545324975478283847e-01,-3.108917566704665347e-01,2.629939210785754988e-01,4.658137860434251321e-03
6.640000000000000568e+00,5.000000000000000000e+00,5.153624483576545678e+00,5.153624483576545678e+00,5.153624483576545678e+00,-4.540069856413136290e-02,-4.540069856413136290e-02,-4.298563130914823810e-02,-1.536244835765456784e-01,-3.090649950956567693e-01,2.614485961030972305e-01,4.630767683411299816e-03
6.660000000000000142e+00,5.000000000000000000e+00,5.152721804887290702e+00,5.152721804887290702e+00,5.152721804887290702e+00,-4.513393446276298820e-02,-4.513393446276298820e-02,-4.273305755044763676e-02,-1.527218048872907019e-01,-3.072489671530913569e-01,2.599123512673317538e-01,4.603558335311968945e-03
6.679999999999999716e+00,5.000000000000000000e+00,5.151824430131585864e+00,5.151824430131585864e+00,5.151824430131585864e+00,-4.486873778523885886e-02,-4.486873778523885886e-02,-4.248196768752170865e-02,-1.518244301315858635e-01,-3.054436097745814038e-01,2.583851332184588512e-01,4.576508868600843126e-03
6.700000000000000178e+00,5.000000000000000000e+00,5.150932328145442440e+00,5.150932328145442440e+00,5.150932328145442440e+00,-4.460509930716006349e-02,-4.460509930716006349e-02,-4.223235300445089130e-02,-1.509323281454424404e-01,-3.036488602631717271e-01,2.568668889171429881e-01,4.549618341577847669e-03
6.719999999999999751e+00,5.000000000000000000e+00,5.150045467948239697e+00,5.150045467948239697e+00,5.150045467948239697e+00,-4.434300986013172546e-02,-4.434300986013172546e-02,-4.198420483687669014e-02,-1.500454679482396969e-01,-3.018646562908848807e-01,2.553575656356885659e-01,4.522885818319628132e-03
6.740000000000000213e+00,5.000000000000000000e+00,5.149163818741613774e+00,5.149163818741613774e+00,5.149163818741613774e+00,-4.408246033128308816e-02,-4.408246033128308816e-02,-4.173751457164537326e-02,-1.491638187416137740e-01,-3.000909358964793938e-01,2.538571109562061667e-01,4.496310368627854694e-03
6.759999999999999787e+00,5.000000000000000000e+00,5.148287349908358124e+00,5.148287349908358124e+00,5.148287349908358124e+00,-4.382344166280069397e-02,-4.382344166280069397e-02,-4.149227364645915322e-02,-1.482873499083581237e-01,-2.983276374832275479e-01,2.523654727687900112e-01,4.469891067978382614e-03
6.780000000000000249e+00,5.000000000000000000e+00,5.147416031011328386e+00,5.147416031011328386e+00,5.147416031011328386e+00,-4.356594485147477491e-02,-4.356594485147477491e-02,-4.124847354954149642e-02,-1.474160310113283856e-01,-2.965746998167162474e-01,2.508825992697064078e-01,4.443626997468343165e-03
6.799999999999999822e+00,5.000000000000000000e+00,5.146549831792363250e+00,5.146549831792363250e+00,5.146549831792363250e+00,-4.330996094825641241e-02,-4.330996094825641241e-02,-4.100610581929118453e-02,-1.465498317923632499e-01,-2.948320620226567712e-01,2.494084389595931373e-01,4.417517243772447685e-03
6.820000000000000284e+00,5.000000000000000000e+00,5.145688722171207097e+00,5.145688722171207097e+00,5.145688722171207097e+00,-4.305548105782763119e-02,-4.305548105782763119e-02,-4.076516204396858634e-02,-1.456887221712070968e-01,-2.930996635847264997e-01,2.479429406416694959e-01,4.391560899088416646e-03
6.839999999999999858e+00,5.000000000000000000e+00,5.144832672244443295e+00,5.144832672244443295e+00,5.144832672244443295e+00,-4.280249633818093702e-02,-4.280249633818093702e-02,-4.052563386136066176e-02,-1.448326722444432946e-01,-2.913774443424141936e-01,2.464860534199574127e-01,4.365757061096120842e-03
6.860000000000000320e+00,5.000000000000000000e+00,5.143981652284439043e+00,5.143981652284439043e+00,5.143981652284439043e+00,-4.255099800020890888e-02,-4.255099800020890888e-02,-4.028751295846062785e-02,-1.439816522844390434e-01,-2.896653444888865891e-01,2.450377266975129753e-01,4.340104832912987723e-03
6.879999999999999893e+00,5.000000000000000000e+00,5.143135632738292884e+00,5.143135632738292884e+00,5.143135632738292884e+00,-4.230097730730442152e-02,-4.230097730730442152e-02,-4.005079107116403525e-02,-1.431356327382928839e-01,-2.879633045688780868e-01,2.435979101746685860e-01,4.314603323045468168e-03
6.900000000000000355e+00,5.000000000000000000e+00,5.142294584226793752e+00,5.142294584226793752e+00,5.142294584226793752e+00,-4.205242557496888245e-02,-4.205242557496888245e-02,-3.981545998394903779e-02,-1.422945842267937522e-01,-2.862712654765857678e-01,2.421665538472856649e-01,4.289251645351066858e-03
6.919999999999999929e+00,5.000000000000000000e+00,5.141458477543385364e+00,5.141458477543385364e+00,5.141458477543385364e+00,-4.180533417042952421e-02,-4.180533417042952421e-02,-3.958151152957532781e-02,-1.414584775433853636e-01,-2.845891684535875044e-01,2.407436080050177341e-01,4.264048918994444229e-03
6.940000000000000391e+00,5.000000000000000000e+00,5.140627283653140367e+00,5.140627283653140367e+00,5.140627283653140367e+00,-4.155969451226438488e-02,-4.155969451226438488e-02,-3.934893758877815173e-02,-1.406272836531403669e-01,-2.829169550867707272e-01,2.393290232295838815e-01,4.238994268408693977e-03
6.959999999999999964e+00,5.000000000000000000e+00,5.139800973691739827e+00,5.139800973691739827e+00,5.139800973691739827e+00,-4.131549807003541408e-02,-4.131549807003541408e-02,-3.911773008997468382e-02,-1.398009736917398271e-01,-2.812545673062807339e-01,2.379227503930524679e-01,4.214086823253580458e-03
6.980000000000000426e+00,5.000000000000000000e+00,5.138979518964461590e+00,5.138979518964461590e+00,5.138979518964461590e+00,-4.107273636392849703e-02,-4.107273636392849703e-02,-3.888788100896626437e-02,-1.389795189644615903e-01,-2.796019473834796543e-01,2.365247406561350740e-01,4.189325718378315855e-03
7.000000000000000000e+00,5.000000000000000000e+00,5.138162890945173977e+00,5.138162890945173977e+00,5.138162890945173977e+00,-4.083140096440070199e-02,-4.083140096440070199e-02,-3.865938236865053279e-02,-1.381628909451739773e-01,-2.779590379289231805e-01,2.351349454664904692e-01,4.164710093782176756e-03
7.020000000000000462e+00,5.000000000000000000e+00,5.137351061275337472e+00,5.137351061275337472e+00,5.137351061275337472e+00,-4.059148349183366172e-02,-4.059148349183366172e-02,-3.843222623873027155e-02,-1.373510612753374716e-01,-2.763257818903479546e-01,2.337533165570387372e-01,4.140239094578943187e-03
7.040000000000000036e+00,5.000000000000000000e+00,5.136544001763013512e+00,5.136544001763013512e+00,5.136544001763013512e+00,-4.035297561619324846e-02,-4.035297561619324846e-02,-3.820640473542955690e-02,-1.365440017630135117e-01,-2.747021225506749431e-01,2.323798059442853670e-01,4.115911870960019259e-03
7.060000000000000497e+00,5.000000000000000000e+00,5.135741684381879502e+00,5.135741684381879502e+00,5.135741684381879502e+00,-4.011586905669530662e-02,-4.011586905669530662e-02,-3.798191002121384385e-02,-1.357416843818795016e-01,-2.730880035260270233e-01,2.310143659266552241e-01,4.091727578157953668e-03
7.080000000000000071e+00,5.000000000000000000e+00,5.134944081270250038e+00,5.134944081270250038e+00,5.134944081270250038e+00,-3.988015558147687406e-02,-3.988015558147687406e-02,-3.775873430451098800e-02,-1.349440812702500381e-01,-2.714833687637590032e-01,2.296569490828364313e-01,4.067685376411583030e-03
7.100000000000000533e+00,5.000000000000000000e+00,5.134151164730104355e+00,5.134151164730104355e+00,5.134151164730104355e+00,-3.964582700727257297e-02,-3.964582700727257297e-02,-3.753686983943383543e-02,-1.341511647301043553e-01,-2.698881625405000761e-01,2.283075082701339353e-01,4.043784430932303650e-03
7.120000000000000107e+00,5.000000000000000000e+00,5.133362907226122651e+00,5.133362907226122651e+00,5.133362907226122651e+00,-3.941287519909578152e-02,-3.941287519909578152e-02,-3.731630892550467232e-02,-1.333629072261226511e-01,-2.683023294602087105e-01,2.269659966228328996e-01,4.020023911871136932e-03
7.140000000000000568e+00,5.000000000000000000e+00,5.132579281384724190e+00,5.132579281384724190e+00,5.132579281384724190e+00,-3.918129206992532892e-02,-3.918129206992532892e-02,-3.709704390739127638e-02,-1.325792813847241902e-01,-2.667258144522453023e-01,2.256323675505716719e-01,3.996402994282352225e-03
7.160000000000000142e+00,5.000000000000000000e+00,5.131800259993116065e+00,5.131800259993116065e+00,5.131800259993116065e+00,-3.895106958039565304e-02,-3.895106958039565304e-02,-3.687906717462860473e-02,-1.318002599931160645e-01,-2.651585627694483804e-01,2.243065747367244400e-01,3.972920858095338285e-03
7.179999999999999716e+00,5.000000000000000000e+00,5.131025815998346395e+00,5.131025815998346395e+00,5.131025815998346395e+00,-3.872219973849207880e-02,-3.872219973849207880e-02,-3.666237116135993845e-02,-1.310258159983463955e-01,-2.636005199862321291e-01,2.229885721367932672e-01,3.949576688078925216e-03
7.200000000000000178e+00,5.000000000000000000e+00,5.130255922506361088e+00,5.130255922506361088e+00,5.130255922506361088e+00,-3.849467459925019069e-02,-3.849467459925019069e-02,-3.644694834607322548e-02,-1.302559225063610882e-01,-2.620516319966927909e-01,2.216783139768098154e-01,3.926369673809750917e-03
7.219999999999999751e+00,5.000000000000000000e+00,5.129490552781072132e+00,5.129490552781072132e+00,5.129490552781072132e+00,-3.826848626445829293e-02,-3.826848626445829293e-02,-3.623279125133119227e-02,-1.294905527810721324e-01,-2.605118450127221763e-01,2.203757547517462001e-01,3.903299009644786537e-03
7.240000000000000213e+00,5.000000000000000000e+00,5.128729680243425015e+00,5.128729680243425015e+00,5.128729680243425015e+00,-3.804362688236486573e-02,-3.804362688236486573e-02,-3.601989244352400699e-02,-1.287296802434250154e-01,-2.589811055621442648e-01,2.190808492239354754e-01,3.880363894684784112e-03
7.259999999999999787e+00,5.000000000000000000e+00,5.127973278470477680e+00,5.127973278470477680e+00,5.127973278470477680e+00,-3.782008864738825582e-02,-3.782008864738825582e-02,-3.580824453259878054e-02,-1.279732784704776805e-01,-2.574593604868500307e-01,2.177935524215012242e-01,3.857563532750024268e-03
7.280000000000000249e+00,5.000000000000000000e+00,5.127221321194481263e+00,5.127221321194481263e+00,5.127221321194481263e+00,-3.759786379983071775e-02,-3.759786379983071775e-02,-3.559784017181289589e-02,-1.272213211944812628e-01,-2.559465569409553609e-01,2.165138196367964452e-01,3.834897132346019432e-03
7.299999999999999822e+00,5.000000000000000000e+00,5.126473782301969706e+00,5.126473782301969706e+00,5.126473782301969706e+00,-3.737694462559505021e-02,-3.737694462559505021e-02,-3.538867205747405625e-02,-1.264737823019697061e-01,-2.544426423889625255e-01,2.152416064248516281e-01,3.812363906636840293e-03
7.320000000000000284e+00,5.000000000000000000e+00,5.125730635832852045e+00,5.125730635832852045e+00,5.125730635832852045e+00,-3.715732345590497948e-02,-3.715732345590497948e-02,-3.518073292869435681e-02,-1.257306358328520446e-01,-2.529475646039394121e-01,2.139768686018319321e-01,3.789963073413123162e-03
7.339999999999999858e+00,5.000000000000000000e+00,5.124991855979511790e+00,5.124991855979511790e+00,5.124991855979511790e+00,-3.693899266702797834e-02,-3.693899266702797834e-02,-3.497401556713499587e-02,-1.249918559795117901e-01,-2.514612716657040892e-01,2.127195622435034128e-01,3.767693855065678329e-03
7.360000000000000320e+00,5.000000000000000000e+00,5.124257417085911648e+00,5.124257417085911648e+00,5.124257417085911648e+00,-3.672194468000107570e-02,-3.672194468000107570e-02,-3.476851279675892414e-02,-1.242574170859116478e-01,-2.499837119590235801e-01,2.114696436837082971e-01,3.745555478556356673e-03
7.379999999999999893e+00,5.000000000000000000e+00,5.123527293646704450e+00,5.123527293646704450e+00,5.123527293646704450e+00,-3.650617196035941397e-02,-3.650617196035941397e-02,-3.456421748358446538e-02,-1.235272936467044502e-01,-2.485148341718232956e-01,2.102270695128491684e-01,3.723547175389663091e-03
7.400000000000000355e+00,5.000000000000000000e+00,5.122801460306346755e+00,5.122801460306346755e+00,5.122801460306346755e+00,-3.629166701786779720e-02,-3.629166701786779720e-02,-3.436112253544322537e-02,-1.228014603063467547e-01,-2.470545872934089005e-01,2.089917965763821162e-01,3.701668181583560660e-03
7.419999999999999929e+00,5.000000000000000000e+00,5.122079891858221323e+00,5.122079891858221323e+00,5.122079891858221323e+00,-3.607842240625400154e-02,-3.607842240625400154e-02,-3.415922090172981984e-02,-1.220798918582213233e-01,-2.456029206126935094e-01,2.077637819733186564e-01,3.679917737645035762e-03
7.440000000000000391e+00,5.000000000000000000e+00,5.121362563243762267e+00,5.121362563243762267e+00,5.121362563243762267e+00,-3.586643072294525003e-02,-3.586643072294525003e-02,-3.395850557316652113e-02,-1.213625632437622670e-01,-2.441597837164426466e-01,2.065429830547364509e-01,3.658295088539672332e-03
7.459999999999999964e+00,5.000000000000000000e+00,5.120649449551586407e+00,5.120649449551586407e+00,5.120649449551586407e+00,-3.565568460880665785e-02,-3.565568460880665785e-02,-3.375896958155935601e-02,-1.206494495515864074e-01,-2.427251264875245340e-01,2.053293574222988249e-01,3.636799483666354818e-03
7.480000000000000426e+00,5.000000000000000000e+00,5.119940526016629079e+00,5.119940526016629079e+00,5.119940526016629079e+00,-3.544617674788195366e-02,-3.544617674788195366e-02,-3.356060599955960205e-02,-1.199405260166290788e-01,-2.412988991031728148e-01,2.041228629267829719e-01,3.615430176830237725e-03
7.500000000000000000e+00,5.000000000000000000e+00,5.119235768019286148e+00,5.119235768019286148e+00,5.119235768019286148e+00,-3.523789986713619232e-02,-3.523789986713619232e-02,-3.336340794042431945e-02,-1.192357680192861480e-01,-2.398810520332581575e-01,2.029234576666166801e-01,3.594186426217159305e-03
7.520000000000000462e+00,5.000000000000000000e+00,5.118535151084562251e+00,5.118535151084562251e+00,5.118535151084562251e+00,-3.503084673620077832e-02,-3.503084673620077832e-02,-3.316736855778205928e-02,-1.185351510845622514e-01,-2.384715360385722960e-01,2.017310999864238286e-01,3.573067494366407703e-03
7.540000000000000036e+00,5.000000000000000000e+00,5.117838650881219920e+00,5.117838650881219920e+00,5.117838650881219920e+00,-3.482501016712109820e-02,-3.482501016712109820e-02,-3.297248104540396324e-02,-1.178386508812199196e-01,-2.370703021691245027e-01,2.005457484755782116e-01,3.552072648142330473e-03
7.560000000000000497e+00,5.000000000000000000e+00,5.117146243220937585e+00,5.117146243220937585e+00,5.117146243220937585e+00,-3.462038301410505503e-02,-3.462038301410505503e-02,-3.277873863696068729e-02,-1.171462432209375848e-01,-2.356773017624398392e-01,1.993673619667660213e-01,3.531201158713128882e-03
7.580000000000000071e+00,5.000000000000000000e+00,5.116457904057472028e+00,5.116457904057472028e+00,5.116457904057472028e+00,-3.441695817327412865e-02,-3.441695817327412865e-02,-3.258613460579581900e-02,-1.164579040574720281e-01,-2.342924864418751696e-01,1.981958995345566577e-01,3.510452301522692508e-03
7.600000000000000533e+00,5.000000000000000000e+00,5.115773609485823492e+00,5.115773609485823492e+00,5.115773609485823492e+00,-3.421472858241650372e-02,-3.421472858241650372e-02,-3.239466226469788629e-02,-1.157736094858234921e-01,-2.329158081149440562e-01,1.970313204939819485e-01,3.489825356264219733e-03
7.620000000000000107e+00,5.000000000000000000e+00,5.115093335741408787e+00,5.115093335741408787e+00,5.115093335741408787e+00,-3.401368722074140510e-02,-3.401368722074140510e-02,-3.220431496566550367e-02,-1.150933357414087865e-01,-2.315472189716469842e-01,1.958735843991237235e-01,3.469319606857757844e-03
7.640000000000000568e+00,5.000000000000000000e+00,5.114417059199236171e+00,5.114417059199236171e+00,5.114417059199236171e+00,-3.381382710863581331e-02,-3.381382710863581331e-02,-3.201508609968545249e-02,-1.144170591992361707e-01,-2.301866714828175731e-01,1.947226510417096323e-01,3.448934341422488659e-03
7.660000000000000142e+00,5.000000000000000000e+00,5.113744756373087341e+00,5.113744756373087341e+00,5.113744756373087341e+00,-3.361514130742227630e-02,-3.361514130742227630e-02,-3.182696909650041539e-02,-1.137447563730873412e-01,-2.288341183984723415e-01,1.935784804497172606e-01,3.428668852254665878e-03
7.679999999999999716e+00,5.000000000000000000e+00,5.113076403914704748e+00,5.113076403914704748e+00,5.113076403914704748e+00,-3.341762291911872657e-02,-3.341762291911872657e-02,-3.163995742438679287e-02,-1.130764039147047484e-01,-2.274895127461746824e-01,1.924410328859863795e-01,3.408522435801510531e-03
7.700000000000000178e+00,5.000000000000000000e+00,5.112411978612980690e+00,5.112411978612980690e+00,5.112411978612980690e+00,-3.322126508620037999e-02,-3.322126508620037999e-02,-3.145404458993522612e-02,-1.124119786129806897e-01,-2.261528078294094968e-01,1.913102688468393264e-01,3.388494392634946832e-03
7.719999999999999751e+00,5.000000000000000000e+00,5.111751457393153508e+00,5.111751457393153508e+00,5.111751457393153508e+00,-3.302606099136247420e-02,-3.302606099136247420e-02,-3.126922413782130816e-02,-1.117514573931535082e-01,-2.248239572259613794e-01,1.901861490607095195e-01,3.368584027430550874e-03
7.740000000000000213e+00,5.000000000000000000e+00,5.111094817316008232e+00,5.111094817316008232e+00,5.111094817316008232e+00,-3.283200385728491516e-02,-3.283200385728491516e-02,-3.108548965058686650e-02,-1.110948173160082320e-01,-2.235029147863070165e-01,1.890686344867779922e-01,3.348790648942157749e-03
7.759999999999999787e+00,5.000000000000000000e+00,5.110442035577079878e+00,5.110442035577079878e+00,5.110442035577079878e+00,-3.263908694639853364e-02,-3.263908694639853364e-02,-3.090283474842111730e-02,-1.104420355770798778e-01,-2.221896346320164639e-01,1.879576863136179221e-01,3.329113569977424931e-03
7.780000000000000249e+00,5.000000000000000000e+00,5.109793089505866526e+00,5.109793089505866526e+00,5.109793089505866526e+00,-3.244730356065227139e-02,-3.244730356065227139e-02,-3.072125308893590076e-02,-1.097930895058665257e-01,-2.208840711541597557e-01,1.868532659578471256e-01,3.309552107376728496e-03
7.799999999999999822e+00,5.000000000000000000e+00,5.109147956565040616e+00,5.109147956565040616e+00,5.109147956565040616e+00,-3.225664704128312910e-02,-3.225664704128312910e-02,-3.054073836696085190e-02,-1.091479565650406158e-01,-2.195861790117330514e-01,1.857553350627884625e-01,3.290105581983738311e-03
7.820000000000000284e+00,5.000000000000000000e+00,5.108506614349669128e+00,5.108506614349669128e+00,5.108506614349669128e+00,-3.206711076858638487e-02,-3.206711076858638487e-02,-3.036128431431567992e-02,-1.085066143496691282e-01,-2.182959131300812317e-01,1.846638554971380686e-01,3.270773318627481427e-03
7.839999999999999858e+00,5.000000000000000000e+00,5.107869040586435538e+00,5.107869040586435538e+00,5.107869040586435538e+00,-3.187868816168778346e-02,-3.187868816168778346e-02,-3.018288469960040202e-02,-1.078690405864355384e-01,-2.170132286993382564e-01,1.835787893536413862e-01,3.251554646096468243e-03
7.860000000000000320e+00,5.000000000000000000e+00,5.107235213132868878e+00,5.107235213132868878e+00,5.107235213132868878e+00,-3.169137267831662053e-02,-3.169137267831662053e-02,-3.000553332797614020e-02,-1.072352131328688785e-01,-2.157380811728710768e-01,1.825000989477770230e-01,3.232448897117912688e-03
7.879999999999999893e+00,5.000000000000000000e+00,5.106605109976577239e+00,5.106605109976577239e+00,5.106605109976577239e+00,-3.150515781458065184e-02,-3.150515781458065184e-02,-2.982922404095690247e-02,-1.066051099765772392e-01,-2.144704262657377569e-01,1.814277468164483265e-01,3.213455408332528858e-03
7.900000000000000355e+00,5.000000000000000000e+00,5.105978709234482160e+00,5.105978709234482160e+00,5.105978709234482160e+00,-3.132003710474275809e-02,-3.132003710474275809e-02,-2.965395071620168660e-02,-1.059787092344821602e-01,-2.132102199531544784e-01,1.803616957166825630e-01,3.194573520270229273e-03
7.919999999999999929e+00,5.000000000000000000e+00,5.105355989152061902e+00,5.105355989152061902e+00,5.105355989152061902e+00,-3.113600412099796350e-02,-3.113600412099796350e-02,-2.947970726729481211e-02,-1.053559891520619018e-01,-2.119574184689643204e-01,1.793019086243377302e-01,3.175802577331778877e-03
7.940000000000000391e+00,5.000000000000000000e+00,5.104736928102596494e+00,5.104736928102596494e+00,5.104736928102596494e+00,-3.095305247325257428e-02,-3.095305247325257428e-02,-2.930648764354405744e-02,-1.047369281025964938e-01,-2.107119783041238037e-01,1.782483487328171134e-01,3.157141927762632805e-03
7.959999999999999964e+00,5.000000000000000000e+00,5.104121504586418112e+00,5.104121504586418112e+00,5.104121504586418112e+00,-3.077117580890430595e-02,-3.077117580890430595e-02,-2.913428582976989104e-02,-1.041215045864181121e-01,-2.094738562051929875e-01,1.772009794517911407e-01,3.138590923631954903e-03
7.980000000000000426e+00,5.000000000000000000e+00,5.103509697230165898e+00,5.103509697230165898e+00,5.103509697230165898e+00,-3.059036781262380877e-02,-3.059036781262380877e-02,-2.896309584609932722e-02,-1.035096972301658980e-01,-2.082430091728362243e-01,1.761597644059269552e-01,3.120148920809940989e-03
8.000000000000000000e+00,5.000000000000000000e+00,5.102901484786043440e+00,5.102901484786043440e+00,5.102901484786043440e+00,-3.041062220613754974e-02,-3.041062220613754974e-02,-2.879291174776122883e-02,-1.029014847860434401e-01,-2.070193944603317959e-01,1.751246674336252862e-01,3.101815278945280023e-03
8.019999999999999574e+00,5.000000000000000000e+00,5.102296846131083363e+00,5.102296846131083363e+00,5.102296846131083363e+00,-3.023193274801146135e-02,-3.023193274801146135e-02,-2.862372762487665548e-02,-1.022968461310833632e-01,-2.058029695720868801e-01,1.740956525857648429e-01,3.083589361445383033e-03
8.040000000000000924e+00,5.000000000000000000e+00,5.101695760266414581e+00,5.101695760266414581e+00,5.101695760266414581e+00,-3.005429323343639797e-02,-3.005429323343639797e-02,-2.845553760226083445e-02,-1.016957602664145810e-01,-2.045936922621667264e-01,1.730726841244540071e-01,3.065470535451883180e-03
8.060000000000000497e+00,5.000000000000000000e+00,5.101098206316533989e+00,5.101098206316533989e+00,5.101098206316533989e+00,-2.987769749401474051e-02,-2.987769749401474051e-02,-2.828833583921981643e-02,-1.010982063165339895e-01,-2.033915205328291620e-01,1.720557265217898535e-01,3.047458171819491645e-03
8.080000000000000071e+00,5.000000000000000000e+00,5.100504163528582602e+00,5.100504163528582602e+00,5.100504163528582602e+00,-2.970213939754815999e-02,-2.970213939754815999e-02,-2.812211652934892142e-02,-1.005041635285826018e-01,-2.021964126330679790e-01,1.710447444586245258e-01,3.029551645094531297e-03
8.099999999999999645e+00,5.000000000000000000e+00,5.099913611271626124e+00,5.099913611271626124e+00,5.099913611271626124e+00,-2.952761284782667167e-02,-2.952761284782667167e-02,-2.795687390033325948e-02,-9.991361127162612377e-02,-2.010083270571652037e-01,1.700397028233386898e-01,3.011750333493253516e-03
8.120000000000000995e+00,5.000000000000000000e+00,5.099326529035937305e+00,5.099326529035937305e+00,5.099326529035937305e+00,-2.935411178441898680e-02,-2.935411178441898680e-02,-2.779260221374982645e-02,-9.932652903593730542e-02,-1.998272225432522475e-01,1.690405667106224252e-01,2.994053618879994553e-03
8.140000000000000568e+00,5.000000000000000000e+00,5.098742896432288063e+00,5.098742896432288063e+00,5.098742896432288063e+00,-2.918163018246332230e-02,-2.918163018246332230e-02,-2.762929576486233135e-02,-9.874289643228806312e-02,-1.986530580718746108e-01,1.680473014202630566e-01,2.976460886749223746e-03
8.160000000000000142e+00,5.000000000000000000e+00,5.098162693191238937e+00,5.098162693191238937e+00,5.098162693191238937e+00,-2.901016205246075355e-02,-2.901016205246075355e-02,-2.746694888243763483e-02,-9.816269319123893666e-02,-1.974857928645761262e-01,1.670598724559401727e-01,2.958971526198320070e-03
8.179999999999999716e+00,5.000000000000000000e+00,5.097585899162437428e+00,5.097585899162437428e+00,5.097585899162437428e+00,-2.883970144006843539e-02,-2.883970144006843539e-02,-2.730555592853758234e-02,-9.758589916243742834e-02,-1.963253863824778733e-01,1.660782455240277788e-01,2.941584929912513871e-03
8.199999999999999289e+00,5.000000000000000000e+00,5.097012494313919895e+00,5.097012494313919895e+00,5.097012494313919895e+00,-2.867024242589463409e-02,-2.867024242589463409e-02,-2.714511129833041894e-02,-9.701249431391989475e-02,-1.951717983248748567e-01,1.651023865324034168e-01,2.924300494141022274e-03
8.220000000000000639e+00,5.000000000000000000e+00,5.096442458731414327e+00,5.096442458731414327e+00,5.096442458731414327e+00,-2.850177912529522697e-02,-2.850177912529522697e-02,-2.698560941990055251e-02,-9.644245873141432668e-02,-1.940249886278397895e-01,1.641322615892642223e-01,2.907117618675016026e-03
8.240000000000000213e+00,5.000000000000000000e+00,5.095875772617651123e+00,5.095875772617651123e+00,5.095875772617651123e+00,-2.833430568817047607e-02,-2.833430568817047607e-02,-2.682704475404770056e-02,-9.587577261765112269e-02,-1.928849174628286534e-01,1.631678370019500890e-01,2.890035706830863371e-03
8.259999999999999787e+00,5.000000000000000000e+00,5.095312416291675639e+00,5.095312416291675639e+00,5.095312416291675639e+00,-2.816781629876365448e-02,-2.816781629876365448e-02,-2.666941179410226015e-02,-9.531241629167563900e-02,-1.917515452353022454e-01,1.622090792757735767e-01,2.873054165426410303e-03
8.279999999999999361e+00,5.000000000000000000e+00,5.094752370188166068e+00,5.094752370188166068e+00,5.094752370188166068e+00,-2.800230517546056438e-02,-2.800230517546056438e-02,-2.651270506573275010e-02,-9.475237018816606849e-02,-1.906248325833512780e-01,1.612559551128568136e-01,2.856172404761712566e-03
8.300000000000000711e+00,5.000000000000000000e+00,5.094195614856753984e+00,5.094195614856753984e+00,5.094195614856753984e+00,-2.783776657059045326e-02,-2.783776657059045326e-02,-2.635691912675943924e-02,-9.419561485675398416e-02,-1.895047403763321370e-01,1.603084314109751440e-01,2.839389838597554568e-03
8.320000000000000284e+00,5.000000000000000000e+00,5.093642130961349324e+00,5.093642130961349324e+00,5.093642130961349324e+00,-2.767419477022780433e-02,-2.767419477022780433e-02,-2.620204856696395010e-02,-9.364213096134932357e-02,-1.883912297135079683e-01,1.593664752624076031e-01,2.822705884136414694e-03
8.339999999999999858e+00,5.000000000000000000e+00,5.093091899279469814e+00,5.093091899279469814e+00,5.093091899279469814e+00,-2.751158409399523039e-02,-2.751158409399523039e-02,-2.604808800790205797e-02,-9.309189927946981413e-02,-1.872842619226986471e-01,1.584300539527941087e-01,2.806119962002481295e-03
8.359999999999999432e+00,5.000000000000000000e+00,5.092544900701572175e+00,5.092544900701572175e+00,5.092544900701572175e+00,-2.734992889486763043e-02,-2.734992889486763043e-02,-2.589503210271922734e-02,-9.254490070157217474e-02,-1.861837985589396283e-01,1.574991349599993984e-01,2.789631496221001237e-03
8.380000000000000782e+00,5.000000000000000000e+00,5.092001116230392199e+00,5.092001116230392199e+00,5.092001116230392199e+00,-2.718922355897681817e-02,-2.718922355897681817e-02,-2.574287553595950781e-02,-9.200111623039219921e-02,-1.850898014031443495e-01,1.565736859529836822e-01,2.773239914201159912e-03
8.400000000000000355e+00,5.000000000000000000e+00,5.091460526980283952e+00,5.091460526980283952e+00,5.091460526980283952e+00,-2.702946250541852363e-02,-2.702946250541852363e-02,-2.559161302339385893e-02,-9.146052698028395156e-02,-1.840022324607843984e-01,1.556536747906797635e-01,2.756944646710775097e-03
8.419999999999999929e+00,5.000000000000000000e+00,5.090923114176562514e+00,5.090923114176562514e+00,5.090923114176562514e+00,-2.687064018605977642e-02,-2.687064018605977642e-02,-2.544123931183105841e-02,-9.092311417656251393e-02,-1.829210539605679031e-01,1.547390695208769318e-01,2.740745127859914223e-03
8.439999999999999503e+00,5.000000000000000000e+00,5.090388859154855616e+00,5.090388859154855616e+00,5.090388859154855616e+00,-2.671275108534676423e-02,-2.671275108534676423e-02,-2.529174917892963725e-02,-9.038885915485561640e-02,-1.818462283531250279e-01,1.538298383791112944e-01,2.724640795084096179e-03
8.460000000000000853e+00,5.000000000000000000e+00,5.089857743360453490e+00,5.089857743360453490e+00,5.089857743360453490e+00,-2.655578972011501601e-02,-2.655578972011501601e-02,-2.514313743302927506e-02,-8.985774336045349031e-02,-1.807777183097112328e-01,1.529259497875627427e-01,2.708631089119213717e-03
8.480000000000000426e+00,5.000000000000000000e+00,5.089329748347665827e+00,5.089329748347665827e+00,5.089329748347665827e+00,-2.639975063939972721e-02,-2.639975063939972721e-02,-2.499539891296212457e-02,-8.932974834766582717e-02,-1.797154867209069806e-01,1.520273723539582178e-01,2.692715453986638686e-03
8.500000000000000000e+00,5.000000000000000000e+00,5.088804855779180514e+00,5.088804855779180514e+00,5.088804855779180514e+00,-2.624462842424754930e-02,-2.624462842424754930e-02,-2.484852848787795845e-02,-8.880485577918051376e-02,-1.786594966953316543e-01,1.511340748704815551e-01,2.676893336972141664e-03
8.519999999999999574e+00,5.000000000000000000e+00,5.088283047425430361e+00,5.088283047425430361e+00,5.088283047425430361e+00,-2.609041768752907650e-02,-2.609041768752907650e-02,-2.470252105706281787e-02,-8.828304742543036099e-02,-1.776097115583610275e-01,1.502460263126897400e-01,2.661164188608469271e-03
8.540000000000000924e+00,5.000000000000000000e+00,5.087764305163955392e+00,5.087764305163955392e+00,5.087764305163955392e+00,-2.593711307375358086e-02,-2.593711307375358086e-02,-2.455737154977412698e-02,-8.776430516395539172e-02,-1.765660948508607220e-01,1.493631958384354363e-01,2.645527462651157784e-03
8.560000000000000497e+00,5.000000000000000000e+00,5.087248610978777563e+00,5.087248610978777563e+00,5.087248610978777563e+00,-2.578470925888288676e-02,-2.578470925888288676e-02,-2.441307492504664681e-02,-8.724861097877756322e-02,-1.755286103279107834e-01,1.484855527867958713e-01,2.629982616068264438e-03
8.580000000000000071e+00,5.000000000000000000e+00,5.086735946959774601e+00,5.086735946959774601e+00,5.086735946959774601e+00,-2.563320095014784764e-02,-2.563320095014784764e-02,-2.426962617153249555e-02,-8.673594695977460134e-02,-1.744972219575551264e-01,1.476130666770081035e-01,2.614529109014527859e-03
8.599999999999999645e+00,5.000000000000000000e+00,5.086226295302057387e+00,5.086226295302057387e+00,5.086226295302057387e+00,-2.548258288586548528e-02,-2.548258288586548528e-02,-2.412702030732422065e-02,-8.622629530205738746e-02,-1.734718939195492027e-01,1.467457072074103697e-01,2.599166404814612363e-03
8.620000000000000995e+00,5.000000000000000000e+00,5.085719638305352674e+00,5.085719638305352674e+00,5.085719638305352674e+00,-2.533284983525683001e-02,-2.533284983525683001e-02,-2.398525237977893604e-02,-8.571963830535267448e-02,-1.724525906041147749e-01,1.458834442543897880e-01,2.583893969946049560e-03
8.640000000000000568e+00,5.000000000000000000e+00,5.085215958373387579e+00,5.085215958373387579e+00,5.085215958373387579e+00,-2.518399659826612777e-02,-2.518399659826612777e-02,-2.384431746534979371e-02,-8.521595837338757917e-02,-1.714392766107053490e-01,1.450262478713362502e-01,2.568711274019304207e-03
8.660000000000000142e+00,5.000000000000000000e+00,5.084715238013280292e+00,5.084715238013280292e+00,5.084715238013280292e+00,-2.503601800538067870e-02,-2.503601800538067870e-02,-2.370421066941163710e-02,-8.471523801328029180e-02,-1.704319167467751583e-01,1.441740882876023644e-01,2.553617789761155991e-03
8.679999999999999716e+00,5.000000000000000000e+00,5.084217459834931674e+00,5.084217459834931674e+00,5.084217459834931674e+00,-2.488890891745233758e-02,-2.488890891745233758e-02,-2.356492712609728479e-02,-8.421745983493167387e-02,-1.694304760265605836e-01,1.433269359074695604e-01,2.538612992993740172e-03
8.700000000000001066e+00,5.000000000000000000e+00,5.083722606550421297e+00,5.083722606550421297e+00,5.083722606550421297e+00,-2.474266422551955891e-02,-2.474266422551955891e-02,-2.342646199812455782e-02,-8.372260655042129684e-02,-1.684349196698633477e-01,1.424847613091202447e-01,2.523696362618545186e-03
8.720000000000000639e+00,5.000000000000000000e+00,5.083230660973408810e+00,5.083230660973408810e+00,5.083230660973408810e+00,-2.459727885063040312e-02,-2.459727885063040312e-02,-2.328881047662801143e-02,-8.323066097340880987e-02,-1.674452131008425937e-01,1.416475352436160351e-01,2.508867380598547164e-03
8.740000000000000213e+00,5.000000000000000000e+00,5.082741606018535307e+00,5.082741606018535307e+00,5.082741606018535307e+00,-2.445274774366715947e-02,-2.445274774366715947e-02,-2.315196778099797362e-02,-8.274160601853530750e-02,-1.664613219468176197e-01,1.408152286338819337e-01,2.494125531937713310e-03
8.759999999999999787e+00,5.000000000000000000e+00,5.082255424700831803e+00,5.082255424700831803e+00,5.082255424700831803e+00,-2.430906588517118064e-02,-2.430906588517118064e-02,-2.301592915870738151e-02,-8.225542470083180291e-02,-1.654832120370706150e-01,1.399878125736965795e-01,2.479470304666652695e-03
8.779999999999999361e+00,5.000000000000000000e+00,5.081772100135128589e+00,5.081772100135128589e+00,5.081772100135128589e+00,-2.416622828516940338e-02,-2.416622828516940338e-02,-2.288068988515341851e-02,-8.177210013512858922e-02,-1.645108494016636058e-01,1.391652583266882737e-01,2.464901189821913641e-03
8.800000000000000711e+00,5.000000000000000000e+00,5.081291615535468154e+00,5.081291615535468154e+00,5.081291615535468154e+00,-2.402422998300146606e-02,-2.402422998300146606e-02,-2.274624526349001974e-02,-8.129161553546815355e-02,-1.635442002702571784e-01,1.383475373253370000e-01,2.450417681430160002e-03
8.820000000000000284e+00,5.000000000000000000e+00,5.080813954214525197e+00,5.080813954214525197e+00,5.080813954214525197e+00,-2.388306604714754075e-02,-2.388306604714754075e-02,-2.261259062446221296e-02,-8.081395421452519656e-02,-1.625832310709363071e-01,1.375346211699823296e-01,2.436019276491765452e-03
8.839999999999999858e+00,5.000000000000000000e+00,5.080339099583023987e+00,5.080339099583023987e+00,5.080339099583023987e+00,-2.374273157505825058e-02,-2.374273157505825058e-02,-2.247972132625464942e-02,-8.033909958302398735e-02,-1.616279084290503931e-01,1.367264816278370709e-01,2.421705474958671476e-03
8.859999999999999432e+00,5.000000000000000000e+00,5.079867035149164600e+00,5.079867035149164600e+00,5.079867035149164600e+00,-2.360322169298425046e-02,-2.360322169298425046e-02,-2.234763275431825985e-02,-7.986703514916460023e-02,-1.606781991660479747e-01,1.359230906320068322e-01,2.407475779722883982e-03
8.880000000000000782e+00,5.000000000000000000e+00,5.079397744518048263e+00,5.079397744518048263e+00,5.079397744518048263e+00,-2.346453155580771610e-02,-2.346453155580771610e-02,-2.221632032121891032e-02,-7.939774451804826327e-02,-1.597340702983292005e-01,1.351244202805151895e-01,2.393329696595099341e-03
8.900000000000000355e+00,5.000000000000000000e+00,5.078931211391110701e+00,5.078931211391110701e+00,5.078931211391110701e+00,-2.332665634687401679e-02,-2.332665634687401679e-02,-2.208577946647074033e-02,-7.893121139111070050e-02,-1.587954890360965265e-01,1.343304428353347124e-01,2.379266734291075099e-03
8.919999999999999929e+00,5.000000000000000000e+00,5.078467419565554586e+00,5.078467419565554586e+00,5.078467419565554586e+00,-2.318959127782538668e-02,-2.318959127782538668e-02,-2.195600565638770874e-02,-7.846741956555458586e-02,-1.578624227822214010e-01,1.335411307214235954e-01,2.365286404410096854e-03
8.939999999999999503e+00,5.000000000000000000e+00,5.078006352933785550e+00,5.078006352933785550e+00,5.078006352933785550e+00,-2.305333158843483540e-02,-2.305333158843483540e-02,-2.182699438391987046e-02,-7.800635293378554991e-02,-1.569348391311091717e-01,1.327564565257680629e-01,2.351388221421239679e-03
8.960000000000000853e+00,5.000000000000000000e+00,5.077547995482857068e+00,5.077547995482857068e+00,5.077547995482857068e+00,-2.291787254644059996e-02,-2.291787254644059996e-02,-2.169874116849246359e-02,-7.754799548285706834e-02,-1.560127058675710998e-01,1.319763929964302140e-01,2.337571702648421745e-03
8.980000000000000426e+00,5.000000000000000000e+00,5.077092331293909133e+00,5.077092331293909133e+00,5.077092331293909133e+00,-2.278320944738312925e-02,-2.278320944738312925e-02,-2.157124155586587905e-02,-7.709233129390913319e-02,-1.550959909657141367e-01,1.312009130416016411e-01,2.323836368246617358e-03
9.000000000000000000e+00,5.000000000000000000e+00,5.076639344541620247e+00,5.076639344541620247e+00,5.076639344541620247e+00,-2.264933761444093419e-02,-2.264933761444093419e-02,-2.144449111796118898e-02,-7.663934454162024679e-02,-1.541846625878182664e-01,1.304299897286625431e-01,2.310181741194534694e-03
9.019999999999999574e+00,5.000000000000000000e+00,5.076189019493654975e+00,5.076189019493654975e+00,5.076189019493654975e+00,-2.251625239826930691e-02,-2.251625239826930691e-02,-2.131848545272465451e-02,-7.618901949365497472e-02,-1.532786890832404936e-01,1.296635962832463351e-01,2.296607347269503940e-03
9.040000000000000924e+00,5.000000000000000000e+00,5.075741340510118604e+00,5.075741340510118604e+00,5.075741340510118604e+00,-2.238394917683873830e-02,-2.238394917683873830e-02,-2.119322018396360696e-02,-7.574134051011860436e-02,-1.523780389873099494e-01,1.289017060883097809e-01,2.283112715036560679e-03
9.060000000000000497e+00,5.000000000000000000e+00,5.075296292043012691e+00,5.075296292043012691e+00,5.075296292043012691e+00,-2.225242335527471277e-02,-2.225242335527471277e-02,-2.106869096119846560e-02,-7.529629204301269141e-02,-1.514826810202372087e-01,1.281442926832085938e-01,2.269697375830148026e-03
9.080000000000000071e+00,5.000000000000000000e+00,5.074853858635698600e+00,5.074853858635698600e+00,5.074853858635698600e+00,-2.212167036569793327e-02,-2.212167036569793327e-02,-2.094489345950693165e-02,-7.485385863569860021e-02,-1.505925840860253828e-01,1.273913297627784769e-01,2.256360863739972997e-03
9.099999999999999645e+00,5.000000000000000000e+00,5.074414024922357491e+00,5.074414024922357491e+00,5.074414024922357491e+00,-2.199168566706679803e-02,-2.199168566706679803e-02,-2.082182337938658784e-02,-7.441402492235749122e-02,-1.497077172713972004e-01,1.266427911764214931e-01,2.243102715589117765e-03
9.120000000000000995e+00,5.000000000000000000e+00,5.073976775627457414e+00,5.073976775627457414e+00,5.073976775627457414e+00,-2.186246474501941928e-02,-2.186246474501941928e-02,-2.069947644659300701e-02,-7.397677562745741398e-02,-1.488280498447149824e-01,1.258986509271979304e-01,2.229922470924045920e-03
9.140000000000000568e+00,5.000000000000000000e+00,5.073542095565223065e+00,5.073542095565223065e+00,5.073542095565223065e+00,-2.173400311171692911e-02,-2.173400311171692911e-02,-2.057784841199452111e-02,-7.354209556522306457e-02,-1.479535512549148280e-01,1.251588831709233574e-01,2.216819671996948186e-03
9.160000000000000142e+00,5.000000000000000000e+00,5.073109969639109096e+00,5.073109969639109096e+00,5.073109969639109096e+00,-2.160629630568779852e-02,-2.160629630568779852e-02,-2.045693505142560931e-02,-7.310996963910909585e-02,-1.470841911304461291e-01,1.244234622152711328e-01,2.203793863749387884e-03
9.179999999999999716e+00,5.000000000000000000e+00,5.072680382841275204e+00,5.072680382841275204e+00,5.072680382841275204e+00,-2.147933989167328042e-02,-2.147933989167328042e-02,-2.033673216554263141e-02,-7.268038284127520399e-02,-1.462199392782181917e-01,1.236923625188800363e-01,2.190844593795524421e-03
9.200000000000001066e+00,5.000000000000000000e+00,5.072253320252065656e+00,5.072253320252065656e+00,5.072253320252065656e+00,-2.135312946047349461e-02,-2.135312946047349461e-02,-2.021723557967541884e-02,-7.225332025206565589e-02,-1.453607656825504080e-01,1.229655586904672832e-01,2.177971412407705108e-03
9.220000000000000639e+00,5.000000000000000000e+00,5.071828767039489705e+00,5.071828767039489705e+00,5.071828767039489705e+00,-2.122766062879464025e-02,-2.122766062879464025e-02,-2.009844114368496484e-02,-7.182876703948970487e-02,-1.445066405041313118e-01,1.222430254879466327e-01,2.165173872499715543e-03
9.240000000000000213e+00,5.000000000000000000e+00,5.071406708458707335e+00,5.071406708458707335e+00,5.071406708458707335e+00,-2.110292903909656917e-02,-2.110292903909656917e-02,-1.998034473181393988e-02,-7.140670845870733530e-02,-1.436575340789794097e-01,1.215247378175517423e-01,2.152451529613727543e-03
9.259999999999999787e+00,5.000000000000000000e+00,5.070987129851518560e+00,5.070987129851518560e+00,5.070987129851518560e+00,-2.097893035944159434e-02,-2.097893035944159434e-02,-1.986294224254683827e-02,-7.098712985151856003e-02,-1.428134169174146706e-01,1.208106707329646701e-01,2.139803941903163555e-03
9.279999999999999361e+00,5.000000000000000000e+00,5.070570016645851830e+00,5.070570016645851830e+00,5.070570016645851830e+00,-2.085566028334466179e-02,-2.085566028334466179e-02,-1.974622959847225842e-02,-7.057001664585182965e-02,-1.419742597030371201e-01,1.201007994344494845e-01,2.127230670115377170e-03
9.300000000000000711e+00,5.000000000000000000e+00,5.070155354355259547e+00,5.070155354355259547e+00,5.070155354355259547e+00,-2.073311452962338028e-02,-2.073311452962338028e-02,-1.963020274613183278e-02,-7.015535435525954711e-02,-1.411400332917036593e-01,1.193950992679909673e-01,2.114731277580859676e-03
9.320000000000000284e+00,5.000000000000000000e+00,5.069743128578414471e+00,5.069743128578414471e+00,5.069743128578414471e+00,-2.061128884224961225e-02,-2.061128884224961225e-02,-1.951485765588569996e-02,-6.974312857841447055e-02,-1.403107087105190942e-01,1.186935457244383679e-01,2.102305330195025461e-03
9.339999999999999858e+00,5.000000000000000000e+00,5.069333324998610557e+00,5.069333324998610557e+00,5.069333324998610557e+00,-2.049017899020171007e-02,-2.049017899020171007e-02,-1.940019032177058705e-02,-6.933332499861055709e-02,-1.394862571568289411e-01,1.179961144386542232e-01,2.089952396404132565e-03
9.359999999999999432e+00,5.000000000000000000e+00,5.068925929383263806e+00,5.068925929383263806e+00,5.068925929383263806e+00,-2.036978076731796317e-02,-2.036978076731796317e-02,-1.928619676136423405e-02,-6.892592938326380647e-02,-1.386666499972211142e-01,1.173027811886681177e-01,2.077672047188762906e-03
9.380000000000000782e+00,5.000000000000000000e+00,5.068520927583421098e+00,5.068520927583421098e+00,5.068520927583421098e+00,-2.025008999215015260e-02,-2.025008999215015260e-02,-1.917287301563987134e-02,-6.852092758342109846e-02,-1.378518587665276129e-01,1.166135218948354813e-01,2.065463856052259916e-03
9.400000000000000355e+00,5.000000000000000000e+00,5.068118305533264589e+00,5.068118305533264589e+00,5.068118305533264589e+00,-2.013110250781916660e-02,-2.013110250781916660e-02,-1.906021514884027879e-02,-6.811830553326458926e-02,-1.370418551668421969e-01,1.159283126190012725e-01,2.053327399000643913e-03
9.419999999999999929e+00,5.000000000000000000e+00,5.067718049249626766e+00,5.067718049249626766e+00,5.067718049249626766e+00,-2.001281418186978342e-02,-2.001281418186978342e-02,-1.894821924832533477e-02,-6.771804924962676608e-02,-1.362366110665291785e-01,1.152471295636686294e-01,2.041262254535214371e-03
9.439999999999999503e+00,5.000000000000000000e+00,5.067320144831504614e+00,5.067320144831504614e+00,5.067320144831504614e+00,-1.989522090612778210e-02,-1.989522090612778210e-02,-1.883688142444978411e-02,-6.732014483150461359e-02,-1.354360984992535322e-01,1.145699490711723639e-01,2.029268003631384994e-03
9.460000000000000853e+00,5.000000000000000000e+00,5.066924578459573780e+00,5.066924578459573780e+00,5.066924578459573780e+00,-1.977831859655767438e-02,-1.977831859655767438e-02,-1.872619781042671530e-02,-6.692457845957378026e-02,-1.346402896630092272e-01,1.138967476228573139e-01,2.017344229725198407e-03
9.480000000000000426e+00,5.000000000000000000e+00,5.066531336395711627e+00,5.066531336395711627e+00,5.066531336395711627e+00,-1.966210319312011734e-02,-1.966210319312011734e-02,-1.861616456218209356e-02,-6.653133639571162661e-02,-1.338491569191475605e-01,1.132275018382615794e-01,2.005490518703888832e-03
9.500000000000000000e+00,5.000000000000000000e+00,5.066140404982519385e+00,5.066140404982519385e+00,5.066140404982519385e+00,-1.954657065963139040e-02,-1.954657065963139040e-02,-1.850677785823283752e-02,-6.614040498251938516e-02,-1.330626727914232532e-01,1.125621884743044643e-01,1.993706458885952711e-03
9.519999999999999574e+00,5.000000000000000000e+00,5.065751770642846985e+00,5.065751770642846985e+00,5.065751770642846985e+00,-1.943171698362334762e-02,-1.943171698362334762e-02,-1.839803389955096610e-02,-6.575177064284698503e-02,-1.322808099650387703e-01,1.119007844244792743e-01,1.981991641008529030e-03
9.540000000000000924e+00,5.000000000000000000e+00,5.065365419879323206e+00,5.065365419879323206e+00,5.065365419879323206e+00,-1.931753817620387309e-02,-1.931753817620387309e-02,-1.828992890942859190e-02,-6.536541987932320552e-02,-1.315035412856939701e-01,1.112432667180508067e-01,1.970345658214570604e-03
9.560000000000000497e+00,5.000000000000000000e+00,5.064981339273884942e+00,5.064981339273884942e+00,5.064981339273884942e+00,-1.920403027191878303e-02,-1.920403027191878303e-02,-1.818245913335297254e-02,-6.498133927388494158e-02,-1.307308397586464110e-01,1.105896125192575713e-01,1.958768106035868508e-03
9.580000000000000071e+00,5.000000000000000000e+00,5.064599515487312686e+00,5.064599515487312686e+00,5.064599515487312686e+00,-1.909118932861376960e-02,-1.909118932861376960e-02,-1.807562083886866261e-02,-6.459951548731268645e-02,-1.299626785477698832e-01,1.099397991265187169e-01,1.947258582382503872e-03
9.599999999999999645e+00,5.000000000000000000e+00,5.064219935258766903e+00,5.064219935258766903e+00,5.064219935258766903e+00,-1.897901142729775670e-02,-1.897901142729775670e-02,-1.796941031545364401e-02,-6.421993525876690256e-02,-1.291990309746253729e-01,1.092938039716455922e-01,1.935816687526135341e-03
9.620000000000000995e+00,5.000000000000000000e+00,5.063842585405327057e+00,5.063842585405327057e+00,5.063842585405327057e+00,-1.886749267200687336e-02,-1.886749267200687336e-02,-1.786382387438890593e-02,-6.384258540532705695e-02,-1.284398705175338051e-01,1.086516046190579288e-01,1.924442024086970649e-03
9.640000000000000568e+00,5.000000000000000000e+00,5.063467452821533321e+00,5.063467452821533321e+00,5.063467452821533321e+00,-1.875662918966906553e-02,-1.875662918966906553e-02,-1.775885784862880901e-02,-6.346745282153332113e-02,-1.276851708106541139e-01,1.080131787650046582e-01,1.913134197020647988e-03
9.660000000000000142e+00,5.000000000000000000e+00,5.063094524478933600e+00,5.063094524478933600e+00,5.063094524478933600e+00,-1.864641712996938441e-02,-1.864641712996938441e-02,-1.765450859267226127e-02,-6.309452447893360016e-02,-1.269349056430666423e-01,1.073785042367893239e-01,1.901892813605057320e-03
9.679999999999999716e+00,5.000000000000000000e+00,5.062723787425629673e+00,5.062723787425629673e+00,5.062723787425629673e+00,-1.853685266521685332e-02,-1.853685266521685332e-02,-1.755077248244409083e-02,-6.272378742562967346e-02,-1.261890489578672003e-01,1.067475589919999884e-01,1.890717483423121504e-03
9.700000000000001066e+00,5.000000000000000000e+00,5.062355228785825112e+00,5.062355228785825112e+00,5.062355228785825112e+00,-1.842793199021152545e-02,-1.842793199021152545e-02,-1.744764591516357807e-02,-6.235522878582511197e-02,-1.254475748512593469e-01,1.061203211177436934e-01,1.879607818352075060e-03
9.720000000000000639e+00,5.000000000000000000e+00,5.061988835759382965e+00,5.061988835759382965e+00,5.061988835759382965e+00,-1.831965132211152078e-02,-1.831965132211152078e-02,-1.734512530921148571e-02,-6.198883575938296531e-02,-1.247104575716502239e-01,1.054967688298854428e-01,1.868563432553294783e-03
9.740000000000000213e+00,5.000000000000000000e+00,5.061624595621377232e+00,5.061624595621377232e+00,5.061624595621377232e+00,-1.821200690030274835e-02,-1.821200690030274835e-02,-1.724320710402378956e-02,-6.162459562137723168e-02,-1.239776715187659306e-01,1.048768804722916143e-01,1.857583942450526365e-03
9.759999999999999787e+00,5.000000000000000000e+00,5.061262495721651433e+00,5.061262495721651433e+00,5.061262495721651433e+00,-1.810499498626774034e-02,-1.810499498626774034e-02,-1.714188775995265784e-02,-6.126249572165143320e-02,-1.232491912427544634e-01,1.042606345160778381e-01,1.846668966723968982e-03
9.779999999999999361e+00,5.000000000000000000e+00,5.060902523484382520e+00,5.060902523484382520e+00,5.060902523484382520e+00,-1.799861186345557210e-02,-1.799861186345557210e-02,-1.704116375814607176e-02,-6.090252348438252028e-02,-1.225249914433028664e-01,1.036480095588613176e-01,1.835818126295475942e-03
9.800000000000000711e+00,5.000000000000000000e+00,5.060544666407639447e+00,5.060544666407639447e+00,5.060544666407639447e+00,-1.789285383715374933e-02,-1.789285383715374933e-02,-1.694103160043734443e-02,-6.054466640763944696e-02,-1.218050469687650406e-01,1.030389843240174935e-01,1.825031044310202605e-03
9.820000000000000284e+00,5.000000000000000000e+00,5.060188912062952404e+00,5.060188912062952404e+00,5.060188912062952404e+00,-1.778771723435897817e-02,-1.778771723435897817e-02,-1.684148780920604813e-02,-6.018891206295240437e-02,-1.210893328152788939e-01,1.024335376599410929e-01,1.814307346131751762e-03
9.839999999999999858e+00,5.000000000000000000e+00,5.059835248094879390e+00,5.059835248094879390e+00,5.059835248094879390e+00,-1.768319840365012441e-02,-1.768319840365012441e-02,-1.674252892727045444e-02,-5.983524809487938967e-02,-1.203778241259048087e-01,1.018316485393115645e-01,1.803646659322790053e-03
9.859999999999999432e+00,5.000000000000000000e+00,5.059483662220578104e+00,5.059483662220578104e+00,5.059483662220578104e+00,-1.757929371506116584e-02,-1.757929371506116584e-02,-1.664415151776053176e-02,-5.948366222057810404e-02,-1.196704961897587793e-01,1.012332960583627733e-01,1.793048613635475109e-03
9.880000000000000782e+00,5.000000000000000000e+00,5.059134142229378739e+00,5.059134142229378739e+00,5.059134142229378739e+00,-1.747599955995529294e-02,-1.747599955995529294e-02,-1.654635216400244732e-02,-5.913414222937873888e-02,-1.189673244411562081e-01,1.006384594361569990e-01,1.782512840996760932e-03
9.900000000000000355e+00,5.000000000000000000e+00,5.058786675982360315e+00,5.058786675982360315e+00,5.058786675982360315e+00,-1.737331235089951270e-02,-1.737331235089951270e-02,-1.644912746939749051e-02,-5.878667598236031466e-02,-1.182682844587574778e-01,1.000471180138632066e-01,1.772038975496780444e-03
9.919999999999999929e+00,5.000000000000000000e+00,5.058441251411929684e+00,5.058441251411929684e+00,5.058441251411929684e+00,-1.727122852154012664e-02,-1.727122852154012664e-02,-1.635247405730563819e-02,-5.844125141192968442e-02,-1.175733519647206293e-01,9.945925125403960732e-02,1.761626653375382521e-03
9.939999999999999503e+00,5.000000000000000000e+00,5.058097856521400537e+00,5.058097856521400537e+00,5.058097856521400537e+00,-1.716974452647914914e-02,-1.716974452647914914e-02,-1.625638857093034476e-02,-5.809785652140053713e-02,-1.168825028238593688e-01,9.887483873992031214e-02,1.751275513008713038e-03
9.960000000000000853e+00,5.000000000000000000e+00,5.057756479384577730e+00,5.057756479384577730e+00,5.057756479384577730e+00,-1.706885684115072924e-02,-1.706885684115072924e-02,-1.616086767319495354e-02,-5.775647938457773023e-02,-1.161957130428010743e-01,9.829386017470630177e-02,1.740985194899820039e-03
9.980000000000000426e+00,5.000000000000000000e+00,5.057417108145343398e+00,5.057417108145343398e+00,5.057417108145343398e+00,-1.696856196169874154e-02,-1.696856196169874154e-02,-1.606590804663085917e-02,-5.741710814534339846e-02,-1.155129587691554605e-01,9.771629538086051836e-02,1.730755341664084448e-03
1.000000000000000000e+01,5.000000000000000000e+00,5.057079731017246615e+00,5.057079731017246615e+00,5.057079731017246615e+00,-1.686885640485520296e-02,-1.686885640485520296e-02,-1.597150639326336274e-02,-5.707973101724661547e-02,-1.148342162906867969e-01,9.714212429940707882e-02,1.720585598016356656e-03
1.001999999999999957e+01,5.000000000000000000e+00,5.056744336283090391e+00,5.056744336283090391e+00,5.056744336283090391e+00,-1.676973670781988293e-02,-1.676973670781988293e-02,-1.587765943450199571e-02,-5.674433628309039079e-02,-1.141594620344932309e-01,9.657132698923460989e-02,1.710475610756624241e-03
1.004000000000000092e+01,5.000000000000000000e+00,5.056410912294527549e+00,5.056410912294527549e+00,5.056410912294527549e+00,-1.667119942813920577e-02,-1.667119942813920577e-02,-1.578436391101310093e-02,-5.641091229452754874e-02,-1.134886725661807816e-01,9.600388362640370488e-02,1.700425028763974042e-03
1.006000000000000050e+01,5.000000000000000000e+00,5.056079447471655719e+00,5.056079447471655719e+00,5.056079447471655719e+00,-1.657324114358704747e-02,-1.657324114358704747e-02,-1.569161658261761932e-02,-5.607944747165571897e-02,-1.128218245890550975e-01,9.543977450345843272e-02,1.690433502979044999e-03
1.008000000000000007e+01,5.000000000000000000e+00,5.055749930302614992e+00,5.055749930302614992e+00,5.055749930302614992e+00,-1.647585845204599039e-02,-1.647585845204599039e-02,-1.559941422817649054e-02,-5.574993030261499172e-02,-1.121588949433114379e-01,9.487898002874187164e-02,1.680500686393076194e-03
1.009999999999999964e+01,5.000000000000000000e+00,5.055422349343187349e+00,5.055422349343187349e+00,5.055422349343187349e+00,-1.637904797138919205e-02,-1.637904797138919205e-02,-1.550775364547801564e-02,-5.542234934318734929e-02,-1.114998606052299834e-01,9.432148072571572284e-02,1.670626234036244303e-03
1.012000000000000099e+01,5.000000000000000000e+00,5.055096693216400539e+00,5.055096693216400539e+00,5.055096693216400539e+00,-1.628280633936267374e-02,-1.628280633936267374e-02,-1.541663165112401243e-02,-5.509669321640053852e-02,-1.108446986863746986e-01,9.376725723228385156e-02,1.660809802966834586e-03
1.014000000000000057e+01,5.000000000000000000e+00,5.054772950612131055e+00,5.054772950612131055e+00,5.054772950612131055e+00,-1.618713021346883038e-02,-1.618713021346883038e-02,-1.532604508042422452e-02,-5.477295061213105498e-02,-1.101933864328010770e-01,9.321629030011985284e-02,1.651051052257000327e-03
1.016000000000000014e+01,5.000000000000000000e+00,5.054451110286714233e+00,5.054451110286714233e+00,5.054451110286714233e+00,-1.609201627084989178e-02,-1.609201627084989178e-02,-1.523599078727944089e-02,-5.445111028671423270e-02,-1.095459012242621100e-01,9.266856079399854451e-02,1.641349642984125425e-03
1.017999999999999972e+01,5.000000000000000000e+00,5.054131161062550781e+00,5.054131161062550781e+00,5.054131161062550781e+00,-1.599746120817319844e-02,-1.599746120817319844e-02,-1.514646564408294281e-02,-5.413116106255078108e-02,-1.089022205734284654e-01,9.212404969113140163e-02,1.631705238214121176e-03
1.020000000000000107e+01,5.000000000000000000e+00,5.053813091827720427e+00,5.053813091827720427e+00,5.053813091827720427e+00,-1.590346174151593961e-02,-1.590346174151593961e-02,-1.505746654160061010e-02,-5.381309182772042732e-02,-1.082623221251015622e-01,9.158273808050589049e-02,1.622117502995062228e-03
1.022000000000000064e+01,5.000000000000000000e+00,5.053496891535595559e+00,5.053496891535595559e+00,5.053496891535595559e+00,-1.581001460625135538e-02,-1.581001460625135538e-02,-1.496899038887009210e-02,-5.349689153559555876e-02,-1.076261836554408546e-01,9.104460716222868844e-02,1.612586104342074098e-03
1.024000000000000021e+01,5.000000000000000000e+00,5.053182549204456642e+00,5.053182549204456642e+00,5.053182549204456642e+00,-1.571711655693538295e-02,-1.571711655693538295e-02,-1.488103411309162939e-02,-5.318254920445664169e-02,-1.069937830711911175e-01,9.050963824687273396e-02,1.603110711226754612e-03
1.025999999999999979e+01,5.000000000000000000e+00,5.052870053917112969e+00,5.052870053917112969e+00,5.052870053917112969e+00,-1.562476436719364634e-02,-1.562476436719364634e-02,-1.479359465951801678e-02,-5.287005391711296909e-02,-1.063650984089132834e-01,8.997781275482816254e-02,1.593690994567103841e-03
1.027999999999999936e+01,5.000000000000000000e+00,5.052559394820520744e+00,5.052559394820520744e+00,5.052559394820520744e+00,-1.553295482960992402e-02,-1.553295482960992402e-02,-1.470666899135642490e-02,-5.255939482052074396e-02,-1.057401078342259382e-01,8.944911221565703119e-02,1.584326627212481655e-03
1.030000000000000071e+01,5.000000000000000000e+00,5.052250561125408268e+00,5.052250561125408268e+00,5.052250561125408268e+00,-1.544168475561419167e-02,-1.544168475561419167e-02,-1.462025408965259531e-02,-5.225056112540826803e-02,-1.051187896410414879e-01,8.892351826745181764e-02,1.575017283937074760e-03
1.032000000000000028e+01,5.000000000000000000e+00,5.051943542105901130e+00,5.051943542105901130e+00,5.051943542105901130e+00,-1.535095097537218616e-02,-1.535095097537218616e-02,-1.453434695319413307e-02,-5.194354210590113041e-02,-1.045011222508165361e-01,8.840101265619773607e-02,1.565762641424666259e-03
1.033999999999999986e+01,5.000000000000000000e+00,5.051638327099147396e+00,5.051638327099147396e+00,5.051638327099147396e+00,-1.526075033767552297e-02,-1.526075033767552297e-02,-1.444894459840555777e-02,-5.163832709914739638e-02,-1.038870842118022608e-01,8.788157723513873032e-02,1.556562378257972737e-03
1.035999999999999943e+01,5.000000000000000000e+00,5.051334905504950790e+00,5.051334905504950790e+00,5.051334905504950790e+00,-1.517107970983160546e-02,-1.517107970983160546e-02,-1.436404405923635483e-02,-5.133490550495078963e-02,-1.032766541982947928e-01,8.736519396414725580e-02,1.547416174911181918e-03
1.038000000000000078e+01,5.000000000000000000e+00,5.051033266785399434e+00,5.051033266785399434e+00,5.051033266785399434e+00,-1.508193597755555330e-02,-1.508193597755555330e-02,-1.427964238707108910e-02,-5.103326678539943373e-02,-1.026698110099015793e-01,8.685184490909775290e-02,1.538323713732737486e-03
1.040000000000000036e+01,5.000000000000000000e+00,5.050733400464502587e+00,5.050733400464502587e+00,5.050733400464502587e+00,-1.499331604486151340e-02,-1.499331604486151340e-02,-1.419573665061516117e-02,-5.073340046450258711e-02,-1.020665335707988675e-01,8.634151224124375634e-02,1.529284678939950163e-03
1.041999999999999993e+01,5.000000000000000000e+00,5.050435296127823825e+00,5.050435296127823825e+00,5.050435296127823825e+00,-1.490521683395568293e-02,-1.490521683395568293e-02,-1.411232393580321570e-02,-5.043529612782382543e-02,-1.014668009290051742e-01,8.583417823659872381e-02,1.520298756603235147e-03
1.043999999999999950e+01,5.000000000000000000e+00,5.050138943422121329e+00,5.050138943422121329e+00,5.050138943422121329e+00,-1.481763528512879124e-02,-1.481763528512879124e-02,-1.402940134568675737e-02,-5.013894342212132926e-02,-1.008705922556476509e-01,8.532982527532048667e-02,1.511365634640407041e-03
1.046000000000000085e+01,5.000000000000000000e+00,5.049844332054988172e+00,5.049844332054988172e+00,5.049844332054988172e+00,-1.473056835665004921e-02,-1.473056835665004921e-02,-1.394696600034136223e-02,-4.984433205498817188e-02,-1.002778868442426585e-01,8.482843584109926727e-02,1.502485002802029243e-03
1.048000000000000043e+01,5.000000000000000000e+00,5.049552448681136063e+00,5.049552448681136063e+00,5.049552448681136063e+00,-1.459416869260663635e-02,-1.459416869260663635e-02,-1.336657171621592061e-02,-4.955244868113606316e-02,-9.968866410997634375e-02,8.482843584109926727e-02,1.493656552661156529e-03
1.050000000000000000e+01,5.000000000000000000e+00,5.049264167490922439e+00,5.049264167490922439e+00,5.049264167490922439e+00,-1.441405951069916168e-02,-1.441405951069916168e-02,-1.279307687353188616e-02,-4.926416749092243919e-02,-9.910489736227212632e-02,8.482843584109926727e-02,1.483384647640972670e-03
1.051999999999999957e+01,5.000000000000000000e+00,5.048980256203525308e+00,5.048980256203525308e+00,5.048980256203525308e+00,-1.419556436983689454e-02,-1.419556436983689454e-02,-1.222910810207649378e-02,-4.898025620352530751e-02,-9.852833498184487837e-02,8.482843584109926727e-02,1.470791038669116892e-03
1.054000000000000092e+01,5.000000000000000000e+00,5.048701382733052689e+00,5.048701382733052689e+00,5.048701382733052689e+00,-1.394367352363193140e-02,-1.394367352363193140e-02,-1.167665590778726829e-02,-4.870138273305268939e-02,-9.796051240705061502e-02,8.482843584109926727e-02,1.455420658164079247e-03
1.056000000000000050e+01,5.000000000000000000e+00,5.048428122159710263e+00,5.048428122159710263e+00,5.048428122159710263e+00,-1.366302866712697066e-02,-1.366302866712697066e-02,-1.113722495858232922e-02,-4.842812215971026291e-02,-9.740276546610537878e-02,8.482843584109926727e-02,1.437104666423782724e-03
1.058000000000000007e+01,5.000000000000000000e+00,5.048160963754998676e+00,5.048160963754998676e+00,5.048160963754998676e+00,-1.335792023559537016e-02,-1.335792023559537016e-02,-1.061194435181097087e-02,-4.816096375499867577e-02,-9.685624431942052581e-02,8.482843584109926727e-02,1.415864126510287674e-03
1.059999999999999964e+01,5.000000000000000000e+00,5.047900317892411337e+00,5.047900317892411337e+00,5.047900317892411337e+00,-1.303229312936318371e-02,-1.303229312936318371e-02,-1.010164917327350219e-02,-4.790031789241133708e-02,-9.632192750999735154e-02,8.482843584109926727e-02,1.391842495624582079e-03
1.062000000000000099e+01,5.000000000000000000e+00,5.047646522733277408e+00,5.047646522733277408e+00,5.047646522733277408e+00,-1.268975795671738530e-02,-1.268975795671738530e-02,-9.606941402905190899e-03,-4.764652273327740772e-02,-9.580063578482267417e-02,8.482843584109926727e-02,1.365258540818215568e-03
1.064000000000000057e+01,5.000000000000000000e+00,5.047399850618240258e+00,5.047399850618240258e+00,5.047399850618240258e+00,-1.233360575186383777e-02,-1.233360575186383777e-02,-9.128235908181903113e-03,-4.739985061824025792e-02,-9.529304546655481545e-02,8.482843584109926727e-02,1.336373717273644851e-03
1.066000000000000014e+01,5.000000000000000000e+00,5.047160514123465447e+00,5.047160514123465447e+00,5.047160514123465447e+00,-1.196682473875085133e-02,-1.196682473875085133e-02,-8.665795620733971610e-03,-4.716051412346544680e-02,-9.479970123648051583e-02,8.482843584109926727e-02,1.305469774647276086e-03
1.067999999999999972e+01,5.000000000000000000e+00,5.046928671760524843e+00,5.046928671760524843e+00,5.046928671760524843e+00,-1.159211814701739847e-02,-1.159211814701739847e-02,-8.219758821416315794e-03,-4.692867176052484268e-02,-9.432102824693089360e-02,8.482843584109926727e-02,1.272833584415309889e-03
1.070000000000000107e+01,5.000000000000000000e+00,5.046704433312625859e+00,5.046704433312625859e+00,5.046704433312625859e+00,-1.121192239496053740e-02,-1.121192239496053740e-02,-7.790160626448794715e-03,-4.670443331262585929e-02,-9.385734352104968536e-02,8.482843584109926727e-02,1.238747053501623166e-03
1.072000000000000064e+01,5.000000000000000000e+00,5.046487864809166446e+00,5.046487864809166446e+00,5.046487864809166446e+00,-1.082842517294976825e-02,-1.082842517294976825e-02,-7.376950174852839846e-03,-4.648786480916644592e-02,-9.340886662525171857e-02,8.482843584109926727e-02,1.203480609299611244e-03
1.074000000000000021e+01,5.000000000000000000e+00,5.046278993146862568e+00,5.046278993146862568e+00,5.046278993146862568e+00,-1.044358311520826935e-02,-1.044358311520826935e-02,-6.980004595534776597e-03,-4.627899314686256815e-02,-9.297572961833289185e-02,8.482843584109926727e-02,1.167289181698847982e-03
1.075999999999999979e+01,5.000000000000000000e+00,5.046077810369724581e+00,5.046077810369724581e+00,5.046077810369724581e+00,-1.005913885688552827e-02,-1.005913885688552827e-02,-6.599140531980858537e-03,-4.607781036972458111e-02,-9.255798629372513631e-02,8.482843584109926727e-02,1.130409920645010285e-03
1.077999999999999936e+01,5.000000000000000000e+00,5.045884277622723957e+00,5.045884277622723957e+00,5.045884277622723957e+00,-9.676637350016116870e-03,-9.676637350016116870e-03,-6.234123788191407375e-03,-4.588427762272395682e-02,-9.215562073944916222e-02,8.482843584109926727e-02,1.093061110158487790e-03
1.080000000000000071e+01,5.000000000000000000e+00,5.045698328795410248e+00,5.045698328795410248e+00,5.045698328795410248e+00,-9.297441365688181164e-03,-9.297441365688181164e-03,-5.884677506736768482e-03,-4.569832879541024795e-02,-9.176855524544791365e-02,8.482843584109926727e-02,1.055441897611877899e-03
1.082000000000000028e+01,5.000000000000000000e+00,5.045519873872467365e+00,5.045519873872467365e+00,5.045519873872467365e+00,-8.922746147161597641e-03,-8.922746147161597641e-03,-5.550489180422351135e-03,-4.551987387246736461e-02,-9.139665759082049590e-02,8.482843584109926727e-02,1.017732569298877929e-03
1.083999999999999986e+01,5.000000000000000000e+00,5.045348802008376765e+00,5.045348802008376765e+00,5.045348802008376765e+00,-8.553593204536630648e-03,-8.553593204536630648e-03,-5.231216720911922510e-03,-4.534880200837676512e-02,-9.103974774493472921e-02,8.482843584109926727e-02,9.800951829235396515e-04
1.085999999999999943e+01,5.000000000000000000e+00,5.045184984343191736e+00,5.045184984343191736e+00,5.045184984343191736e+00,-8.190883259230155936e-03,-8.190883259230155936e-03,-4.926493751471886125e-03,-4.518498434319173640e-02,-9.069760401675353023e-02,8.482843584109926727e-02,9.426744241823769481e-04
1.088000000000000078e+01,5.000000000000000000e+00,5.045028276576024595e+00,5.045028276576024595e+00,5.045028276576024595e+00,-7.835388358365039455e-03,-7.835388358365039455e-03,-4.635934250578998932e-03,-4.502827657602459510e-02,-9.036996868638347280e-02,8.482843584109926727e-02,9.055985947052069265e-04
1.090000000000000036e+01,5.000000000000000000e+00,5.044878521312286423e+00,5.044878521312286423e+00,5.044878521312286423e+00,-7.487763186919091894e-03,-7.487763186919091894e-03,-4.359136643905566454e-03,-4.487852131228642349e-02,-9.005655315204919020e-02,8.482843584109926727e-02,8.689806670443568073e-04
1.091999999999999993e+01,5.000000000000000000e+00,5.044735550200080354e+00,5.044735550200080354e+00,5.044735550200080354e+00,-7.148555610320709783e-03,-7.148555610320709783e-03,-4.095687420935272514e-03,-4.473555020008035399e-02,-8.975704262457284699e-02,8.482843584109926727e-02,8.329193625383072078e-04
1.093999999999999950e+01,5.000000000000000000e+00,5.044599185870420222e+00,5.044599185870420222e+00,5.044599185870420222e+00,-6.818216482986191179e-03,-6.818216482986191179e-03,-3.845164336975521145e-03,-4.459918587042022153e-02,-8.947110040016070798e-02,8.482843584109926727e-02,7.975002220859193480e-04
1.096000000000000085e+01,5.000000000000000000e+00,5.044469243695226979e+00,5.044469243695226979e+00,5.044469243695226979e+00,-6.497108759666655672e-03,-6.497108759666655672e-03,-3.607139249790833509e-03,-4.446924369522697873e-02,-8.919837174084044307e-02,8.482843584109926727e-02,7.627966499503421828e-04
1.098000000000000043e+01,5.000000000000000000e+00,5.044345533376289659e+00,5.044345533376289659e+00,5.044345533376289659e+00,-6.185515946859948891e-03,-6.185515946859948891e-03,-3.381180631599586556e-03,-4.434553337628965863e-02,-8.893848739045395746e-02,8.482843584109926727e-02,7.288709177551037444e-04
1.100000000000000000e+01,5.000000000000000000e+00,5.044227860377664463e+00,5.044227860377664463e+00,5.044227860377664463e+00,-5.883649931238504188e-03,-5.883649931238504188e-03,-3.166855790645497094e-03,-4.422786037766446299e-02,-8.869106675257931727e-02,8.482843584109926727e-02,6.957751208345527979e-04
1.101999999999999957e+01,5.000000000000000000e+00,5.044116027213238596e+00,5.044116027213238596e+00,5.044116027213238596e+00,-5.591658221285421629e-03,-5.591658221285421629e-03,-2.963732831707678161e-03,-4.411602721323859555e-02,-8.845572075532892597e-02,8.482843584109926727e-02,6.635520825219804386e-04
1.104000000000000092e+01,5.000000000000000000e+00,5.044009834600493569e+00,5.044009834600493569e+00,5.044009834600493569e+00,-5.309630637254252918e-03,-5.309630637254252918e-03,-2.771382380973736251e-03,-4.400983460049356921e-02,-8.823205442647719110e-02,8.482843584109926727e-02,6.322362044041874738e-04
1.106000000000000050e+01,5.000000000000000000e+00,5.043909082490827700e+00,5.043909082490827700e+00,5.043909082490827700e+00,-5.037605483297567452e-03,-5.037605483297567452e-03,-2.589379097687400429e-03,-4.390908249082769998e-02,-8.801966920098713842e-02,8.482843584109926727e-02,6.018542622004707278e-04
1.108000000000000007e+01,5.000000000000000000e+00,5.043813570986142913e+00,5.043813570986142913e+00,5.043813570986142913e+00,-4.775575234219510759e-03,-4.775575234219510759e-03,-2.417302992516999222e-03,-4.381357098614291345e-02,-8.781816498165539997e-02,8.482843584109926727e-02,5.724261480391333720e-04
1.109999999999999964e+01,5.000000000000000000e+00,5.043723101150785482e+00,5.043723101150785482e+00,5.043723101150785482e+00,-4.523491767850757947e-03,-4.523491767850757947e-03,-2.254740570531986541e-03,-4.372310115078548165e-02,-8.762714197228582691e-02,8.482843584109926727e-02,5.439655606545731013e-04
1.112000000000000099e+01,5.000000000000000000e+00,5.043637475727334341e+00,5.043637475727334341e+00,5.043637475727334341e+00,-4.281271172563417236e-03,-4.281271172563417236e-03,-2.101285814977347371e-03,-4.363747572733434055e-02,-8.744620230157096330e-02,8.482843584109926727e-02,5.164806454943488782e-04
1.114000000000000057e+01,5.000000000000000000e+00,5.043556499764175527e+00,5.043556499764175527e+00,5.043556499764175527e+00,-4.048798157961741064e-03,-4.048798157961741064e-03,-1.956541026546658110e-03,-4.355649976417552693e-02,-8.727495145466868109e-02,8.482843584109926727e-02,4.899745870227558255e-04
1.116000000000000014e+01,5.000000000000000000e+00,5.043479981162269254e+00,5.043479981162269254e+00,5.043479981162269254e+00,-3.825930095325330484e-03,-3.825930095325330484e-03,-1.820117531597637006e-03,-4.347998116226925447e-02,-8.711299952835105387e-02,8.482843584109926727e-02,4.644461556541494866e-04
1.117999999999999972e+01,5.000000000000000000e+00,5.043407731148009887e+00,5.043407731148009887e+00,5.043407731148009887e+00,-3.612500712954990444e-03,-3.612500712954990444e-03,-1.691636271621928343e-03,-4.340773114800988708e-02,-8.695996232453850894e-02,8.482843584109926727e-02,4.398902118173133279e-04
1.120000000000000107e+01,5.000000000000000000e+00,5.043339564678606557e+00,5.043339564678606557e+00,5.043339564678606557e+00,-3.408323470185424878e-03,-3.408323470185424878e-03,-1.570728285259336519e-03,-4.333956467860655692e-02,-8.681546229601977416e-02,8.482843584109926727e-02,4.162981696611704253e-04
1.122000000000000064e+01,5.000000000000000000e+00,5.043275300785956539e+00,5.043275300785956539e+00,5.043275300785956539e+00,-3.213194632491485781e-03,-3.213194632491485781e-03,-1.457035093246032177e-03,-4.327530078595653862e-02,-8.667912935721311385e-02,8.482843584109926727e-02,3.936584228678145130e-04
1.124000000000000021e+01,5.000000000000000000e+00,5.043214762864580258e+00,5.043214762864580258e+00,5.043214762864580258e+00,-3.026896068825468602e-03,-3.026896068825468602e-03,-1.350208995831312254e-03,-4.321476286458025839e-02,-8.655060157191307724e-02,8.482843584109926727e-02,3.719567349824976074e-04
1.125999999999999979e+01,5.000000000000000000e+00,5.043157778908758715e+00,5.043157778908758715e+00,5.043157778908758715e+00,-2.849197791093829694e-03,-2.849197791093829694e-03,-1.249913291509080829e-03,-4.315777890875871492e-02,-8.642952572916051679e-02,8.482843584109926727e-02,3.511765965521686391e-04
1.127999999999999936e+01,5.000000000000000000e+00,5.043104181703668587e+00,5.043104181703668587e+00,5.043104181703668587e+00,-2.679860254494379618e-03,-2.679860254494379618e-03,-1.155822425099329361e-03,-4.310418170366858703e-02,-8.631555781751742984e-02,8.482843584109926727e-02,3.312995513188332652e-04
1.130000000000000071e+01,5.000000000000000000e+00,5.043053808974942598e+00,5.043053808974942598e+00,5.043053808974942598e+00,-2.518636436312894980e-03,-2.518636436312894980e-03,-1.067622072679531723e-03,-4.305380897494259784e-02,-8.620836340733717407e-02,8.482843584109926727e-02,3.123054935583751313e-04
1.132000000000000028e+01,5.000000000000000000e+00,5.043006503500748750e+00,5.043006503500748750e+00,5.043006503500748750e+00,-2.365273709702213865e-03,-2.365273709702213865e-03,-9.850091702060820992e-04,-4.300650350074874950e-02,-8.610761794988519569e-02,8.482843584109926727e-02,2.941729385798463729e-04
1.133999999999999986e+01,5.000000000000000000e+00,5.042962113190189832e+00,5.042962113190189832e+00,5.042962113190189832e+00,-2.219515527942149229e-03,-2.219515527942149229e-03,-9.076918921015667387e-04,-4.296211319018983232e-02,-8.601300700149749900e-02,8.482843584109926727e-02,2.768792682966649986e-04
1.135999999999999943e+01,5.000000000000000000e+00,5.042920491131515526e+00,5.042920491131515526e+00,5.042920491131515526e+00,-2.081102933711369979e-03,-2.081102933711369979e-03,-8.353895856343560803e-04,-4.292049113151552575e-02,-8.592422638037966465e-02,8.482843584109926727e-02,2.604009536460412453e-04
1.138000000000000078e+01,5.000000000000000000e+00,5.042881495613375620e+00,5.042881495613375620e+00,5.042881495613375620e+00,-1.949775906977042460e-03,-1.949775906977042460e-03,-7.678326663680954452e-04,-4.288149561337561977e-02,-8.584098226303105150e-02,8.482843584109926727e-02,2.447137555636887357e-04
1.140000000000000036e+01,5.000000000000000000e+00,5.042844990122090643e+00,5.042844990122090643e+00,5.042844990122090643e+00,-1.825274564234091301e-03,-1.825274564234091301e-03,-7.047624795475311869e-04,-4.284499012209064261e-02,-8.576299122675123954e-02,8.482843584109926727e-02,2.297929061044410833e-04
1.141999999999999993e+01,5.000000000000000000e+00,5.042810843317671043e+00,5.042810843317671043e+00,5.042810843317671043e+00,-1.707340220998826560e-03,-1.707340220998826560e-03,-6.459311318814434620e-04,-4.281084331767104345e-02,-8.568998024418128523e-02,8.482843584109926727e-02,2.156132712005745002e-04
1.143999999999999950e+01,5.000000000000000000e+00,5.042778928991097587e+00,5.042778928991097587e+00,5.042778928991097587e+00,-1.595716328676245787e-03,-1.595716328676245787e-03,-5.911012977730187171e-04,-4.277892899109758673e-02,-8.562168663534208690e-02,8.482843584109926727e-02,2.021494964698008904e-04
1.146000000000000085e+01,5.000000000000000000e+00,5.042749126005173999e+00,5.042749126005173999e+00,5.042749126005173999e+00,-1.490149296179307283e-03,-1.490149296179307283e-03,-5.400460037068605286e-04,-4.274912600517399852e-02,-8.555785798219517346e-02,8.482843584109926727e-02,1.893761373890456943e-04
1.148000000000000043e+01,5.000000000000000000e+00,5.042721318221054183e+00,5.042721318221054183e+00,5.042721318221054183e+00,-1.390389205980478021e-03,-1.390389205980478021e-03,-4.925483941910155372e-04,-4.272131822105418308e-02,-8.549825201034799704e-02,8.482843584109926727e-02,1.772677750577142928e-04
1.150000000000000000e+01,5.000000000000000000e+00,5.042695394412382015e+00,5.042695394412382015e+00,5.042695394412382015e+00,-1.296190433611327849e-03,-1.296190433611327849e-03,-4.484014822889757562e-04,-4.269539441238201505e-02,-8.544263644210836617e-02,8.482843584109926727e-02,1.657991187201231719e-04
1.151999999999999957e+01,5.000000000000000000e+00,5.042671248168802300e+00,5.042671248168802300e+00,5.042671248168802300e+00,-1.207312179005437525e-03,-1.207312179005437525e-03,-4.074078875524245517e-04,-4.267124816880230043e-02,-8.539078882476403010e-02,8.482843584109926727e-02,1.549450961123382772e-04
1.154000000000000092e+01,5.000000000000000000e+00,5.042648777790452286e+00,5.042648777790452286e+00,5.042648777790452286e+00,-1.123518917490606275e-03,-1.123518917490606275e-03,-3.693795638571248656e-04,-4.264877779045228579e-02,-8.534249633760460085e-02,8.482843584109926727e-02,1.446809326482087206e-04
1.156000000000000050e+01,5.000000000000000000e+00,5.042627886174898322e+00,5.042627886174898322e+00,5.042627886174898322e+00,-1.044580777684199187e-03,-1.044580777684199187e-03,-3.341375194265362638e-04,-4.262788617489832177e-02,-8.529755558090457157e-02,8.482843584109926727e-02,1.349822203787680666e-04
1.158000000000000007e+01,5.000000000000000000e+00,5.042608480697837514e+00,5.042608480697837514e+00,5.042608480697837514e+00,-9.702738530259084936e-04,-9.702738530259084936e-04,-3.015115311012925769e-04,-4.260848069783751413e-02,-8.525577234979664354e-02,8.482843584109926727e-02,1.258249775960836676e-04
1.159999999999999964e+01,5.000000000000000000e+00,5.042590473088774061e+00,5.042590473088774061e+00,5.042590473088774061e+00,-9.003804531900467915e-04,-9.003804531900467915e-04,-2.713398546672909310e-04,-4.259047308877406124e-02,-8.521696139567502826e-02,8.482843584109926727e-02,1.171856999084700316e-04
1.162000000000000099e+01,5.000000000000000000e+00,5.042573779302751191e+00,5.042573779302751191e+00,5.042573779302751191e+00,-8.346893011628168024e-04,-8.346893011628168024e-04,-2.434689329177468459e-04,-4.257377930275119127e-02,-8.518094617754812248e-02,8.482843584109926727e-02,1.090414035311083511e-04
1.164000000000000057e+01,5.000000000000000000e+00,5.042558319389124577e+00,5.042558319389124577e+00,5.042558319389124577e+00,-7.729956813362385756e-04,-7.729956813362385756e-04,-2.177531028970344806e-04,-4.255831938912457701e-02,-8.514755860550238253e-02,8.482843584109926727e-02,1.013696615060807996e-04
1.166000000000000014e+01,5.000000000000000000e+00,5.042544017358252972e+00,5.042544017358252972e+00,5.042544017358252972e+00,-7.151015435681855759e-04,-7.151015435681855759e-04,-1.940543036557088226e-04,-4.254401735825297237e-02,-8.511663877824915403e-02,8.482843584109926727e-02,9.414863349417793947e-05
1.167999999999999972e+01,5.000000000000000000e+00,5.042530801046897437e+00,5.042530801046897437e+00,5.042530801046897437e+00,-6.608155677767016661e-04,-6.608155677767016661e-04,-1.722417856533459352e-04,-4.253080104689743735e-02,-8.508803471650594474e-02,8.482843584109926727e-02,8.735708975333152744e-05
1.170000000000000107e+01,5.000000000000000000e+00,5.042518601983031701e+00,5.042518601983031701e+00,5.042518601983031701e+00,-6.099531932825287550e-04,-6.099531932825287550e-04,-1.521918228349728266e-04,-4.251860198303170080e-02,-8.506160209379487469e-02,8.482843584109926727e-02,8.097442986063461024e-05
1.172000000000000064e+01,5.000000000000000000e+00,5.042507355250696044e+00,5.042507355250696044e+00,5.042507355250696044e+00,-5.623366167805843741e-04,-5.623366167805843741e-04,-1.337874282630852714e-04,-4.250735525069604392e-02,-8.503720396606340159e-02,8.482843584109926727e-02,7.498069670104905594e-05
1.174000000000000021e+01,5.000000000000000000e+00,5.042496999355445375e+00,5.042496999355445375e+00,5.042496999355445375e+00,-5.177947625123860463e-04,-5.177947625123860463e-04,-1.169180740986009337e-04,-4.249699935544537510e-02,-8.501471050139208785e-02,8.482843584109926727e-02,6.935658619421964819e-05
1.175999999999999979e+01,5.000000000000000000e+00,5.042487476090887100e+00,5.042487476090887100e+00,5.042487476090887100e+00,-4.761632279191000306e-04,-4.761632279191000306e-04,-1.014794165795259427e-04,-4.248747609088709964e-02,-8.499399871089075020e-02,8.482843584109926727e-02,6.408345321195699348e-05
1.177999999999999936e+01,5.000000000000000000e+00,5.042478730406731557e+00,5.042478730406731557e+00,5.042478730406731557e+00,-4.372842077861049145e-04,-4.372842077861049145e-04,-8.737302658914893798e-05,-4.247873040673155742e-02,-8.497495218177419929e-02,8.482843584109926727e-02,5.914331408578308387e-05
1.180000000000000071e+01,5.000000000000000000e+00,5.042470710278738721e+00,5.042470710278738721e+00,5.042470710278738721e+00,-4.010063996345430439e-04,-4.010063996345430439e-04,-7.450612627048608632e-05,-4.247071027873872140e-02,-8.495746081346311485e-02,8.482843584109926727e-02,5.451884609336149240e-05
1.182000000000000028e+01,5.000000000000000000e+00,5.042463366580880901e+00,5.042463366580880901e+00,5.042463366580880901e+00,-3.671848928834455655e-04,-3.671848928834455655e-04,-6.279133212356845001e-05,-4.246336658088090132e-02,-8.494142055747744280e-02,8.482843584109926727e-02,5.019338425460708147e-05
1.183999999999999986e+01,5.000000000000000000e+00,5.042456652959999452e+00,5.042456652959999452e+00,5.042456652959999452e+00,-3.356810440848590274e-04,-3.356810440848590274e-04,-5.214640489758031291e-05,-4.245665295999945243e-02,-8.492673316176180265e-02,8.482843584109926727e-02,4.615091576495506835e-05
1.185999999999999943e+01,5.000000000000000000e+00,5.042450525713192633e+00,5.042450525713192633e+00,5.042450525713192633e+00,-3.063623403305727158e-04,-3.063623403305727158e-04,-4.249400654199572192e-05,-4.245052571319263279e-02,-8.491330591999890487e-02,8.482843584109926727e-02,4.237607235764188018e-05
1.188000000000000078e+01,5.000000000000000000e+00,5.042444943668138002e+00,5.042444943668138002e+00,5.042444943668138002e+00,-2.791022527400573833e-04,-2.791022527400573833e-04,-3.376146442541953991e-05,-4.244494366813800212e-02,-8.490105142638526559e-02,8.482843584109926727e-02,3.885412086057877872e-05
1.190000000000000036e+01,5.000000000000000000e+00,5.042439868066503017e+00,5.042439868066503017e+00,5.042439868066503017e+00,-2.537800817652902303e-04,-2.537800817652902303e-04,-2.588054299238583272e-05,-4.243986806650301702e-02,-8.488988733627600425e-02,8.482843584109926727e-02,3.557095218435114831e-05
1.191999999999999993e+01,5.000000000000000000e+00,5.042435262450585043e+00,5.042435262450585043e+00,5.042435262450585043e+00,-2.302807958812855423e-04,-2.302807958812855423e-04,-1.878722292524330972e-05,-4.243526245058504287e-02,-8.487973613300603404e-02,8.482843584109926727e-02,3.251306898152346093e-05
1.193999999999999950e+01,5.000000000000000000e+00,5.042431092553282923e+00,5.042431092553282923e+00,5.042431092553282923e+00,-2.084948650838360678e-04,-2.084948650838360678e-04,-1.242148790679082761e-05,-4.243109255328292306e-02,-8.487052490117008574e-02,8.482843584109926727e-02,2.966757216402764606e-05
1.196000000000000085e+01,5.000000000000000000e+00,5.042427326191473824e+00,5.042427326191473824e+00,5.042427326191473824e+00,-1.883180904753104391e-04,-1.883180904753104391e-04,-6.727118998579797467e-06,-4.242732619147382422e-02,-8.486218510656584613e-02,8.482843584109926727e-02,2.702214646799906193e-05
1.198000000000000043e+01,5.000000000000000000e+00,5.042423933162852201e+00,5.042423933162852201e+00,5.042423933162852201e+00,-1.696514310884927488e-04,-1.696514310884927488e-04,-1.651496607133577372e-06,-4.242393316285220095e-02,-8.485465238294764845e-02,8.482843584109926727e-02,2.456504524124760336e-05
1.200000000000000000e+01,5.000000000000000000e+00,5.042420885146272624e+00,5.042420885146272624e+00,5.042420885146272624e+00,-1.524008289800261081e-04,-1.524008289800261081e-04,2.854589996173597158e-06,-4.242088514627262441e-02,-8.484786632570440190e-02,8.482843584109926727e-02,2.228507460130823187e-05
1.201999999999999957e+01,5.000000000000000000e+00,5.042418155605602692e+00,5.042418155605602692e+00,5.042418155605602692e+00,-1.364770335175935956e-04,-1.364770335175935956e-04,6.837125644299017454e-06,-4.241815560560269205e-02,-8.484177029254524882e-02,8.482843584109926727e-02,2.017157709028057186e-05
1.204000000000000092e+01,5.000000000000000000e+00,5.042415719697088683e+00,5.042415719697088683e+00,5.042415719697088683e+00,-1.217954256796364325e-04,-1.217954256796364325e-04,1.033904486197811259e-05,-4.241571969708868295e-02,-8.483631121120538410e-02,8.482843584109926727e-02,1.821441496809494279e-05
1.206000000000000050e+01,5.000000000000000000e+00,5.042413554180226853e+00,5.042413554180226853e+00,5.042413554180226853e+00,-1.082758430946146461e-04,-1.082758430946146461e-04,1.340040017058147969e-05,-4.241355418022685342e-02,-8.483143939417736590e-02,8.482843584109926727e-02,1.640395324868011050e-05
1.208000000000000007e+01,5.000000000000000000e+00,5.042411637332097740e+00,5.042411637332097740e+00,5.042411637332097740e+00,-9.584240646391510576e-05,-9.584240646391510576e-05,1.605852321238080441e-05,-4.241163733209774023e-02,-8.482710836045370684e-02,8.482843584109926727e-02,1.473104256682037397e-05
1.209999999999999964e+01,5.000000000000000000e+00,5.042409948865139491e+00,5.042409948865139491e+00,5.042409948865139491e+00,-8.442334792810050263e-05,-8.442334792810050263e-05,1.834817889423086119e-05,-4.240994886513949069e-02,-8.482327466419548045e-02,8.482843584109926727e-02,1.318700199044404848e-05
1.212000000000000099e+01,5.000000000000000000e+00,5.042408469848302488e+00,5.042408469848302488e+00,5.042408469848302488e+00,-7.395084187019335792e-05,-7.395084187019335792e-05,2.030171265097101898e-05,-4.240846984830248800e-02,-8.481989773027898138e-02,8.482843584109926727e-02,1.176360183068513656e-05
1.214000000000000057e+01,5.000000000000000000e+00,5.042407182631531093e+00,5.042407182631531093e+00,5.042407182631531093e+00,-6.436083858004653540e-05,-6.436083858004653540e-05,2.194919103127488763e-05,-4.240718263153109291e-02,-8.481693969660497601e-02,8.482843584109926727e-02,1.045304653698362882e-05
1.216000000000000014e+01,5.000000000000000000e+00,5.042406070773508553e+00,5.042406070773508553e+00,5.042406070773508553e+00,-5.559290114503561895e-05,-5.559290114503561895e-05,2.331853577006262916e-05,-4.240607077350855292e-02,-8.481436526306218582e-02,8.482843584109926727e-02,9.247957732981181578e-06
1.217999999999999972e+01,5.000000000000000000e+00,5.042405118972591360e+00,5.042405118972591360e+00,5.042405118972591360e+00,-4.759004587762623214e-05,-4.759004587762623214e-05,2.443565152905824572e-05,-4.240511897259136020e-02,-8.481214154701710584e-02,8.482843584109926727e-02,8.141357446896814448e-06
1.220000000000000107e+01,5.000000000000000000e+00,5.042404313000860228e+00,5.042404313000860228e+00,5.042404313000860228e+00,-4.029858653934724228e-05,-4.029858653934724228e-05,2.532454750516369697e-05,-4.240431300086022759e-02,-8.481023794518272041e-02,8.482843584109926727e-02,7.126651588616839915e-06
1.222000000000000064e+01,5.000000000000000000e+00,5.042403639641208635e+00,5.042403639641208635e+00,5.042403639641208635e+00,-3.366798257665823575e-05,-3.366798257665823575e-05,2.600745308754279925e-05,-4.240363964120863471e-02,-8.480862600172045518e-02,8.482843584109926727e-02,6.197613708730710685e-06
1.224000000000000021e+01,5.000000000000000000e+00,5.042403086627377462e+00,5.042403086627377462e+00,5.042403086627377462e+00,-2.765069154344254734e-05,-2.765069154344254734e-05,2.650492775549864841e-05,-4.240308662737746204e-02,-8.480727928241726943e-02,8.482843584109926727e-02,5.348369073500810189e-06
1.225999999999999979e+01,5.000000000000000000e+00,5.042402642586860217e+00,5.042402642586860217e+00,5.042402642586860217e+00,-2.220202584484301498e-05,-2.220202584484301498e-05,2.683596544255277625e-05,-4.240264258686021748e-02,-8.480617325475492407e-02,8.482843584109926727e-02,4.573379098209583378e-06
1.228000000000000114e+01,5.000000000000000000e+00,5.042402296986582044e+00,5.042402296986582044e+00,5.042402296986582044e+00,-1.728001390801412829e-05,-1.728001390801412829e-05,2.701809352344586209e-05,-4.240229698658204427e-02,-8.480528517372043495e-02,8.482843584109926727e-02,3.867426144613547883e-06
1.230000000000000071e+01,5.000000000000000000e+00,5.042402040081264580e+00,5.042402040081264580e+00,5.042402040081264580e+00,-1.284526585184591356e-05,-1.284526585184591356e-05,2.706746665366802575e-05,-4.240204008126458035e-02,-8.480459397316408854e-02,8.482843584109926727e-02,3.225598718489295663e-06
1.232000000000000028e+01,5.000000000000000000e+00,5.042401862864390516e+00,5.042401862864390516e+00,5.042401862864390516e+00,-8.860843701736827990e-06,-8.860843701736827990e-06,2.699895564924494724e-05,-4.240186286439051599e-02,-8.480408016252916070e-02,8.482843584109926727e-02,2.643277079138384148e-06
1.233999999999999986e+01,5.000000000000000000e+00,5.042401757021667486e+00,5.042401757021667486e+00,5.042401757021667486e+00,-5.292136173090277136e-06,-5.292136173090277136e-06,2.682623158472868225e-05,-4.240175702166748550e-02,-8.480372572878103199e-02,8.482843584109926727e-02,2.116119266493403637e-06
1.235999999999999943e+01,5.000000000000000000e+00,5.042401714886906916e+00,5.042401714886906916e+00,5.042401714886906916e+00,-2.106738022242511623e-06,-2.106738022242511623e-06,2.656184533538738138e-05,-4.240171488690691604e-02,-8.480351404333497101e-02,8.482843584109926727e-02,1.640047571091119836e-06
1.238000000000000078e+01,5.000000000000000000e+00,5.042401729400228128e+00,5.042401729400228128e+00,5.042401729400228128e+00,7.256660525870575562e-07,7.256660525870575562e-07,2.621730272605318228e-05,-4.240172940022812753e-02,-8.480342977381383207e-02,8.482843584109926727e-02,1.211235440617985459e-06
1.240000000000000036e+01,5.000000000000000000e+00,5.042401794068488208e+00,5.042401794068488208e+00,5.042401794068488208e+00,3.233412994291106750e-06,3.233412994291106750e-06,2.580313546962755076e-05,-4.240179406848820776e-02,-8.480345880045625506e-02,8.482843584109926727e-02,8.260948266153464512e-07
1.241999999999999993e+01,5.000000000000000000e+00,5.042401902927858615e+00,5.042401902927858615e+00,5.042401902927858615e+00,5.442968505998212040e-06,5.442968505998212040e-06,2.532896811136215923e-05,-4.240190292785861459e-02,-8.480358813697641551e-02,8.482843584109926727e-02,4.812639885104048720e-07
1.243999999999999950e+01,5.000000000000000000e+00,5.042402050508454359e+00,5.042402050508454359e+00,5.042402050508454359e+00,7.379029767236903339e-06,7.379029767236903339e-06,2.480358111838512164e-05,-4.240205050845435863e-02,-8.480380585571722918e-02,8.482843584109926727e-02,1.735957363470339083e-07
1.246000000000000085e+01,5.000000000000000000e+00,5.042402231800930501e+00,5.042402231800930501e+00,5.042402231800930501e+00,9.064623821750898426e-06,9.064623821750898426e-06,2.423497031237685251e-05,-4.240223180093050104e-02,-8.480410101690871727e-02,8.482843584109926727e-02,-9.985387817314483319e-08
1.248000000000000043e+01,5.000000000000000000e+00,5.042402442224965142e+00,5.042402442224965142e+00,5.042402442224965142e+00,1.052120172050884705e-05,1.052120172050884705e-05,2.363040280933038464e-05,-4.240244222496514226e-02,-8.480446360186100208e-02,8.482843584109926727e-02,-3.418364289348056333e-07
1.250000000000000000e+01,5.000000000000000000e+00,5.042402677599535643e+00,5.042402677599535643e+00,5.042402677599535643e+00,1.176872851013461805e-05,1.176872851013461805e-05,2.299646961676655367e-05,-4.240267759953564308e-02,-8.480488444993028452e-02,8.482843584109926727e-02,-5.549215522161956443e-07
1.251999999999999957e+01,5.000000000000000000e+00,5.042402934114918800e+00,5.042402934114918800e+00,5.042402934114918800e+00,1.282576916768900852e-05,1.282576916768900852e-05,2.233913508567852784e-05,-4.240293411491879993e-02,-8.480535519907128617e-02,8.482843584109926727e-02,-7.415069423025724492e-07
1.254000000000000092e+01,5.000000000000000000e+00,5.042403208306330598e+00,5.042403208306330598e+00,5.042403208306330598e+00,1.370957058365213968e-05,1.370957058365213968e-05,2.166378332732031841e-05,-4.240320830633059757e-02,-8.480586822983759987e-02,8.482843584109926727e-02,-9.038279343470791988e-07
1.256000000000000050e+01,5.000000000000000000e+00,5.042403497029124715e+00,5.042403497029124715e+00,5.042403497029124715e+00,1.443613970192020015e-05,1.443613970192020015e-05,2.097526176633273588e-05,-4.240349702912471486e-02,-8.480641661266119513e-02,8.482843584109926727e-02,-1.043966671739401521e-06
1.258000000000000007e+01,5.000000000000000000e+00,5.042403797435483170e+00,5.042403797435483170e+00,5.042403797435483170e+00,1.502031793057258371e-05,1.502031793057258371e-05,2.027792198844403584e-05,-4.240379743548317037e-02,-8.480699405824942971e-02,8.482843584109926727e-02,-1.163860861393517525e-06
1.259999999999999964e+01,5.000000000000000000e+00,5.042404106952521836e+00,5.042404106952521836e+00,5.042404106952521836e+00,1.547585193674210299e-05,1.547585193674210299e-05,1.957565799226777646e-05,-4.240410695252183615e-02,-8.480759487096634075e-02,8.482843584109926727e-02,-1.265312140658739826e-06
1.262000000000000099e+01,5.000000000000000000e+00,5.042404423261740654e+00,5.042404423261740654e+00,5.042404423261740654e+00,1.581546094298141262e-05,1.581546094298141262e-05,1.887194199913518909e-05,-4.240442326174065357e-02,-8.480821390504367230e-02,8.482843584109926727e-02,-1.349994056459779042e-06
1.264000000000000057e+01,5.000000000000000000e+00,5.042404744279753714e+00,5.042404744279753714e+00,5.042404744279753714e+00,1.605090064370448644e-05,1.605090064370448644e-05,1.816985795021214408e-05,-4.240474427975371441e-02,-8.480884652348130714e-02,8.482843584109926727e-02,-1.419459667747980110e-06
1.266000000000000014e+01,5.000000000000000000e+00,5.042405068140230817e+00,5.042405068140230817e+00,5.042405068140230817e+00,1.619302385981639752e-05,1.619302385981639752e-05,1.747213280482360736e-05,-4.240506814023081716e-02,-8.480948855950742882e-02,8.482843584109926727e-02,-1.475148787014840776e-06
1.267999999999999972e+01,5.000000000000000000e+00,5.042405393176991879e+00,5.042405393176991879e+00,5.042405393176991879e+00,1.625183805094159798e-05,1.625183805094159798e-05,1.678116577106841567e-05,-4.240539317699187905e-02,-8.481013628046163433e-02,8.482843584109926727e-02,-1.518394866564521574e-06
1.270000000000000107e+01,5.000000000000000000e+00,5.042405717908187590e+00,5.042405717908187590e+00,5.042405717908187590e+00,1.623655980257955792e-05,1.623655980257955792e-05,1.609905556732119068e-05,-4.240571790818759013e-02,-8.481078635398375809e-02,8.482843584109926727e-02,-1.550431548187986572e-06
1.272000000000000064e+01,5.000000000000000000e+00,5.042406041021515684e+00,5.042406041021515684e+00,5.042406041021515684e+00,1.615566640700048193e-05,1.615566640700048193e-05,1.542762584678880139e-05,-4.240604102151568355e-02,-8.481143581637518025e-02,8.482843584109926727e-02,-1.572398877298212164e-06
1.274000000000000021e+01,5.000000000000000000e+00,5.042406361360408873e+00,5.042406361360408873e+00,5.042406361360408873e+00,1.601694465246556202e-05,1.601694465246556202e-05,1.476844886165127096e-05,-4.240636136040887294e-02,-8.481208204303136711e-02,8.482843584109926727e-02,-1.585349206248889484e-06
1.275999999999999979e+01,5.000000000000000000e+00,5.042406677911147383e+00,5.042406677911147383e+00,5.042406677911147383e+00,1.582753693695531576e-05,1.582753693695531576e-05,1.412286749736308413e-05,-4.240667791114738350e-02,-8.481272272081774588e-02,8.482843584109926727e-02,-1.590252784158302917e-06
1.278000000000000114e+01,5.000000000000000000e+00,5.042406989790843674e+00,5.042406989790843674e+00,5.042406989790843674e+00,1.559398481804214655e-05,1.559398481804214655e-05,1.349201574782362541e-05,-4.240698979084367437e-02,-8.481335582229476699e-02,8.482843584109926727e-02,-1.588003056676647559e-06
1.280000000000000071e+01,5.000000000000000000e+00,5.042407296236246061e+00,5.042407296236246061e+00,5.042407296236246061e+00,1.532227010901878689e-05,1.532227010901878689e-05,1.287683772780856352e-05,-4.240729623624606148e-02,-8.481397958168734874e-02,8.482843584109926727e-02,-1.579421684109963046e-06
1.282000000000000028e+01,5.000000000000000000e+00,5.042407596593318608e+00,5.042407596593318608e+00,5.042407596593318608e+00,1.501785363058557374e-05,1.501785363058557374e-05,1.227810532468665876e-05,-4.240759659331860831e-02,-8.481459247249212297e-02,8.482843584109926727e-02,-1.565263282457642447e-06
1.283999999999999986e+01,5.000000000000000000e+00,5.042407890307552876e+00,5.042407890307552876e+00,5.042407890307552876e+00,1.468571172307802118e-05,1.468571172307802118e-05,1.169643455551004474e-05,-4.240789030755287570e-02,-8.481519318663721663e-02,8.482843584109926727e-02,-1.546219906540595817e-06
1.285999999999999943e+01,5.000000000000000000e+00,5.042408176914965345e+00,5.042408176914965345e+00,5.042408176914965345e+00,1.433037062152385779e-05,1.433037062152385779e-05,1.113230070753638048e-05,-4.240817691496534536e-02,-8.481578061510575139e-02,8.482843584109926727e-02,-1.522925285979492795e-06
1.288000000000000078e+01,5.000000000000000000e+00,5.042408456033741437e+00,5.042408456033741437e+00,5.042408456033741437e+00,1.395593879434011209e-05,1.395593879434011209e-05,1.058605234968640417e-05,-4.240845603374143735e-02,-8.481635382993069072e-02,8.482843584109926727e-02,-1.495958818890140635e-06
1.290000000000000036e+01,5.000000000000000000e+00,5.042408727356487930e+00,5.042408727356487930e+00,5.042408727356487930e+00,1.356613734280924824e-05,1.356613734280924824e-05,1.005792427903147867e-05,-4.240872735648792968e-02,-8.481691206748287470e-02,8.482843584109926727e-02,-1.465849337361085001e-06
1.291999999999999993e+01,5.000000000000000000e+00,5.042408990643059141e+00,5.042408990643059141e+00,5.042408990643059141e+00,1.316432855527998741e-05,1.316432855527998741e-05,9.548049467516646769e-06,-4.240899064305914123e-02,-8.481745471297585937e-02,8.482843584109926727e-02,-1.433078655891255541e-06
1.293999999999999950e+01,5.000000000000000000e+00,5.042409245713913357e+00,5.042409245713913357e+00,5.042409245713913357e+00,1.275354270625634824e-05,1.275354270625634824e-05,9.056470065043592302e-06,-4.240924571391335718e-02,-8.481798128611828247e-02,8.482843584109926727e-02,-1.398084915941206518e-06
1.296000000000000085e+01,5.000000000000000000e+00,5.042409492443977292e+00,5.042409492443977292e+00,5.042409492443977292e+00,1.233650319063772888e-05,1.233650319063772888e-05,8.583147550070149514e-06,-4.240949244397729245e-02,-8.481849142782671436e-02,8.482843584109926727e-02,-1.361265722482760663e-06
1.298000000000000043e+01,5.000000000000000000e+00,5.042409730756978625e+00,5.042409730756978625e+00,5.042409730756978625e+00,1.191565007587810758e-05,1.191565007587810758e-05,8.127972043041517593e-06,-4.240973075697862527e-02,-8.481898488795458491e-02,8.482843584109926727e-02,-1.322981101640843981e-06
1.300000000000000000e+01,5.000000000000000000e+00,5.042409960620221732e+00,5.042409960620221732e+00,5.042409960620221732e+00,1.149316215517718952e-05,1.149316215517718952e-05,7.690770868868925265e-06,-4.240996062022173163e-02,-8.481946151395725053e-02,8.482843584109926727e-02,-1.283556273147809969e-06
1.301999999999999957e+01,5.000000000000000000e+00,5.042410182039773758e+00,5.042410182039773758e+00,5.042410182039773758e+00,1.107097757965357025e-05,1.107097757965357025e-05,7.271316399940990962e-06,-4.241018203977375833e-02,-8.481992124044346326e-02,8.482843584109926727e-02,-1.243284255863014741e-06
1.304000000000000092e+01,5.000000000000000000e+00,5.042410395056037054e+00,5.042410395056037054e+00,5.042410395056037054e+00,1.065081314614885735e-05,1.065081314614885735e-05,6.869333244606436122e-06,-4.241039505603705351e-02,-8.482036407954751667e-02,8.482843584109926727e-02,-1.202428307144164161e-06
1.306000000000000050e+01,5.000000000000000000e+00,5.042410599739683086e+00,5.042410599739683086e+00,5.042410599739683086e+00,1.023418231305562878e-05,1.023418231305562878e-05,6.484504815216576710e-06,-4.241059973968308583e-02,-8.482079011207410701e-02,8.482843584109926727e-02,-1.161224209943675634e-06
1.308000000000000007e+01,5.000000000000000000e+00,5.042410796187922983e+00,5.042410796187922983e+00,5.042410796187922983e+00,9.822412013458720463e-06,9.822412013458720463e-06,6.116479317086552419e-06,-4.241079618792298334e-02,-8.482119947936617166e-02,8.482843584109926727e-02,-1.119882416009056075e-06
1.309999999999999964e+01,5.000000000000000000e+00,5.042410984521089823e+00,5.042410984521089823e+00,5.042410984521089823e+00,9.416658332337648536e-06,9.416658332337648536e-06,5.764875202247996955e-06,-4.241098452108982286e-02,-8.482159237584596667e-02,8.482843584109926727e-02,-1.078590051052598997e-06
1.312000000000000099e+01,5.000000000000000000e+00,5.042411164879512242e+00,5.042411164879512242e+00,5.042411164879512242e+00,9.017921112466427180e-06,9.017921112466427180e-06,5.429286133625431594e-06,-4.241116487951224201e-02,-8.482196904217964573e-02,8.482843584109926727e-02,-1.037512785996110026e-06
1.314000000000000057e+01,5.000000000000000000e+00,5.042411337420663386e+00,5.042411337420663386e+00,5.042411337420663386e+00,8.627057550315509946e-06,8.627057550315509946e-06,5.109285490957250600e-06,-4.241133742066338641e-02,-8.482232975902448402e-02,8.482843584109926727e-02,-9.967965838259972263e-07
1.316000000000000014e+01,5.000000000000000000e+00,5.042411502316560323e+00,5.042411502316560323e+00,5.042411502316560323e+00,8.244794838993923223e-06,8.244794838993923223e-06,4.804430437099646953e-06,-4.241150231656032332e-02,-8.482267484132677282e-02,8.482843584109926727e-02,-9.565693353947992162e-07
1.317999999999999972e+01,5.000000000000000000e+00,5.042411659751398822e+00,5.042411659751398822e+00,5.042411659751398822e+00,7.871741914938419919e-06,7.871741914938419919e-06,4.514265598438895266e-06,-4.241165975139882249e-02,-8.482300463312064664e-02,8.482843584109926727e-02,-9.169423801817272741e-07
1.320000000000000107e+01,5.000000000000000000e+00,5.042411809919405741e+00,5.042411809919405741e+00,5.042411809919405741e+00,7.508400361219209493e-06,7.508400361219209493e-06,4.238326377746315656e-06,-4.241180991940574074e-02,-8.482331950279764499e-02,8.482843584109926727e-02,-8.780119238759653158e-07
1.322000000000000064e+01,5.000000000000000000e+00,5.042411953022895688e+00,5.042411953022895688e+00,5.042411953022895688e+00,7.155174518166811927e-06,7.155174518166811927e-06,3.976141930695230443e-06,-4.241195302289568758e-02,-8.482361983881148149e-02,8.482843584109926727e-02,-8.398603570905504450e-07
1.324000000000000021e+01,5.000000000000000000e+00,5.042412089270512432e+00,5.042412089270512432e+00,5.042412089270512432e+00,6.812380848650976343e-06,6.812380848650976343e-06,3.727237823008460330e-06,-4.241208927051243194e-02,-8.482390604579137516e-02,8.482843584109926727e-02,-8.025574848836432861e-07
1.325999999999999979e+01,5.000000000000000000e+00,5.042412218875644392e+00,5.042412218875644392e+00,5.042412218875644392e+00,6.480256604772709349e-06,6.480256604772709349e-06,3.491138409868307250e-06,-4.241221887564439186e-02,-8.482417854102486388e-02,8.482843584109926727e-02,-7.661616645350843983e-07
1.328000000000000114e+01,5.000000000000000000e+00,5.042412342055000884e+00,5.042412342055000884e+00,5.042412342055000884e+00,6.158967839032349607e-06,6.158967839032349607e-06,3.267368947369112348e-06,-4.241234205500088450e-02,-8.482443775128878372e-02,8.482843584109926727e-02,-7.307208631144391556e-07
1.330000000000000071e+01,5.000000000000000000e+00,5.042412459027336702e+00,5.042412459027336702e+00,5.042412459027336702e+00,5.848616800987034109e-06,5.848616800987034109e-06,3.055457458579197167e-06,-4.241245902733670192e-02,-8.482468411000176900e-02,8.482843584109926727e-02,-6.962736389190704413e-07
1.332000000000000028e+01,5.000000000000000000e+00,5.042412570012311690e+00,5.042412570012311690e+00,5.042412570012311690e+00,5.549248758377724395e-06,5.549248758377724395e-06,2.854936374893939933e-06,-4.241257001231168999e-02,-8.482491805467340384e-02,8.482843584109926727e-02,-6.628500509694828945e-07
1.333999999999999986e+01,5.000000000000000000e+00,5.042412675229477337e+00,5.042412675229477337e+00,5.042412675229477337e+00,5.260858280312605305e-06,5.260858280312605305e-06,2.665343977726536466e-06,-4.241267522947733681e-02,-8.482514002462337999e-02,8.482843584109926727e-02,-6.304724981607444226e-07
1.335999999999999943e+01,5.000000000000000000e+00,5.042412774897377936e+00,5.042412774897377936e+00,5.042412774897377936e+00,4.983395017022433283e-06,4.983395017022433283e-06,2.486225647410888464e-06,-4.241277489737793616e-02,-8.482535045895467363e-02,8.482843584109926727e-02,-5.991564971827516711e-07
1.338000000000000078e+01,5.000000000000000000e+00,5.042412869232758332e+00,5.042412869232758332e+00,5.042412869232758332e+00,4.716769009766991737e-06,4.716769009766991737e-06,2.317134944468014434e-06,-4.241286923275833232e-02,-8.482554979475587231e-02,8.482843584109926727e-02,-5.689113989269403604e-07
1.340000000000000036e+01,5.000000000000000000e+00,5.042412958449869365e+00,5.042412958449869365e+00,5.042412958449869365e+00,4.460855562066245902e-06,4.460855562066245902e-06,2.157634532759536356e-06,-4.241295844986936459e-02,-8.482573846551666463e-02,8.482843584109926727e-02,-5.397410498430981959e-07
1.341999999999999993e+01,5.000000000000000000e+00,5.042413042759863018e+00,5.042413042759863018e+00,5.042413042759863018e+00,4.215499701769573686e-06,4.215499701769573686e-06,2.007296959099523739e-06,-4.241304275986301775e-02,-8.482591689973872917e-02,8.482843584109926727e-02,-5.116444014385726142e-07
1.343999999999999950e+01,5.000000000000000000e+00,5.042413122370268397e+00,5.042413122370268397e+00,5.042413122370268397e+00,3.980520261767117888e-06,3.980520261767117888e-06,1.865705301745019948e-06,-4.241312237026839682e-02,-8.482608551972603550e-02,8.482843584109926727e-02,-4.846160714867474263e-07
1.346000000000000085e+01,5.000000000000000000e+00,5.042413197484540532e+00,5.042413197484540532e+00,5.042413197484540532e+00,3.755713606026835602e-06,3.755713606026835602e-06,1.732453704364294386e-06,-4.241319748454053240e-02,-8.482624474053679364e-02,8.482843584109926727e-02,-4.586468581093302799e-07
1.348000000000000043e+01,5.000000000000000000e+00,5.042413268301681128e+00,5.042413268301681128e+00,5.042413268301681128e+00,3.540857026356408616e-06,3.540857026356408616e-06,1.607147809322566592e-06,-4.241326830168112849e-02,-8.482639496908106480e-02,8.482843584109926727e-02,-4.337242088798998505e-07
1.350000000000000000e+01,5.000000000000000000e+00,5.042413335015917930e+00,5.042413335015917930e+00,5.042413335015917930e+00,3.335711831710789737e-06,3.335711831710789737e-06,1.489405079900217706e-06,-4.241333501591793009e-02,-8.482653660336225698e-02,8.482843584109926727e-02,-4.098326571100665989e-07
1.351999999999999957e+01,5.000000000000000000e+00,5.042413397816440934e+00,5.042413397816440934e+00,5.042413397816440934e+00,3.140026153362474100e-06,3.140026153362474100e-06,1.378855048227632094e-06,-4.241339781644093421e-02,-8.482667003183586019e-02,8.482843584109926727e-02,-3.869542151794490097e-07
1.354000000000000092e+01,5.000000000000000000e+00,5.042413456887191003e+00,5.042413456887191003e+00,5.042413456887191003e+00,2.953537486252933357e-06,2.953537486252933357e-06,1.275139482267067737e-06,-4.241345688719100337e-02,-8.482679563288186841e-02,8.482843584109926727e-02,-3.650687351317852933e-07
1.356000000000000050e+01,5.000000000000000000e+00,5.042413512406691112e+00,5.042413512406691112e+00,5.042413512406691112e+00,2.775974985384091721e-06,2.775974985384091721e-06,1.177912477564515937e-06,-4.241351240669111178e-02,-8.482691377438200675e-02,8.482843584109926727e-02,-3.441542396960014597e-07
1.358000000000000007e+01,5.000000000000000000e+00,5.042413564547922000e+00,5.042413564547922000e+00,5.042413564547922000e+00,2.607061536755073346e-06,2.607061536755073346e-06,1.086840499093905851e-06,-4.241356454792200026e-02,-8.482702481338222356e-02,8.482843584109926727e-02,-3.241872179498055288e-07
1.359999999999999964e+01,5.000000000000000000e+00,5.042413613478234247e+00,5.042413613478234247e+00,5.042413613478234247e+00,2.446515618716482623e-06,2.446515618716482623e-06,1.001602356369165485e-06,-4.241361347823424666e-02,-8.482712909584400052e-02,8.482843584109926727e-02,-3.051428988975846895e-07
1.362000000000000099e+01,5.000000000000000000e+00,5.042413659359294087e+00,5.042413659359294087e+00,5.042413659359294087e+00,2.294052970162438955e-06,2.294052970162438955e-06,9.218891331760480524e-07,-4.241365935929408693e-02,-8.482722695646849331e-02,8.482843584109926727e-02,-2.869954975979062502e-07
1.364000000000000057e+01,5.000000000000000000e+00,5.042413702347055882e+00,5.042413702347055882e+00,5.042413702347055882e+00,2.149388080447642594e-06,2.149388080447642594e-06,8.474040730144774697e-07,-4.241370234705588160e-02,-8.482731871858817385e-02,8.482843584109926727e-02,-2.697184380789382372e-07
1.366000000000000014e+01,5.000000000000000000e+00,5.042413742591766557e+00,5.042413742591766557e+00,5.042413742591766557e+00,2.012235516218557011e-06,2.012235516218557011e-06,7.778624381567886653e-07,-4.241374259176655670e-02,-8.482740469411176321e-02,8.482843584109926727e-02,-2.532845493472725893e-07
1.367999999999999972e+01,5.000000000000000000e+00,5.042413780237988696e+00,5.042413780237988696e+00,5.042413780237988696e+00,1.882311096156514514e-06,1.882311096156514514e-06,7.129913155981311903e-07,-4.241378023798869634e-02,-8.482748518353311340e-02,8.482843584109926727e-02,-2.376662505557362114e-07
1.370000000000000107e+01,5.000000000000000000e+00,5.042413815424647616e+00,5.042413815424647616e+00,5.042413815424647616e+00,1.759332927868473411e-06,1.759332927868473411e-06,6.525294132761040165e-07,-4.241381542464761623e-02,-8.482756047597739268e-02,8.482843584109926727e-02,-2.228357085984788024e-07
1.372000000000000064e+01,5.000000000000000000e+00,5.042413848285093536e+00,5.042413848285093536e+00,5.042413848285093536e+00,1.643022317045231710e-06,1.643022317045231710e-06,5.962268196360554509e-07,-4.241384828509353611e-02,-8.482763084929523245e-02,8.482843584109926727e-02,-2.087649843987603990e-07
1.374000000000000021e+01,5.000000000000000000e+00,5.042413878947185069e+00,5.042413878947185069e+00,5.042413878947185069e+00,1.533104560764318917e-06,1.533104560764318917e-06,5.438447542361034640e-07,-4.241387894718506857e-02,-8.482769657018707221e-02,8.482843584109926727e-02,-1.954261579589523167e-07
1.375999999999999979e+01,5.000000000000000000e+00,5.042413907533378037e+00,5.042413907533378037e+00,5.042413907533378037e+00,1.429309632813904027e-06,1.429309632813904027e-06,4.951552812601689518e-07,-4.241390753337803687e-02,-8.482775789437013714e-02,8.482843584109926727e-02,-1.827914478699609833e-07
1.378000000000000114e+01,5.000000000000000000e+00,5.042413934160833833e+00,5.042413934160833833e+00,5.042413934160833833e+00,1.331372773555722531e-06,1.331372773555722531e-06,4.499410402320893883e-07,-4.241393416083383272e-02,-8.482781506675607375e-02,8.482843584109926727e-02,-1.708333029614303473e-07
1.380000000000000071e+01,5.000000000000000000e+00,5.042413958941533991e+00,5.042413958941533991e+00,5.042413958941533991e+00,1.239034989783655709e-06,1.239034989783655709e-06,4.079949358350547341e-07,-4.241395894153399126e-02,-8.482786832166766544e-02,8.482843584109926727e-02,-1.595244957667714290e-07
1.382000000000000028e+01,5.000000000000000000e+00,5.042413981982403648e+00,5.042413981982403648e+00,5.042413981982403648e+00,1.152043474206308308e-06,1.152043474206308308e-06,3.691198340101811698e-07,-4.241398198240364792e-02,-8.482791788306798253e-02,8.482843584109926727e-02,-1.488381972745564115e-07
1.383999999999999986e+01,5.000000000000000000e+00,5.042414003385442989e+00,5.042414003385442989e+00,5.042414003385442989e+00,1.070151951725103210e-06,1.070151951725103210e-06,3.331282493942584404e-07,-4.241400338544298876e-02,-8.482796396480729584e-02,8.482843584109926727e-02,-1.387480425771707777e-07
1.385999999999999943e+01,5.000000000000000000e+00,5.042414023247862254e+00,5.042414023247862254e+00,5.042414023247862254e+00,9.931209590000402073e-07,9.931209590000402073e-07,2.998420244744720701e-07,-4.241402324786225364e-02,-8.482800677088597752e-02,8.482843584109926727e-02,-1.292281888152785204e-07
1.388000000000000078e+01,5.000000000000000000e+00,5.042414041662223845e+00,5.042414041662223845e+00,5.042414041662223845e+00,9.207180644692329794e-07,9.207180644692329794e-07,2.690920136919679285e-07,-4.241404166222384475e-02,-8.482804649572450728e-02,8.482843584109926727e-02,-1.202533610680182519e-07
1.390000000000000036e+01,5.000000000000000000e+00,5.042414058716584435e+00,5.042414058716584435e+00,5.042414058716584435e+00,8.527180336666576915e-07,8.527180336666576915e-07,2.407177564434795714e-07,-4.241405871658443516e-02,-8.482808332444768951e-02,8.482843584109926727e-02,-1.117988951342815860e-07
1.391999999999999993e+01,5.000000000000000000e+00,5.042414074494643295e+00,5.042414074494643295e+00,5.042414074494643295e+00,7.889029465917257517e-07,7.889029465917257517e-07,2.145671629173387699e-07,-4.241407449464329460e-02,-8.482811743316887032e-02,8.482843584109926727e-02,-1.038407674796079335e-07
1.393999999999999950e+01,5.000000000000000000e+00,5.042414089075888839e+00,5.042414089075888839e+00,5.042414089075888839e+00,7.290622706478715401e-07,7.290622706478715401e-07,1.904961871531840596e-07,-4.241408907588883892e-02,-8.482814898928658920e-02,8.482843584109926727e-02,-9.635562552488430343e-08
1.396000000000000085e+01,5.000000000000000000e+00,5.042414102535746956e+00,5.042414102535746956e+00,5.042414102535746956e+00,6.729928951236370710e-07,6.729928951236370710e-07,1.683685154055272190e-07,-4.241410253574695588e-02,-8.482817815177767784e-02,8.482843584109926727e-02,-8.932080618389992596e-08
1.398000000000000043e+01,5.000000000000000000e+00,5.042414114945729331e+00,5.042414114945729331e+00,5.042414114945729331e+00,6.204991309964071528e-07,6.204991309964071528e-07,1.480552538513378359e-07,-4.241411494572933094e-02,-8.482820507149391176e-02,8.482843584109926727e-02,-8.271435150416967842e-08
1.400000000000000000e+01,5.000000000000000000e+00,5.042414126373582661e+00,5.042414126373582661e+00,5.042414126373582661e+00,5.713926799957538939e-07,5.713926799957538939e-07,1.294346209898745638e-07,-4.241412637358266124e-02,-8.482822989145866188e-02,8.482843584109926727e-02,-7.651501961551055652e-08
1.401999999999999957e+01,5.000000000000000000e+00,5.042414136883434317e+00,5.042414136883434317e+00,5.042414136883434317e+00,5.254925760180250230e-07,5.254925760180250230e-07,1.123916402184651058e-07,-4.241413688343431687e-02,-8.482825274716532249e-02,8.482843584109926727e-02,-7.070229372631280328e-08
1.404000000000000092e+01,5.000000000000000000e+00,5.042414146535936226e+00,5.042414146535936226e+00,5.042414146535936226e+00,4.826251031703890933e-07,4.826251031703890933e-07,9.681784754166518324e-08,-4.241414653593622575e-02,-8.482827376686863374e-02,8.482843584109926727e-02,-6.525638309185914667e-08
1.406000000000000050e+01,5.000000000000000000e+00,5.042414155388410535e+00,5.042414155388410535e+00,5.042414155388410535e+00,4.426236934321664054e-07,4.426236934321664054e-07,8.261100578816233363e-08,-4.241415538841053490e-02,-8.482829307187245149e-02,8.482843584109926727e-02,-6.015822102761308488e-08
1.408000000000000007e+01,5.000000000000000000e+00,5.042414163494986390e+00,5.042414163494986390e+00,5.042414163494986390e+00,4.053288052903914785e-07,4.053288052903914785e-07,6.967481201441724175e-08,-4.241416349498638994e-02,-8.482831077682106979e-02,8.482843584109926727e-02,-5.538946618305588038e-08
1.409999999999999964e+01,5.000000000000000000e+00,5.042414170906742044e+00,5.042414170906742044e+00,5.042414170906742044e+00,3.705877883990224064e-07,3.705877883990224064e-07,5.791863637670085060e-08,-4.241417090674204360e-02,-8.482832698997277987e-02,8.482843584109926727e-02,-5.093249011069618130e-08
1.412000000000000099e+01,5.000000000000000000e+00,5.042414177671836306e+00,5.042414177671836306e+00,5.042414177671836306e+00,3.382547334213289230e-07,3.382547334213289230e-07,4.725723862208753970e-08,-4.241417767183630616e-02,-8.482834181348408720e-02,8.482843584109926727e-02,-4.677037655798253909e-08
1.414000000000000057e+01,5.000000000000000000e+00,5.042414183835642660e+00,5.042414183835642660e+00,5.042414183835642660e+00,3.081903122462475944e-07,3.081903122462475944e-07,3.761052167051568952e-08,-4.241418383564266037e-02,-8.482835534367261232e-02,8.482843584109926727e-02,-4.288690498443061293e-08
1.416000000000000014e+01,5.000000000000000000e+00,5.042414189440874495e+00,5.042414189440874495e+00,5.042414189440874495e+00,2.802616081142341515e-07,2.802616081142341515e-07,2.890327092611301938e-08,-4.241418944087449461e-02,-8.482836767128532074e-02,8.482843584109926727e-02,-3.926654302041508228e-08
1.417999999999999972e+01,5.000000000000000000e+00,5.042414194527713001e+00,5.042414194527713001e+00,5.042414194527713001e+00,2.543419395440511471e-07,2.543419395440511471e-07,2.106492241240415440e-08,-4.241419452771300058e-02,-8.482837888174898922e-02,8.482843584109926727e-02,-3.589442786564772460e-08
1.420000000000000107e+01,5.000000000000000000e+00,5.042414199133926189e+00,5.042414199133926189e+00,5.042414199133926189e+00,2.303106771897648639e-07,2.303106771897648639e-07,1.402931600118822269e-08,-4.241419913392618923e-02,-8.482838905542600116e-02,8.482843584109926727e-02,-3.275635726491494444e-08
1.422000000000000064e+01,5.000000000000000000e+00,5.042414203294987018e+00,5.042414203294987018e+00,5.042414203294987018e+00,2.080530571728266291e-07,2.080530571728266291e-07,7.734477020382423293e-09,-4.241420329498701847e-02,-8.482839826785237847e-02,8.482843584109926727e-02,-2.983876986841772589e-08
1.424000000000000021e+01,5.000000000000000000e+00,5.042414207044187080e+00,5.042414207044187080e+00,5.042414207044187080e+00,1.874599909634031800e-07,1.874599909634031800e-07,2.122395078592012488e-09,-4.241420704418707999e-02,-8.482840658997403693e-02,8.482843584109926727e-02,-2.712873015174200608e-08
1.425999999999999979e+01,5.000000000000000000e+00,5.042414210412744957e+00,5.042414210412744957e+00,5.042414210412744957e+00,1.684278732579422255e-07,1.684278732579422255e-07,-2.861186091206229382e-09,-4.241421041274495707e-02,-8.482841408837415997e-02,8.482843584109926727e-02,-2.461391119849976508e-08
1.428000000000000114e+01,5.000000000000000000e+00,5.042414213429912806e+00,5.042414213429912806e+00,5.042414213429912806e+00,1.508583894020038699e-07,1.508583894020038699e-07,-7.266965301441400611e-09,-4.241421342991280596e-02,-8.482842082548991414e-02,8.482843584109926727e-02,-2.228257465457202178e-08
1.430000000000000071e+01,5.000000000000000000e+00,5.042414216123079385e+00,5.042414216123079385e+00,5.042414216123079385e+00,1.346583224241830792e-07,1.346583224241830792e-07,-1.114228037620403358e-08,-4.241421612307938460e-02,-8.482842685982561193e-02,8.482843584109926727e-02,-2.012355403154366132e-08
1.432000000000000028e+01,5.000000000000000000e+00,5.042414218517866864e+00,5.042414218517866864e+00,5.042414218517866864e+00,1.197393604625674387e-07,1.197393604625674387e-07,-1.453129719197333546e-08,-4.241421851786686403e-02,-8.482843224615876920e-02,8.482843584109926727e-02,-1.812623769003730533e-08
1.433999999999999986e+01,5.000000000000000000e+00,5.042414220638224975e+00,5.042414220638224975e+00,5.042414220638224975e+00,1.060179062100133952e-07,1.060179062100133952e-07,-1.747518206297298980e-08,-4.241422063822497535e-02,-8.482843703573372807e-02,8.482843584109926727e-02,-1.628054760217361895e-08
1.435999999999999943e+01,5.000000000000000000e+00,5.042414222506522492e+00,5.042414222506522492e+00,5.042414222506522492e+00,9.341488847182050977e-08,9.341488847182050977e-08,-2.001227117191544594e-08,-4.241422250652249204e-02,-8.482844127644995069e-02,8.482843584109926727e-02,-1.457692048849062210e-08
1.438000000000000078e+01,5.000000000000000000e+00,5.042414224143634272e+00,5.042414224143634272e+00,5.042414224143634272e+00,8.185557599125876464e-08,8.185557599125876464e-08,-2.217823633379700769e-08,-4.241422414363427151e-02,-8.482844501304498408e-02,8.482843584109926727e-02,-1.300629061698432824e-08
1.440000000000000036e+01,5.000000000000000000e+00,5.042414225569022079e+00,5.042414225569022079e+00,5.042414225569022079e+00,7.126939435444705228e-08,7.126939435444705228e-08,-2.400624037685841193e-08,-4.241422556902207930e-02,-8.482844828726854303e-02,8.482843584109926727e-02,-1.156007110109904522e-08
1.441999999999999993e+01,5.000000000000000000e+00,5.042414226800817190e+00,5.042414226800817190e+00,5.042414226800817190e+00,6.158974728162464405e-08,6.158974728162464405e-08,-2.552707637377699691e-08,-4.241422680081718966e-02,-8.482845113804415860e-02,8.482843584109926727e-02,-1.023013148244717299e-08
1.443999999999999950e+01,5.000000000000000000e+00,5.042414227855894104e+00,5.042414227855894104e+00,5.042414227855894104e+00,5.275384057193299013e-08,5.275384057193299013e-08,-2.676931981529188852e-08,-4.241422785589410438e-02,-8.482845360163437931e-02,8.482843584109926727e-02,-9.008784703248325688e-09
1.446000000000000085e+01,5.000000000000000000e+00,5.042414228749944272e+00,5.042414228749944272e+00,5.042414228749944272e+00,4.470251115415441091e-08,4.470251115415441091e-08,-2.775945360585277560e-08,-4.241422874994427161e-02,-8.482845571178820876e-02,8.482843584109926727e-02,-7.888764664360421841e-09
1.448000000000000043e+01,5.000000000000000000e+00,5.042414229497545364e+00,5.042414229497545364e+00,5.042414229497545364e+00,3.738006005955304073e-08,3.738006005955304073e-08,-2.852199979185931739e-08,-4.241422949754536376e-02,-8.482845749988854323e-02,8.482843584109926727e-02,-6.863210515901439760e-09
1.450000000000000000e+01,5.000000000000000000e+00,5.042414230112227003e+00,5.042414230112227003e+00,5.042414230112227003e+00,3.073409000763856763e-08,3.073409000763856763e-08,-2.907964045959172668e-08,-4.241423011222700268e-02,-8.482845899509072751e-02,8.482843584109926727e-02,-5.925648999346510148e-09
1.451999999999999957e+01,5.000000000000000000e+00,5.042414230606533820e+00,5.042414230606533820e+00,5.042414230606533820e+00,2.471534785727327918e-08,2.471534785727327918e-08,-2.945333149601430356e-08,-4.241423060653382038e-02,-8.482846022445400536e-02,8.482843584109926727e-02,-5.069976757925355691e-09
1.454000000000000092e+01,5.000000000000000000e+00,5.042414230992084967e+00,5.042414230992084967e+00,5.042414230992084967e+00,1.927757183848731245e-08,1.927757183848731245e-08,-2.966241233058637487e-08,-4.241423099208496694e-02,-8.482846121306764076e-02,8.482843584109926727e-02,-4.290443957097610777e-09
1.456000000000000050e+01,5.000000000000000000e+00,5.042414231279631842e+00,5.042414231279631842e+00,5.042414231279631842e+00,1.437734383899530979e-08,1.437734383899530979e-08,-2.972470815643272415e-08,-4.241423127963184214e-02,-8.482846198416993388e-02,8.482843584109926727e-02,-3.581637489815027770e-09
1.458000000000000007e+01,5.000000000000000000e+00,5.042414231479110498e+00,5.042414231479110498e+00,5.042414231479110498e+00,9.973946357827132801e-09,9.973946357827132801e-09,-2.965663097268645015e-08,-4.241423147911049796e-02,-8.482846255926368428e-02,8.482843584109926727e-02,-2.938466555669763329e-09
1.459999999999999964e+01,5.000000000000000000e+00,5.042414231599694929e+00,5.042414231599694929e+00,5.042414231599694929e+00,6.029225091910369198e-09,6.029225091910369198e-09,-2.947326630134050819e-08,-4.241423159969492929e-02,-8.482846295822099592e-02,8.482843584109926727e-02,-2.356144572692399670e-09
1.462000000000000099e+01,5.000000000000000000e+00,5.042414231649844147e+00,5.042414231649844147e+00,5.042414231649844147e+00,2.507455738800900776e-09,2.507455738800900776e-09,-2.918846843918431337e-08,-4.241423164984414740e-02,-8.482846319938985857e-02,8.482843584109926727e-02,-1.830177847878190448e-09
1.464000000000000057e+01,5.000000000000000000e+00,5.042414231637348365e+00,5.042414231637348365e+00,5.042414231637348365e+00,-6.247835699003094003e-10,-6.247835699003094003e-10,-2.881493734821120471e-08,-4.241423163734836521e-02,-8.482846329968829480e-02,8.482843584109926727e-02,-1.356348320682025446e-09
1.466000000000000014e+01,5.000000000000000000e+00,5.042414231569373406e+00,5.042414231569373406e+00,5.042414231569373406e+00,-3.398734974345572173e-09,-3.398734974345572173e-09,-2.836429761435293423e-08,-4.241423156937340622e-02,-8.482846327469673042e-02,8.482843584109926727e-02,-9.307001511972762608e-10
1.467999999999999972e+01,5.000000000000000000e+00,5.042414231452501561e+00,5.042414231452501561e+00,5.042414231452501561e+00,-5.843578998162171655e-09,-5.843578998162171655e-09,-2.784717521251156741e-08,-4.241423145250156068e-02,-8.482846313874681243e-02,8.482843584109926727e-02,-5.495276673457288146e-10
1.470000000000000107e+01,5.000000000000000000e+00,5.042414231292770666e+00,5.042414231292770666e+00,5.042414231292770666e+00,-7.986547643639607645e-09,-7.986547643639607645e-09,-2.727326545293653569e-08,-4.241423129277066550e-02,-8.482846290500312136e-02,8.482843584109926727e-02,-2.093615988400191727e-10
1.472000000000000064e+01,5.000000000000000000e+00,5.042414231095709631e+00,5.042414231095709631e+00,5.042414231095709631e+00,-9.853032763292048281e-09,-9.853032763292048281e-09,-2.665139884016401235e-08,-4.241423109570963135e-02,-8.482846258554133101e-02,8.482843584109926727e-02,9.304322357792191200e-11
1.474000000000000021e+01,5.000000000000000000e+00,5.042414230866375746e+00,5.042414230866375746e+00,5.042414230866375746e+00,-1.146668930573153241e-08,-1.146668930573153241e-08,-2.598959818768688794e-08,-4.241423086637574613e-02,-8.482846219141926269e-02,8.482843584109926727e-02,3.607218077404750614e-10
1.475999999999999979e+01,5.000000000000000000e+00,5.042414230609384873e+00,5.042414230609384873e+00,5.042414230609384873e+00,-1.284953498833385319e-08,-1.284953498833385319e-08,-2.529514613175474351e-08,-4.241423060938487311e-02,-8.482846173275149226e-02,8.482843584109926727e-02,5.965060932415978761e-10
1.478000000000000114e+01,5.000000000000000000e+00,5.042414230328944313e+00,5.042414230328944313e+00,5.042414230328944313e+00,-1.402204447991389650e-08,-1.402204447991389650e-08,-2.457462990413429122e-08,-4.241423032894431344e-02,-8.482846121876974621e-02,8.482843584109926727e-02,8.030405748089471561e-10
1.480000000000000071e+01,5.000000000000000000e+00,5.042414230028879452e+00,5.042414230028879452e+00,5.042414230028879452e+00,-1.500324004369798885e-08,-1.500324004369798885e-08,-2.383400011775481170e-08,-4.241423002887945160e-02,-8.482846065788862688e-02,8.482843584109926727e-02,9.827892418614756704e-10
1.482000000000000028e+01,5.000000000000000000e+00,5.042414229712663953e+00,5.042414229712663953e+00,5.042414229712663953e+00,-1.581077702671315283e-08,-1.581077702671315283e-08,-2.307860987384963201e-08,-4.241422971266395336e-02,-8.482846005775890319e-02,8.482843584109926727e-02,1.138049762073157165e-09
1.483999999999999986e+01,5.000000000000000000e+00,5.042414229383443747e+00,5.042414229383443747e+00,5.042414229383443747e+00,-1.646102637990829191e-08,-1.646102637990829191e-08,-2.231327055866456015e-08,-4.241422938344374671e-02,-8.482845942532790673e-02,8.482843584109926727e-02,1.270958080797074807e-09
1.485999999999999943e+01,5.000000000000000000e+00,5.042414229044061003e+00,5.042414229044061003e+00,5.042414229044061003e+00,-1.696915246787969198e-08,-1.696915246787969198e-08,-2.154228725962229264e-08,-4.241422904406100258e-02,-8.482845876688749343e-02,8.482843584109926727e-02,1.383500966535690882e-09
1.488000000000000078e+01,5.000000000000000000e+00,5.042414228697077228e+00,5.042414228697077228e+00,5.042414228697077228e+00,-1.734918701560450956e-08,-1.734918701560450956e-08,-2.076949794512787771e-08,-4.241422869707722754e-02,-8.482845808812200517e-02,8.482843584109926727e-02,1.477524792770035467e-09
1.490000000000000036e+01,5.000000000000000000e+00,5.042414228344795468e+00,5.042414228344795468e+00,5.042414228344795468e+00,-1.761409953107390830e-08,-1.761409953107390830e-08,-1.999831217029849033e-08,-4.241422834479546822e-02,-8.482845739415445507e-02,8.482843584109926727e-02,1.554743017507767226e-09
1.491999999999999993e+01,5.000000000000000000e+00,5.042414227989278075e+00,5.042414227989278075e+00,5.042414227989278075e+00,-1.777586446975982990e-08,-1.777586446975982990e-08,-1.923174891793313419e-08,-4.241422798927807492e-02,-8.482845668959093643e-02,8.482843584109926727e-02,1.616742751234446286e-09
1.493999999999999950e+01,5.000000000000000000e+00,5.042414227632368018e+00,5.042414227632368018e+00,5.042414227632368018e+00,-1.784552410945838542e-08,-1.784552410945838542e-08,-1.847246086674539178e-08,-4.241422763236801785e-02,-8.482845597855614983e-02,8.482843584109926727e-02,1.664996015817572983e-09
1.496000000000000085e+01,5.000000000000000000e+00,5.042414227275703098e+00,5.042414227275703098e+00,5.042414227275703098e+00,-1.783324914568907292e-08,-1.783324914568907292e-08,-1.772277447176527690e-08,-4.241422727570309803e-02,-8.482845526473603570e-02,8.482843584109926727e-02,1.700862296668896283e-09
1.498000000000000043e+01,5.000000000000000000e+00,5.042414226920735487e+00,5.042414226920735487e+00,5.042414226920735487e+00,-1.774839482525956271e-08,-1.774839482525956271e-08,-1.698470594139398408e-08,-4.241422692073548717e-02,-8.482845455140619606e-02,8.482843584109926727e-02,1.725600987399066823e-09
1.500000000000000000e+01,5.000000000000000000e+00,5.042414226568744162e+00,5.042414226568744162e+00,5.042414226568744162e+00,-1.759955530269379733e-08,-1.759955530269379733e-08,-1.625999959960191227e-08,-4.241422656874416219e-02,-8.482845384147097434e-02,8.482843584109926727e-02,1.740372107470115814e-09
1.501999999999999957e+01,5.000000000000000000e+00,5.042414226220851781e+00,5.042414226220851781e+00,5.042414226220851781e+00,-1.739461393186707910e-08,-1.739461393186707910e-08,-1.555014159442660502e-08,-4.241422622085178062e-02,-8.482845313748832439e-02,8.482843584109926727e-02,1.746247462693227386e-09
1.504000000000000092e+01,5.000000000000000000e+00,5.042414225878036227e+00,5.042414225878036227e+00,5.042414225878036227e+00,-1.714079178845461426e-08,-1.714079178845461426e-08,-1.485639249774243736e-08,-4.241422587803622690e-02,-8.482845244170356125e-02,8.482843584109926727e-02,1.744211796239031307e-09
1.506000000000000050e+01,5.000000000000000000e+00,5.042414225541142159e+00,5.042414225541142159e+00,5.042414225541142159e+00,-1.684469276946780503e-08,-1.684469276946780503e-08,-1.417980159858653349e-08,-4.241422554114215870e-02,-8.482845175607245380e-02,8.482843584109926727e-02,1.735171587950585138e-09
1.508000000000000007e+01,5.000000000000000000e+00,5.042414225210895218e+00,5.042414225210895218e+00,5.042414225210895218e+00,-1.651234587614888427e-08,-1.651234587614888427e-08,-1.352122383627858754e-08,-4.241422521089521780e-02,-8.482845108228431741e-02,8.482843584109926727e-02,1.719961213862461696e-09
1.509999999999999964e+01,5.000000000000000000e+00,5.042414224887910024e+00,5.042414224887910024e+00,5.042414224887910024e+00,-1.614924607926097921e-08,-1.614924607926097921e-08,-1.288134790726982874e-08,-4.241422488791002365e-02,-8.482845042179043560e-02,8.482843584109926727e-02,1.699343261061221742e-09
1.512000000000000099e+01,5.000000000000000000e+00,5.042414224572702608e+00,5.042414224572702608e+00,5.042414224572702608e+00,-1.576039174194276633e-08,-1.576039174194276633e-08,-1.226070270607883710e-08,-4.241422457270260793e-02,-8.482844977582004731e-02,8.482843584109926727e-02,1.674018073961151501e-09
1.514000000000000057e+01,5.000000000000000000e+00,5.042414224265696632e+00,5.042414224265696632e+00,5.042414224265696632e+00,-1.535032078507173070e-08,-1.535032078507173070e-08,-1.165968217323242326e-08,-4.241422426569663173e-02,-8.482844914540521586e-02,8.482843584109926727e-02,1.644623775359131234e-09
1.516000000000000014e+01,5.000000000000000000e+00,5.042414223967234044e+00,5.042414223967234044e+00,5.042414223967234044e+00,-1.492314354547972525e-08,-1.492314354547972525e-08,-1.107854838915169281e-08,-4.241422396723404376e-02,-8.482844853139326347e-02,8.482843584109926727e-02,1.611745607046450737e-09
1.517999999999999972e+01,5.000000000000000000e+00,5.042414223677582186e+00,5.042414223677582186e+00,5.042414223677582186e+00,-1.448257449226615218e-08,-1.448257449226615218e-08,-1.051745301334399124e-08,-4.241422367758218570e-02,-8.482844793446808751e-02,8.482843584109926727e-02,1.575915806898931131e-09
1.520000000000000107e+01,5.000000000000000000e+00,5.042414223396942674e+00,5.042414223396942674e+00,5.042414223396942674e+00,-1.403196166826193906e-08,-1.403196166826193906e-08,-9.976446252224022584e-09,-4.241422339694267407e-02,-8.482844735516437140e-02,8.482843584109926727e-02,1.537618851910529503e-09
1.522000000000000064e+01,5.000000000000000000e+00,5.042414223125456729e+00,5.042414223125456729e+00,5.042414223125456729e+00,-1.357431486314514229e-08,-1.357431486314514229e-08,-9.455493617093973044e-09,-4.241422312545672924e-02,-8.482844679388534814e-02,8.482843584109926727e-02,1.497292463781602690e-09
1.524000000000000021e+01,5.000000000000000000e+00,5.042414222863210504e+00,5.042414222863210504e+00,5.042414222863210504e+00,-1.311233143176085360e-08,-1.311233143176085360e-08,-8.954480549302248801e-09,-4.241422286321050450e-02,-8.482844625091345847e-02,8.482843584109926727e-02,1.455333641901209560e-09
1.525999999999999979e+01,5.000000000000000000e+00,5.042414222610242192e+00,5.042414222610242192e+00,5.042414222610242192e+00,-1.264842017411445817e-08,-1.264842017411445817e-08,-8.473218855296899311e-09,-4.241422261024219154e-02,-8.482844572642100900e-02,8.482843584109926727e-02,1.412102886434723724e-09
1.528000000000000114e+01,5.000000000000000000e+00,5.042414222366547349e+00,5.042414222366547349e+00,5.042414222366547349e+00,-1.218472421928843842e-08,-1.218472421928843842e-08,-8.011460625854258943e-09,-4.241422236654734945e-02,-8.482844522048438307e-02,8.482843584109926727e-02,1.367924489949902542e-09
1.530000000000000071e+01,5.000000000000000000e+00,5.042414222132084234e+00,5.042414222132084234e+00,5.042414222132084234e+00,-1.172314239991424376e-08,-1.172314239991424376e-08,-7.568906025546485194e-09,-4.241422213208423386e-02,-8.482844473309469890e-02,8.482843584109926727e-02,1.323089406090394203e-09
1.532000000000000028e+01,5.000000000000000000e+00,5.042414221906777350e+00,5.042414221906777350e+00,5.042414221906777350e+00,-1.126534935420393203e-08,-1.126534935420393203e-08,-7.145211942811128166e-09,-4.241422190677734960e-02,-8.482844426416846773e-02,8.482843584109926727e-02,1.277857257647193693e-09
1.533999999999999986e+01,5.000000000000000000e+00,5.042414221690521003e+00,5.042414221690521003e+00,5.042414221690521003e+00,-1.081281392130286127e-08,-1.081281392130286127e-08,-6.739995025193221901e-09,-4.241422169052100344e-02,-8.482844381355469920e-02,8.482843584109926727e-02,1.232460406743920429e-09
1.535999999999999943e+01,5.000000000000000000e+00,5.042414221483184633e+00,5.042414221483184633e+00,5.042414221483184633e+00,-1.036681612273686940e-08,-1.036681612273686940e-08,-6.352835935642938479e-09,-4.241422148318463314e-02,-8.482844338104200688e-02,8.482843584109926727e-02,1.187106803966512667e-09
1.538000000000000078e+01,5.000000000000000000e+00,5.042414221284615472e+00,5.042414221284615472e+00,5.042414221284615472e+00,-9.928463578543292427e-09,-9.928463578543292427e-09,-5.983290680801101318e-09,-4.241422128461547203e-02,-8.482844296636926629e-02,8.482843584109926727e-02,1.141979318218754739e-09
1.540000000000000036e+01,5.000000000000000000e+00,5.042414221094641213e+00,5.042414221094641213e+00,5.042414221094641213e+00,-9.498706461925758479e-09,-9.498706461925758479e-09,-5.630892412367947982e-09,-4.241422109464121348e-02,-8.482844256923094406e-02,8.482843584109926727e-02,1.097239264424034306e-09
1.541999999999999993e+01,5.000000000000000000e+00,5.042414220913074452e+00,5.042414220913074452e+00,5.042414220913074452e+00,-9.078351244411424442e-09,-9.078351244411424442e-09,-5.295154286782410667e-09,-4.241422091307445186e-02,-8.482844218928242697e-02,8.482843584109926727e-02,1.053028872916572835e-09
1.543999999999999950e+01,5.000000000000000000e+00,5.042414220739712682e+00,5.042414220739712682e+00,5.042414220739712682e+00,-8.668074048267053184e-09,-8.668074048267053184e-09,-4.975579282967720132e-09,-4.241422073971268247e-02,-8.482844182614890371e-02,8.482843584109926727e-02,1.009470353480027768e-09
1.546000000000000085e+01,5.000000000000000000e+00,5.042414220574343631e+00,5.042414220574343631e+00,5.042414220574343631e+00,-8.268432063056971095e-09,-8.268432063056971095e-09,-4.671654196166230640e-09,-4.241422057434363069e-02,-8.482844147942536495e-02,8.482843584109926727e-02,9.666719015126615862e-10
1.548000000000000043e+01,5.000000000000000000e+00,5.042414220416746140e+00,5.042414220416746140e+00,5.042414220416746140e+00,-7.879875265288335089e-09,-7.879875265288335089e-09,-4.382864085370615998e-09,-4.241422041674614007e-02,-8.482844114868726138e-02,8.482843584109926727e-02,9.247239087371829943e-10
1.550000000000000000e+01,5.000000000000000000e+00,5.042414220266691061e+00,5.042414220266691061e+00,5.042414220266691061e+00,-7.502756742844069256e-09,-7.502756742844069256e-09,-4.108690040845673452e-09,-4.241422026669106060e-02,-8.482844083349228015e-02,8.482843584109926727e-02,8.837029720357838777e-10
1.551999999999999957e+01,5.000000000000000000e+00,5.042414220123943913e+00,5.042414220123943913e+00,5.042414220123943913e+00,-7.137341883989725964e-09,-7.137341883989725964e-09,-3.848608154300638811e-09,-4.241422012394391317e-02,-8.482844053338212120e-02,8.482843584109926727e-02,8.436746996346643008e-10
1.554000000000000092e+01,5.000000000000000000e+00,5.042414219988267554e+00,5.042414219988267554e+00,5.042414219988267554e+00,-6.783817250407332894e-09,-6.783817250407332894e-09,-3.602095548165792781e-09,-4.241421998826755413e-02,-8.482844024788782633e-02,8.482843584109926727e-02,8.046930108979416824e-10
1.556000000000000050e+01,5.000000000000000000e+00,5.042414219859421287e+00,5.042414219859421287e+00,5.042414219859421287e+00,-6.442299144847324163e-09,-6.442299144847324163e-09,-3.368636194807244344e-09,-4.241421985942128714e-02,-8.482843997653510826e-02,8.482843584109926727e-02,7.667996461833867627e-10
1.558000000000000007e+01,5.000000000000000000e+00,5.042414219737164416e+00,5.042414219737164416e+00,5.042414219737164416e+00,-6.112840645782647313e-09,-6.112840645782647313e-09,-3.147714154200558146e-09,-4.241421973716441585e-02,-8.482843971884257428e-02,8.482843584109926727e-02,7.300291528119574261e-10
1.559999999999999964e+01,5.000000000000000000e+00,5.042414219621255356e+00,5.042414219621255356e+00,5.042414219621255356e+00,-5.795438966256141421e-09,-5.795438966256141421e-09,-2.938823850517586739e-09,-4.241421962125535572e-02,-8.482843947432883169e-02,8.482843584109926727e-02,6.944057139083239640e-10
1.562000000000000099e+01,5.000000000000000000e+00,5.042414219511454299e+00,5.042414219511454299e+00,5.042414219511454299e+00,-5.490041455054838523e-09,-5.490041455054838523e-09,-2.741463854243113683e-09,-4.241421951145429858e-02,-8.482843924251071144e-02,8.482843584109926727e-02,6.599475899273854308e-10
1.564000000000000057e+01,5.000000000000000000e+00,5.042414219407523213e+00,5.042414219407523213e+00,5.042414219407523213e+00,-5.196551752674087512e-09,-5.196551752674087512e-09,-2.555144431247331303e-09,-4.241421940752321262e-02,-8.482843902290859717e-02,8.482843584109926727e-02,6.266648986523117433e-10
1.566000000000000014e+01,5.000000000000000000e+00,5.042414219309226731e+00,5.042414219309226731e+00,5.042414219309226731e+00,-4.914835087405110641e-09,-4.914835087405110641e-09,-2.379385099984320460e-09,-4.241421930922673056e-02,-8.482843881504642525e-02,8.482843584109926727e-02,5.945620579960629809e-10
1.567999999999999972e+01,5.000000000000000000e+00,5.042414219216332150e+00,5.042414219216332150e+00,5.042414219216332150e+00,-4.644723181680145442e-09,-4.644723181680145442e-09,-2.213716030155456166e-09,-4.241421921633214964e-02,-8.482843861845346112e-02,8.482843584109926727e-02,5.636381636948224452e-10
1.570000000000000107e+01,5.000000000000000000e+00,5.042414219128612096e+00,5.042414219128612096e+00,5.042414219128612096e+00,-4.386018508117768195e-09,-4.386018508117768195e-09,-2.057676446056376702e-09,-4.241421912861209620e-02,-8.482843843266429928e-02,8.482843584109926727e-02,5.338885859610298174e-10
1.572000000000000064e+01,5.000000000000000000e+00,5.042414219045841861e+00,5.042414219045841861e+00,5.042414219045841861e+00,-4.138498940785317789e-09,-4.138498940785317789e-09,-1.910822834793264547e-09,-4.241421904584186109e-02,-8.482843825722419240e-02,8.482843584109926727e-02,5.053020903376156352e-10
1.574000000000000021e+01,5.000000000000000000e+00,5.042414218967803841e+00,5.042414218967803841e+00,5.042414218967803841e+00,-3.901920810607644597e-09,-3.901920810607644597e-09,-1.772717639008589178e-09,-4.241421896780384060e-02,-8.482843809168372218e-02,8.482843584109926727e-02,4.778668159017424694e-10
1.575999999999999979e+01,5.000000000000000000e+00,5.042414218894283096e+00,5.042414218894283096e+00,5.042414218894283096e+00,-3.676023190753251999e-09,-3.676023190753251999e-09,-1.642944612063719444e-09,-4.241421889428309555e-02,-8.482843793560768120e-02,8.482843584109926727e-02,4.515638018663878938e-10
1.578000000000000114e+01,5.000000000000000000e+00,5.042414218825072680e+00,5.042414218825072680e+00,5.042414218825072680e+00,-3.460529986173659354e-09,-3.460529986173659354e-09,-1.521091144957325339e-09,-4.241421882507268037e-02,-8.482843778856619110e-02,8.482843584109926727e-02,4.263757788777474149e-10
1.580000000000000071e+01,5.000000000000000000e+00,5.042414218759969202e+00,5.042414218759969202e+00,5.042414218759969202e+00,-3.255153730106509165e-09,-3.255153730106509165e-09,-1.406767425502155603e-09,-4.241421875996920221e-02,-8.482843765014536075e-02,8.482843584109926727e-02,4.022786679794920335e-10
1.582000000000000028e+01,5.000000000000000000e+00,5.042414218698777262e+00,5.042414218698777262e+00,5.042414218698777262e+00,-3.059597242328052034e-09,-3.059597242328052034e-09,-1.299588852321936203e-09,-4.241421869877726181e-02,-8.482843751993840442e-02,8.482843584109926727e-02,3.792502848316731772e-10
1.583999999999999986e+01,5.000000000000000000e+00,5.042414218641305901e+00,5.042414218641305901e+00,5.042414218641305901e+00,-2.873556732731109531e-09,-2.873556732731109531e-09,-1.199192146358628660e-09,-4.241421864130590080e-02,-8.482843739755452361e-02,8.482843584109926727e-02,3.572631099876609609e-10
1.586000000000000121e+01,5.000000000000000000e+00,5.042414218587371266e+00,5.042414218587371266e+00,5.042414218587371266e+00,-2.696723191042253893e-09,-2.696723191042253893e-09,-1.105221315842551076e-09,-4.241421858737126627e-02,-8.482843728261180161e-02,8.482843584109926727e-02,3.362912184966666933e-10
1.588000000000000078e+01,5.000000000000000000e+00,5.042414218536795723e+00,5.042414218536795723e+00,5.042414218536795723e+00,-2.528784617989482031e-09,-2.528784617989482031e-09,-1.017337460514535687e-09,-4.241421853679572251e-02,-8.482843717474253253e-02,8.482843584109926727e-02,3.163058047521018217e-10
1.590000000000000036e+01,5.000000000000000000e+00,5.042414218489406963e+00,5.042414218489406963e+00,5.042414218489406963e+00,-2.369427636071005815e-09,-2.369427636071005815e-09,-9.352147988047213259e-10,-4.241421848940696293e-02,-8.482843707359144503e-02,8.482843584109926727e-02,2.972773789559476167e-10
1.591999999999999993e+01,5.000000000000000000e+00,5.042414218445039786e+00,5.042414218445039786e+00,5.042414218445039786e+00,-2.218338607858970603e-09,-2.218338607858970603e-09,-8.585373539506550316e-10,-4.241421844503978633e-02,-8.482843697881392586e-02,8.482843584109926727e-02,2.791773046438135992e-10
1.593999999999999950e+01,5.000000000000000000e+00,5.042414218403536097e+00,5.042414218403536097e+00,5.042414218403536097e+00,-2.075205289797705351e-09,-2.075205289797705351e-09,-7.870054272463178766e-10,-4.241421840353609696e-02,-8.482843689007957266e-02,8.482843584109926727e-02,2.619748781495900427e-10
1.596000000000000085e+01,5.000000000000000000e+00,5.042414218364741352e+00,5.042414218364741352e+00,5.042414218364741352e+00,-1.939718258606095721e-09,-1.939718258606095721e-09,-7.203349778816098782e-10,-4.241421836474135176e-02,-8.482843680707219391e-02,8.482843584109926727e-02,2.456379487659637372e-10
1.598000000000000043e+01,5.000000000000000000e+00,5.042414218328509889e+00,5.042414218328509889e+00,5.042414218328509889e+00,-1.811570908178697495e-09,-1.811570908178697495e-09,-6.582447543321128456e-10,-4.241421832850988949e-02,-8.482843672948270353e-02,8.482843584109926727e-02,2.301386819272972814e-10
1.600000000000000000e+01,5.000000000000000000e+00,5.042414218294700490e+00,5.042414218294700490e+00,5.042414218294700490e+00,-1.690461441455668488e-09,-1.690461441455668488e-09,-6.004762409484068051e-10,-4.241421829470048976e-02,-8.482843665701977898e-02,8.482843584109926727e-02,2.154442707613489047e-10
1.601999999999999957e+01,5.000000000000000000e+00,5.042414218263179038e+00,5.042414218263179038e+00,5.042414218263179038e+00,-1.576092959624275991e-09,-1.576092959624275991e-09,-5.467766231417440348e-10,-4.241421826317903765e-02,-8.482843658940097953e-02,8.482843584109926727e-02,2.015250891194016891e-10
1.603999999999999915e+01,5.000000000000000000e+00,5.042414218233815859e+00,5.042414218233815859e+00,5.042414218233815859e+00,-1.468174570409299717e-09,-1.468174570409299717e-09,-4.969090674745134548e-10,-4.241421823381585909e-02,-8.482843652635807530e-02,8.482843584109926727e-02,1.883497405563173543e-10
1.605999999999999872e+01,5.000000000000000000e+00,5.042414218206487497e+00,5.042414218206487497e+00,5.042414218206487497e+00,-1.366421399838160411e-09,-1.366421399838160411e-09,-4.506428646979071782e-10,-4.241421820648749730e-02,-8.482843646763171819e-02,8.482843584109926727e-02,1.758895862223513505e-10
1.608000000000000185e+01,5.000000000000000000e+00,5.042414218181076713e+00,5.042414218181076713e+00,5.042414218181076713e+00,-1.270555307282292099e-09,-1.270555307282292099e-09,-4.077604742794765650e-10,-4.241421818107671271e-02,-8.482843641297499460e-02,8.482843584109926727e-02,1.641152530492756830e-10
1.610000000000000142e+01,5.000000000000000000e+00,5.042414218157470707e+00,5.042414218157470707e+00,5.042414218157470707e+00,-1.180305506967821696e-09,-1.180305506967821696e-09,-3.680573041375872401e-10,-4.241421815747070667e-02,-8.482843636215342542e-02,8.482843584109926727e-02,1.529968540159238421e-10
1.612000000000000099e+01,5.000000000000000000e+00,5.042414218135562898e+00,5.042414218135562898e+00,5.042414218135562898e+00,-1.095408490191699458e-09,-1.095408490191699458e-09,-3.313353392065996226e-10,-4.241421813556289777e-02,-8.482843631494141334e-02,8.482843584109926727e-02,1.425068068693315770e-10
1.614000000000000057e+01,5.000000000000000000e+00,5.042414218115251145e+00,5.042414218115251145e+00,5.042414218115251145e+00,-1.015608646184156231e-09,-1.015608646184156231e-09,-2.974100501162676023e-10,-4.241421811525114549e-02,-8.482843627112579554e-02,8.482843584109926727e-02,1.326164781590170451e-10
1.616000000000000014e+01,5.000000000000000000e+00,5.042414218096437750e+00,5.042414218096437750e+00,5.042414218096437750e+00,-9.406581676240951776e-10,-9.406581676240951776e-10,-2.661038605835451317e-10,-4.241421809643775021e-02,-8.482843623050229098e-02,8.482843584109926727e-02,1.232991631314951878e-10
1.617999999999999972e+01,5.000000000000000000e+00,5.042414218079031230e+00,5.042414218079031230e+00,5.042414218079031230e+00,-8.703170234638541880e-10,-8.703170234638541880e-10,-2.372467260216854882e-10,-4.241421807903122954e-02,-8.482843619287550041e-02,8.482843584109926727e-02,1.145295071211787131e-10
1.619999999999999929e+01,5.000000000000000000e+00,5.042414218062944542e+00,5.042414218062944542e+00,5.042414218062944542e+00,-8.043535966990236087e-10,-8.043535966990236087e-10,-2.106827558155484211e-10,-4.241421806294454200e-02,-8.482843615806245907e-02,8.482843584109926727e-02,1.062804359887496845e-10
1.621999999999999886e+01,5.000000000000000000e+00,5.042414218048093311e+00,5.042414218048093311e+00,5.042414218048093311e+00,-7.425445850521755086e-10,-7.425445850521755086e-10,-1.862634802305429696e-10,-4.241421804809331064e-02,-8.482843612588908400e-02,8.482843584109926727e-02,9.852633649853778662e-11
1.624000000000000199e+01,5.000000000000000000e+00,5.042414218034400264e+00,5.042414218034400264e+00,5.042414218034400264e+00,-6.846743336904363479e-10,-6.846743336904363479e-10,-1.638420714347840563e-10,-4.241421803440026395e-02,-8.482843609618662128e-02,8.482843584109926727e-02,9.124528258268513777e-11
1.626000000000000156e+01,5.000000000000000000e+00,5.042414218021789907e+00,5.042414218021789907e+00,5.042414218021789907e+00,-6.305358995985708122e-10,-6.305358995985708122e-10,-1.432899927717806811e-10,-4.241421802178990674e-02,-8.482843606880052789e-02,8.482843584109926727e-02,8.441126785265483862e-11
1.628000000000000114e+01,5.000000000000000000e+00,5.042414218010191185e+00,5.042414218010191185e+00,5.042414218010191185e+00,-5.799300219304555727e-10,-5.799300219304555727e-10,-1.244771229174188044e-10,-4.241421801019118476e-02,-8.482843604357981349e-02,8.482843584109926727e-02,7.800342330121195928e-11
1.630000000000000071e+01,5.000000000000000000e+00,5.042414217999537485e+00,5.042414217999537485e+00,5.042414217999537485e+00,-5.326652820341858604e-10,-5.326652820341858604e-10,-1.072826229677586182e-10,-4.241421799953748462e-02,-8.482843602038236952e-02,8.482843584109926727e-02,7.200047928514427461e-11
1.632000000000000028e+01,5.000000000000000000e+00,5.042414217989766634e+00,5.042414217989766634e+00,5.042414217989766634e+00,-4.885582354555914484e-10,-4.885582354555914484e-10,-9.159481624824139173e-11,-4.241421798976663382e-02,-8.482843599907496923e-02,8.482843584109926727e-02,6.638088571605549676e-11
1.633999999999999986e+01,5.000000000000000000e+00,5.042414217980818236e+00,5.042414217980818236e+00,5.042414217980818236e+00,-4.474335223280457466e-10,-4.474335223280457466e-10,-7.731110418013427534e-11,-4.241421798081823624e-02,-8.482843597953326764e-02,8.482843584109926727e-02,6.112289619392045779e-11
1.635999999999999943e+01,5.000000000000000000e+00,5.042414217972635448e+00,5.042414217972635448e+00,5.042414217972635448e+00,-4.091230282466046627e-10,-4.091230282466046627e-10,-6.432858151363475184e-11,-4.241421797263544846e-02,-8.482843596163647248e-02,8.482843584109926727e-02,5.620862370346246432e-11
1.637999999999999901e+01,5.000000000000000000e+00,5.042414217965165868e+00,5.042414217965165868e+00,5.042414217965165868e+00,-3.734658665611674786e-10,-3.734658665611674786e-10,-5.255141139223309326e-11,-4.241421796516586795e-02,-8.482843594527089692e-02,8.482843584109926727e-02,5.162021826346960890e-11
1.639999999999999858e+01,5.000000000000000000e+00,5.042414217958359757e+00,5.042414217958359757e+00,5.042414217958359757e+00,-3.403086744137908290e-10,-3.403086744137908290e-10,-4.189394508740078843e-11,-4.241421795835975672e-02,-8.482843593033173590e-02,8.482843584109926727e-02,4.733852354894580733e-11
1.642000000000000171e+01,5.000000000000000000e+00,5.042414217952170041e+00,5.042414217952170041e+00,5.042414217952170041e+00,-3.095052182570634536e-10,-3.095052182570634536e-10,-3.227411284651732054e-11,-4.241421795217004131e-02,-8.482843591671951344e-02,8.482843584109926727e-02,4.334613332950515591e-11
1.644000000000000128e+01,5.000000000000000000e+00,5.042414217946551425e+00,5.042414217946551425e+00,5.042414217946551425e+00,-2.809160913234824168e-10,-2.809160913234824168e-10,-2.361394892125326012e-11,-4.241421794655142463e-02,-8.482843590434008263e-02,8.482843584109926727e-02,3.962686644098887084e-11
1.646000000000000085e+01,5.000000000000000000e+00,5.042414217941463050e+00,5.042414217941463050e+00,5.042414217941463050e+00,-2.544081672374311170e-10,-2.544081672374311170e-10,-1.583685046296944537e-11,-4.241421794146305047e-02,-8.482843589310284926e-02,8.482843584109926727e-02,3.616673153322670115e-11
1.648000000000000043e+01,5.000000000000000000e+00,5.042414217936865839e+00,5.042414217936865839e+00,5.042414217936865839e+00,-2.298551065477200471e-10,-2.298551065477200471e-10,-8.877560340320392036e-12,-4.241421793686583896e-02,-8.482843588292610093e-02,8.482843584109926727e-02,3.294927332295171957e-11
1.650000000000000000e+01,5.000000000000000000e+00,5.042414217932723375e+00,5.042414217932723375e+00,5.042414217932723375e+00,-2.071368061015398835e-10,-2.071368061015398835e-10,-2.672102085918436614e-12,-4.241421793272337482e-02,-8.482843587373167793e-02,8.482843584109926727e-02,2.996030857661797859e-11
1.651999999999999957e+01,5.000000000000000000e+00,5.042414217929001019e+00,5.042414217929001019e+00,5.042414217929001019e+00,-1.861392825049578095e-10,-1.861392825049578095e-10,2.838429864281014749e-12,-4.241421792900101906e-02,-8.482843586544674963e-02,8.482843584109926727e-02,2.718591222785466178e-11
1.653999999999999915e+01,5.000000000000000000e+00,5.042414217925665909e+00,5.042414217925665909e+00,5.042414217925665909e+00,-1.667542641199324504e-10,-1.667542641199324504e-10,7.710901345295904800e-12,-4.241421792566590909e-02,-8.482843585800203812e-02,8.482843584109926727e-02,2.461367219494310214e-11
1.655999999999999872e+01,5.000000000000000000e+00,5.042414217922688735e+00,5.042414217922688735e+00,5.042414217922688735e+00,-1.488788692511670279e-10,-1.488788692511670279e-10,1.199968456772187067e-11,-4.241421792268873503e-02,-8.482843585133181818e-02,8.482843584109926727e-02,2.223223548542112751e-11
1.658000000000000185e+01,5.000000000000000000e+00,5.042414217920040187e+00,5.042414217920040187e+00,5.042414217920040187e+00,-1.324159700118485933e-10,-1.324159700118485933e-10,1.575012314201740229e-11,-4.241421792004018698e-02,-8.482843584537747006e-02,8.482843584109926727e-02,2.002832593404701957e-11
1.660000000000000142e+01,5.000000000000000000e+00,5.042414217917694508e+00,5.042414217917694508e+00,5.042414217917694508e+00,-1.172732186578423776e-10,-1.172732186578423776e-10,1.901154352821350217e-11,-4.241421791769450778e-02,-8.482843584008037396e-02,8.482843584109926727e-02,1.799265022515157257e-11
1.662000000000000099e+01,5.000000000000000000e+00,5.042414217915626828e+00,5.042414217915626828e+00,5.042414217915626828e+00,-1.033635342237415282e-10,-1.033635342237415282e-10,2.182362568316613896e-11,-4.241421791562682841e-02,-8.482843583538901555e-02,8.482843584109926727e-02,1.611337396724814788e-11
1.664000000000000057e+01,5.000000000000000000e+00,5.042414217913814944e+00,5.042414217913814944e+00,5.042414217913814944e+00,-9.060453167569654627e-11,-9.060453167569654627e-11,2.422649125670831725e-11,-4.241421791381494444e-02,-8.482843583125365683e-02,8.482843584109926727e-02,1.438088081866654147e-11
1.666000000000000014e+01,5.000000000000000000e+00,5.042414217912236651e+00,5.042414217912236651e+00,5.042414217912236651e+00,-7.891869641535016602e-11,-7.891869641535016602e-11,2.625382092776724654e-11,-4.241421791223665139e-02,-8.482843582762988888e-02,8.482843584109926727e-02,1.278444253734896143e-11
1.667999999999999972e+01,5.000000000000000000e+00,5.042414217910872409e+00,5.042414217910872409e+00,5.042414217910872409e+00,-6.823257538902640250e-11,-6.823257538902640250e-11,2.794251384788748861e-11,-4.241421791087240933e-02,-8.482843582447330277e-02,8.482843584109926727e-02,1.131654935385495681e-11
1.669999999999999929e+01,5.000000000000000000e+00,5.042414217909702678e+00,5.042414217909702678e+00,5.042414217909702678e+00,-5.847707822751987372e-11,-5.847707822751987372e-11,2.932239622603887239e-11,-4.241421790970267836e-02,-8.482843582174481867e-02,8.482843584109926727e-02,9.967947626687557495e-12
1.671999999999999886e+01,5.000000000000000000e+00,5.042414217908710583e+00,5.042414217908710583e+00,5.042414217908710583e+00,-4.958676336840385194e-11,-4.958676336840385194e-11,3.042607036364033111e-11,-4.241421790871058306e-02,-8.482843581940535671e-02,8.482843584109926727e-02,8.732159806798887966e-12
1.674000000000000199e+01,5.000000000000000000e+00,5.042414217907880136e+00,5.042414217907880136e+00,5.042414217907880136e+00,-4.150021143622163614e-11,-4.150021143622163614e-11,3.127875595341830609e-11,-4.241421790788013624e-02,-8.482843581742116612e-02,8.482843584109926727e-02,7.600654806966781565e-12
1.676000000000000156e+01,5.000000000000000000e+00,5.042414217907197127e+00,5.042414217907197127e+00,5.042414217907197127e+00,-3.415967795361977925e-11,-3.415967795361977925e-11,3.190512338979693274e-11,-4.241421790719712703e-02,-8.482843581576027248e-02,8.482843584109926727e-02,6.566128598506172410e-12
1.678000000000000114e+01,5.000000000000000000e+00,5.042414217906647345e+00,5.042414217906647345e+00,5.042414217906647345e+00,-2.751112845557100411e-11,-2.751112845557100411e-11,3.232581702686796565e-11,-4.241421790664734459e-02,-8.482843581439425407e-02,8.482843584109926727e-02,5.620803826078415143e-12
1.680000000000000071e+01,5.000000000000000000e+00,5.042414217906217466e+00,5.042414217906217466e+00,5.042414217906217466e+00,-2.150363416748142756e-11,-2.150363416748142756e-11,3.256381442532476138e-11,-4.241421790621746624e-02,-8.482843581329468918e-02,8.482843584109926727e-02,4.759236340946456636e-12
1.682000000000000028e+01,5.000000000000000000e+00,5.042414217905895946e+00,5.042414217905895946e+00,5.042414217905895946e+00,-1.608920897413200246e-11,-1.608920897413200246e-11,3.264061776601283960e-11,-4.241421790589594565e-02,-8.482843581243493247e-02,8.482843584109926727e-02,3.976282971364810402e-12
1.683999999999999986e+01,5.000000000000000000e+00,5.042414217905671237e+00,5.042414217905671237e+00,5.042414217905671237e+00,-1.122298258348245746e-11,-1.122298258348245746e-11,3.257305493236345402e-11,-4.241421790567123651e-02,-8.482843581179189130e-02,8.482843584109926727e-02,3.265678961852535363e-12
1.685999999999999943e+01,5.000000000000000000e+00,5.042414217905533569e+00,5.042414217905533569e+00,5.042414217905533569e+00,-6.862701001688996588e-12,-6.862701001688996588e-12,3.237983323445215289e-11,-4.241421790553356885e-02,-8.482843581134247302e-02,8.482843584109926727e-02,2.623038983572972078e-12
1.687999999999999901e+01,5.000000000000000000e+00,5.042414217905474061e+00,5.042414217905474061e+00,5.042414217905474061e+00,-2.968955068313339194e-12,-2.968955068313339194e-12,3.207475833206757815e-11,-4.241421790547406090e-02,-8.482843581106713771e-02,8.482843584109926727e-02,2.042628771081359733e-12
1.689999999999999858e+01,5.000000000000000000e+00,5.042414217905483831e+00,5.042414217905483831e+00,5.042414217905483831e+00,4.949651925342800850e-13,4.949651925342800850e-13,3.167024754016285279e-11,-4.241421790548383086e-02,-8.482843581094812180e-02,8.482843584109926727e-02,1.519102070936814358e-12
1.692000000000000171e+01,5.000000000000000000e+00,5.042414217905554885e+00,5.042414217905554885e+00,5.042414217905554885e+00,3.563500878253187059e-12,3.563500878253187059e-12,3.118032204972335265e-11,-4.241421790555488514e-02,-8.482843581096766172e-02,8.482843584109926727e-02,1.048716505730717985e-12
1.694000000000000128e+01,5.000000000000000000e+00,5.042414217905680118e+00,5.042414217905680118e+00,5.042414217905680118e+00,6.268852504476678574e-12,6.268852504476678574e-12,3.061701714048810019e-11,-4.241421790568011829e-02,-8.482843581110977027e-02,8.482843584109926727e-02,6.275201436474875815e-13
1.696000000000000085e+01,5.000000000000000000e+00,5.042414217905853313e+00,5.042414217905853313e+00,5.042414217905853313e+00,8.641011758756194240e-12,8.641011758756194240e-12,2.999044504727184331e-11,-4.241421790585331308e-02,-8.482843581136023658e-02,8.482843584109926727e-02,2.514143647866648507e-13
1.698000000000000043e+01,5.000000000000000000e+00,5.042414217906067364e+00,5.042414217906067364e+00,5.042414217906067364e+00,1.070779447951962613e-11,1.070779447951962613e-11,2.930883896639050987e-11,-4.241421790606736408e-02,-8.482843581170662617e-02,8.482843584109926727e-02,-8.380213241162120972e-14
1.700000000000000000e+01,5.000000000000000000e+00,5.042414217906316942e+00,5.042414217906316942e+00,5.042414217906316942e+00,1.249549514247735723e-11,1.249549514247735723e-11,2.858480110909694036e-11,-4.241421790631694222e-02,-8.482843581213472817e-02,8.482843584109926727e-02,-3.797379914097301082e-13
1.701999999999999957e+01,5.000000000000000000e+00,5.042414217906597607e+00,5.042414217906597607e+00,5.042414217906597607e+00,1.402846553130409950e-11,1.402846553130409950e-11,2.782519903074478477e-11,-4.241421790659760660e-02,-8.482843581263388444e-02,8.482843584109926727e-02,-6.401837978904138561e-13
1.703999999999999915e+01,5.000000000000000000e+00,5.042414217906904028e+00,5.042414217906904028e+00,5.042414217906904028e+00,1.532911186196604619e-11,1.532911186196604619e-11,2.703492883792357295e-11,-4.241421790690402815e-02,-8.482843581319521320e-02,8.482843584109926727e-02,-8.691252294611490493e-13
1.705999999999999872e+01,5.000000000000000000e+00,5.042414217907232654e+00,5.042414217907232654e+00,5.042414217907232654e+00,1.641851977226684265e-11,1.641851977226684265e-11,2.622319096497401402e-11,-4.241421790723265417e-02,-8.482843581380805631e-02,8.482843584109926727e-02,-1.068019992817619142e-12
1.708000000000000185e+01,5.000000000000000000e+00,5.042414217907579044e+00,5.042414217907579044e+00,5.042414217907579044e+00,1.731600838597092082e-11,1.731600838597092082e-11,2.539340590930763719e-11,-4.241421790757904375e-02,-8.482843581446530834e-02,8.482843584109926727e-02,-1.240553017905902904e-12
1.710000000000000142e+01,5.000000000000000000e+00,5.042414217907939644e+00,5.042414217907939644e+00,5.042414217907939644e+00,1.803972837455270106e-11,1.803972837455270106e-11,2.455320827178873942e-11,-4.241421790793964419e-02,-8.482843581515808751e-02,8.482843584109926727e-02,-1.387971488058705213e-12
1.712000000000000099e+01,5.000000000000000000e+00,5.042414217908311791e+00,5.042414217908311791e+00,5.042414217908311791e+00,1.860650535547867710e-11,1.860650535547867710e-11,2.370749818381247111e-11,-4.241421790831179095e-02,-8.482843581587928838e-02,8.482843584109926727e-02,-1.512480699238470016e-12
1.714000000000000057e+01,5.000000000000000000e+00,5.042414217908692819e+00,5.042414217908692819e+00,5.042414217908692819e+00,1.903172769404018632e-11,1.903172769404018632e-11,2.285872874109377902e-11,-4.241421790869281949e-02,-8.482843581662358190e-02,8.482843584109926727e-02,-1.616956626248457760e-12
1.716000000000000014e+01,5.000000000000000000e+00,5.042414217909079177e+00,5.042414217909079177e+00,5.042414217909079177e+00,1.932957650781502523e-11,1.932957650781502523e-11,2.201021583178857870e-11,-4.241421790907917710e-02,-8.482843581738563898e-02,8.482843584109926727e-02,-1.703412451450951039e-12
1.717999999999999972e+01,5.000000000000000000e+00,5.042414217909469087e+00,5.042414217909469087e+00,5.042414217909469087e+00,1.951351764935656546e-11,1.951351764935656546e-11,2.116898792323042425e-11,-4.241421790946908743e-02,-8.482843581815835421e-02,8.482843584109926727e-02,-1.771925134869997543e-12
1.719999999999999929e+01,5.000000000000000000e+00,5.042414217909860774e+00,5.042414217909860774e+00,5.042414217909860774e+00,1.959575381660312741e-11,1.959575381660312741e-11,2.033587932182218170e-11,-4.241421790986077411e-02,-8.482843581893817486e-02,8.482843584109926727e-02,-1.825213083781530543e-12
1.721999999999999886e+01,5.000000000000000000e+00,5.042414217910252461e+00,5.042414217910252461e+00,5.042414217910252461e+00,1.958743242055776269e-11,1.958743242055776269e-11,1.951253985614949644e-11,-4.241421791025246080e-02,-8.482843581972154823e-02,8.482843584109926727e-02,-1.865179183278704141e-12
1.724000000000000199e+01,5.000000000000000000e+00,5.042414217910642371e+00,5.042414217910642371e+00,5.042414217910642371e+00,1.949880820053458240e-11,1.949880820053458240e-11,1.870119022032596297e-11,-4.241421791064237112e-02,-8.482843582050492159e-02,8.482843584109926727e-02,-1.893155452926725942e-12
1.726000000000000156e+01,5.000000000000000000e+00,5.042414217911028729e+00,5.042414217911028729e+00,5.042414217911028729e+00,1.933937245191459921e-11,1.933937245191459921e-11,1.790445071433474084e-11,-4.241421791102872874e-02,-8.482843582128474225e-02,8.482843584109926727e-02,-1.910074306421240544e-12
1.728000000000000114e+01,5.000000000000000000e+00,5.042414217911410645e+00,5.042414217911410645e+00,5.042414217911410645e+00,1.911795734294990686e-11,1.911795734294990686e-11,1.712522136226766927e-11,-4.241421791141064546e-02,-8.482843582205745747e-02,8.482843584109926727e-02,-1.916588433349199933e-12
1.730000000000000071e+01,5.000000000000000000e+00,5.042414217911787233e+00,5.042414217911787233e+00,5.042414217911787233e+00,1.884251054571729153e-11,1.884251054571729153e-11,1.636348937062374061e-11,-4.241421791178723311e-02,-8.482843582282129091e-02,8.482843584109926727e-02,-1.914486984051020890e-12
1.732000000000000028e+01,5.000000000000000000e+00,5.042414217912157604e+00,5.042414217912157604e+00,5.042414217912157604e+00,1.852023736024597034e-11,1.852023736024597034e-11,1.561977869100406346e-11,-4.241421791215760351e-02,-8.482843582357446621e-02,8.482843584109926727e-02,-1.905022363764994271e-12
1.733999999999999986e+01,5.000000000000000000e+00,5.042414217912520868e+00,5.042414217912520868e+00,5.042414217912520868e+00,1.815771252387949543e-11,1.815771252387949543e-11,1.489498899658122775e-11,-4.241421791252086848e-02,-8.482843582431520701e-02,8.482843584109926727e-02,-1.889071256157924322e-12
1.735999999999999943e+01,5.000000000000000000e+00,5.042414217912876140e+00,5.042414217912876140e+00,5.042414217912876140e+00,1.776096956805433258e-11,1.776096956805433258e-11,1.419028296562787654e-11,-4.241421791287613985e-02,-8.482843582504173696e-02,8.482843584109926727e-02,-1.867247339796573896e-12
1.737999999999999901e+01,5.000000000000000000e+00,5.042414217913222529e+00,5.042414217913222529e+00,5.042414217913222529e+00,1.733557334924756668e-11,1.733557334924756668e-11,1.350700737998667359e-11,-4.241421791322252943e-02,-8.482843582575227970e-02,8.482843584109926727e-02,-1.839980189677677069e-12
1.740000000000000213e+01,5.000000000000000000e+00,5.042414217913560037e+00,5.042414217913560037e+00,5.042414217913560037e+00,1.688667980372274127e-11,1.688667980372274127e-11,1.284663789399930455e-11,-4.241421791356003723e-02,-8.482843582644505886e-02,8.482843584109926727e-02,-1.807570508298947209e-12
1.742000000000000171e+01,5.000000000000000000e+00,5.042414217913888663e+00,5.042414217913888663e+00,5.042414217913888663e+00,1.641877499817924984e-11,1.641877499817924984e-11,1.220763174828782212e-11,-4.241421791388866325e-02,-8.482843582712007446e-02,8.482843584109926727e-02,-1.771561055038334469e-12
1.744000000000000128e+01,5.000000000000000000e+00,5.042414217914207519e+00,5.042414217914207519e+00,5.042414217914207519e+00,1.593578839949009221e-11,1.593578839949009221e-11,1.158890901128766057e-11,-4.241421791420751930e-02,-8.482843582777732649e-02,8.482843584109926727e-02,-1.733031761460403552e-12
1.746000000000000085e+01,5.000000000000000000e+00,5.042414217914516605e+00,5.042414217914516605e+00,5.042414217914516605e+00,1.544149179507834210e-11,1.544149179507834210e-11,1.099282235537257498e-11,-4.241421791451660539e-02,-8.482843582841503860e-02,8.482843584109926727e-02,-1.691406312030799823e-12
1.748000000000000043e+01,5.000000000000000000e+00,5.042414217914815033e+00,5.042414217914815033e+00,5.042414217914815033e+00,1.493918690894921344e-11,1.493918690894921344e-11,1.041844293378706195e-11,-4.241421791481503334e-02,-8.482843582903321078e-02,8.482843584109926727e-02,-1.647613553505025288e-12
1.750000000000000000e+01,5.000000000000000000e+00,5.042414217915103691e+00,5.042414217915103691e+00,5.042414217915103691e+00,1.443209113588141393e-11,1.443209113588141393e-11,9.868229178271221620e-12,-4.241421791510369133e-02,-8.482843582963006668e-02,8.482843584109926727e-02,-1.600971410982380859e-12
1.751999999999999957e+01,5.000000000000000000e+00,5.042414217915382579e+00,5.042414217915382579e+00,5.042414217915382579e+00,1.392270378720897722e-11,1.392270378720897722e-11,9.338217649157043607e-12,-4.241421791538257935e-02,-8.482843583020738265e-02,8.482843584109926727e-02,-1.553666967291477672e-12
1.753999999999999915e+01,5.000000000000000000e+00,5.042414217915650809e+00,5.042414217915650809e+00,5.042414217915650809e+00,1.341325437409748388e-11,1.341325437409748388e-11,8.828209656094050207e-12,-4.241421791565080923e-02,-8.482843583076515870e-02,8.482843584109926727e-02,-1.505898912782793436e-12
1.755999999999999872e+01,5.000000000000000000e+00,5.042414217915909269e+00,5.042414217915909269e+00,5.042414217915909269e+00,1.290604641071832149e-11,1.290604641071832149e-11,8.341174740305855201e-12,-4.241421791590926915e-02,-8.482843583130161846e-02,8.482843584109926727e-02,-1.456474063072112196e-12
1.758000000000000185e+01,5.000000000000000000e+00,5.042414217916157071e+00,5.042414217916157071e+00,5.042414217916157071e+00,1.240279249352278012e-11,1.240279249352278012e-11,7.873507238762910988e-12,-4.241421791615707093e-02,-8.482843583181853830e-02,8.482843584109926727e-02,-1.407221724349583120e-12
1.760000000000000142e+01,5.000000000000000000e+00,5.042414217916395103e+00,5.042414217916395103e+00,5.042414217916395103e+00,1.190534999709356355e-11,1.190534999709356355e-11,7.428367529230614402e-12,-4.241421791639510275e-02,-8.482843583231414186e-02,8.482843584109926727e-02,-1.356757875689210634e-12
1.762000000000000099e+01,5.000000000000000000e+00,5.042414217916623365e+00,5.042414217916623365e+00,5.042414217916623365e+00,1.141504335081007247e-11,1.141504335081007247e-11,7.002283534258660003e-12,-4.241421791662336460e-02,-8.482843583279020550e-02,8.482843584109926727e-02,-1.306778237701897707e-12
1.764000000000000057e+01,5.000000000000000000e+00,5.042414217916841856e+00,5.042414217916841856e+00,5.042414217916841856e+00,1.093307906743396228e-11,1.093307906743396228e-11,6.595400517048966527e-12,-4.241421791684185649e-02,-8.482843583324672920e-02,8.482843584109926727e-02,-1.257137547185726611e-12
1.766000000000000014e+01,5.000000000000000000e+00,5.042414217917051467e+00,5.042414217917051467e+00,5.042414217917051467e+00,1.046055317687485384e-11,1.046055317687485384e-11,6.207820161842876281e-12,-4.241421791705146660e-02,-8.482843583368371299e-02,8.482843584109926727e-02,-1.207734119899354839e-12
1.767999999999999972e+01,5.000000000000000000e+00,5.042414217917251307e+00,5.042414217917251307e+00,5.042414217917251307e+00,9.998148361501406832e-12,9.998148361501406832e-12,5.836505023140379735e-12,-4.241421791725130674e-02,-8.482843583410293320e-02,8.482843584109926727e-02,-1.159829044503392679e-12
1.769999999999999929e+01,5.000000000000000000e+00,5.042414217917442265e+00,5.042414217917442265e+00,5.042414217917442265e+00,9.546834848449020596e-12,9.546834848449020596e-12,5.485013230977549322e-12,-4.241421791744226510e-02,-8.482843583450261349e-02,8.482843584109926727e-02,-1.111640547801167141e-12
1.771999999999999886e+01,5.000000000000000000e+00,5.042414217917624342e+00,5.042414217917624342e+00,5.042414217917624342e+00,9.107166477053474096e-12,9.107166477053474096e-12,5.150151134493554783e-12,-4.241421791762434168e-02,-8.482843583488453021e-02,8.482843584109926727e-02,-1.064585923814107427e-12
1.774000000000000199e+01,5.000000000000000000e+00,5.042414217917797536e+00,5.042414217917797536e+00,5.042414217917797536e+00,8.679675718898422153e-12,8.679675718898422153e-12,4.832258895502947399e-12,-4.241421791779753647e-02,-8.482843583524868336e-02,8.482843584109926727e-02,-1.018325010727663667e-12
1.776000000000000156e+01,5.000000000000000000e+00,5.042414217917962738e+00,5.042414217917962738e+00,5.042414217917962738e+00,8.264865609736171059e-12,8.264865609736171059e-12,4.531574627275911210e-12,-4.241421791796273766e-02,-8.482843583559507294e-02,8.482843584109926727e-02,-9.726196952716512177e-13
1.778000000000000114e+01,5.000000000000000000e+00,5.042414217918119945e+00,5.042414217918119945e+00,5.042414217918119945e+00,7.862894687225817205e-12,7.862894687225817205e-12,4.245156384632624443e-12,-4.241421791811994524e-02,-8.482843583592547532e-02,8.482843584109926727e-02,-9.286355657864907922e-13
1.780000000000000071e+01,5.000000000000000000e+00,5.042414217918269159e+00,5.042414217918269159e+00,5.042414217918269159e+00,7.473957270839669497e-12,7.473957270839669497e-12,3.973520523364344160e-12,-4.241421791826915921e-02,-8.482843583623989048e-02,8.482843584109926727e-02,-8.858562664809268441e-13
1.782000000000000028e+01,5.000000000000000000e+00,5.042414217918411268e+00,5.042414217918411268e+00,5.042414217918411268e+00,7.098264393008197513e-12,7.098264393008197513e-12,3.717028492524948849e-12,-4.241421791841126776e-02,-8.482843583653831843e-02,8.482843584109926727e-02,-8.439203483010803797e-13
1.783999999999999986e+01,5.000000000000000000e+00,5.042414217918546271e+00,5.042414217918546271e+00,5.042414217918546271e+00,6.735720421905698014e-12,6.735720421905698014e-12,3.472824681983202530e-12,-4.241421791854627088e-02,-8.482843583682253552e-02,8.482843584109926727e-02,-8.039070645387863216e-13
1.785999999999999943e+01,5.000000000000000000e+00,5.042414217918674169e+00,5.042414217918674169e+00,5.042414217918674169e+00,6.386296967921565719e-12,6.386296967921565719e-12,3.241485882064371833e-12,-4.241421791867416857e-02,-8.482843583709254176e-02,8.482843584109926727e-02,-7.652396248687789478e-13
1.787999999999999901e+01,5.000000000000000000e+00,5.042414217918794961e+00,5.042414217918794961e+00,5.042414217918794961e+00,6.050008855729023568e-12,6.050008855729023568e-12,3.023415845996142592e-12,-4.241421791879496084e-02,-8.482843583734833715e-02,8.482843584109926727e-02,-7.275142760633723237e-13
1.790000000000000213e+01,5.000000000000000000e+00,5.042414217918909536e+00,5.042414217918909536e+00,5.042414217918909536e+00,5.726897690259910369e-12,5.726897690259910369e-12,2.818897201037894810e-12,-4.241421791890953585e-02,-8.482843583758992168e-02,8.482843584109926727e-02,-6.904483908631861437e-13
1.792000000000000171e+01,5.000000000000000000e+00,5.042414217919017894e+00,5.042414217919017894e+00,5.042414217919017894e+00,5.416709837414143818e-12,5.416709837414143818e-12,2.625019161802244050e-12,-4.241421791901789362e-02,-8.482843583781907171e-02,8.482843584109926727e-02,-6.551763978162044927e-13
1.794000000000000128e+01,5.000000000000000000e+00,5.042414217919120034e+00,5.042414217919120034e+00,5.042414217919120034e+00,5.119270843266244884e-12,5.119270843266244884e-12,2.442319895935152055e-12,-4.241421791912003414e-02,-8.482843583803578724e-02,8.482843584109926727e-02,-6.211601292764660321e-13
1.796000000000000085e+01,5.000000000000000000e+00,5.042414217919216846e+00,5.042414217919216846e+00,5.042414217919216846e+00,4.834461371018499778e-12,4.834461371018499778e-12,2.271176120788791398e-12,-4.241421791921684559e-02,-8.482843583824006828e-02,8.482843584109926727e-02,-5.880228678917977847e-13
1.798000000000000043e+01,5.000000000000000000e+00,5.042414217919308328e+00,5.042414217919308328e+00,5.042414217919308328e+00,4.561889525320723319e-12,4.561889525320723319e-12,2.108742914040732766e-12,-4.241421791930832796e-02,-8.482843583843369117e-02,8.482843584109926727e-02,-5.568331791452289146e-13
1.800000000000000000e+01,5.000000000000000000e+00,5.042414217919394481e+00,5.042414217919394481e+00,5.042414217919394481e+00,4.301261027536891830e-12,4.301261027536891830e-12,1.955604547482406405e-12,-4.241421791939448127e-02,-8.482843583861665593e-02,8.482843584109926727e-02,-5.270067912453295786e-13
1.801999999999999957e+01,5.000000000000000000e+00,5.042414217919475306e+00,5.042414217919475306e+00,5.042414217919475306e+00,4.052351925919983668e-12,4.052351925919983668e-12,1.812170011367812641e-12,-4.241421791947530551e-02,-8.482843583878896254e-02,8.482843584109926727e-02,-4.981347139380989465e-13
1.803999999999999915e+01,5.000000000000000000e+00,5.042414217919551689e+00,5.042414217919551689e+00,5.042414217919551689e+00,3.814989293215460258e-12,3.814989293215460258e-12,1.678725598874752590e-12,-4.241421791955168885e-02,-8.482843583895061101e-02,8.482843584109926727e-02,-4.699306540457363063e-13
1.805999999999999872e+01,5.000000000000000000e+00,5.042414217919623631e+00,5.042414217919623631e+00,5.042414217919623631e+00,3.588726672969787671e-12,3.588726672969787671e-12,1.552363090758735807e-12,-4.241421791962363130e-02,-8.482843583910337770e-02,8.482843584109926727e-02,-4.435264739733315492e-13
1.808000000000000185e+01,5.000000000000000000e+00,5.042414217919691133e+00,5.042414217919691133e+00,5.042414217919691133e+00,3.373216250769384089e-12,3.373216250769384089e-12,1.433622450965749829e-12,-4.241421791969113286e-02,-8.482843583924726261e-02,8.482843584109926727e-02,-4.183822097748972900e-13
1.810000000000000142e+01,5.000000000000000000e+00,5.042414217919754194e+00,5.042414217919754194e+00,5.042414217919754194e+00,3.168182791118244237e-12,3.168182791118244237e-12,1.322881654257985568e-12,-4.241421791975419353e-02,-8.482843583938226573e-02,8.482843584109926727e-02,-3.941198866882423644e-13
1.812000000000000099e+01,5.000000000000000000e+00,5.042414217919813701e+00,5.042414217919813701e+00,5.042414217919813701e+00,2.973405040303317431e-12,2.973405040303317431e-12,1.220405282968977187e-12,-4.241421791981370149e-02,-8.482843583950838706e-02,8.482843584109926727e-02,-3.704749223798330125e-13
1.814000000000000057e+01,5.000000000000000000e+00,5.042414217919869657e+00,5.042414217919869657e+00,5.042414217919869657e+00,2.788391528299310512e-12,2.788391528299310512e-12,1.123269920263247840e-12,-4.241421791986965673e-02,-8.482843583962740297e-02,8.482843584109926727e-02,-3.485943768457456795e-13
1.816000000000000014e+01,5.000000000000000000e+00,5.042414217919922059e+00,5.042414217919922059e+00,5.042414217919922059e+00,2.612752864646688974e-12,2.612752864646688974e-12,1.032004891773093915e-12,-4.241421791992205925e-02,-8.482843583973931345e-02,8.482843584109926727e-02,-3.279489244536838252e-13
1.817999999999999972e+01,5.000000000000000000e+00,5.042414217919970909e+00,5.042414217919970909e+00,5.042414217919970909e+00,2.446175650726132399e-12,2.446175650726132399e-12,9.469807254411232273e-13,-4.241421791997090907e-02,-8.482843583984411850e-02,8.482843584109926727e-02,-3.081680372610397860e-13
1.819999999999999929e+01,5.000000000000000000e+00,5.042414217920017094e+00,5.042414217920017094e+00,5.042414217920017094e+00,2.288403764736235100e-12,2.288403764736235100e-12,8.684567908271610256e-13,-4.241421792001709434e-02,-8.482843583994181813e-02,8.482843584109926727e-02,-2.889923457079881616e-13
1.821999999999999886e+01,5.000000000000000000e+00,5.042414217920059727e+00,5.042414217920059727e+00,5.042414217920059727e+00,2.138913990478025194e-12,2.138913990478025194e-12,7.935060221541346263e-13,-4.241421792005972691e-02,-8.482843584003418869e-02,8.482843584109926727e-02,-2.715725587322014863e-13
1.824000000000000199e+01,5.000000000000000000e+00,5.042414217920099695e+00,5.042414217920099695e+00,5.042414217920099695e+00,1.997598972956640233e-12,1.997598972956640233e-12,7.257638152641739726e-13,-4.241421792009969494e-02,-8.482843584011945381e-02,8.482843584109926727e-02,-2.540496373309500673e-13
1.826000000000000156e+01,5.000000000000000000e+00,5.042414217920136998e+00,5.042414217920136998e+00,5.042414217920136998e+00,1.864048136197045187e-12,1.864048136197045187e-12,6.620906053606893646e-13,-4.241421792013699843e-02,-8.482843584019938987e-02,8.482843584109926727e-02,-2.377867894614235053e-13
1.828000000000000114e+01,5.000000000000000000e+00,5.042414217920171637e+00,5.042414217920171637e+00,5.042414217920171637e+00,1.737929764027660532e-12,1.737929764027660532e-12,6.028644145031979313e-13,-4.241421792017163739e-02,-8.482843584027399686e-02,8.482843584109926727e-02,-2.224059930641043434e-13
1.830000000000000071e+01,5.000000000000000000e+00,5.042414217920203612e+00,5.042414217920203612e+00,5.042414217920203612e+00,1.618971773438230630e-12,1.618971773438230630e-12,5.483498581333621173e-13,-4.241421792020361181e-02,-8.482843584034327478e-02,8.482843584109926727e-02,-2.076426326973303639e-13
1.832000000000000028e+01,5.000000000000000000e+00,5.042414217920233810e+00,5.042414217920233810e+00,5.042414217920233810e+00,1.506947812800442162e-12,1.506947812800442162e-12,4.987321670603455432e-13,-4.241421792023380988e-02,-8.482843584040722362e-02,8.482843584109926727e-02,-1.933114775519380223e-13
1.833999999999999986e+01,5.000000000000000000e+00,5.042414217920262232e+00,5.042414217920262232e+00,5.042414217920262232e+00,1.401356269358559226e-12,1.401356269358559226e-12,4.510323783816119917e-13,-4.241421792026223159e-02,-8.482843584046761976e-02,8.482843584109926727e-02,-1.806151336910630075e-13
1.835999999999999943e+01,5.000000000000000000e+00,5.042414217920287989e+00,5.042414217920287989e+00,5.042414217920287989e+00,1.301794735970954980e-12,1.301794735970954980e-12,4.057409354825168679e-13,-4.241421792028798876e-02,-8.482843584052446317e-02,8.482843584109926727e-02,-1.690631577293501164e-13
1.837999999999999901e+01,5.000000000000000000e+00,5.042414217920311970e+00,5.042414217920311970e+00,5.042414217920311970e+00,1.208246239694035460e-12,1.208246239694035460e-12,3.663097732017591817e-13,-4.241421792031196958e-02,-8.482843584057597752e-02,8.482843584109926727e-02,-1.569799716675005392e-13
1.840000000000000213e+01,5.000000000000000000e+00,5.042414217920334174e+00,5.042414217920334174e+00,5.042414217920334174e+00,1.120368706128666641e-12,1.120368706128666641e-12,3.294709040403475191e-13,-4.241421792033417404e-02,-8.482843584062393916e-02,8.482843584109926727e-02,-1.458572061651054393e-13
1.842000000000000171e+01,5.000000000000000000e+00,5.042414217920354602e+00,5.042414217920354602e+00,5.042414217920354602e+00,1.037883080932411898e-12,1.037883080932411898e-12,2.955124541661181981e-13,-4.241421792035460214e-02,-8.482843584066834808e-02,8.482843584109926727e-02,-1.354067350543284986e-13
1.844000000000000128e+01,5.000000000000000000e+00,5.042414217920374142e+00,5.042414217920374142e+00,5.042414217920374142e+00,9.605583840288264029e-13,9.605583840288264029e-13,2.646361118965566463e-13,-4.241421792037414207e-02,-8.482843584070920429e-02,8.482843584109926727e-02,-1.254268700176842645e-13
1.846000000000000085e+01,5.000000000000000000e+00,5.042414217920391906e+00,5.042414217920391906e+00,5.042414217920391906e+00,8.878899890844389765e-13,8.878899890844389765e-13,2.338744345849523408e-13,-4.241421792039190564e-02,-8.482843584074828414e-02,8.482843584109926727e-02,-1.171086968624831103e-13
1.848000000000000043e+01,5.000000000000000000e+00,5.042414217920407893e+00,5.042414217920407893e+00,5.042414217920407893e+00,8.197844456024639208e-13,8.197844456024639208e-13,2.068345542646884697e-13,-4.241421792040789285e-02,-8.482843584078381127e-02,8.482843584109926727e-02,-1.086214403947419341e-13
1.850000000000000000e+01,5.000000000000000000e+00,5.042414217920422992e+00,5.042414217920422992e+00,5.042414217920422992e+00,7.561525756364178759e-13,7.561525756364178759e-13,1.834657459420031692e-13,-4.241421792042299188e-02,-8.482843584081578570e-02,8.482843584109926727e-02,-1.000158256082227390e-13
1.851999999999999957e+01,5.000000000000000000e+00,5.042414217920437203e+00,5.042414217920437203e+00,5.042414217920437203e+00,6.965997058380073200e-13,6.965997058380073200e-13,1.606238776523125446e-13,-4.241421792043720274e-02,-8.482843584084598376e-02,8.482843584109926727e-02,-9.265962762810910565e-14
1.853999999999999915e+01,5.000000000000000000e+00,5.042414217920449637e+00,5.042414217920449637e+00,5.042414217920449637e+00,6.408081126979604096e-13,6.408081126979604096e-13,1.386837744375382658e-13,-4.241421792044963723e-02,-8.482843584087440547e-02,8.482843584109926727e-02,-8.617802141247937701e-14
1.855999999999999872e+01,5.000000000000000000e+00,5.042414217920461184e+00,5.042414217920461184e+00,5.042414217920461184e+00,5.888289452577619624e-13,5.888289452577619624e-13,1.210164382959759375e-13,-4.241421792046118355e-02,-8.482843584089927447e-02,8.482843584109926727e-02,-7.897636180243819883e-14
1.858000000000000185e+01,5.000000000000000000e+00,5.042414217920471842e+00,5.042414217920471842e+00,5.042414217920471842e+00,5.403757736060208835e-13,5.403757736060208835e-13,1.042972287403517041e-13,-4.241421792047184169e-02,-8.482843584092236711e-02,8.482843584109926727e-02,-7.260293244585917616e-14
1.860000000000000142e+01,5.000000000000000000e+00,5.042414217920481612e+00,5.042414217920481612e+00,5.042414217920481612e+00,4.952156577300892555e-13,4.952156577300892555e-13,8.877461484670419971e-14,-4.241421792048161166e-02,-8.482843584094368339e-02,8.482843584109926727e-02,-6.680926426670367497e-14
1.862000000000000099e+01,5.000000000000000000e+00,5.042414217920490493e+00,5.042414217920490493e+00,5.042414217920490493e+00,4.531563444539063861e-13,4.531563444539063861e-13,7.462252496826048581e-14,-4.241421792049049344e-02,-8.482843584096322331e-02,8.482843584109926727e-02,-6.142142891174463377e-14
1.864000000000000057e+01,5.000000000000000000e+00,5.042414217920498487e+00,5.042414217920498487e+00,5.042414217920498487e+00,4.140369809037437253e-13,4.140369809037437253e-13,6.196270895227950038e-14,-4.241421792049848705e-02,-8.482843584098098688e-02,8.482843584109926727e-02,-5.631767653372312086e-14
1.866000000000000014e+01,5.000000000000000000e+00,5.042414217920506481e+00,5.042414217920506481e+00,5.042414217920506481e+00,3.777213219825536096e-13,3.777213219825536096e-13,5.088039169184248614e-14,-4.241421792050648065e-02,-8.482843584099697409e-02,8.482843584109926727e-02,-5.141278223955787461e-14
1.867999999999999972e+01,5.000000000000000000e+00,5.042414217920513586e+00,5.042414217920513586e+00,5.042414217920513586e+00,3.437818503986138468e-13,3.437818503986138468e-13,3.832660614315590559e-14,-4.241421792051358608e-02,-8.482843584101296130e-02,8.482843584109926727e-02,-4.797935623364220097e-14
1.869999999999999929e+01,5.000000000000000000e+00,5.042414217920519803e+00,5.042414217920519803e+00,5.042414217920519803e+00,3.121888070849169759e-13,3.121888070849169759e-13,2.785141726164506190e-14,-4.241421792051980333e-02,-8.482843584102717216e-02,8.482843584109926727e-02,-4.424369039995104094e-14
1.871999999999999886e+01,5.000000000000000000e+00,5.042414217920525132e+00,5.042414217920525132e+00,5.042414217920525132e+00,2.829063416863230223e-13,2.829063416863230223e-13,1.936415309897730725e-14,-4.241421792052513240e-02,-8.482843584103960666e-02,8.482843584109926727e-02,-4.029645668681704234e-14
1.874000000000000199e+01,5.000000000000000000e+00,5.042414217920530461e+00,5.042414217920530461e+00,5.042414217920530461e+00,2.558958418468226790e-13,2.558958418468226790e-13,1.280134329131979197e-14,-4.241421792053046147e-02,-8.482843584105026480e-02,8.482843584109926727e-02,-3.620112545807305483e-14
1.876000000000000156e+01,5.000000000000000000e+00,5.042414217920534902e+00,5.042414217920534902e+00,5.042414217920534902e+00,2.308072510736443175e-13,2.308072510736443175e-13,5.009934115039076016e-15,-4.241421792053490236e-02,-8.482843584106092294e-02,8.482843584109926727e-02,-3.333439359795226800e-14
1.878000000000000114e+01,5.000000000000000000e+00,5.042414217920539343e+00,5.042414217920539343e+00,5.042414217920539343e+00,2.076732389512471504e-13,2.076732389512471504e-13,-5.328701503274351501e-16,-4.241421792053934325e-02,-8.482843584106980472e-02,8.482843584109926727e-02,-2.999541366631752684e-14
1.880000000000000071e+01,5.000000000000000000e+00,5.042414217920542896e+00,5.042414217920542896e+00,5.042414217920542896e+00,1.861981782166040053e-13,1.861981782166040053e-13,-7.077368395184367401e-15,-4.241421792054289597e-02,-8.482843584107868651e-02,8.482843584109926727e-02,-2.765812771417320677e-14
1.882000000000000028e+01,5.000000000000000000e+00,5.042414217920546449e+00,5.042414217920546449e+00,5.042414217920546449e+00,1.664569175992701880e-13,1.664569175992701880e-13,-1.121442795673415831e-14,-4.241421792054644868e-02,-8.482843584108579194e-02,8.482843584109926727e-02,-2.468975991812199582e-14
1.883999999999999986e+01,5.000000000000000000e+00,5.042414217920549113e+00,5.042414217920549113e+00,5.042414217920549113e+00,1.481870260536332423e-13,1.481870260536332423e-13,-1.624199785709931313e-14,-4.241421792054911322e-02,-8.482843584109289736e-02,8.482843584109926727e-02,-2.261190246088614878e-14
1.885999999999999943e+01,5.000000000000000000e+00,5.042414217920551778e+00,5.042414217920551778e+00,5.042414217920551778e+00,1.314898933957014309e-13,1.314898933957014309e-13,-1.878430052568478280e-14,-4.241421792055177775e-02,-8.482843584109822643e-02,8.482843584109926727e-02,-1.982513461127086706e-14
1.887999999999999901e+01,5.000000000000000000e+00,5.042414217920554442e+00,5.042414217920554442e+00,5.042414217920554442e+00,1.161246407012157946e-13,1.161246407012157946e-13,-2.216263354915483763e-14,-4.241421792055444229e-02,-8.482843584110355550e-02,8.482843584109926727e-02,-1.787439711654017049e-14
1.890000000000000213e+01,5.000000000000000000e+00,5.042414217920556219e+00,5.042414217920556219e+00,5.042414217920556219e+00,1.018995578489897996e-13,1.018995578489897996e-13,-2.612618782104410142e-14,-4.241421792055621864e-02,-8.482843584110888457e-02,8.482843584109926727e-02,-1.650888087022868289e-14
1.892000000000000171e+01,5.000000000000000000e+00,5.042414217920557995e+00,5.042414217920557995e+00,5.042414217920557995e+00,8.897052481430317658e-14,8.897052481430317658e-14,-2.739077249787637413e-14,-4.241421792055799500e-02,-8.482843584111243729e-02,8.482843584109926727e-02,-1.422075186826045466e-14
1.894000000000000128e+01,5.000000000000000000e+00,5.042414217920559771e+00,5.042414217920559771e+00,5.042414217920559771e+00,7.713929274534294654e-14,7.713929274534294654e-14,-2.934179587529911120e-14,-4.241421792055977136e-02,-8.482843584111599000e-02,8.482843584109926727e-02,-1.261906156688269396e-14
1.896000000000000085e+01,5.000000000000000000e+00,5.042414217920560660e+00,5.042414217920560660e+00,5.042414217920560660e+00,6.624803083649513799e-14,6.624803083649513799e-14,-3.177332634313518311e-14,-4.241421792056065954e-02,-8.482843584111954272e-02,8.482843584109926727e-02,-1.149787835591826179e-14
1.898000000000000043e+01,5.000000000000000000e+00,5.042414217920561548e+00,5.042414217920561548e+00,5.042414217920561548e+00,5.647996902231461136e-14,5.647996902231461136e-14,-3.143258730531014099e-14,-4.241421792056154771e-02,-8.482843584112131907e-02,8.482843584109926727e-02,-9.380782478692970783e-15
1.900000000000000000e+01,5.000000000000000000e+00,5.042414217920562436e+00,5.042414217920562436e+00,5.042414217920562436e+00,4.765927441701788200e-14,4.765927441701788200e-14,-3.172697703065268854e-14,-4.241421792056243589e-02,-8.482843584112309543e-02,8.482843584109926727e-02,-7.898815364635267870e-15
1.901999999999999957e+01,5.000000000000000000e+00,5.042414217920563324e+00,5.042414217920563324e+00,5.042414217920563324e+00,3.964675128629483683e-14,3.964675128629483683e-14,-3.246595689021255075e-14,-4.241421792056332407e-02,-8.482843584112487179e-02,8.482843584109926727e-02,-6.861438384794875673e-15
1.903999999999999915e+01,5.000000000000000000e+00,5.042414217920564212e+00,5.042414217920564212e+00,5.042414217920564212e+00,3.233046117329289806e-14,3.233046117329289806e-14,-3.351614984372452565e-14,-4.241421792056421225e-02,-8.482843584112664814e-02,8.482843584109926727e-02,-6.135274498906600899e-15
1.905999999999999872e+01,5.000000000000000000e+00,5.042414217920565100e+00,5.042414217920565100e+00,5.042414217920565100e+00,2.561899585966331094e-14,2.561899585966331094e-14,-3.478419196300297944e-14,-4.241421792056510043e-02,-8.482843584112842450e-02,8.482843584109926727e-02,-5.626959778784808162e-15
1.908000000000000185e+01,5.000000000000000000e+00,5.042414217920565100e+00,5.042414217920565100e+00,5.042414217920565100e+00,1.943662342386518104e-14,1.943662342386518104e-14,-3.620472849831797538e-14,-4.241421792056510043e-02,-8.482843584113020086e-02,8.482843584109926727e-02,-5.271139474699553641e-15
1.910000000000000142e+01,5.000000000000000000e+00,5.042414217920565100e+00,5.042414217920565100e+00,5.042414217920565100e+00,1.403062241588785225e-14,1.403062241588785225e-14,-3.462338665590811000e-14,-4.241421792056510043e-02,-8.482843584113020086e-02,8.482843584109926727e-02,-3.689797632289687470e-15
1.912000000000000099e+01,5.000000000000000000e+00,5.042414217920565100e+00,5.042414217920565100e+00,5.042414217920565100e+00,9.275915437676946133e-15,9.275915437676946133e-15,-3.351644736622120423e-14,-4.241421792056510043e-02,-8.482843584113020086e-02,8.482843584109926727e-02,-2.582858342602781308e-15
1.914000000000000057e+01,5.000000000000000000e+00,5.042414217920565100e+00,5.042414217920565100e+00,5.042414217920565100e+00,5.074164907565214248e-15,5.074164907565214248e-15,-3.274158986344036956e-14,-4.241421792056510043e-02,-8.482843584113020086e-02,8.482843584109926727e-02,-1.808000839821947034e-15
1.916000000000000014e+01,5.000000000000000000e+00,5.042414217920565100e+00,5.042414217920565100e+00,5.042414217920565100e+00,1.346829455659313315e-15,1.346829455659313315e-15,-3.219918961149379034e-14,-4.241421792056510043e-02,-8.482843584113020086e-02,8.482843584109926727e-02,-1.265600587875363081e-15
1.917999999999999972e+01,5.000000000000000000e+00,5.042414217920565100e+00,5.042414217920565100e+00,5.042414217920565100e+00,-1.969804433419736253e-15,-1.969804433419736253e-15,-3.181950943513117921e-14,-4.241421792056510043e-02,-8.482843584113020086e-02,8.482843584109926727e-02,-8.859204115127541175e-16
1.919999999999999929e+01,5.000000000000000000e+00,5.042414217920565100e+00,5.042414217920565100e+00,5.042414217920565100e+00,-4.928197321245498148e-15,-4.928197321245498148e-15,-3.155373331167735205e-14,-4.241421792056510043e-02,-8.482843584113020086e-02,8.482843584109926727e-02,-6.201442880589279414e-16
1.921999999999999886e+01,5.000000000000000000e+00,5.042414217920565100e+00,5.042414217920565100e+00,5.042414217920565100e+00,-7.572146591646915574e-15,-7.572146591646915574e-15,-3.136769002525967556e-14,-4.241421792056510043e-02,-8.482843584113020086e-02,8.482843584109926727e-02,-4.341010016412495787e-16
1.924000000000000199e+01,5.000000000000000000e+00,5.042414217920565100e+00,5.042414217920565100e+00,5.042414217920565100e+00,-9.938677904958954376e-15,-9.938677904958954376e-15,-3.123745972476729886e-14,-4.241421792056510043e-02,-8.482843584113020086e-02,8.482843584109926727e-02,-3.038707011488747051e-16
1.926000000000000156e+01,5.000000000000000000e+00,5.042414217920565100e+00,5.042414217920565100e+00,5.042414217920565100e+00,-1.205943996590532220e-14,-1.205943996590532220e-14,-3.114629851442263580e-14,-4.241421792056510043e-02,-8.482843584113020086e-02,8.482843584109926727e-02,-2.127094908042122886e-16
1.928000000000000114e+01,5.000000000000000000e+00,5.042414217920565100e+00,5.042414217920565100e+00,5.042414217920565100e+00,-1.396174453603292690e-14,-1.396174453603292690e-14,-3.108248566718137545e-14,-4.241421792056510043e-02,-8.482843584113020086e-02,8.482843584109926727e-02,-1.488966435629486070e-16
1.930000000000000071e+01,5.000000000000000000e+00,5.042414217920565100e+00,5.042414217920565100e+00,5.042414217920565100e+00,-1.566935174984088299e-14,-1.566935174984088299e-14,-3.103781667411248626e-14,-4.241421792056510043e-02,-8.482843584113020086e-02,8.482843584109926727e-02,-1.042276504940640273e-16
1.932000000000000028e+01,5.000000000000000000e+00,5.042414217920565100e+00,5.042414217920565100e+00,5.042414217920565100e+00,-1.720307141275322183e-14,-1.720307141275322183e-14,-3.100654837896426825e-14,-4.241421792056510043e-02,-8.482843584113020086e-02,8.482843584109926727e-02,-7.295935534584482901e-17
1.933999999999999986e+01,5.000000000000000000e+00,5.042414217920565100e+00,5.042414217920565100e+00,5.042414217920565100e+00,-1.858123032871395077e-14,-1.858123032871395077e-14,-3.098466057236051437e-14,-4.241421792056510043e-02,-8.482843584113020086e-02,8.482843584109926727e-02,-5.107154874209138154e-17
1.935999999999999943e+01,5.000000000000000000e+00,5.042414217920565100e+00,5.042414217920565100e+00,5.042414217920565100e+00,-1.982004120661634354e-14,-1.982004120661634354e-14,-3.096933910773788792e-14,-4.241421792056510043e-02,-8.482843584113020086e-02,8.482843584109926727e-02,-3.575008411946396523e-17
1.937999999999999901e+01,5.000000000000000000e+00,5.042414217920565100e+00,5.042414217920565100e+00,5.042414217920565100e+00,-2.093389849420491488e-14,-2.093389849420491488e-14,-3.095861408250205067e-14,-4.241421792056510043e-02,-8.482843584113020086e-02,8.482843584109926727e-02,-2.502505888362477812e-17
1.940000000000000213e+01,5.000000000000000000e+00,5.042414217920565100e+00,5.042414217920565100e+00,5.042414217920565100e+00,-2.193561930126811815e-14,-2.193561930126811815e-14,-3.095110656483696018e-14,-4.241421792056510043e-02,-8.482843584113020086e-02,8.482843584109926727e-02,-1.751754121853734715e-17
1.942000000000000171e+01,5.000000000000000000e+00,5.042414217920564212e+00,5.042414217920564212e+00,5.042414217920564212e+00,-2.283664250138844785e-14,-2.283664250138844785e-14,-3.094585130247140251e-14,-4.241421792056421225e-02,-8.482843584113020086e-02,8.482843584109926727e-02,-1.226227885297614362e-17
1.944000000000000128e+01,5.000000000000000000e+00,5.042414217920563324e+00,5.042414217920563324e+00,5.042414217920563324e+00,-2.333633306623610849e-14,-2.333633306623610849e-14,-2.783354814986507005e-14,-4.241421792056332407e-02,-8.482843584112842450e-02,8.482843584109926727e-02,1.323684034353104385e-15
1.946000000000000085e+01,5.000000000000000000e+00,5.042414217920562436e+00,5.042414217920562436e+00,5.042414217920562436e+00,-2.351490264873455497e-14,-2.351490264873455497e-14,-2.512202889122056060e-14,-4.241421792056243589e-02,-8.482843584112664814e-02,8.482843584109926727e-02,2.258846453597360997e-15
1.948000000000000043e+01,5.000000000000000000e+00,5.042414217920561548e+00,5.042414217920561548e+00,5.042414217920561548e+00,-2.343251821969603169e-14,-2.343251821969603169e-14,-2.269105835834933169e-14,-4.241421792056154771e-02,-8.482843584112487179e-02,8.482843584109926727e-02,2.913460147068340625e-15
1.950000000000000000e+01,5.000000000000000000e+00,5.042414217920560660e+00,5.042414217920560660e+00,5.042414217920560660e+00,-2.313491359107836853e-14,-2.313491359107836853e-14,-2.045647193351939695e-14,-4.241421792056065954e-02,-8.482843584112309543e-02,8.482843584109926727e-02,3.371689732498026089e-15
1.951999999999999957e+01,5.000000000000000000e+00,5.042414217920559771e+00,5.042414217920559771e+00,5.042414217920559771e+00,-2.265735767040236862e-14,-2.265735767040236862e-14,-1.835935438431836623e-14,-4.241421792055977136e-02,-8.482843584112131907e-02,8.482843584109926727e-02,3.692450442298806347e-15
1.953999999999999915e+01,5.000000000000000000e+00,5.042414217920559771e+00,5.042414217920559771e+00,5.042414217920559771e+00,-2.202746840816788796e-14,-2.202746840816788796e-14,-1.635846504805756832e-14,-4.241421792055977136e-02,-8.482843584111954272e-02,8.482843584109926727e-02,3.916982939159352213e-15
1.955999999999999872e+01,5.000000000000000000e+00,5.042414217920559771e+00,5.042414217920559771e+00,5.042414217920559771e+00,-2.157807756033163734e-14,-2.157807756033163734e-14,-1.753355992980537548e-14,-4.241421792055977136e-02,-8.482843584111954272e-02,8.482843584109926727e-02,2.741888057411546628e-15
1.958000000000000185e+01,5.000000000000000000e+00,5.042414217920559771e+00,5.042414217920559771e+00,5.042414217920559771e+00,-2.125588243900135784e-14,-2.125588243900135784e-14,-1.835612634702883923e-14,-4.241421792055977136e-02,-8.482843584111954272e-02,8.482843584109926727e-02,1.919321640188082876e-15
1.960000000000000142e+01,5.000000000000000000e+00,5.042414217920559771e+00,5.042414217920559771e+00,5.042414217920559771e+00,-2.102348647900974785e-14,-2.102348647900974785e-14,-1.893192283908526417e-14,-4.241421792055977136e-02,-8.482843584111954272e-02,8.482843584109926727e-02,1.343525148131657934e-15
1.962000000000000099e+01,5.000000000000000000e+00,5.042414217920559771e+00,5.042414217920559771e+00,5.042414217920559771e+00,-2.085463586946124976e-14,-2.085463586946124976e-14,-1.933498038352476069e-14,-4.241421792055977136e-02,-8.482843584111954272e-02,8.482843584109926727e-02,9.404676036921606330e-16
1.964000000000000057e+01,5.000000000000000000e+00,5.042414217920559771e+00,5.042414217920559771e+00,5.042414217920559771e+00,-2.073088434897836570e-14,-2.073088434897836570e-14,-1.961712066463240919e-14,-4.241421792055977136e-02,-8.482843584111954272e-02,8.482843584109926727e-02,6.583273225845125220e-16
1.966000000000000014e+01,5.000000000000000000e+00,5.042414217920559771e+00,5.042414217920559771e+00,5.042414217920559771e+00,-2.063925780022130589e-14,-2.063925780022130589e-14,-1.981461886140776125e-14,-4.241421792055977136e-02,-8.482843584111954272e-02,8.482843584109926727e-02,4.608291258091587851e-16
1.967999999999999972e+01,5.000000000000000000e+00,5.042414217920559771e+00,5.042414217920559771e+00,5.042414217920559771e+00,-2.057061878011422705e-14,-2.057061878011422705e-14,-1.995286759915051117e-14,-4.241421792055977136e-02,-8.482843584111954272e-02,8.482843584109926727e-02,3.225803880664111397e-16
1.969999999999999929e+01,5.000000000000000000e+00,5.042414217920559771e+00,5.042414217920559771e+00,5.042414217920559771e+00,-2.051852107365984777e-14,-2.051852107365984777e-14,-2.004964171557043421e-14,-4.241421792055977136e-02,-8.482843584111954272e-02,8.482843584109926727e-02,2.258062716464877978e-16
1.971999999999999886e+01,5.000000000000000000e+00,5.042414217920559771e+00,5.042414217920559771e+00,5.042414217920559771e+00,-2.047840732600030115e-14,-2.047840732600030115e-14,-2.011738359706437845e-14,-4.241421792055977136e-02,-8.482843584111954272e-02,8.482843584109926727e-02,1.580643901525414634e-16
1.974000000000000199e+01,5.000000000000000000e+00,5.042414217920559771e+00,5.042414217920559771e+00,5.042414217920559771e+00,-2.044704688481128690e-14,-2.044704688481128690e-14,-2.016480291411014289e-14,-4.241421792055977136e-02,-8.482843584111954272e-02,8.482843584109926727e-02,1.106450731067790219e-16
1.976000000000000156e+01,5.000000000000000000e+00,5.042414217920559771e+00,5.042414217920559771e+00,5.042414217920559771e+00,-2.042214183993437528e-14,-2.042214183993437528e-14,-2.019799643604217705e-14,-4.241421792055977136e-02,-8.482843584111954272e-02,8.482843584109926727e-02,7.745155117474531780e-17
1.978000000000000114e+01,5.000000000000000000e+00,5.042414217920559771e+00,5.042414217920559771e+00,5.042414217920559771e+00,-2.040205084608039798e-14,-2.040205084608039798e-14,-2.022123190139459907e-14,-4.241421792055977136e-02,-8.482843584111954272e-02,8.482843584109926727e-02,5.421608582232172123e-17
1.980000000000000071e+01,5.000000000000000000e+00,5.042414217920559771e+00,5.042414217920559771e+00,5.042414217920559771e+00,-2.038559543418648621e-14,-2.038559543418648621e-14,-2.023749672714129606e-14,-4.241421792055977136e-02,-8.482843584111954272e-02,8.482843584109926727e-02,3.795126007562520486e-17
1.982000000000000028e+01,5.000000000000000000e+00,5.042414217920559771e+00,5.042414217920559771e+00,5.042414217920559771e+00,-2.037192410128423712e-14,-2.037192410128423712e-14,-2.024888210516398269e-14,-4.241421792055977136e-02,-8.482843584111954272e-02,8.482843584109926727e-02,2.656588205293764278e-17
1.983999999999999986e+01,5.000000000000000000e+00,5.042414217920559771e+00,5.042414217920559771e+00,5.042414217920559771e+00,-2.036041687813379984e-14,-2.036041687813379984e-14,-2.025685186977986428e-14,-4.241421792055977136e-02,-8.482843584111954272e-02,8.482843584109926727e-02,1.859611743705634995e-17
1.985999999999999943e+01,5.000000000000000000e+00,5.042414217920559771e+00,5.042414217920559771e+00,5.042414217920559771e+00,-2.035061826082151862e-14,-2.035061826082151862e-14,-2.026243070501098139e-14,-4.241421792055977136e-02,-8.482843584111954272e-02,8.482843584109926727e-02,1.301728220593944435e-17
1.987999999999999901e+01,5.000000000000000000e+00,5.042414217920559771e+00,5.042414217920559771e+00,5.042414217920559771e+00,-2.034219002370664452e-14,-2.034219002370664452e-14,-2.026633588967276495e-14,-4.241421792055977136e-02,-8.482843584111954272e-02,8.482843584109926727e-02,9.112097544157610736e-18
1.990000000000000213e+01,5.000000000000000000e+00,5.042414217920559771e+00,5.042414217920559771e+00,5.042414217920559771e+00,-2.033487797322958154e-14,-2.033487797322958154e-14,-2.026906951893601154e-14,-4.241421792055977136e-02,-8.482843584111954272e-02,8.482843584109926727e-02,6.378468280910327515e-18
1.992000000000000171e+01,5.000000000000000000e+00,5.042414217920559771e+00,5.042414217920559771e+00,5.042414217920559771e+00,-2.032848848184865233e-14,-2.032848848184865233e-14,-2.027098305942028321e-14,-4.241421792055977136e-02,-8.482843584111954272e-02,8.482843584109926727e-02,4.464927796637229415e-18
1.994000000000000128e+01,5.000000000000000000e+00,5.042414217920559771e+00,5.042414217920559771e+00,5.042414217920559771e+00,-2.032287188743971494e-14,-2.032287188743971494e-14,-2.027232253775927528e-14,-4.241421792055977136e-02,-8.482843584111954272e-02,8.482843584109926727e-02,3.125449457646060359e-18
1.996000000000000085e+01,5.000000000000000000e+00,5.042414217920559771e+00,5.042414217920559771e+00,5.042414217920559771e+00,-2.031791071595539922e-14,-2.031791071595539922e-14,-2.027326017259657035e-14,-4.241421792055977136e-02,-8.482843584111954272e-02,8.482843584109926727e-02,2.187814620352242251e-18
1.998000000000000043e+01,5.000000000000000000e+00,5.042414217920559771e+00,5.042414217920559771e+00,5.042414217920559771e+00,-2.031351129605812791e-14,-2.031351129605812791e-14,-2.027391651698267343e-14,-4.241421792055977136e-02,-8.482843584111954272e-02,8.482843584109926727e-02,1.531470234246569614e-18
2.000000000000000000e+01,5.000000000000000000e+00,5.042414217920559771e+00,5.042414217920559771e+00,5.042414217920559771e+00,-2.030959776225760999e-14,-2.030959776225760999e-14,-2.027437595805294875e-14,-4.241421792055977136e-02,-8.482843584111954272e-02,8.482843584109926727e-02,1.072029163972598730e-18
